/home/compiler_gfx/tilelang/mcDeepGEMM/third-party/DeepSelect/tests/test.py:9: UserWarning: Could not find flash_attn package installed. Please try to install flash_attn whl pacakge using pip command and make sure it can be imported properly
  import torch
================
[     1/   522,  0%] Running on TestParam(batch_size=16, vocab_size=257, topk=31, sorted_value=False, sorted_index=False, return_value=False, dtype=torch.float32, out_idx_dtype=torch.int32, enable_end_position=False, enable_output_idx_offset=False, input_distrib=NormalFloatDistribution(), idx_oob_fill_value=-2147483647, value_oob_fill_value=-1234123412341234, seed=0, check_correctness=True, num_runs=0)
================
[     2/   522,  0%] Running on TestParam(batch_size=512, vocab_size=65536, topk=2048, sorted_value=False, sorted_index=False, return_value=False, dtype=torch.float32, out_idx_dtype=torch.int32, enable_end_position=False, enable_output_idx_offset=False, input_distrib=NormalFloatDistribution(), idx_oob_fill_value=-2147483647, value_oob_fill_value=-1234123412341234, seed=1, check_correctness=True, num_runs=0)
================
[     3/   522,  0%] Running on TestParam(batch_size=121, vocab_size=682965, topk=1, sorted_value=False, sorted_index=True, return_value=False, dtype=torch.bfloat16, out_idx_dtype=torch.int32, enable_end_position=True, enable_output_idx_offset=True, input_distrib=UniformUIntDistribution(lower=0x00000000, upper=0x00001000), idx_oob_fill_value=-1317035, value_oob_fill_value=-1234123412341234, seed=2, check_correctness=True, num_runs=0)
================
[     4/   522,  1%] Running on TestParam(batch_size=15, vocab_size=418673, topk=1231, sorted_value=False, sorted_index=True, return_value=True, dtype=torch.float32, out_idx_dtype=torch.int64, enable_end_position=True, enable_output_idx_offset=True, input_distrib=NormalFloatDistribution(post_proc_func=<lambda>), idx_oob_fill_value=-1581327, value_oob_fill_value=-1234123412341234, seed=3, check_correctness=True, num_runs=0)
================
[     5/   522,  1%] Running on TestParam(batch_size=47, vocab_size=682965, topk=512, sorted_value=False, sorted_index=False, return_value=False, dtype=torch.float32, out_idx_dtype=torch.int32, enable_end_position=False, enable_output_idx_offset=True, input_distrib=NormalFloatDistribution(), idx_oob_fill_value=-1317035, value_oob_fill_value=-1234123412341234, seed=4, check_correctness=True, num_runs=0)
================
[     6/   522,  1%] Running on TestParam(batch_size=4, vocab_size=32768, topk=4096, sorted_value=False, sorted_index=False, return_value=False, dtype=torch.bfloat16, out_idx_dtype=torch.int32, enable_end_position=False, enable_output_idx_offset=False, input_distrib=NormalFloatDistribution(), idx_oob_fill_value=-1967232, value_oob_fill_value=-1234123412341234, seed=5, check_correctness=True, num_runs=0)
================
[     7/   522,  1%] Running on TestParam(batch_size=16, vocab_size=1602, topk=2333, sorted_value=True, sorted_index=False, return_value=True, dtype=torch.float32, out_idx_dtype=torch.int32, enable_end_position=True, enable_output_idx_offset=False, input_distrib=UniformUIntDistribution(lower=0x00000000, upper=0x00001000), idx_oob_fill_value=-1998398, value_oob_fill_value=-1234123412341234, seed=6, check_correctness=True, num_runs=0)
================
[     8/   522,  1%] Running on TestParam(batch_size=4096, vocab_size=32768, topk=164, sorted_value=False, sorted_index=False, return_value=False, dtype=torch.bfloat16, out_idx_dtype=torch.int64, enable_end_position=False, enable_output_idx_offset=False, input_distrib=NormalFloatDistribution(post_proc_func=<lambda>), idx_oob_fill_value=-1967232, value_oob_fill_value=-1234123412341234, seed=7, check_correctness=True, num_runs=0)
================
[     9/   522,  2%] Running on TestParam(batch_size=4096, vocab_size=225467, topk=1, sorted_value=False, sorted_index=True, return_value=True, dtype=torch.float32, out_idx_dtype=torch.int32, enable_end_position=True, enable_output_idx_offset=False, input_distrib=UintDistributionWithHotspotAndSpecifiedPivot(pivot=None, topk=1, hotspots=[(4286578689, 8)], allow_nan=True), idx_oob_fill_value=-1774533, value_oob_fill_value=-1234123412341234, seed=8, check_correctness=True, num_runs=0)
================
[    10/   522,  2%] Running on TestParam(batch_size=80, vocab_size=418673, topk=512, sorted_value=False, sorted_index=False, return_value=True, dtype=torch.bfloat16, out_idx_dtype=torch.int32, enable_end_position=False, enable_output_idx_offset=False, input_distrib=UniformUIntDistribution(lower=0x00000000, upper=0x00000020), idx_oob_fill_value=-1581327, value_oob_fill_value=-1234123412341234, seed=9, check_correctness=True, num_runs=0)
================
[    11/   522,  2%] Running on TestParam(batch_size=11, vocab_size=8388607, topk=1024, sorted_value=False, sorted_index=True, return_value=False, dtype=torch.float32, out_idx_dtype=torch.int64, enable_end_position=False, enable_output_idx_offset=True, input_distrib=UintDistributionWithHotspotAndSpecifiedPivot(pivot=None, topk=1024, hotspots=[(4286578689, 8)], allow_nan=True), idx_oob_fill_value=6388607, value_oob_fill_value=-1234123412341234, seed=10, check_correctness=True, num_runs=0)
================
[    12/   522,  2%] Running on TestParam(batch_size=83, vocab_size=1602, topk=1024, sorted_value=True, sorted_index=False, return_value=True, dtype=torch.float32, out_idx_dtype=torch.int64, enable_end_position=False, enable_output_idx_offset=True, input_distrib=UniformUIntDistribution(lower=0x00000000, upper=0x00000001), idx_oob_fill_value=-1998398, value_oob_fill_value=-1234123412341234, seed=11, check_correctness=True, num_runs=0)
================
[    13/   522,  2%] Running on TestParam(batch_size=4096, vocab_size=998123, topk=1024, sorted_value=False, sorted_index=False, return_value=False, dtype=torch.bfloat16, out_idx_dtype=torch.int32, enable_end_position=False, enable_output_idx_offset=False, input_distrib=UniformUIntDistribution(lower=0x00000000, upper=0x00007f80), idx_oob_fill_value=-1001877, value_oob_fill_value=-1234123412341234, seed=12, check_correctness=True, num_runs=0)
================
[    14/   522,  2%] Running on TestParam(batch_size=512, vocab_size=32768, topk=2132, sorted_value=False, sorted_index=False, return_value=False, dtype=torch.float32, out_idx_dtype=torch.int64, enable_end_position=False, enable_output_idx_offset=False, input_distrib=NormalFloatDistribution(post_proc_func=<lambda>), idx_oob_fill_value=-1967232, value_oob_fill_value=-1234123412341234, seed=13, check_correctness=True, num_runs=0)
================
[    15/   522,  3%] Running on TestParam(batch_size=6, vocab_size=1602, topk=4096, sorted_value=False, sorted_index=True, return_value=True, dtype=torch.float32, out_idx_dtype=torch.int32, enable_end_position=False, enable_output_idx_offset=False, input_distrib=NormalFloatDistribution(post_proc_func=<lambda>), idx_oob_fill_value=-1998398, value_oob_fill_value=-1234123412341234, seed=14, check_correctness=True, num_runs=0)
================
[    16/   522,  3%] Running on TestParam(batch_size=512, vocab_size=682965, topk=2333, sorted_value=False, sorted_index=True, return_value=True, dtype=torch.bfloat16, out_idx_dtype=torch.int32, enable_end_position=True, enable_output_idx_offset=False, input_distrib=NormalFloatDistribution(), idx_oob_fill_value=-1317035, value_oob_fill_value=-1234123412341234, seed=15, check_correctness=True, num_runs=0)
================
[    17/   522,  3%] Running on TestParam(batch_size=17, vocab_size=262144, topk=1, sorted_value=False, sorted_index=True, return_value=False, dtype=torch.bfloat16, out_idx_dtype=torch.int64, enable_end_position=True, enable_output_idx_offset=True, input_distrib=NormalFloatDistribution(), idx_oob_fill_value=-1737856, value_oob_fill_value=-1234123412341234, seed=16, check_correctness=True, num_runs=0)
================
[    18/   522,  3%] Running on TestParam(batch_size=14, vocab_size=1602, topk=4096, sorted_value=False, sorted_index=False, return_value=True, dtype=torch.float32, out_idx_dtype=torch.int64, enable_end_position=False, enable_output_idx_offset=False, input_distrib=NormalFloatDistribution(post_proc_func=<lambda>), idx_oob_fill_value=-1998398, value_oob_fill_value=-1234123412341234, seed=17, check_correctness=True, num_runs=0)
================
[    19/   522,  3%] Running on TestParam(batch_size=4096, vocab_size=123245, topk=1, sorted_value=False, sorted_index=True, return_value=True, dtype=torch.bfloat16, out_idx_dtype=torch.int64, enable_end_position=True, enable_output_idx_offset=False, input_distrib=NormalFloatDistribution(post_proc_func=<lambda>), idx_oob_fill_value=-1876755, value_oob_fill_value=-1234123412341234, seed=18, check_correctness=True, num_runs=0)
================
[    20/   522,  4%] Running on TestParam(batch_size=80, vocab_size=418673, topk=1231, sorted_value=False, sorted_index=False, return_value=True, dtype=torch.bfloat16, out_idx_dtype=torch.int32, enable_end_position=True, enable_output_idx_offset=False, input_distrib=UniformUIntDistribution(lower=0x00008000, upper=0x0000ff80), idx_oob_fill_value=-1581327, value_oob_fill_value=-1234123412341234, seed=19, check_correctness=True, num_runs=0)
================
[    21/   522,  4%] Running on TestParam(batch_size=4096, vocab_size=682965, topk=2132, sorted_value=False, sorted_index=False, return_value=True, dtype=torch.float32, out_idx_dtype=torch.int32, enable_end_position=False, enable_output_idx_offset=False, input_distrib=NormalFloatDistribution(post_proc_func=<lambda>), idx_oob_fill_value=-1317035, value_oob_fill_value=-1234123412341234, seed=20, check_correctness=True, num_runs=0)
================
[    22/   522,  4%] Running on TestParam(batch_size=512, vocab_size=8388607, topk=4096, sorted_value=False, sorted_index=True, return_value=False, dtype=torch.float32, out_idx_dtype=torch.int64, enable_end_position=False, enable_output_idx_offset=False, input_distrib=NormalFloatDistribution(post_proc_func=<lambda>), idx_oob_fill_value=6388607, value_oob_fill_value=-1234123412341234, seed=21, check_correctness=True, num_runs=0)
    SKIPPED: out of memory
================
[    23/   522,  4%] Running on TestParam(batch_size=121, vocab_size=32768, topk=512, sorted_value=False, sorted_index=True, return_value=True, dtype=torch.float32, out_idx_dtype=torch.int64, enable_end_position=False, enable_output_idx_offset=True, input_distrib=UintDistributionWithHotspotAndSpecifiedPivot(pivot=None, topk=512, hotspots=[(2139095041, 8)], allow_nan=True), idx_oob_fill_value=-1967232, value_oob_fill_value=-1234123412341234, seed=22, check_correctness=True, num_runs=0)
================
[    24/   522,  4%] Running on TestParam(batch_size=512, vocab_size=262144, topk=2132, sorted_value=True, sorted_index=False, return_value=True, dtype=torch.float32, out_idx_dtype=torch.int32, enable_end_position=False, enable_output_idx_offset=False, input_distrib=UniformUIntDistribution(lower=0x00000000, upper=0x00001000), idx_oob_fill_value=-1737856, value_oob_fill_value=-1234123412341234, seed=23, check_correctness=True, num_runs=0)
================
[    25/   522,  5%] Running on TestParam(batch_size=95, vocab_size=262144, topk=443, sorted_value=False, sorted_index=True, return_value=False, dtype=torch.bfloat16, out_idx_dtype=torch.int32, enable_end_position=True, enable_output_idx_offset=True, input_distrib=UniformUIntDistribution(lower=0x00000000, upper=0x00000020), idx_oob_fill_value=-1737856, value_oob_fill_value=-1234123412341234, seed=24, check_correctness=True, num_runs=0)
================
[    26/   522,  5%] Running on TestParam(batch_size=4, vocab_size=1, topk=2048, sorted_value=False, sorted_index=True, return_value=True, dtype=torch.bfloat16, out_idx_dtype=torch.int32, enable_end_position=False, enable_output_idx_offset=False, input_distrib=UniformUIntDistribution(lower=0x00000000, upper=0x00001000), idx_oob_fill_value=-1999999, value_oob_fill_value=-1234123412341234, seed=25, check_correctness=True, num_runs=0)
================
[    27/   522,  5%] Running on TestParam(batch_size=512, vocab_size=1602, topk=2132, sorted_value=False, sorted_index=False, return_value=False, dtype=torch.bfloat16, out_idx_dtype=torch.int64, enable_end_position=False, enable_output_idx_offset=False, input_distrib=NormalFloatDistribution(post_proc_func=<lambda>), idx_oob_fill_value=-1998398, value_oob_fill_value=-1234123412341234, seed=26, check_correctness=True, num_runs=0)
================
[    28/   522,  5%] Running on TestParam(batch_size=4096, vocab_size=998123, topk=4096, sorted_value=False, sorted_index=True, return_value=False, dtype=torch.bfloat16, out_idx_dtype=torch.int64, enable_end_position=False, enable_output_idx_offset=False, input_distrib=UintDistributionWithHotspotAndSpecifiedPivot(pivot=None, topk=4096, hotspots=[(65409, 8)], allow_nan=True), idx_oob_fill_value=-1001877, value_oob_fill_value=-1234123412341234, seed=27, check_correctness=True, num_runs=0)
    SKIPPED: out of memory
================
[    29/   522,  5%] Running on TestParam(batch_size=80, vocab_size=682965, topk=2132, sorted_value=False, sorted_index=False, return_value=True, dtype=torch.bfloat16, out_idx_dtype=torch.int32, enable_end_position=False, enable_output_idx_offset=False, input_distrib=UniformUIntDistribution(lower=0x00000000, upper=0x00000001), idx_oob_fill_value=-1317035, value_oob_fill_value=-1234123412341234, seed=28, check_correctness=True, num_runs=0)
================
[    30/   522,  6%] Running on TestParam(batch_size=4096, vocab_size=225467, topk=104, sorted_value=False, sorted_index=False, return_value=False, dtype=torch.bfloat16, out_idx_dtype=torch.int32, enable_end_position=False, enable_output_idx_offset=False, input_distrib=UniformUIntDistribution(lower=0x00000000, upper=0x00000001), idx_oob_fill_value=-1774533, value_oob_fill_value=-1234123412341234, seed=29, check_correctness=True, num_runs=0)
================
[    31/   522,  6%] Running on TestParam(batch_size=83, vocab_size=1048576, topk=306, sorted_value=False, sorted_index=False, return_value=True, dtype=torch.bfloat16, out_idx_dtype=torch.int64, enable_end_position=False, enable_output_idx_offset=True, input_distrib=UniformUIntDistribution(lower=0x00000000, upper=0x00000001), idx_oob_fill_value=-951424, value_oob_fill_value=-1234123412341234, seed=30, check_correctness=True, num_runs=0)
================
[    32/   522,  6%] Running on TestParam(batch_size=4096, vocab_size=225467, topk=2333, sorted_value=False, sorted_index=True, return_value=False, dtype=torch.bfloat16, out_idx_dtype=torch.int32, enable_end_position=True, enable_output_idx_offset=False, input_distrib=UniformUIntDistribution(lower=0x00000000, upper=0x00001000), idx_oob_fill_value=-1774533, value_oob_fill_value=-1234123412341234, seed=31, check_correctness=True, num_runs=0)
================
[    33/   522,  6%] Running on TestParam(batch_size=70, vocab_size=262144, topk=2132, sorted_value=False, sorted_index=True, return_value=True, dtype=torch.bfloat16, out_idx_dtype=torch.int32, enable_end_position=False, enable_output_idx_offset=False, input_distrib=NormalFloatDistribution(post_proc_func=<lambda>), idx_oob_fill_value=-1737856, value_oob_fill_value=-1234123412341234, seed=32, check_correctness=True, num_runs=0)
================
[    34/   522,  6%] Running on TestParam(batch_size=121, vocab_size=340, topk=1024, sorted_value=False, sorted_index=True, return_value=True, dtype=torch.bfloat16, out_idx_dtype=torch.int64, enable_end_position=False, enable_output_idx_offset=True, input_distrib=UniformUIntDistribution(lower=0x00000000, upper=0x00007f80), idx_oob_fill_value=-1999660, value_oob_fill_value=-1234123412341234, seed=33, check_correctness=True, num_runs=0)
================
[    35/   522,  7%] Running on TestParam(batch_size=8, vocab_size=123245, topk=1, sorted_value=False, sorted_index=True, return_value=True, dtype=torch.bfloat16, out_idx_dtype=torch.int64, enable_end_position=True, enable_output_idx_offset=False, input_distrib=UniformUIntDistribution(lower=0x00000000, upper=0x00000020), idx_oob_fill_value=-1876755, value_oob_fill_value=-1234123412341234, seed=34, check_correctness=True, num_runs=0)
================
[    36/   522,  7%] Running on TestParam(batch_size=121, vocab_size=8388607, topk=2132, sorted_value=False, sorted_index=True, return_value=False, dtype=torch.bfloat16, out_idx_dtype=torch.int32, enable_end_position=False, enable_output_idx_offset=True, input_distrib=NormalFloatDistribution(post_proc_func=<lambda>), idx_oob_fill_value=6388607, value_oob_fill_value=-1234123412341234, seed=35, check_correctness=True, num_runs=0)
================
[    37/   522,  7%] Running on TestParam(batch_size=20, vocab_size=418673, topk=2048, sorted_value=True, sorted_index=False, return_value=True, dtype=torch.float32, out_idx_dtype=torch.int64, enable_end_position=False, enable_output_idx_offset=False, input_distrib=NormalFloatDistribution(post_proc_func=<lambda>), idx_oob_fill_value=-1581327, value_oob_fill_value=-1234123412341234, seed=36, check_correctness=True, num_runs=0)
================
[    38/   522,  7%] Running on TestParam(batch_size=74, vocab_size=220, topk=4096, sorted_value=False, sorted_index=False, return_value=False, dtype=torch.bfloat16, out_idx_dtype=torch.int32, enable_end_position=False, enable_output_idx_offset=False, input_distrib=UintDistributionWithHotspotAndSpecifiedPivot(pivot=None, topk=4096, hotspots=[(32641, 8)], allow_nan=True), idx_oob_fill_value=-1999780, value_oob_fill_value=-1234123412341234, seed=37, check_correctness=True, num_runs=0)
================
[    39/   522,  7%] Running on TestParam(batch_size=24, vocab_size=225467, topk=1231, sorted_value=False, sorted_index=False, return_value=True, dtype=torch.float32, out_idx_dtype=torch.int32, enable_end_position=True, enable_output_idx_offset=False, input_distrib=NormalFloatDistribution(post_proc_func=<lambda>), idx_oob_fill_value=-1774533, value_oob_fill_value=-1234123412341234, seed=38, check_correctness=True, num_runs=0)
================
[    40/   522,  7%] Running on TestParam(batch_size=91, vocab_size=262144, topk=2132, sorted_value=False, sorted_index=True, return_value=False, dtype=torch.float32, out_idx_dtype=torch.int64, enable_end_position=False, enable_output_idx_offset=True, input_distrib=UniformUIntDistribution(lower=0x00000000, upper=0x00000020), idx_oob_fill_value=-1737856, value_oob_fill_value=-1234123412341234, seed=39, check_correctness=True, num_runs=0)
================
[    41/   522,  8%] Running on TestParam(batch_size=4096, vocab_size=123245, topk=4096, sorted_value=False, sorted_index=True, return_value=True, dtype=torch.bfloat16, out_idx_dtype=torch.int64, enable_end_position=False, enable_output_idx_offset=False, input_distrib=NormalFloatDistribution(post_proc_func=<lambda>), idx_oob_fill_value=-1876755, value_oob_fill_value=-1234123412341234, seed=40, check_correctness=True, num_runs=0)
================
[    42/   522,  8%] Running on TestParam(batch_size=13, vocab_size=682965, topk=1024, sorted_value=False, sorted_index=False, return_value=False, dtype=torch.bfloat16, out_idx_dtype=torch.int64, enable_end_position=False, enable_output_idx_offset=True, input_distrib=NormalFloatDistribution(post_proc_func=<lambda>), idx_oob_fill_value=-1317035, value_oob_fill_value=-1234123412341234, seed=41, check_correctness=True, num_runs=0)
================
[    43/   522,  8%] Running on TestParam(batch_size=17, vocab_size=123245, topk=1, sorted_value=False, sorted_index=True, return_value=False, dtype=torch.bfloat16, out_idx_dtype=torch.int64, enable_end_position=True, enable_output_idx_offset=True, input_distrib=UniformUIntDistribution(lower=0x00000000, upper=0x00000001), idx_oob_fill_value=-1876755, value_oob_fill_value=-1234123412341234, seed=42, check_correctness=True, num_runs=0)
================
[    44/   522,  8%] Running on TestParam(batch_size=121, vocab_size=998123, topk=1, sorted_value=False, sorted_index=True, return_value=True, dtype=torch.float32, out_idx_dtype=torch.int32, enable_end_position=True, enable_output_idx_offset=True, input_distrib=UniformUIntDistribution(lower=0x00000000, upper=0x00000020), idx_oob_fill_value=-1001877, value_oob_fill_value=-1234123412341234, seed=43, check_correctness=True, num_runs=0)
================
[    45/   522,  8%] Running on TestParam(batch_size=121, vocab_size=65, topk=2333, sorted_value=False, sorted_index=True, return_value=False, dtype=torch.float32, out_idx_dtype=torch.int64, enable_end_position=True, enable_output_idx_offset=True, input_distrib=UniformUIntDistribution(lower=0x00000000, upper=0x00001000), idx_oob_fill_value=-1999935, value_oob_fill_value=-1234123412341234, seed=44, check_correctness=True, num_runs=0)
================
[    46/   522,  9%] Running on TestParam(batch_size=6, vocab_size=262144, topk=1, sorted_value=False, sorted_index=True, return_value=True, dtype=torch.float32, out_idx_dtype=torch.int32, enable_end_position=True, enable_output_idx_offset=False, input_distrib=UintDistributionWithHotspotAndSpecifiedPivot(pivot=None, topk=1, hotspots=[(2139095041, 8)], allow_nan=True), idx_oob_fill_value=-1737856, value_oob_fill_value=-1234123412341234, seed=45, check_correctness=True, num_runs=0)
================
[    47/   522,  9%] Running on TestParam(batch_size=19, vocab_size=123245, topk=1231, sorted_value=False, sorted_index=True, return_value=False, dtype=torch.bfloat16, out_idx_dtype=torch.int32, enable_end_position=True, enable_output_idx_offset=True, input_distrib=UintDistributionWithHotspotAndSpecifiedPivot(pivot=None, topk=1231, hotspots=[(65409, 8)], allow_nan=True), idx_oob_fill_value=-1876755, value_oob_fill_value=-1234123412341234, seed=46, check_correctness=True, num_runs=0)
================
[    48/   522,  9%] Running on TestParam(batch_size=121, vocab_size=225467, topk=2333, sorted_value=False, sorted_index=True, return_value=True, dtype=torch.float32, out_idx_dtype=torch.int64, enable_end_position=True, enable_output_idx_offset=True, input_distrib=UniformUIntDistribution(lower=0x00000000, upper=0x00000001), idx_oob_fill_value=-1774533, value_oob_fill_value=-1234123412341234, seed=47, check_correctness=True, num_runs=0)
================
[    49/   522,  9%] Running on TestParam(batch_size=121, vocab_size=682965, topk=4096, sorted_value=False, sorted_index=False, return_value=False, dtype=torch.float32, out_idx_dtype=torch.int32, enable_end_position=False, enable_output_idx_offset=True, input_distrib=UniformUIntDistribution(lower=0x00000000, upper=0x00001000), idx_oob_fill_value=-1317035, value_oob_fill_value=-1234123412341234, seed=48, check_correctness=True, num_runs=0)
================
[    50/   522,  9%] Running on TestParam(batch_size=72, vocab_size=123245, topk=1231, sorted_value=False, sorted_index=False, return_value=True, dtype=torch.float32, out_idx_dtype=torch.int64, enable_end_position=True, enable_output_idx_offset=False, input_distrib=UintDistributionWithHotspotAndSpecifiedPivot(pivot=None, topk=1231, hotspots=[(2139095041, 8)], allow_nan=True), idx_oob_fill_value=-1876755, value_oob_fill_value=-1234123412341234, seed=49, check_correctness=True, num_runs=0)
================
[    51/   522, 10%] Running on TestParam(batch_size=4096, vocab_size=418673, topk=1, sorted_value=False, sorted_index=False, return_value=False, dtype=torch.bfloat16, out_idx_dtype=torch.int64, enable_end_position=True, enable_output_idx_offset=False, input_distrib=UintDistributionWithHotspotAndSpecifiedPivot(pivot=None, topk=1, hotspots=[(32641, 8)], allow_nan=True), idx_oob_fill_value=-1581327, value_oob_fill_value=-1234123412341234, seed=50, check_correctness=True, num_runs=0)
    SKIPPED: out of memory
================
[    52/   522, 10%] Running on TestParam(batch_size=121, vocab_size=682965, topk=407, sorted_value=False, sorted_index=False, return_value=False, dtype=torch.bfloat16, out_idx_dtype=torch.int64, enable_end_position=True, enable_output_idx_offset=True, input_distrib=UintDistributionWithHotspotAndSpecifiedPivot(pivot=None, topk=407, hotspots=[(32641, 8)], allow_nan=True), idx_oob_fill_value=-1317035, value_oob_fill_value=-1234123412341234, seed=51, check_correctness=True, num_runs=0)
================
[    53/   522, 10%] Running on TestParam(batch_size=24, vocab_size=1602, topk=1231, sorted_value=False, sorted_index=False, return_value=True, dtype=torch.float32, out_idx_dtype=torch.int32, enable_end_position=True, enable_output_idx_offset=False, input_distrib=UniformUIntDistribution(lower=0x80000000, upper=0xff800000), idx_oob_fill_value=-1998398, value_oob_fill_value=-1234123412341234, seed=52, check_correctness=True, num_runs=0)
================
[    54/   522, 10%] Running on TestParam(batch_size=121, vocab_size=8388607, topk=2333, sorted_value=False, sorted_index=True, return_value=True, dtype=torch.bfloat16, out_idx_dtype=torch.int32, enable_end_position=True, enable_output_idx_offset=True, input_distrib=UintDistributionWithHotspotAndSpecifiedPivot(pivot=None, topk=2333, hotspots=[(32641, 8)], allow_nan=True), idx_oob_fill_value=6388607, value_oob_fill_value=-1234123412341234, seed=53, check_correctness=True, num_runs=0)
================
[    55/   522, 10%] Running on TestParam(batch_size=34, vocab_size=225467, topk=463, sorted_value=False, sorted_index=False, return_value=False, dtype=torch.float32, out_idx_dtype=torch.int64, enable_end_position=True, enable_output_idx_offset=False, input_distrib=NormalFloatDistribution(post_proc_func=<lambda>), idx_oob_fill_value=-1774533, value_oob_fill_value=-1234123412341234, seed=54, check_correctness=True, num_runs=0)
================
[    56/   522, 11%] Running on TestParam(batch_size=4096, vocab_size=492, topk=1, sorted_value=False, sorted_index=True, return_value=True, dtype=torch.bfloat16, out_idx_dtype=torch.int64, enable_end_position=True, enable_output_idx_offset=False, input_distrib=NormalFloatDistribution(post_proc_func=<lambda>), idx_oob_fill_value=-1999508, value_oob_fill_value=-1234123412341234, seed=55, check_correctness=True, num_runs=0)
================
[    57/   522, 11%] Running on TestParam(batch_size=512, vocab_size=32768, topk=2333, sorted_value=False, sorted_index=True, return_value=True, dtype=torch.bfloat16, out_idx_dtype=torch.int32, enable_end_position=True, enable_output_idx_offset=False, input_distrib=UintDistributionWithHotspotAndSpecifiedPivot(pivot=None, topk=2333, hotspots=[(32641, 8)], allow_nan=True), idx_oob_fill_value=-1967232, value_oob_fill_value=-1234123412341234, seed=56, check_correctness=True, num_runs=0)
================
[    58/   522, 11%] Running on TestParam(batch_size=4096, vocab_size=998123, topk=2333, sorted_value=False, sorted_index=True, return_value=True, dtype=torch.float32, out_idx_dtype=torch.int32, enable_end_position=True, enable_output_idx_offset=False, input_distrib=UintDistributionWithHotspotAndSpecifiedPivot(pivot=None, topk=2333, hotspots=[(2139095041, 8)], allow_nan=True), idx_oob_fill_value=-1001877, value_oob_fill_value=-1234123412341234, seed=57, check_correctness=True, num_runs=0)
    SKIPPED: out of memory
================
[    59/   522, 11%] Running on TestParam(batch_size=20, vocab_size=682965, topk=2048, sorted_value=False, sorted_index=True, return_value=False, dtype=torch.float32, out_idx_dtype=torch.int32, enable_end_position=False, enable_output_idx_offset=False, input_distrib=NormalFloatDistribution(post_proc_func=<lambda>), idx_oob_fill_value=-1317035, value_oob_fill_value=-1234123412341234, seed=58, check_correctness=True, num_runs=0)
================
[    60/   522, 11%] Running on TestParam(batch_size=47, vocab_size=998123, topk=2333, sorted_value=False, sorted_index=False, return_value=False, dtype=torch.float32, out_idx_dtype=torch.int32, enable_end_position=True, enable_output_idx_offset=True, input_distrib=NormalFloatDistribution(post_proc_func=<lambda>), idx_oob_fill_value=-1001877, value_oob_fill_value=-1234123412341234, seed=59, check_correctness=True, num_runs=0)
================
[    61/   522, 11%] Running on TestParam(batch_size=67, vocab_size=466, topk=1, sorted_value=False, sorted_index=True, return_value=False, dtype=torch.bfloat16, out_idx_dtype=torch.int64, enable_end_position=True, enable_output_idx_offset=True, input_distrib=UintDistributionWithHotspotAndSpecifiedPivot(pivot=None, topk=1, hotspots=[(65409, 8)], allow_nan=True), idx_oob_fill_value=-1999534, value_oob_fill_value=-1234123412341234, seed=60, check_correctness=True, num_runs=0)
================
[    62/   522, 12%] Running on TestParam(batch_size=512, vocab_size=418673, topk=2132, sorted_value=False, sorted_index=True, return_value=False, dtype=torch.bfloat16, out_idx_dtype=torch.int32, enable_end_position=False, enable_output_idx_offset=False, input_distrib=NormalFloatDistribution(), idx_oob_fill_value=-1581327, value_oob_fill_value=-1234123412341234, seed=61, check_correctness=True, num_runs=0)
================
[    63/   522, 12%] Running on TestParam(batch_size=512, vocab_size=998123, topk=2048, sorted_value=True, sorted_index=False, return_value=True, dtype=torch.float32, out_idx_dtype=torch.int64, enable_end_position=False, enable_output_idx_offset=False, input_distrib=NormalFloatDistribution(), idx_oob_fill_value=-1001877, value_oob_fill_value=-1234123412341234, seed=62, check_correctness=True, num_runs=0)
================
[    64/   522, 12%] Running on TestParam(batch_size=121, vocab_size=401, topk=2048, sorted_value=False, sorted_index=False, return_value=True, dtype=torch.float32, out_idx_dtype=torch.int32, enable_end_position=False, enable_output_idx_offset=True, input_distrib=UniformUIntDistribution(lower=0x00000000, upper=0x00000020), idx_oob_fill_value=-1999599, value_oob_fill_value=-1234123412341234, seed=63, check_correctness=True, num_runs=0)
================
[    65/   522, 12%] Running on TestParam(batch_size=121, vocab_size=123245, topk=1, sorted_value=False, sorted_index=True, return_value=True, dtype=torch.bfloat16, out_idx_dtype=torch.int32, enable_end_position=True, enable_output_idx_offset=True, input_distrib=UintDistributionWithHotspotAndSpecifiedPivot(pivot=None, topk=1, hotspots=[(32641, 8)], allow_nan=True), idx_oob_fill_value=-1876755, value_oob_fill_value=-1234123412341234, seed=64, check_correctness=True, num_runs=0)
================
[    66/   522, 12%] Running on TestParam(batch_size=512, vocab_size=998123, topk=512, sorted_value=False, sorted_index=True, return_value=False, dtype=torch.float32, out_idx_dtype=torch.int32, enable_end_position=False, enable_output_idx_offset=False, input_distrib=UniformUIntDistribution(lower=0x00000000, upper=0x00000020), idx_oob_fill_value=-1001877, value_oob_fill_value=-1234123412341234, seed=65, check_correctness=True, num_runs=0)
================
[    67/   522, 13%] Running on TestParam(batch_size=512, vocab_size=998123, topk=1231, sorted_value=False, sorted_index=False, return_value=False, dtype=torch.bfloat16, out_idx_dtype=torch.int64, enable_end_position=True, enable_output_idx_offset=False, input_distrib=NormalFloatDistribution(post_proc_func=<lambda>), idx_oob_fill_value=-1001877, value_oob_fill_value=-1234123412341234, seed=66, check_correctness=True, num_runs=0)
================
[    68/   522, 13%] Running on TestParam(batch_size=512, vocab_size=682965, topk=1231, sorted_value=False, sorted_index=False, return_value=False, dtype=torch.bfloat16, out_idx_dtype=torch.int32, enable_end_position=True, enable_output_idx_offset=False, input_distrib=UniformUIntDistribution(lower=0x00000000, upper=0x00001000), idx_oob_fill_value=-1317035, value_oob_fill_value=-1234123412341234, seed=67, check_correctness=True, num_runs=0)
================
[    69/   522, 13%] Running on TestParam(batch_size=20, vocab_size=1048576, topk=2333, sorted_value=False, sorted_index=True, return_value=False, dtype=torch.float32, out_idx_dtype=torch.int32, enable_end_position=True, enable_output_idx_offset=False, input_distrib=NormalFloatDistribution(post_proc_func=<lambda>), idx_oob_fill_value=-951424, value_oob_fill_value=-1234123412341234, seed=68, check_correctness=True, num_runs=0)
================
[    70/   522, 13%] Running on TestParam(batch_size=121, vocab_size=262144, topk=1024, sorted_value=False, sorted_index=True, return_value=True, dtype=torch.bfloat16, out_idx_dtype=torch.int32, enable_end_position=False, enable_output_idx_offset=True, input_distrib=UintDistributionWithHotspotAndSpecifiedPivot(pivot=None, topk=1024, hotspots=[(65409, 8)], allow_nan=True), idx_oob_fill_value=-1737856, value_oob_fill_value=-1234123412341234, seed=69, check_correctness=True, num_runs=0)
================
[    71/   522, 13%] Running on TestParam(batch_size=4096, vocab_size=471, topk=1, sorted_value=False, sorted_index=False, return_value=False, dtype=torch.bfloat16, out_idx_dtype=torch.int64, enable_end_position=True, enable_output_idx_offset=False, input_distrib=NormalFloatDistribution(post_proc_func=<lambda>), idx_oob_fill_value=-1999529, value_oob_fill_value=-1234123412341234, seed=70, check_correctness=True, num_runs=0)
================
[    72/   522, 14%] Running on TestParam(batch_size=4, vocab_size=998123, topk=512, sorted_value=False, sorted_index=True, return_value=True, dtype=torch.bfloat16, out_idx_dtype=torch.int32, enable_end_position=False, enable_output_idx_offset=False, input_distrib=UniformUIntDistribution(lower=0x00000000, upper=0x00007f80), idx_oob_fill_value=-1001877, value_oob_fill_value=-1234123412341234, seed=71, check_correctness=True, num_runs=0)
================
[    73/   522, 14%] Running on TestParam(batch_size=4096, vocab_size=1, topk=2333, sorted_value=False, sorted_index=False, return_value=False, dtype=torch.bfloat16, out_idx_dtype=torch.int64, enable_end_position=True, enable_output_idx_offset=False, input_distrib=UintDistributionWithHotspotAndSpecifiedPivot(pivot=None, topk=2333, hotspots=[(65409, 1)], allow_nan=True), idx_oob_fill_value=-1999999, value_oob_fill_value=-1234123412341234, seed=72, check_correctness=True, num_runs=0)
================
[    74/   522, 14%] Running on TestParam(batch_size=83, vocab_size=8388607, topk=2132, sorted_value=False, sorted_index=False, return_value=True, dtype=torch.bfloat16, out_idx_dtype=torch.int64, enable_end_position=False, enable_output_idx_offset=True, input_distrib=UintDistributionWithHotspotAndSpecifiedPivot(pivot=None, topk=2132, hotspots=[(32641, 8)], allow_nan=True), idx_oob_fill_value=6388607, value_oob_fill_value=-1234123412341234, seed=73, check_correctness=True, num_runs=0)
================
[    75/   522, 14%] Running on TestParam(batch_size=121, vocab_size=1048576, topk=2048, sorted_value=False, sorted_index=False, return_value=False, dtype=torch.bfloat16, out_idx_dtype=torch.int32, enable_end_position=False, enable_output_idx_offset=True, input_distrib=NormalFloatDistribution(post_proc_func=<lambda>), idx_oob_fill_value=-951424, value_oob_fill_value=-1234123412341234, seed=74, check_correctness=True, num_runs=0)
================
[    76/   522, 14%] Running on TestParam(batch_size=512, vocab_size=8388607, topk=1024, sorted_value=False, sorted_index=False, return_value=False, dtype=torch.bfloat16, out_idx_dtype=torch.int64, enable_end_position=False, enable_output_idx_offset=False, input_distrib=NormalFloatDistribution(), idx_oob_fill_value=6388607, value_oob_fill_value=-1234123412341234, seed=75, check_correctness=True, num_runs=0)
================
[    77/   522, 15%] Running on TestParam(batch_size=4096, vocab_size=225467, topk=36, sorted_value=False, sorted_index=False, return_value=False, dtype=torch.bfloat16, out_idx_dtype=torch.int64, enable_end_position=False, enable_output_idx_offset=False, input_distrib=UniformUIntDistribution(lower=0x00000000, upper=0x00001000), idx_oob_fill_value=-1774533, value_oob_fill_value=-1234123412341234, seed=76, check_correctness=True, num_runs=0)
================
[    78/   522, 15%] Running on TestParam(batch_size=20, vocab_size=262144, topk=4096, sorted_value=False, sorted_index=True, return_value=False, dtype=torch.float32, out_idx_dtype=torch.int32, enable_end_position=False, enable_output_idx_offset=False, input_distrib=UniformUIntDistribution(lower=0x00000000, upper=0x00000020), idx_oob_fill_value=-1737856, value_oob_fill_value=-1234123412341234, seed=77, check_correctness=True, num_runs=0)
================
[    79/   522, 15%] Running on TestParam(batch_size=17, vocab_size=262144, topk=1231, sorted_value=False, sorted_index=True, return_value=False, dtype=torch.bfloat16, out_idx_dtype=torch.int64, enable_end_position=True, enable_output_idx_offset=True, input_distrib=NormalFloatDistribution(post_proc_func=<lambda>), idx_oob_fill_value=-1737856, value_oob_fill_value=-1234123412341234, seed=78, check_correctness=True, num_runs=0)
================
[    80/   522, 15%] Running on TestParam(batch_size=121, vocab_size=1602, topk=2132, sorted_value=True, sorted_index=False, return_value=True, dtype=torch.float32, out_idx_dtype=torch.int32, enable_end_position=False, enable_output_idx_offset=True, input_distrib=UniformUIntDistribution(lower=0x00000000, upper=0x00000020), idx_oob_fill_value=-1998398, value_oob_fill_value=-1234123412341234, seed=79, check_correctness=True, num_runs=0)
================
[    81/   522, 15%] Running on TestParam(batch_size=83, vocab_size=123245, topk=1231, sorted_value=False, sorted_index=False, return_value=True, dtype=torch.bfloat16, out_idx_dtype=torch.int64, enable_end_position=True, enable_output_idx_offset=True, input_distrib=UniformUIntDistribution(lower=0x00000000, upper=0x00000020), idx_oob_fill_value=-1876755, value_oob_fill_value=-1234123412341234, seed=80, check_correctness=True, num_runs=0)
================
[    82/   522, 16%] Running on TestParam(batch_size=15, vocab_size=225467, topk=1231, sorted_value=False, sorted_index=True, return_value=True, dtype=torch.float32, out_idx_dtype=torch.int64, enable_end_position=True, enable_output_idx_offset=True, input_distrib=NormalFloatDistribution(post_proc_func=<lambda>), idx_oob_fill_value=-1774533, value_oob_fill_value=-1234123412341234, seed=81, check_correctness=True, num_runs=0)
================
[    83/   522, 16%] Running on TestParam(batch_size=121, vocab_size=262144, topk=1, sorted_value=False, sorted_index=True, return_value=False, dtype=torch.bfloat16, out_idx_dtype=torch.int64, enable_end_position=True, enable_output_idx_offset=True, input_distrib=NormalFloatDistribution(), idx_oob_fill_value=-1737856, value_oob_fill_value=-1234123412341234, seed=82, check_correctness=True, num_runs=0)
================
[    84/   522, 16%] Running on TestParam(batch_size=4096, vocab_size=231, topk=1, sorted_value=False, sorted_index=True, return_value=True, dtype=torch.bfloat16, out_idx_dtype=torch.int32, enable_end_position=True, enable_output_idx_offset=False, input_distrib=NormalFloatDistribution(post_proc_func=<lambda>), idx_oob_fill_value=-1999769, value_oob_fill_value=-1234123412341234, seed=83, check_correctness=True, num_runs=0)
================
[    85/   522, 16%] Running on TestParam(batch_size=121, vocab_size=418673, topk=2132, sorted_value=False, sorted_index=False, return_value=True, dtype=torch.bfloat16, out_idx_dtype=torch.int64, enable_end_position=False, enable_output_idx_offset=True, input_distrib=NormalFloatDistribution(post_proc_func=<lambda>), idx_oob_fill_value=-1581327, value_oob_fill_value=-1234123412341234, seed=84, check_correctness=True, num_runs=0)
================
[    86/   522, 16%] Running on TestParam(batch_size=512, vocab_size=418673, topk=512, sorted_value=False, sorted_index=False, return_value=False, dtype=torch.float32, out_idx_dtype=torch.int64, enable_end_position=False, enable_output_idx_offset=False, input_distrib=NormalFloatDistribution(), idx_oob_fill_value=-1581327, value_oob_fill_value=-1234123412341234, seed=85, check_correctness=True, num_runs=0)
================
[    87/   522, 16%] Running on TestParam(batch_size=17, vocab_size=352, topk=488, sorted_value=False, sorted_index=False, return_value=False, dtype=torch.float32, out_idx_dtype=torch.int64, enable_end_position=False, enable_output_idx_offset=True, input_distrib=NormalFloatDistribution(post_proc_func=<lambda>), idx_oob_fill_value=-1999648, value_oob_fill_value=-1234123412341234, seed=86, check_correctness=True, num_runs=0)
================
[    88/   522, 17%] Running on TestParam(batch_size=512, vocab_size=32768, topk=2048, sorted_value=False, sorted_index=True, return_value=True, dtype=torch.float32, out_idx_dtype=torch.int32, enable_end_position=False, enable_output_idx_offset=False, input_distrib=UniformUIntDistribution(lower=0x00000000, upper=0x00000020), idx_oob_fill_value=-1967232, value_oob_fill_value=-1234123412341234, seed=87, check_correctness=True, num_runs=0)
================
[    89/   522, 17%] Running on TestParam(batch_size=512, vocab_size=32768, topk=1, sorted_value=False, sorted_index=False, return_value=False, dtype=torch.bfloat16, out_idx_dtype=torch.int32, enable_end_position=True, enable_output_idx_offset=False, input_distrib=UniformUIntDistribution(lower=0x00008000, upper=0x0000ff80), idx_oob_fill_value=-1967232, value_oob_fill_value=-1234123412341234, seed=88, check_correctness=True, num_runs=0)
================
[    90/   522, 17%] Running on TestParam(batch_size=4096, vocab_size=123245, topk=1, sorted_value=False, sorted_index=True, return_value=False, dtype=torch.bfloat16, out_idx_dtype=torch.int64, enable_end_position=True, enable_output_idx_offset=False, input_distrib=NormalFloatDistribution(post_proc_func=<lambda>), idx_oob_fill_value=-1876755, value_oob_fill_value=-1234123412341234, seed=89, check_correctness=True, num_runs=0)
================
[    91/   522, 17%] Running on TestParam(batch_size=512, vocab_size=682965, topk=1024, sorted_value=False, sorted_index=False, return_value=True, dtype=torch.bfloat16, out_idx_dtype=torch.int32, enable_end_position=False, enable_output_idx_offset=False, input_distrib=NormalFloatDistribution(post_proc_func=<lambda>), idx_oob_fill_value=-1317035, value_oob_fill_value=-1234123412341234, seed=90, check_correctness=True, num_runs=0)
================
[    92/   522, 17%] Running on TestParam(batch_size=121, vocab_size=682965, topk=330, sorted_value=False, sorted_index=False, return_value=True, dtype=torch.bfloat16, out_idx_dtype=torch.int64, enable_end_position=False, enable_output_idx_offset=True, input_distrib=NormalFloatDistribution(), idx_oob_fill_value=-1317035, value_oob_fill_value=-1234123412341234, seed=91, check_correctness=True, num_runs=0)
================
[    93/   522, 18%] Running on TestParam(batch_size=4096, vocab_size=1, topk=29, sorted_value=False, sorted_index=False, return_value=False, dtype=torch.bfloat16, out_idx_dtype=torch.int64, enable_end_position=True, enable_output_idx_offset=False, input_distrib=UniformUIntDistribution(lower=0x00000000, upper=0x00000020), idx_oob_fill_value=-1999999, value_oob_fill_value=-1234123412341234, seed=92, check_correctness=True, num_runs=0)
================
[    94/   522, 18%] Running on TestParam(batch_size=19, vocab_size=8388607, topk=4096, sorted_value=False, sorted_index=True, return_value=False, dtype=torch.bfloat16, out_idx_dtype=torch.int32, enable_end_position=False, enable_output_idx_offset=True, input_distrib=NormalFloatDistribution(post_proc_func=<lambda>), idx_oob_fill_value=6388607, value_oob_fill_value=-1234123412341234, seed=93, check_correctness=True, num_runs=0)
================
[    95/   522, 18%] Running on TestParam(batch_size=83, vocab_size=1048576, topk=1231, sorted_value=True, sorted_index=False, return_value=True, dtype=torch.float32, out_idx_dtype=torch.int64, enable_end_position=True, enable_output_idx_offset=True, input_distrib=UniformUIntDistribution(lower=0x80000000, upper=0xff800000), idx_oob_fill_value=-951424, value_oob_fill_value=-1234123412341234, seed=94, check_correctness=True, num_runs=0)
================
[    96/   522, 18%] Running on TestParam(batch_size=15, vocab_size=225467, topk=2132, sorted_value=False, sorted_index=True, return_value=True, dtype=torch.float32, out_idx_dtype=torch.int64, enable_end_position=False, enable_output_idx_offset=True, input_distrib=UniformUIntDistribution(lower=0x00000000, upper=0x00001000), idx_oob_fill_value=-1774533, value_oob_fill_value=-1234123412341234, seed=95, check_correctness=True, num_runs=0)
================
[    97/   522, 18%] Running on TestParam(batch_size=121, vocab_size=418673, topk=512, sorted_value=False, sorted_index=False, return_value=False, dtype=torch.float32, out_idx_dtype=torch.int64, enable_end_position=False, enable_output_idx_offset=True, input_distrib=NormalFloatDistribution(post_proc_func=<lambda>), idx_oob_fill_value=-1581327, value_oob_fill_value=-1234123412341234, seed=96, check_correctness=True, num_runs=0)
================
[    98/   522, 19%] Running on TestParam(batch_size=4096, vocab_size=262144, topk=1024, sorted_value=False, sorted_index=False, return_value=True, dtype=torch.bfloat16, out_idx_dtype=torch.int64, enable_end_position=False, enable_output_idx_offset=False, input_distrib=NormalFloatDistribution(post_proc_func=<lambda>), idx_oob_fill_value=-1737856, value_oob_fill_value=-1234123412341234, seed=97, check_correctness=True, num_runs=0)
================
[    99/   522, 19%] Running on TestParam(batch_size=4, vocab_size=1048576, topk=1, sorted_value=False, sorted_index=False, return_value=True, dtype=torch.bfloat16, out_idx_dtype=torch.int32, enable_end_position=True, enable_output_idx_offset=False, input_distrib=UniformUIntDistribution(lower=0x00000000, upper=0x00000001), idx_oob_fill_value=-951424, value_oob_fill_value=-1234123412341234, seed=98, check_correctness=True, num_runs=0)
================
[   100/   522, 19%] Running on TestParam(batch_size=83, vocab_size=225467, topk=2048, sorted_value=True, sorted_index=False, return_value=True, dtype=torch.float32, out_idx_dtype=torch.int64, enable_end_position=False, enable_output_idx_offset=True, input_distrib=UintDistributionWithHotspotAndSpecifiedPivot(pivot=None, topk=2048, hotspots=[(4286578689, 8)], allow_nan=True), idx_oob_fill_value=-1774533, value_oob_fill_value=-1234123412341234, seed=99, check_correctness=True, num_runs=0)
================
[   101/   522, 19%] Running on TestParam(batch_size=4, vocab_size=1048576, topk=512, sorted_value=False, sorted_index=True, return_value=True, dtype=torch.bfloat16, out_idx_dtype=torch.int32, enable_end_position=False, enable_output_idx_offset=False, input_distrib=NormalFloatDistribution(post_proc_func=<lambda>), idx_oob_fill_value=-951424, value_oob_fill_value=-1234123412341234, seed=100, check_correctness=True, num_runs=0)
================
[   102/   522, 19%] Running on TestParam(batch_size=121, vocab_size=1602, topk=1, sorted_value=False, sorted_index=False, return_value=True, dtype=torch.float32, out_idx_dtype=torch.int32, enable_end_position=True, enable_output_idx_offset=True, input_distrib=UniformUIntDistribution(lower=0x80000000, upper=0xff800000), idx_oob_fill_value=-1998398, value_oob_fill_value=-1234123412341234, seed=101, check_correctness=True, num_runs=0)
================
[   103/   522, 20%] Running on TestParam(batch_size=91, vocab_size=225467, topk=4096, sorted_value=False, sorted_index=True, return_value=False, dtype=torch.float32, out_idx_dtype=torch.int64, enable_end_position=False, enable_output_idx_offset=True, input_distrib=NormalFloatDistribution(post_proc_func=<lambda>), idx_oob_fill_value=-1774533, value_oob_fill_value=-1234123412341234, seed=102, check_correctness=True, num_runs=0)
================
[   104/   522, 20%] Running on TestParam(batch_size=4096, vocab_size=1048576, topk=1, sorted_value=False, sorted_index=False, return_value=True, dtype=torch.float32, out_idx_dtype=torch.int32, enable_end_position=True, enable_output_idx_offset=False, input_distrib=NormalFloatDistribution(), idx_oob_fill_value=-951424, value_oob_fill_value=-1234123412341234, seed=103, check_correctness=True, num_runs=0)
================
[   105/   522, 20%] Running on TestParam(batch_size=83, vocab_size=420, topk=454, sorted_value=True, sorted_index=False, return_value=True, dtype=torch.float32, out_idx_dtype=torch.int64, enable_end_position=False, enable_output_idx_offset=True, input_distrib=NormalFloatDistribution(), idx_oob_fill_value=-1999580, value_oob_fill_value=-1234123412341234, seed=104, check_correctness=True, num_runs=0)
================
[   106/   522, 20%] Running on TestParam(batch_size=121, vocab_size=418673, topk=2132, sorted_value=False, sorted_index=False, return_value=False, dtype=torch.float32, out_idx_dtype=torch.int64, enable_end_position=False, enable_output_idx_offset=True, input_distrib=UniformUIntDistribution(lower=0x00000000, upper=0x7f800000), idx_oob_fill_value=-1581327, value_oob_fill_value=-1234123412341234, seed=105, check_correctness=True, num_runs=0)
================
[   107/   522, 20%] Running on TestParam(batch_size=67, vocab_size=466, topk=2333, sorted_value=False, sorted_index=True, return_value=False, dtype=torch.bfloat16, out_idx_dtype=torch.int64, enable_end_position=True, enable_output_idx_offset=True, input_distrib=NormalFloatDistribution(), idx_oob_fill_value=-1999534, value_oob_fill_value=-1234123412341234, seed=106, check_correctness=True, num_runs=0)
================
[   108/   522, 20%] Running on TestParam(batch_size=80, vocab_size=355, topk=2048, sorted_value=False, sorted_index=False, return_value=True, dtype=torch.bfloat16, out_idx_dtype=torch.int32, enable_end_position=False, enable_output_idx_offset=False, input_distrib=NormalFloatDistribution(post_proc_func=<lambda>), idx_oob_fill_value=-1999645, value_oob_fill_value=-1234123412341234, seed=107, check_correctness=True, num_runs=0)
================
[   109/   522, 21%] Running on TestParam(batch_size=4096, vocab_size=1602, topk=2333, sorted_value=False, sorted_index=True, return_value=True, dtype=torch.float32, out_idx_dtype=torch.int32, enable_end_position=True, enable_output_idx_offset=False, input_distrib=UniformUIntDistribution(lower=0x00000000, upper=0x00000001), idx_oob_fill_value=-1998398, value_oob_fill_value=-1234123412341234, seed=108, check_correctness=True, num_runs=0)
================
[   110/   522, 21%] Running on TestParam(batch_size=11, vocab_size=998123, topk=1024, sorted_value=False, sorted_index=True, return_value=False, dtype=torch.float32, out_idx_dtype=torch.int64, enable_end_position=False, enable_output_idx_offset=True, input_distrib=NormalFloatDistribution(post_proc_func=<lambda>), idx_oob_fill_value=-1001877, value_oob_fill_value=-1234123412341234, seed=109, check_correctness=True, num_runs=0)
================
[   111/   522, 21%] Running on TestParam(batch_size=121, vocab_size=225467, topk=1024, sorted_value=False, sorted_index=False, return_value=False, dtype=torch.float32, out_idx_dtype=torch.int32, enable_end_position=False, enable_output_idx_offset=True, input_distrib=UniformUIntDistribution(lower=0x00000000, upper=0x7f800000), idx_oob_fill_value=-1774533, value_oob_fill_value=-1234123412341234, seed=110, check_correctness=True, num_runs=0)
================
[   112/   522, 21%] Running on TestParam(batch_size=121, vocab_size=1602, topk=299, sorted_value=False, sorted_index=False, return_value=True, dtype=torch.bfloat16, out_idx_dtype=torch.int64, enable_end_position=True, enable_output_idx_offset=True, input_distrib=UniformUIntDistribution(lower=0x00000000, upper=0x00000020), idx_oob_fill_value=-1998398, value_oob_fill_value=-1234123412341234, seed=111, check_correctness=True, num_runs=0)
================
[   113/   522, 21%] Running on TestParam(batch_size=512, vocab_size=123245, topk=4096, sorted_value=False, sorted_index=True, return_value=False, dtype=torch.bfloat16, out_idx_dtype=torch.int64, enable_end_position=False, enable_output_idx_offset=False, input_distrib=UintDistributionWithHotspotAndSpecifiedPivot(pivot=None, topk=4096, hotspots=[(65409, 8)], allow_nan=True), idx_oob_fill_value=-1876755, value_oob_fill_value=-1234123412341234, seed=112, check_correctness=True, num_runs=0)
================
[   114/   522, 22%] Running on TestParam(batch_size=121, vocab_size=123245, topk=512, sorted_value=True, sorted_index=False, return_value=True, dtype=torch.float32, out_idx_dtype=torch.int64, enable_end_position=False, enable_output_idx_offset=True, input_distrib=UintDistributionWithHotspotAndSpecifiedPivot(pivot=None, topk=512, hotspots=[(4286578689, 8)], allow_nan=True), idx_oob_fill_value=-1876755, value_oob_fill_value=-1234123412341234, seed=113, check_correctness=True, num_runs=0)
================
[   115/   522, 22%] Running on TestParam(batch_size=19, vocab_size=418673, topk=1231, sorted_value=False, sorted_index=True, return_value=False, dtype=torch.bfloat16, out_idx_dtype=torch.int32, enable_end_position=True, enable_output_idx_offset=True, input_distrib=NormalFloatDistribution(post_proc_func=<lambda>), idx_oob_fill_value=-1581327, value_oob_fill_value=-1234123412341234, seed=114, check_correctness=True, num_runs=0)
================
[   116/   522, 22%] Running on TestParam(batch_size=4096, vocab_size=682965, topk=1024, sorted_value=False, sorted_index=True, return_value=True, dtype=torch.bfloat16, out_idx_dtype=torch.int64, enable_end_position=False, enable_output_idx_offset=False, input_distrib=UintDistributionWithHotspotAndSpecifiedPivot(pivot=None, topk=1024, hotspots=[(65409, 8)], allow_nan=True), idx_oob_fill_value=-1317035, value_oob_fill_value=-1234123412341234, seed=115, check_correctness=True, num_runs=0)
    SKIPPED: out of memory
================
[   117/   522, 22%] Running on TestParam(batch_size=512, vocab_size=1, topk=112, sorted_value=False, sorted_index=False, return_value=False, dtype=torch.bfloat16, out_idx_dtype=torch.int64, enable_end_position=False, enable_output_idx_offset=False, input_distrib=NormalFloatDistribution(post_proc_func=<lambda>), idx_oob_fill_value=-1999999, value_oob_fill_value=-1234123412341234, seed=116, check_correctness=True, num_runs=0)
================
[   118/   522, 22%] Running on TestParam(batch_size=512, vocab_size=123245, topk=2132, sorted_value=False, sorted_index=False, return_value=False, dtype=torch.bfloat16, out_idx_dtype=torch.int32, enable_end_position=False, enable_output_idx_offset=False, input_distrib=NormalFloatDistribution(post_proc_func=<lambda>), idx_oob_fill_value=-1876755, value_oob_fill_value=-1234123412341234, seed=117, check_correctness=True, num_runs=0)
================
[   119/   522, 23%] Running on TestParam(batch_size=512, vocab_size=1, topk=2132, sorted_value=False, sorted_index=True, return_value=True, dtype=torch.bfloat16, out_idx_dtype=torch.int64, enable_end_position=False, enable_output_idx_offset=False, input_distrib=NormalFloatDistribution(post_proc_func=<lambda>), idx_oob_fill_value=-1999999, value_oob_fill_value=-1234123412341234, seed=118, check_correctness=True, num_runs=0)
================
[   120/   522, 23%] Running on TestParam(batch_size=121, vocab_size=1048576, topk=1024, sorted_value=False, sorted_index=True, return_value=True, dtype=torch.bfloat16, out_idx_dtype=torch.int32, enable_end_position=False, enable_output_idx_offset=True, input_distrib=NormalFloatDistribution(post_proc_func=<lambda>), idx_oob_fill_value=-951424, value_oob_fill_value=-1234123412341234, seed=119, check_correctness=True, num_runs=0)
================
[   121/   522, 23%] Running on TestParam(batch_size=512, vocab_size=998123, topk=4096, sorted_value=False, sorted_index=False, return_value=True, dtype=torch.bfloat16, out_idx_dtype=torch.int64, enable_end_position=False, enable_output_idx_offset=False, input_distrib=NormalFloatDistribution(post_proc_func=<lambda>), idx_oob_fill_value=-1001877, value_oob_fill_value=-1234123412341234, seed=120, check_correctness=True, num_runs=0)
================
[   122/   522, 23%] Running on TestParam(batch_size=74, vocab_size=32768, topk=4096, sorted_value=False, sorted_index=False, return_value=False, dtype=torch.bfloat16, out_idx_dtype=torch.int32, enable_end_position=False, enable_output_idx_offset=False, input_distrib=NormalFloatDistribution(post_proc_func=<lambda>), idx_oob_fill_value=-1967232, value_oob_fill_value=-1234123412341234, seed=121, check_correctness=True, num_runs=0)
================
[   123/   522, 23%] Running on TestParam(batch_size=15, vocab_size=225467, topk=1231, sorted_value=False, sorted_index=True, return_value=True, dtype=torch.float32, out_idx_dtype=torch.int64, enable_end_position=True, enable_output_idx_offset=True, input_distrib=UniformUIntDistribution(lower=0x00000000, upper=0x00000001), idx_oob_fill_value=-1774533, value_oob_fill_value=-1234123412341234, seed=122, check_correctness=True, num_runs=0)
================
[   124/   522, 24%] Running on TestParam(batch_size=70, vocab_size=45, topk=2048, sorted_value=False, sorted_index=True, return_value=True, dtype=torch.bfloat16, out_idx_dtype=torch.int32, enable_end_position=False, enable_output_idx_offset=False, input_distrib=NormalFloatDistribution(), idx_oob_fill_value=-1999955, value_oob_fill_value=-1234123412341234, seed=123, check_correctness=True, num_runs=0)
================
[   125/   522, 24%] Running on TestParam(batch_size=121, vocab_size=682965, topk=1231, sorted_value=False, sorted_index=False, return_value=True, dtype=torch.float32, out_idx_dtype=torch.int64, enable_end_position=True, enable_output_idx_offset=True, input_distrib=UniformUIntDistribution(lower=0x00000000, upper=0x00000001), idx_oob_fill_value=-1317035, value_oob_fill_value=-1234123412341234, seed=124, check_correctness=True, num_runs=0)
================
[   126/   522, 24%] Running on TestParam(batch_size=70, vocab_size=998123, topk=2333, sorted_value=False, sorted_index=True, return_value=True, dtype=torch.float32, out_idx_dtype=torch.int32, enable_end_position=True, enable_output_idx_offset=False, input_distrib=UniformUIntDistribution(lower=0x80000000, upper=0xff800000), idx_oob_fill_value=-1001877, value_oob_fill_value=-1234123412341234, seed=125, check_correctness=True, num_runs=0)
================
[   127/   522, 24%] Running on TestParam(batch_size=512, vocab_size=8388607, topk=1024, sorted_value=False, sorted_index=False, return_value=True, dtype=torch.bfloat16, out_idx_dtype=torch.int64, enable_end_position=False, enable_output_idx_offset=False, input_distrib=NormalFloatDistribution(post_proc_func=<lambda>), idx_oob_fill_value=6388607, value_oob_fill_value=-1234123412341234, seed=126, check_correctness=True, num_runs=0)
================
[   128/   522, 24%] Running on TestParam(batch_size=6, vocab_size=32768, topk=2132, sorted_value=False, sorted_index=False, return_value=True, dtype=torch.float32, out_idx_dtype=torch.int32, enable_end_position=False, enable_output_idx_offset=False, input_distrib=NormalFloatDistribution(), idx_oob_fill_value=-1967232, value_oob_fill_value=-1234123412341234, seed=127, check_correctness=True, num_runs=0)
================
[   129/   522, 25%] Running on TestParam(batch_size=4096, vocab_size=225467, topk=2048, sorted_value=False, sorted_index=True, return_value=False, dtype=torch.bfloat16, out_idx_dtype=torch.int64, enable_end_position=False, enable_output_idx_offset=False, input_distrib=UniformUIntDistribution(lower=0x00000000, upper=0x00000020), idx_oob_fill_value=-1774533, value_oob_fill_value=-1234123412341234, seed=128, check_correctness=True, num_runs=0)
================
[   130/   522, 25%] Running on TestParam(batch_size=512, vocab_size=1, topk=2333, sorted_value=False, sorted_index=True, return_value=True, dtype=torch.float32, out_idx_dtype=torch.int32, enable_end_position=True, enable_output_idx_offset=False, input_distrib=UniformUIntDistribution(lower=0x80000000, upper=0xff800000), idx_oob_fill_value=-1999999, value_oob_fill_value=-1234123412341234, seed=129, check_correctness=True, num_runs=0)
================
[   131/   522, 25%] Running on TestParam(batch_size=14, vocab_size=418673, topk=4096, sorted_value=False, sorted_index=True, return_value=True, dtype=torch.bfloat16, out_idx_dtype=torch.int64, enable_end_position=False, enable_output_idx_offset=False, input_distrib=NormalFloatDistribution(), idx_oob_fill_value=-1581327, value_oob_fill_value=-1234123412341234, seed=130, check_correctness=True, num_runs=0)
================
[   132/   522, 25%] Running on TestParam(batch_size=512, vocab_size=998123, topk=1231, sorted_value=False, sorted_index=False, return_value=True, dtype=torch.bfloat16, out_idx_dtype=torch.int32, enable_end_position=True, enable_output_idx_offset=False, input_distrib=UniformUIntDistribution(lower=0x00008000, upper=0x0000ff80), idx_oob_fill_value=-1001877, value_oob_fill_value=-1234123412341234, seed=131, check_correctness=True, num_runs=0)
================
[   133/   522, 25%] Running on TestParam(batch_size=512, vocab_size=225467, topk=2132, sorted_value=True, sorted_index=False, return_value=True, dtype=torch.float32, out_idx_dtype=torch.int64, enable_end_position=False, enable_output_idx_offset=False, input_distrib=UniformUIntDistribution(lower=0x00000000, upper=0x7f800000), idx_oob_fill_value=-1774533, value_oob_fill_value=-1234123412341234, seed=132, check_correctness=True, num_runs=0)
================
[   134/   522, 25%] Running on TestParam(batch_size=4096, vocab_size=262144, topk=2333, sorted_value=False, sorted_index=False, return_value=False, dtype=torch.float32, out_idx_dtype=torch.int64, enable_end_position=True, enable_output_idx_offset=False, input_distrib=NormalFloatDistribution(post_proc_func=<lambda>), idx_oob_fill_value=-1737856, value_oob_fill_value=-1234123412341234, seed=133, check_correctness=True, num_runs=0)
================
[   135/   522, 26%] Running on TestParam(batch_size=121, vocab_size=1048576, topk=4096, sorted_value=False, sorted_index=True, return_value=True, dtype=torch.bfloat16, out_idx_dtype=torch.int64, enable_end_position=False, enable_output_idx_offset=True, input_distrib=NormalFloatDistribution(), idx_oob_fill_value=-951424, value_oob_fill_value=-1234123412341234, seed=134, check_correctness=True, num_runs=0)
================
[   136/   522, 26%] Running on TestParam(batch_size=121, vocab_size=1, topk=4096, sorted_value=False, sorted_index=False, return_value=True, dtype=torch.bfloat16, out_idx_dtype=torch.int32, enable_end_position=False, enable_output_idx_offset=True, input_distrib=NormalFloatDistribution(), idx_oob_fill_value=-1999999, value_oob_fill_value=-1234123412341234, seed=135, check_correctness=True, num_runs=0)
================
[   137/   522, 26%] Running on TestParam(batch_size=47, vocab_size=418673, topk=512, sorted_value=False, sorted_index=False, return_value=False, dtype=torch.float32, out_idx_dtype=torch.int32, enable_end_position=False, enable_output_idx_offset=True, input_distrib=UniformUIntDistribution(lower=0x00000000, upper=0x00000020), idx_oob_fill_value=-1581327, value_oob_fill_value=-1234123412341234, seed=136, check_correctness=True, num_runs=0)
================
[   138/   522, 26%] Running on TestParam(batch_size=80, vocab_size=262144, topk=2048, sorted_value=False, sorted_index=False, return_value=True, dtype=torch.bfloat16, out_idx_dtype=torch.int32, enable_end_position=False, enable_output_idx_offset=False, input_distrib=UniformUIntDistribution(lower=0x00000000, upper=0x00000020), idx_oob_fill_value=-1737856, value_oob_fill_value=-1234123412341234, seed=137, check_correctness=True, num_runs=0)
================
[   139/   522, 26%] Running on TestParam(batch_size=121, vocab_size=8388607, topk=1024, sorted_value=False, sorted_index=False, return_value=False, dtype=torch.bfloat16, out_idx_dtype=torch.int64, enable_end_position=False, enable_output_idx_offset=True, input_distrib=NormalFloatDistribution(post_proc_func=<lambda>), idx_oob_fill_value=6388607, value_oob_fill_value=-1234123412341234, seed=138, check_correctness=True, num_runs=0)
================
[   140/   522, 27%] Running on TestParam(batch_size=121, vocab_size=1048576, topk=2132, sorted_value=False, sorted_index=True, return_value=False, dtype=torch.float32, out_idx_dtype=torch.int32, enable_end_position=False, enable_output_idx_offset=True, input_distrib=NormalFloatDistribution(post_proc_func=<lambda>), idx_oob_fill_value=-951424, value_oob_fill_value=-1234123412341234, seed=139, check_correctness=True, num_runs=0)
================
[   141/   522, 27%] Running on TestParam(batch_size=74, vocab_size=32768, topk=2048, sorted_value=False, sorted_index=False, return_value=False, dtype=torch.bfloat16, out_idx_dtype=torch.int32, enable_end_position=False, enable_output_idx_offset=False, input_distrib=NormalFloatDistribution(), idx_oob_fill_value=-1967232, value_oob_fill_value=-1234123412341234, seed=140, check_correctness=True, num_runs=0)
================
[   142/   522, 27%] Running on TestParam(batch_size=83, vocab_size=8388607, topk=512, sorted_value=True, sorted_index=False, return_value=True, dtype=torch.float32, out_idx_dtype=torch.int64, enable_end_position=False, enable_output_idx_offset=True, input_distrib=UintDistributionWithHotspotAndSpecifiedPivot(pivot=None, topk=512, hotspots=[(4286578689, 8)], allow_nan=True), idx_oob_fill_value=6388607, value_oob_fill_value=-1234123412341234, seed=141, check_correctness=True, num_runs=0)
================
[   143/   522, 27%] Running on TestParam(batch_size=4096, vocab_size=418673, topk=2333, sorted_value=False, sorted_index=True, return_value=False, dtype=torch.bfloat16, out_idx_dtype=torch.int32, enable_end_position=True, enable_output_idx_offset=False, input_distrib=UintDistributionWithHotspotAndSpecifiedPivot(pivot=None, topk=2333, hotspots=[(65409, 8)], allow_nan=True), idx_oob_fill_value=-1581327, value_oob_fill_value=-1234123412341234, seed=142, check_correctness=True, num_runs=0)
    SKIPPED: out of memory
================
[   144/   522, 27%] Running on TestParam(batch_size=121, vocab_size=225467, topk=4096, sorted_value=False, sorted_index=False, return_value=False, dtype=torch.float32, out_idx_dtype=torch.int32, enable_end_position=False, enable_output_idx_offset=True, input_distrib=UintDistributionWithHotspotAndSpecifiedPivot(pivot=None, topk=4096, hotspots=[(2139095041, 8)], allow_nan=True), idx_oob_fill_value=-1774533, value_oob_fill_value=-1234123412341234, seed=143, check_correctness=True, num_runs=0)
================
[   145/   522, 28%] Running on TestParam(batch_size=512, vocab_size=1, topk=2132, sorted_value=False, sorted_index=True, return_value=False, dtype=torch.float32, out_idx_dtype=torch.int32, enable_end_position=False, enable_output_idx_offset=False, input_distrib=UniformUIntDistribution(lower=0x00000000, upper=0x7f800000), idx_oob_fill_value=-1999999, value_oob_fill_value=-1234123412341234, seed=144, check_correctness=True, num_runs=0)
================
[   146/   522, 28%] Running on TestParam(batch_size=17, vocab_size=1602, topk=512, sorted_value=False, sorted_index=True, return_value=False, dtype=torch.bfloat16, out_idx_dtype=torch.int64, enable_end_position=False, enable_output_idx_offset=True, input_distrib=NormalFloatDistribution(post_proc_func=<lambda>), idx_oob_fill_value=-1998398, value_oob_fill_value=-1234123412341234, seed=145, check_correctness=True, num_runs=0)
================
[   147/   522, 28%] Running on TestParam(batch_size=121, vocab_size=123245, topk=1, sorted_value=False, sorted_index=False, return_value=True, dtype=torch.float32, out_idx_dtype=torch.int64, enable_end_position=True, enable_output_idx_offset=True, input_distrib=NormalFloatDistribution(post_proc_func=<lambda>), idx_oob_fill_value=-1876755, value_oob_fill_value=-1234123412341234, seed=146, check_correctness=True, num_runs=0)
================
[   148/   522, 28%] Running on TestParam(batch_size=121, vocab_size=32768, topk=1231, sorted_value=False, sorted_index=True, return_value=False, dtype=torch.bfloat16, out_idx_dtype=torch.int32, enable_end_position=True, enable_output_idx_offset=True, input_distrib=NormalFloatDistribution(post_proc_func=<lambda>), idx_oob_fill_value=-1967232, value_oob_fill_value=-1234123412341234, seed=147, check_correctness=True, num_runs=0)
================
[   149/   522, 28%] Running on TestParam(batch_size=24, vocab_size=123245, topk=512, sorted_value=False, sorted_index=False, return_value=True, dtype=torch.float32, out_idx_dtype=torch.int32, enable_end_position=False, enable_output_idx_offset=False, input_distrib=NormalFloatDistribution(post_proc_func=<lambda>), idx_oob_fill_value=-1876755, value_oob_fill_value=-1234123412341234, seed=148, check_correctness=True, num_runs=0)
================
[   150/   522, 29%] Running on TestParam(batch_size=121, vocab_size=998123, topk=1, sorted_value=False, sorted_index=True, return_value=True, dtype=torch.bfloat16, out_idx_dtype=torch.int64, enable_end_position=True, enable_output_idx_offset=True, input_distrib=UniformUIntDistribution(lower=0x00008000, upper=0x0000ff80), idx_oob_fill_value=-1001877, value_oob_fill_value=-1234123412341234, seed=149, check_correctness=True, num_runs=0)
================
[   151/   522, 29%] Running on TestParam(batch_size=121, vocab_size=225467, topk=1024, sorted_value=False, sorted_index=True, return_value=False, dtype=torch.float32, out_idx_dtype=torch.int32, enable_end_position=False, enable_output_idx_offset=True, input_distrib=UniformUIntDistribution(lower=0x00000000, upper=0x00000020), idx_oob_fill_value=-1774533, value_oob_fill_value=-1234123412341234, seed=150, check_correctness=True, num_runs=0)
================
[   152/   522, 29%] Running on TestParam(batch_size=91, vocab_size=262144, topk=4096, sorted_value=False, sorted_index=True, return_value=False, dtype=torch.float32, out_idx_dtype=torch.int64, enable_end_position=False, enable_output_idx_offset=True, input_distrib=UniformUIntDistribution(lower=0x00000000, upper=0x00000001), idx_oob_fill_value=-1737856, value_oob_fill_value=-1234123412341234, seed=151, check_correctness=True, num_runs=0)
================
[   153/   522, 29%] Running on TestParam(batch_size=121, vocab_size=40, topk=1024, sorted_value=False, sorted_index=False, return_value=True, dtype=torch.bfloat16, out_idx_dtype=torch.int64, enable_end_position=False, enable_output_idx_offset=True, input_distrib=UniformUIntDistribution(lower=0x00000000, upper=0x00000020), idx_oob_fill_value=-1999960, value_oob_fill_value=-1234123412341234, seed=152, check_correctness=True, num_runs=0)
================
[   154/   522, 29%] Running on TestParam(batch_size=4096, vocab_size=225467, topk=2048, sorted_value=False, sorted_index=False, return_value=True, dtype=torch.bfloat16, out_idx_dtype=torch.int32, enable_end_position=False, enable_output_idx_offset=False, input_distrib=UniformUIntDistribution(lower=0x00000000, upper=0x00000020), idx_oob_fill_value=-1774533, value_oob_fill_value=-1234123412341234, seed=153, check_correctness=True, num_runs=0)
================
[   155/   522, 30%] Running on TestParam(batch_size=512, vocab_size=225467, topk=512, sorted_value=False, sorted_index=True, return_value=True, dtype=torch.bfloat16, out_idx_dtype=torch.int32, enable_end_position=False, enable_output_idx_offset=False, input_distrib=UniformUIntDistribution(lower=0x00000000, upper=0x00000001), idx_oob_fill_value=-1774533, value_oob_fill_value=-1234123412341234, seed=154, check_correctness=True, num_runs=0)
================
[   156/   522, 30%] Running on TestParam(batch_size=512, vocab_size=32768, topk=1, sorted_value=False, sorted_index=False, return_value=True, dtype=torch.float32, out_idx_dtype=torch.int32, enable_end_position=True, enable_output_idx_offset=False, input_distrib=NormalFloatDistribution(post_proc_func=<lambda>), idx_oob_fill_value=-1967232, value_oob_fill_value=-1234123412341234, seed=155, check_correctness=True, num_runs=0)
================
[   157/   522, 30%] Running on TestParam(batch_size=121, vocab_size=1, topk=4096, sorted_value=False, sorted_index=False, return_value=True, dtype=torch.float32, out_idx_dtype=torch.int64, enable_end_position=False, enable_output_idx_offset=True, input_distrib=UintDistributionWithHotspotAndSpecifiedPivot(pivot=None, topk=4096, hotspots=[(4286578689, 1)], allow_nan=True), idx_oob_fill_value=-1999999, value_oob_fill_value=-1234123412341234, seed=156, check_correctness=True, num_runs=0)
================
[   158/   522, 30%] Running on TestParam(batch_size=121, vocab_size=1602, topk=4096, sorted_value=False, sorted_index=False, return_value=True, dtype=torch.float32, out_idx_dtype=torch.int32, enable_end_position=False, enable_output_idx_offset=True, input_distrib=NormalFloatDistribution(post_proc_func=<lambda>), idx_oob_fill_value=-1998398, value_oob_fill_value=-1234123412341234, seed=157, check_correctness=True, num_runs=0)
================
[   159/   522, 30%] Running on TestParam(batch_size=70, vocab_size=1602, topk=321, sorted_value=False, sorted_index=True, return_value=True, dtype=torch.bfloat16, out_idx_dtype=torch.int32, enable_end_position=True, enable_output_idx_offset=False, input_distrib=UniformUIntDistribution(lower=0x00008000, upper=0x0000ff80), idx_oob_fill_value=-1998398, value_oob_fill_value=-1234123412341234, seed=158, check_correctness=True, num_runs=0)
================
[   160/   522, 30%] Running on TestParam(batch_size=4096, vocab_size=998123, topk=2333, sorted_value=True, sorted_index=False, return_value=True, dtype=torch.float32, out_idx_dtype=torch.int32, enable_end_position=True, enable_output_idx_offset=False, input_distrib=UintDistributionWithHotspotAndSpecifiedPivot(pivot=None, topk=2333, hotspots=[(2139095041, 8)], allow_nan=True), idx_oob_fill_value=-1001877, value_oob_fill_value=-1234123412341234, seed=159, check_correctness=True, num_runs=0)
    SKIPPED: out of memory
================
[   161/   522, 31%] Running on TestParam(batch_size=4096, vocab_size=123245, topk=1024, sorted_value=False, sorted_index=True, return_value=True, dtype=torch.float32, out_idx_dtype=torch.int64, enable_end_position=False, enable_output_idx_offset=False, input_distrib=NormalFloatDistribution(post_proc_func=<lambda>), idx_oob_fill_value=-1876755, value_oob_fill_value=-1234123412341234, seed=160, check_correctness=True, num_runs=0)
================
[   162/   522, 31%] Running on TestParam(batch_size=20, vocab_size=998123, topk=1, sorted_value=False, sorted_index=False, return_value=False, dtype=torch.float32, out_idx_dtype=torch.int32, enable_end_position=True, enable_output_idx_offset=False, input_distrib=UniformUIntDistribution(lower=0x00000000, upper=0x00001000), idx_oob_fill_value=-1001877, value_oob_fill_value=-1234123412341234, seed=161, check_correctness=True, num_runs=0)
================
[   163/   522, 31%] Running on TestParam(batch_size=512, vocab_size=8388607, topk=512, sorted_value=True, sorted_index=False, return_value=True, dtype=torch.float32, out_idx_dtype=torch.int32, enable_end_position=False, enable_output_idx_offset=False, input_distrib=NormalFloatDistribution(post_proc_func=<lambda>), idx_oob_fill_value=6388607, value_oob_fill_value=-1234123412341234, seed=162, check_correctness=True, num_runs=0)
    SKIPPED: out of memory
================
[   164/   522, 31%] Running on TestParam(batch_size=121, vocab_size=262144, topk=2048, sorted_value=True, sorted_index=False, return_value=True, dtype=torch.float32, out_idx_dtype=torch.int64, enable_end_position=False, enable_output_idx_offset=True, input_distrib=NormalFloatDistribution(post_proc_func=<lambda>), idx_oob_fill_value=-1737856, value_oob_fill_value=-1234123412341234, seed=163, check_correctness=True, num_runs=0)
================
[   165/   522, 31%] Running on TestParam(batch_size=34, vocab_size=32768, topk=1231, sorted_value=False, sorted_index=False, return_value=False, dtype=torch.float32, out_idx_dtype=torch.int64, enable_end_position=True, enable_output_idx_offset=False, input_distrib=UintDistributionWithHotspotAndSpecifiedPivot(pivot=None, topk=1231, hotspots=[(4286578689, 8)], allow_nan=True), idx_oob_fill_value=-1967232, value_oob_fill_value=-1234123412341234, seed=164, check_correctness=True, num_runs=0)
================
[   166/   522, 32%] Running on TestParam(batch_size=20, vocab_size=32768, topk=1, sorted_value=True, sorted_index=False, return_value=True, dtype=torch.float32, out_idx_dtype=torch.int64, enable_end_position=True, enable_output_idx_offset=False, input_distrib=UniformUIntDistribution(lower=0x00000000, upper=0x00000001), idx_oob_fill_value=-1967232, value_oob_fill_value=-1234123412341234, seed=165, check_correctness=True, num_runs=0)
================
[   167/   522, 32%] Running on TestParam(batch_size=512, vocab_size=1602, topk=2132, sorted_value=True, sorted_index=False, return_value=True, dtype=torch.float32, out_idx_dtype=torch.int32, enable_end_position=False, enable_output_idx_offset=False, input_distrib=UniformUIntDistribution(lower=0x00000000, upper=0x7f800000), idx_oob_fill_value=-1998398, value_oob_fill_value=-1234123412341234, seed=166, check_correctness=True, num_runs=0)
================
[   168/   522, 32%] Running on TestParam(batch_size=512, vocab_size=8388607, topk=2048, sorted_value=False, sorted_index=True, return_value=True, dtype=torch.bfloat16, out_idx_dtype=torch.int64, enable_end_position=False, enable_output_idx_offset=False, input_distrib=UintDistributionWithHotspotAndSpecifiedPivot(pivot=None, topk=2048, hotspots=[(65409, 8)], allow_nan=True), idx_oob_fill_value=6388607, value_oob_fill_value=-1234123412341234, seed=167, check_correctness=True, num_runs=0)
    SKIPPED: out of memory
================
[   169/   522, 32%] Running on TestParam(batch_size=4096, vocab_size=32, topk=1, sorted_value=False, sorted_index=False, return_value=False, dtype=torch.float32, out_idx_dtype=torch.int64, enable_end_position=True, enable_output_idx_offset=False, input_distrib=UintDistributionWithHotspotAndSpecifiedPivot(pivot=None, topk=1, hotspots=[(2139095041, 8)], allow_nan=True), idx_oob_fill_value=-1999968, value_oob_fill_value=-1234123412341234, seed=168, check_correctness=True, num_runs=0)
================
[   170/   522, 32%] Running on TestParam(batch_size=121, vocab_size=1048576, topk=4096, sorted_value=False, sorted_index=False, return_value=True, dtype=torch.float32, out_idx_dtype=torch.int64, enable_end_position=False, enable_output_idx_offset=True, input_distrib=NormalFloatDistribution(post_proc_func=<lambda>), idx_oob_fill_value=-951424, value_oob_fill_value=-1234123412341234, seed=169, check_correctness=True, num_runs=0)
================
[   171/   522, 33%] Running on TestParam(batch_size=72, vocab_size=123245, topk=135, sorted_value=False, sorted_index=False, return_value=True, dtype=torch.float32, out_idx_dtype=torch.int64, enable_end_position=True, enable_output_idx_offset=False, input_distrib=UniformUIntDistribution(lower=0x00000000, upper=0x00001000), idx_oob_fill_value=-1876755, value_oob_fill_value=-1234123412341234, seed=170, check_correctness=True, num_runs=0)
================
[   172/   522, 33%] Running on TestParam(batch_size=512, vocab_size=998123, topk=2048, sorted_value=False, sorted_index=False, return_value=False, dtype=torch.float32, out_idx_dtype=torch.int32, enable_end_position=False, enable_output_idx_offset=False, input_distrib=UniformUIntDistribution(lower=0x00000000, upper=0x00000001), idx_oob_fill_value=-1001877, value_oob_fill_value=-1234123412341234, seed=171, check_correctness=True, num_runs=0)
================
[   173/   522, 33%] Running on TestParam(batch_size=37, vocab_size=1048576, topk=94, sorted_value=False, sorted_index=False, return_value=False, dtype=torch.bfloat16, out_idx_dtype=torch.int64, enable_end_position=False, enable_output_idx_offset=True, input_distrib=NormalFloatDistribution(post_proc_func=<lambda>), idx_oob_fill_value=-951424, value_oob_fill_value=-1234123412341234, seed=172, check_correctness=True, num_runs=0)
================
[   174/   522, 33%] Running on TestParam(batch_size=4096, vocab_size=1602, topk=2132, sorted_value=False, sorted_index=True, return_value=True, dtype=torch.float32, out_idx_dtype=torch.int32, enable_end_position=False, enable_output_idx_offset=False, input_distrib=NormalFloatDistribution(post_proc_func=<lambda>), idx_oob_fill_value=-1998398, value_oob_fill_value=-1234123412341234, seed=173, check_correctness=True, num_runs=0)
================
[   175/   522, 33%] Running on TestParam(batch_size=4, vocab_size=262144, topk=2048, sorted_value=False, sorted_index=True, return_value=True, dtype=torch.bfloat16, out_idx_dtype=torch.int32, enable_end_position=False, enable_output_idx_offset=False, input_distrib=NormalFloatDistribution(post_proc_func=<lambda>), idx_oob_fill_value=-1737856, value_oob_fill_value=-1234123412341234, seed=174, check_correctness=True, num_runs=0)
================
[   176/   522, 34%] Running on TestParam(batch_size=512, vocab_size=682965, topk=2132, sorted_value=False, sorted_index=False, return_value=True, dtype=torch.bfloat16, out_idx_dtype=torch.int64, enable_end_position=False, enable_output_idx_offset=False, input_distrib=NormalFloatDistribution(post_proc_func=<lambda>), idx_oob_fill_value=-1317035, value_oob_fill_value=-1234123412341234, seed=175, check_correctness=True, num_runs=0)
================
[   177/   522, 34%] Running on TestParam(batch_size=8, vocab_size=1602, topk=2048, sorted_value=False, sorted_index=False, return_value=True, dtype=torch.bfloat16, out_idx_dtype=torch.int64, enable_end_position=False, enable_output_idx_offset=False, input_distrib=NormalFloatDistribution(post_proc_func=<lambda>), idx_oob_fill_value=-1998398, value_oob_fill_value=-1234123412341234, seed=176, check_correctness=True, num_runs=0)
================
[   178/   522, 34%] Running on TestParam(batch_size=512, vocab_size=1, topk=1024, sorted_value=True, sorted_index=False, return_value=True, dtype=torch.float32, out_idx_dtype=torch.int32, enable_end_position=False, enable_output_idx_offset=False, input_distrib=UintDistributionWithHotspotAndSpecifiedPivot(pivot=None, topk=1024, hotspots=[(4286578689, 1)], allow_nan=True), idx_oob_fill_value=-1999999, value_oob_fill_value=-1234123412341234, seed=177, check_correctness=True, num_runs=0)
================
[   179/   522, 34%] Running on TestParam(batch_size=121, vocab_size=32768, topk=1231, sorted_value=True, sorted_index=False, return_value=True, dtype=torch.float32, out_idx_dtype=torch.int32, enable_end_position=True, enable_output_idx_offset=True, input_distrib=UintDistributionWithHotspotAndSpecifiedPivot(pivot=None, topk=1231, hotspots=[(2139095041, 8)], allow_nan=True), idx_oob_fill_value=-1967232, value_oob_fill_value=-1234123412341234, seed=178, check_correctness=True, num_runs=0)
================
[   180/   522, 34%] Running on TestParam(batch_size=4096, vocab_size=418673, topk=446, sorted_value=False, sorted_index=True, return_value=False, dtype=torch.float32, out_idx_dtype=torch.int64, enable_end_position=False, enable_output_idx_offset=False, input_distrib=NormalFloatDistribution(post_proc_func=<lambda>), idx_oob_fill_value=-1581327, value_oob_fill_value=-1234123412341234, seed=179, check_correctness=True, num_runs=0)
================
[   181/   522, 34%] Running on TestParam(batch_size=121, vocab_size=225467, topk=1024, sorted_value=False, sorted_index=False, return_value=False, dtype=torch.bfloat16, out_idx_dtype=torch.int32, enable_end_position=False, enable_output_idx_offset=True, input_distrib=UniformUIntDistribution(lower=0x00000000, upper=0x00001000), idx_oob_fill_value=-1774533, value_oob_fill_value=-1234123412341234, seed=180, check_correctness=True, num_runs=0)
================
[   182/   522, 35%] Running on TestParam(batch_size=8, vocab_size=418673, topk=512, sorted_value=False, sorted_index=False, return_value=True, dtype=torch.bfloat16, out_idx_dtype=torch.int64, enable_end_position=False, enable_output_idx_offset=False, input_distrib=NormalFloatDistribution(post_proc_func=<lambda>), idx_oob_fill_value=-1581327, value_oob_fill_value=-1234123412341234, seed=181, check_correctness=True, num_runs=0)
================
[   183/   522, 35%] Running on TestParam(batch_size=512, vocab_size=1, topk=2048, sorted_value=False, sorted_index=True, return_value=True, dtype=torch.float32, out_idx_dtype=torch.int32, enable_end_position=False, enable_output_idx_offset=False, input_distrib=NormalFloatDistribution(), idx_oob_fill_value=-1999999, value_oob_fill_value=-1234123412341234, seed=182, check_correctness=True, num_runs=0)
================
[   184/   522, 35%] Running on TestParam(batch_size=4096, vocab_size=225467, topk=1, sorted_value=False, sorted_index=False, return_value=False, dtype=torch.float32, out_idx_dtype=torch.int64, enable_end_position=True, enable_output_idx_offset=False, input_distrib=NormalFloatDistribution(post_proc_func=<lambda>), idx_oob_fill_value=-1774533, value_oob_fill_value=-1234123412341234, seed=183, check_correctness=True, num_runs=0)
================
[   185/   522, 35%] Running on TestParam(batch_size=67, vocab_size=262144, topk=1231, sorted_value=False, sorted_index=True, return_value=False, dtype=torch.bfloat16, out_idx_dtype=torch.int64, enable_end_position=True, enable_output_idx_offset=True, input_distrib=UintDistributionWithHotspotAndSpecifiedPivot(pivot=None, topk=1231, hotspots=[(32641, 8)], allow_nan=True), idx_oob_fill_value=-1737856, value_oob_fill_value=-1234123412341234, seed=184, check_correctness=True, num_runs=0)
================
[   186/   522, 35%] Running on TestParam(batch_size=14, vocab_size=262144, topk=2048, sorted_value=False, sorted_index=False, return_value=True, dtype=torch.float32, out_idx_dtype=torch.int64, enable_end_position=False, enable_output_idx_offset=False, input_distrib=UniformUIntDistribution(lower=0x00000000, upper=0x00000001), idx_oob_fill_value=-1737856, value_oob_fill_value=-1234123412341234, seed=185, check_correctness=True, num_runs=0)
================
[   187/   522, 36%] Running on TestParam(batch_size=512, vocab_size=31, topk=2048, sorted_value=False, sorted_index=True, return_value=True, dtype=torch.float32, out_idx_dtype=torch.int32, enable_end_position=False, enable_output_idx_offset=False, input_distrib=NormalFloatDistribution(post_proc_func=<lambda>), idx_oob_fill_value=-1999969, value_oob_fill_value=-1234123412341234, seed=186, check_correctness=True, num_runs=0)
================
[   188/   522, 36%] Running on TestParam(batch_size=4096, vocab_size=32768, topk=512, sorted_value=False, sorted_index=True, return_value=False, dtype=torch.bfloat16, out_idx_dtype=torch.int32, enable_end_position=False, enable_output_idx_offset=False, input_distrib=NormalFloatDistribution(), idx_oob_fill_value=-1967232, value_oob_fill_value=-1234123412341234, seed=187, check_correctness=True, num_runs=0)
================
[   189/   522, 36%] Running on TestParam(batch_size=20, vocab_size=225467, topk=2132, sorted_value=False, sorted_index=False, return_value=False, dtype=torch.float32, out_idx_dtype=torch.int32, enable_end_position=False, enable_output_idx_offset=False, input_distrib=NormalFloatDistribution(post_proc_func=<lambda>), idx_oob_fill_value=-1774533, value_oob_fill_value=-1234123412341234, seed=188, check_correctness=True, num_runs=0)
================
[   190/   522, 36%] Running on TestParam(batch_size=73, vocab_size=8388607, topk=1231, sorted_value=False, sorted_index=True, return_value=True, dtype=torch.float32, out_idx_dtype=torch.int64, enable_end_position=True, enable_output_idx_offset=True, input_distrib=UniformUIntDistribution(lower=0x80000000, upper=0xff800000), idx_oob_fill_value=6388607, value_oob_fill_value=-1234123412341234, seed=189, check_correctness=True, num_runs=0)
================
[   191/   522, 36%] Running on TestParam(batch_size=95, vocab_size=8388607, topk=1024, sorted_value=True, sorted_index=False, return_value=True, dtype=torch.float32, out_idx_dtype=torch.int32, enable_end_position=False, enable_output_idx_offset=True, input_distrib=UniformUIntDistribution(lower=0x00000000, upper=0x00000020), idx_oob_fill_value=6388607, value_oob_fill_value=-1234123412341234, seed=190, check_correctness=True, num_runs=0)
================
[   192/   522, 37%] Running on TestParam(batch_size=512, vocab_size=32768, topk=2333, sorted_value=False, sorted_index=False, return_value=True, dtype=torch.float32, out_idx_dtype=torch.int64, enable_end_position=True, enable_output_idx_offset=False, input_distrib=UintDistributionWithHotspotAndSpecifiedPivot(pivot=None, topk=2333, hotspots=[(2139095041, 8)], allow_nan=True), idx_oob_fill_value=-1967232, value_oob_fill_value=-1234123412341234, seed=191, check_correctness=True, num_runs=0)
================
[   193/   522, 37%] Running on TestParam(batch_size=4096, vocab_size=1048576, topk=1231, sorted_value=False, sorted_index=False, return_value=True, dtype=torch.bfloat16, out_idx_dtype=torch.int32, enable_end_position=True, enable_output_idx_offset=False, input_distrib=NormalFloatDistribution(post_proc_func=<lambda>), idx_oob_fill_value=-951424, value_oob_fill_value=-1234123412341234, seed=192, check_correctness=True, num_runs=0)
================
[   194/   522, 37%] Running on TestParam(batch_size=83, vocab_size=1048576, topk=1, sorted_value=True, sorted_index=False, return_value=True, dtype=torch.float32, out_idx_dtype=torch.int64, enable_end_position=True, enable_output_idx_offset=True, input_distrib=UniformUIntDistribution(lower=0x00000000, upper=0x00000020), idx_oob_fill_value=-951424, value_oob_fill_value=-1234123412341234, seed=193, check_correctness=True, num_runs=0)
================
[   195/   522, 37%] Running on TestParam(batch_size=4, vocab_size=418673, topk=2048, sorted_value=False, sorted_index=False, return_value=True, dtype=torch.bfloat16, out_idx_dtype=torch.int32, enable_end_position=False, enable_output_idx_offset=False, input_distrib=UniformUIntDistribution(lower=0x00000000, upper=0x00000001), idx_oob_fill_value=-1581327, value_oob_fill_value=-1234123412341234, seed=194, check_correctness=True, num_runs=0)
================
[   196/   522, 37%] Running on TestParam(batch_size=95, vocab_size=262144, topk=2048, sorted_value=True, sorted_index=False, return_value=True, dtype=torch.float32, out_idx_dtype=torch.int32, enable_end_position=False, enable_output_idx_offset=True, input_distrib=UniformUIntDistribution(lower=0x00000000, upper=0x00000020), idx_oob_fill_value=-1737856, value_oob_fill_value=-1234123412341234, seed=195, check_correctness=True, num_runs=0)
================
[   197/   522, 38%] Running on TestParam(batch_size=512, vocab_size=1048576, topk=2048, sorted_value=True, sorted_index=False, return_value=True, dtype=torch.float32, out_idx_dtype=torch.int64, enable_end_position=False, enable_output_idx_offset=False, input_distrib=UintDistributionWithHotspotAndSpecifiedPivot(pivot=None, topk=2048, hotspots=[(2139095041, 8)], allow_nan=True), idx_oob_fill_value=-951424, value_oob_fill_value=-1234123412341234, seed=196, check_correctness=True, num_runs=0)
================
[   198/   522, 38%] Running on TestParam(batch_size=4096, vocab_size=998123, topk=512, sorted_value=True, sorted_index=False, return_value=True, dtype=torch.float32, out_idx_dtype=torch.int64, enable_end_position=False, enable_output_idx_offset=False, input_distrib=UniformUIntDistribution(lower=0x00000000, upper=0x00000001), idx_oob_fill_value=-1001877, value_oob_fill_value=-1234123412341234, seed=197, check_correctness=True, num_runs=0)
================
[   199/   522, 38%] Running on TestParam(batch_size=20, vocab_size=418673, topk=2333, sorted_value=True, sorted_index=False, return_value=True, dtype=torch.float32, out_idx_dtype=torch.int64, enable_end_position=True, enable_output_idx_offset=False, input_distrib=NormalFloatDistribution(post_proc_func=<lambda>), idx_oob_fill_value=-1581327, value_oob_fill_value=-1234123412341234, seed=198, check_correctness=True, num_runs=0)
================
[   200/   522, 38%] Running on TestParam(batch_size=121, vocab_size=998123, topk=1231, sorted_value=False, sorted_index=True, return_value=False, dtype=torch.bfloat16, out_idx_dtype=torch.int64, enable_end_position=True, enable_output_idx_offset=True, input_distrib=UniformUIntDistribution(lower=0x00000000, upper=0x00000001), idx_oob_fill_value=-1001877, value_oob_fill_value=-1234123412341234, seed=199, check_correctness=True, num_runs=0)
================
[   201/   522, 38%] Running on TestParam(batch_size=15, vocab_size=418673, topk=4096, sorted_value=False, sorted_index=True, return_value=True, dtype=torch.float32, out_idx_dtype=torch.int64, enable_end_position=False, enable_output_idx_offset=True, input_distrib=UniformUIntDistribution(lower=0x00000000, upper=0x00000020), idx_oob_fill_value=-1581327, value_oob_fill_value=-1234123412341234, seed=200, check_correctness=True, num_runs=0)
================
[   202/   522, 39%] Running on TestParam(batch_size=70, vocab_size=998123, topk=1231, sorted_value=False, sorted_index=True, return_value=True, dtype=torch.bfloat16, out_idx_dtype=torch.int32, enable_end_position=True, enable_output_idx_offset=False, input_distrib=UniformUIntDistribution(lower=0x00008000, upper=0x0000ff80), idx_oob_fill_value=-1001877, value_oob_fill_value=-1234123412341234, seed=201, check_correctness=True, num_runs=0)
================
[   203/   522, 39%] Running on TestParam(batch_size=24, vocab_size=262144, topk=1, sorted_value=False, sorted_index=False, return_value=True, dtype=torch.float32, out_idx_dtype=torch.int32, enable_end_position=True, enable_output_idx_offset=False, input_distrib=NormalFloatDistribution(post_proc_func=<lambda>), idx_oob_fill_value=-1737856, value_oob_fill_value=-1234123412341234, seed=202, check_correctness=True, num_runs=0)
================
[   204/   522, 39%] Running on TestParam(batch_size=121, vocab_size=262144, topk=2333, sorted_value=False, sorted_index=False, return_value=True, dtype=torch.bfloat16, out_idx_dtype=torch.int64, enable_end_position=True, enable_output_idx_offset=True, input_distrib=NormalFloatDistribution(post_proc_func=<lambda>), idx_oob_fill_value=-1737856, value_oob_fill_value=-1234123412341234, seed=203, check_correctness=True, num_runs=0)
================
[   205/   522, 39%] Running on TestParam(batch_size=4096, vocab_size=225467, topk=2333, sorted_value=False, sorted_index=True, return_value=False, dtype=torch.float32, out_idx_dtype=torch.int64, enable_end_position=True, enable_output_idx_offset=False, input_distrib=NormalFloatDistribution(post_proc_func=<lambda>), idx_oob_fill_value=-1774533, value_oob_fill_value=-1234123412341234, seed=204, check_correctness=True, num_runs=0)
================
[   206/   522, 39%] Running on TestParam(batch_size=4096, vocab_size=196, topk=145, sorted_value=False, sorted_index=False, return_value=False, dtype=torch.float32, out_idx_dtype=torch.int32, enable_end_position=True, enable_output_idx_offset=False, input_distrib=NormalFloatDistribution(post_proc_func=<lambda>), idx_oob_fill_value=-1999804, value_oob_fill_value=-1234123412341234, seed=205, check_correctness=True, num_runs=0)
================
[   207/   522, 39%] Running on TestParam(batch_size=121, vocab_size=8388607, topk=2132, sorted_value=False, sorted_index=False, return_value=False, dtype=torch.bfloat16, out_idx_dtype=torch.int64, enable_end_position=False, enable_output_idx_offset=True, input_distrib=NormalFloatDistribution(post_proc_func=<lambda>), idx_oob_fill_value=6388607, value_oob_fill_value=-1234123412341234, seed=206, check_correctness=True, num_runs=0)
================
[   208/   522, 40%] Running on TestParam(batch_size=8, vocab_size=1048576, topk=1231, sorted_value=False, sorted_index=False, return_value=True, dtype=torch.bfloat16, out_idx_dtype=torch.int64, enable_end_position=True, enable_output_idx_offset=False, input_distrib=UniformUIntDistribution(lower=0x00008000, upper=0x0000ff80), idx_oob_fill_value=-951424, value_oob_fill_value=-1234123412341234, seed=207, check_correctness=True, num_runs=0)
================
[   209/   522, 40%] Running on TestParam(batch_size=512, vocab_size=1048576, topk=4096, sorted_value=False, sorted_index=True, return_value=True, dtype=torch.float32, out_idx_dtype=torch.int64, enable_end_position=False, enable_output_idx_offset=False, input_distrib=UniformUIntDistribution(lower=0x00000000, upper=0x00001000), idx_oob_fill_value=-951424, value_oob_fill_value=-1234123412341234, seed=208, check_correctness=True, num_runs=0)
================
[   210/   522, 40%] Running on TestParam(batch_size=70, vocab_size=418673, topk=512, sorted_value=False, sorted_index=True, return_value=True, dtype=torch.bfloat16, out_idx_dtype=torch.int32, enable_end_position=False, enable_output_idx_offset=False, input_distrib=UniformUIntDistribution(lower=0x00000000, upper=0x00000001), idx_oob_fill_value=-1581327, value_oob_fill_value=-1234123412341234, seed=209, check_correctness=True, num_runs=0)
================
[   211/   522, 40%] Running on TestParam(batch_size=13, vocab_size=418673, topk=1, sorted_value=False, sorted_index=False, return_value=False, dtype=torch.bfloat16, out_idx_dtype=torch.int64, enable_end_position=True, enable_output_idx_offset=True, input_distrib=UniformUIntDistribution(lower=0x00000000, upper=0x00000020), idx_oob_fill_value=-1581327, value_oob_fill_value=-1234123412341234, seed=210, check_correctness=True, num_runs=0)
================
[   212/   522, 40%] Running on TestParam(batch_size=4096, vocab_size=262144, topk=1231, sorted_value=True, sorted_index=False, return_value=True, dtype=torch.float32, out_idx_dtype=torch.int64, enable_end_position=True, enable_output_idx_offset=False, input_distrib=UniformUIntDistribution(lower=0x00000000, upper=0x00000001), idx_oob_fill_value=-1737856, value_oob_fill_value=-1234123412341234, seed=211, check_correctness=True, num_runs=0)
================
[   213/   522, 41%] Running on TestParam(batch_size=4, vocab_size=123245, topk=1231, sorted_value=False, sorted_index=True, return_value=True, dtype=torch.bfloat16, out_idx_dtype=torch.int32, enable_end_position=True, enable_output_idx_offset=False, input_distrib=UniformUIntDistribution(lower=0x00000000, upper=0x00000001), idx_oob_fill_value=-1876755, value_oob_fill_value=-1234123412341234, seed=212, check_correctness=True, num_runs=0)
================
[   214/   522, 41%] Running on TestParam(batch_size=6, vocab_size=32768, topk=34, sorted_value=False, sorted_index=False, return_value=True, dtype=torch.float32, out_idx_dtype=torch.int32, enable_end_position=False, enable_output_idx_offset=False, input_distrib=UniformUIntDistribution(lower=0x00000000, upper=0x7f800000), idx_oob_fill_value=-1967232, value_oob_fill_value=-1234123412341234, seed=213, check_correctness=True, num_runs=0)
================
[   215/   522, 41%] Running on TestParam(batch_size=512, vocab_size=682965, topk=4096, sorted_value=False, sorted_index=False, return_value=True, dtype=torch.float32, out_idx_dtype=torch.int32, enable_end_position=False, enable_output_idx_offset=False, input_distrib=NormalFloatDistribution(post_proc_func=<lambda>), idx_oob_fill_value=-1317035, value_oob_fill_value=-1234123412341234, seed=214, check_correctness=True, num_runs=0)
================
[   216/   522, 41%] Running on TestParam(batch_size=512, vocab_size=1, topk=2333, sorted_value=False, sorted_index=False, return_value=True, dtype=torch.float32, out_idx_dtype=torch.int32, enable_end_position=True, enable_output_idx_offset=False, input_distrib=NormalFloatDistribution(post_proc_func=<lambda>), idx_oob_fill_value=-1999999, value_oob_fill_value=-1234123412341234, seed=215, check_correctness=True, num_runs=0)
================
[   217/   522, 41%] Running on TestParam(batch_size=4096, vocab_size=1, topk=65, sorted_value=True, sorted_index=False, return_value=True, dtype=torch.float32, out_idx_dtype=torch.int32, enable_end_position=True, enable_output_idx_offset=False, input_distrib=UniformUIntDistribution(lower=0x80000000, upper=0xff800000), idx_oob_fill_value=-1999999, value_oob_fill_value=-1234123412341234, seed=216, check_correctness=True, num_runs=0)
================
[   218/   522, 42%] Running on TestParam(batch_size=6, vocab_size=262144, topk=2333, sorted_value=False, sorted_index=True, return_value=True, dtype=torch.float32, out_idx_dtype=torch.int32, enable_end_position=True, enable_output_idx_offset=False, input_distrib=NormalFloatDistribution(post_proc_func=<lambda>), idx_oob_fill_value=-1737856, value_oob_fill_value=-1234123412341234, seed=217, check_correctness=True, num_runs=0)
================
[   219/   522, 42%] Running on TestParam(batch_size=80, vocab_size=8388607, topk=2048, sorted_value=False, sorted_index=False, return_value=True, dtype=torch.bfloat16, out_idx_dtype=torch.int32, enable_end_position=False, enable_output_idx_offset=False, input_distrib=NormalFloatDistribution(post_proc_func=<lambda>), idx_oob_fill_value=6388607, value_oob_fill_value=-1234123412341234, seed=218, check_correctness=True, num_runs=0)
================
[   220/   522, 42%] Running on TestParam(batch_size=512, vocab_size=16, topk=85, sorted_value=False, sorted_index=False, return_value=True, dtype=torch.float32, out_idx_dtype=torch.int64, enable_end_position=True, enable_output_idx_offset=False, input_distrib=NormalFloatDistribution(post_proc_func=<lambda>), idx_oob_fill_value=-1999984, value_oob_fill_value=-1234123412341234, seed=219, check_correctness=True, num_runs=0)
================
[   221/   522, 42%] Running on TestParam(batch_size=121, vocab_size=32768, topk=4096, sorted_value=False, sorted_index=True, return_value=False, dtype=torch.bfloat16, out_idx_dtype=torch.int32, enable_end_position=False, enable_output_idx_offset=True, input_distrib=UniformUIntDistribution(lower=0x00000000, upper=0x00000001), idx_oob_fill_value=-1967232, value_oob_fill_value=-1234123412341234, seed=220, check_correctness=True, num_runs=0)
================
[   222/   522, 42%] Running on TestParam(batch_size=6, vocab_size=8388607, topk=2333, sorted_value=False, sorted_index=True, return_value=True, dtype=torch.float32, out_idx_dtype=torch.int32, enable_end_position=True, enable_output_idx_offset=False, input_distrib=UintDistributionWithHotspotAndSpecifiedPivot(pivot=None, topk=2333, hotspots=[(4286578689, 8)], allow_nan=True), idx_oob_fill_value=6388607, value_oob_fill_value=-1234123412341234, seed=221, check_correctness=True, num_runs=0)
================
[   223/   522, 43%] Running on TestParam(batch_size=121, vocab_size=998123, topk=1231, sorted_value=False, sorted_index=False, return_value=False, dtype=torch.bfloat16, out_idx_dtype=torch.int64, enable_end_position=True, enable_output_idx_offset=True, input_distrib=NormalFloatDistribution(post_proc_func=<lambda>), idx_oob_fill_value=-1001877, value_oob_fill_value=-1234123412341234, seed=222, check_correctness=True, num_runs=0)
================
[   224/   522, 43%] Running on TestParam(batch_size=512, vocab_size=6, topk=2333, sorted_value=False, sorted_index=True, return_value=True, dtype=torch.bfloat16, out_idx_dtype=torch.int32, enable_end_position=True, enable_output_idx_offset=False, input_distrib=NormalFloatDistribution(post_proc_func=<lambda>), idx_oob_fill_value=-1999994, value_oob_fill_value=-1234123412341234, seed=223, check_correctness=True, num_runs=0)
================
[   225/   522, 43%] Running on TestParam(batch_size=121, vocab_size=1048576, topk=2333, sorted_value=False, sorted_index=True, return_value=False, dtype=torch.bfloat16, out_idx_dtype=torch.int32, enable_end_position=True, enable_output_idx_offset=True, input_distrib=NormalFloatDistribution(), idx_oob_fill_value=-951424, value_oob_fill_value=-1234123412341234, seed=224, check_correctness=True, num_runs=0)
================
[   226/   522, 43%] Running on TestParam(batch_size=73, vocab_size=1048576, topk=2048, sorted_value=False, sorted_index=True, return_value=True, dtype=torch.float32, out_idx_dtype=torch.int64, enable_end_position=False, enable_output_idx_offset=True, input_distrib=NormalFloatDistribution(post_proc_func=<lambda>), idx_oob_fill_value=-951424, value_oob_fill_value=-1234123412341234, seed=225, check_correctness=True, num_runs=0)
================
[   227/   522, 43%] Running on TestParam(batch_size=47, vocab_size=32768, topk=2048, sorted_value=False, sorted_index=False, return_value=False, dtype=torch.float32, out_idx_dtype=torch.int32, enable_end_position=False, enable_output_idx_offset=True, input_distrib=UniformUIntDistribution(lower=0x00000000, upper=0x00000020), idx_oob_fill_value=-1967232, value_oob_fill_value=-1234123412341234, seed=226, check_correctness=True, num_runs=0)
================
[   228/   522, 43%] Running on TestParam(batch_size=512, vocab_size=418673, topk=279, sorted_value=False, sorted_index=False, return_value=True, dtype=torch.float32, out_idx_dtype=torch.int32, enable_end_position=True, enable_output_idx_offset=False, input_distrib=NormalFloatDistribution(post_proc_func=<lambda>), idx_oob_fill_value=-1581327, value_oob_fill_value=-1234123412341234, seed=227, check_correctness=True, num_runs=0)
================
[   229/   522, 44%] Running on TestParam(batch_size=121, vocab_size=998123, topk=1, sorted_value=False, sorted_index=False, return_value=True, dtype=torch.bfloat16, out_idx_dtype=torch.int32, enable_end_position=True, enable_output_idx_offset=True, input_distrib=NormalFloatDistribution(post_proc_func=<lambda>), idx_oob_fill_value=-1001877, value_oob_fill_value=-1234123412341234, seed=228, check_correctness=True, num_runs=0)
================
[   230/   522, 44%] Running on TestParam(batch_size=4096, vocab_size=1048576, topk=280, sorted_value=True, sorted_index=False, return_value=True, dtype=torch.float32, out_idx_dtype=torch.int64, enable_end_position=False, enable_output_idx_offset=False, input_distrib=NormalFloatDistribution(post_proc_func=<lambda>), idx_oob_fill_value=-951424, value_oob_fill_value=-1234123412341234, seed=229, check_correctness=True, num_runs=0)
    SKIPPED: out of memory
================
[   231/   522, 44%] Running on TestParam(batch_size=8, vocab_size=262144, topk=1, sorted_value=False, sorted_index=False, return_value=True, dtype=torch.bfloat16, out_idx_dtype=torch.int64, enable_end_position=True, enable_output_idx_offset=False, input_distrib=UniformUIntDistribution(lower=0x00000000, upper=0x00000001), idx_oob_fill_value=-1737856, value_oob_fill_value=-1234123412341234, seed=230, check_correctness=True, num_runs=0)
================
[   232/   522, 44%] Running on TestParam(batch_size=512, vocab_size=225467, topk=1231, sorted_value=False, sorted_index=False, return_value=False, dtype=torch.float32, out_idx_dtype=torch.int64, enable_end_position=True, enable_output_idx_offset=False, input_distrib=NormalFloatDistribution(post_proc_func=<lambda>), idx_oob_fill_value=-1774533, value_oob_fill_value=-1234123412341234, seed=231, check_correctness=True, num_runs=0)
================
[   233/   522, 44%] Running on TestParam(batch_size=20, vocab_size=418673, topk=2333, sorted_value=False, sorted_index=True, return_value=False, dtype=torch.float32, out_idx_dtype=torch.int32, enable_end_position=True, enable_output_idx_offset=False, input_distrib=UintDistributionWithHotspotAndSpecifiedPivot(pivot=None, topk=2333, hotspots=[(4286578689, 8)], allow_nan=True), idx_oob_fill_value=-1581327, value_oob_fill_value=-1234123412341234, seed=232, check_correctness=True, num_runs=0)
================
[   234/   522, 45%] Running on TestParam(batch_size=4, vocab_size=337, topk=2132, sorted_value=False, sorted_index=False, return_value=False, dtype=torch.bfloat16, out_idx_dtype=torch.int32, enable_end_position=False, enable_output_idx_offset=False, input_distrib=NormalFloatDistribution(post_proc_func=<lambda>), idx_oob_fill_value=-1999663, value_oob_fill_value=-1234123412341234, seed=233, check_correctness=True, num_runs=0)
================
[   235/   522, 45%] Running on TestParam(batch_size=121, vocab_size=1048576, topk=2048, sorted_value=False, sorted_index=True, return_value=True, dtype=torch.bfloat16, out_idx_dtype=torch.int32, enable_end_position=False, enable_output_idx_offset=True, input_distrib=NormalFloatDistribution(post_proc_func=<lambda>), idx_oob_fill_value=-951424, value_oob_fill_value=-1234123412341234, seed=234, check_correctness=True, num_runs=0)
================
[   236/   522, 45%] Running on TestParam(batch_size=121, vocab_size=1, topk=1231, sorted_value=True, sorted_index=False, return_value=True, dtype=torch.float32, out_idx_dtype=torch.int32, enable_end_position=True, enable_output_idx_offset=True, input_distrib=NormalFloatDistribution(post_proc_func=<lambda>), idx_oob_fill_value=-1999999, value_oob_fill_value=-1234123412341234, seed=235, check_correctness=True, num_runs=0)
================
[   237/   522, 45%] Running on TestParam(batch_size=4096, vocab_size=998123, topk=1024, sorted_value=False, sorted_index=False, return_value=True, dtype=torch.float32, out_idx_dtype=torch.int64, enable_end_position=False, enable_output_idx_offset=False, input_distrib=UintDistributionWithHotspotAndSpecifiedPivot(pivot=None, topk=1024, hotspots=[(4286578689, 8)], allow_nan=True), idx_oob_fill_value=-1001877, value_oob_fill_value=-1234123412341234, seed=236, check_correctness=True, num_runs=0)
    SKIPPED: out of memory
================
[   238/   522, 45%] Running on TestParam(batch_size=512, vocab_size=1602, topk=1, sorted_value=False, sorted_index=True, return_value=True, dtype=torch.bfloat16, out_idx_dtype=torch.int64, enable_end_position=True, enable_output_idx_offset=False, input_distrib=NormalFloatDistribution(post_proc_func=<lambda>), idx_oob_fill_value=-1998398, value_oob_fill_value=-1234123412341234, seed=237, check_correctness=True, num_runs=0)
================
[   239/   522, 46%] Running on TestParam(batch_size=4096, vocab_size=1, topk=1024, sorted_value=False, sorted_index=True, return_value=True, dtype=torch.bfloat16, out_idx_dtype=torch.int32, enable_end_position=False, enable_output_idx_offset=False, input_distrib=NormalFloatDistribution(post_proc_func=<lambda>), idx_oob_fill_value=-1999999, value_oob_fill_value=-1234123412341234, seed=238, check_correctness=True, num_runs=0)
================
[   240/   522, 46%] Running on TestParam(batch_size=121, vocab_size=123245, topk=2048, sorted_value=False, sorted_index=False, return_value=True, dtype=torch.bfloat16, out_idx_dtype=torch.int64, enable_end_position=False, enable_output_idx_offset=True, input_distrib=NormalFloatDistribution(post_proc_func=<lambda>), idx_oob_fill_value=-1876755, value_oob_fill_value=-1234123412341234, seed=239, check_correctness=True, num_runs=0)
================
[   241/   522, 46%] Running on TestParam(batch_size=512, vocab_size=32768, topk=512, sorted_value=False, sorted_index=True, return_value=False, dtype=torch.bfloat16, out_idx_dtype=torch.int32, enable_end_position=False, enable_output_idx_offset=False, input_distrib=NormalFloatDistribution(post_proc_func=<lambda>), idx_oob_fill_value=-1967232, value_oob_fill_value=-1234123412341234, seed=240, check_correctness=True, num_runs=0)
================
[   242/   522, 46%] Running on TestParam(batch_size=121, vocab_size=1048576, topk=2333, sorted_value=True, sorted_index=False, return_value=True, dtype=torch.float32, out_idx_dtype=torch.int32, enable_end_position=True, enable_output_idx_offset=True, input_distrib=NormalFloatDistribution(post_proc_func=<lambda>), idx_oob_fill_value=-951424, value_oob_fill_value=-1234123412341234, seed=241, check_correctness=True, num_runs=0)
================
[   243/   522, 46%] Running on TestParam(batch_size=95, vocab_size=32768, topk=512, sorted_value=False, sorted_index=True, return_value=False, dtype=torch.bfloat16, out_idx_dtype=torch.int32, enable_end_position=False, enable_output_idx_offset=True, input_distrib=UintDistributionWithHotspotAndSpecifiedPivot(pivot=None, topk=512, hotspots=[(32641, 8)], allow_nan=True), idx_oob_fill_value=-1967232, value_oob_fill_value=-1234123412341234, seed=242, check_correctness=True, num_runs=0)
================
[   244/   522, 47%] Running on TestParam(batch_size=13, vocab_size=123245, topk=326, sorted_value=False, sorted_index=False, return_value=False, dtype=torch.bfloat16, out_idx_dtype=torch.int64, enable_end_position=False, enable_output_idx_offset=True, input_distrib=NormalFloatDistribution(post_proc_func=<lambda>), idx_oob_fill_value=-1876755, value_oob_fill_value=-1234123412341234, seed=243, check_correctness=True, num_runs=0)
================
[   245/   522, 47%] Running on TestParam(batch_size=512, vocab_size=418673, topk=1024, sorted_value=False, sorted_index=False, return_value=False, dtype=torch.bfloat16, out_idx_dtype=torch.int64, enable_end_position=False, enable_output_idx_offset=False, input_distrib=UniformUIntDistribution(lower=0x00000000, upper=0x00000020), idx_oob_fill_value=-1581327, value_oob_fill_value=-1234123412341234, seed=244, check_correctness=True, num_runs=0)
================
[   246/   522, 47%] Running on TestParam(batch_size=8, vocab_size=418673, topk=2132, sorted_value=False, sorted_index=False, return_value=True, dtype=torch.bfloat16, out_idx_dtype=torch.int64, enable_end_position=False, enable_output_idx_offset=False, input_distrib=UintDistributionWithHotspotAndSpecifiedPivot(pivot=None, topk=2132, hotspots=[(32641, 8)], allow_nan=True), idx_oob_fill_value=-1581327, value_oob_fill_value=-1234123412341234, seed=245, check_correctness=True, num_runs=0)
================
[   247/   522, 47%] Running on TestParam(batch_size=512, vocab_size=16, topk=2333, sorted_value=False, sorted_index=False, return_value=True, dtype=torch.float32, out_idx_dtype=torch.int64, enable_end_position=True, enable_output_idx_offset=False, input_distrib=UintDistributionWithHotspotAndSpecifiedPivot(pivot=None, topk=2333, hotspots=[(2139095041, 8)], allow_nan=True), idx_oob_fill_value=-1999984, value_oob_fill_value=-1234123412341234, seed=246, check_correctness=True, num_runs=0)
================
[   248/   522, 47%] Running on TestParam(batch_size=17, vocab_size=225467, topk=395, sorted_value=False, sorted_index=True, return_value=False, dtype=torch.bfloat16, out_idx_dtype=torch.int64, enable_end_position=True, enable_output_idx_offset=True, input_distrib=UniformUIntDistribution(lower=0x00000000, upper=0x00000001), idx_oob_fill_value=-1774533, value_oob_fill_value=-1234123412341234, seed=247, check_correctness=True, num_runs=0)
================
[   249/   522, 48%] Running on TestParam(batch_size=121, vocab_size=1, topk=1231, sorted_value=False, sorted_index=True, return_value=False, dtype=torch.float32, out_idx_dtype=torch.int64, enable_end_position=True, enable_output_idx_offset=True, input_distrib=UniformUIntDistribution(lower=0x80000000, upper=0xff800000), idx_oob_fill_value=-1999999, value_oob_fill_value=-1234123412341234, seed=248, check_correctness=True, num_runs=0)
================
[   250/   522, 48%] Running on TestParam(batch_size=121, vocab_size=123245, topk=1, sorted_value=False, sorted_index=True, return_value=True, dtype=torch.float32, out_idx_dtype=torch.int64, enable_end_position=True, enable_output_idx_offset=True, input_distrib=NormalFloatDistribution(post_proc_func=<lambda>), idx_oob_fill_value=-1876755, value_oob_fill_value=-1234123412341234, seed=249, check_correctness=True, num_runs=0)
================
[   251/   522, 48%] Running on TestParam(batch_size=512, vocab_size=13, topk=512, sorted_value=False, sorted_index=True, return_value=True, dtype=torch.float32, out_idx_dtype=torch.int64, enable_end_position=False, enable_output_idx_offset=False, input_distrib=UintDistributionWithHotspotAndSpecifiedPivot(pivot=None, topk=512, hotspots=[(4286578689, 8)], allow_nan=True), idx_oob_fill_value=-1999987, value_oob_fill_value=-1234123412341234, seed=250, check_correctness=True, num_runs=0)
================
[   252/   522, 48%] Running on TestParam(batch_size=95, vocab_size=225467, topk=4096, sorted_value=False, sorted_index=True, return_value=False, dtype=torch.bfloat16, out_idx_dtype=torch.int32, enable_end_position=False, enable_output_idx_offset=True, input_distrib=NormalFloatDistribution(post_proc_func=<lambda>), idx_oob_fill_value=-1774533, value_oob_fill_value=-1234123412341234, seed=251, check_correctness=True, num_runs=0)
================
[   253/   522, 48%] Running on TestParam(batch_size=121, vocab_size=1602, topk=1, sorted_value=False, sorted_index=True, return_value=True, dtype=torch.float32, out_idx_dtype=torch.int64, enable_end_position=True, enable_output_idx_offset=True, input_distrib=UintDistributionWithHotspotAndSpecifiedPivot(pivot=None, topk=1, hotspots=[(2139095041, 8)], allow_nan=True), idx_oob_fill_value=-1998398, value_oob_fill_value=-1234123412341234, seed=252, check_correctness=True, num_runs=0)
================
[   254/   522, 48%] Running on TestParam(batch_size=121, vocab_size=123245, topk=2132, sorted_value=False, sorted_index=False, return_value=True, dtype=torch.float32, out_idx_dtype=torch.int64, enable_end_position=False, enable_output_idx_offset=True, input_distrib=NormalFloatDistribution(), idx_oob_fill_value=-1876755, value_oob_fill_value=-1234123412341234, seed=253, check_correctness=True, num_runs=0)
================
[   255/   522, 49%] Running on TestParam(batch_size=4096, vocab_size=682965, topk=145, sorted_value=True, sorted_index=False, return_value=True, dtype=torch.float32, out_idx_dtype=torch.int32, enable_end_position=True, enable_output_idx_offset=False, input_distrib=UniformUIntDistribution(lower=0x00000000, upper=0x00001000), idx_oob_fill_value=-1317035, value_oob_fill_value=-1234123412341234, seed=254, check_correctness=True, num_runs=0)
================
[   256/   522, 49%] Running on TestParam(batch_size=512, vocab_size=262144, topk=1, sorted_value=False, sorted_index=True, return_value=True, dtype=torch.float32, out_idx_dtype=torch.int64, enable_end_position=True, enable_output_idx_offset=False, input_distrib=NormalFloatDistribution(post_proc_func=<lambda>), idx_oob_fill_value=-1737856, value_oob_fill_value=-1234123412341234, seed=255, check_correctness=True, num_runs=0)
================
[   257/   522, 49%] Running on TestParam(batch_size=512, vocab_size=181, topk=1, sorted_value=False, sorted_index=False, return_value=True, dtype=torch.bfloat16, out_idx_dtype=torch.int32, enable_end_position=True, enable_output_idx_offset=False, input_distrib=NormalFloatDistribution(post_proc_func=<lambda>), idx_oob_fill_value=-1999819, value_oob_fill_value=-1234123412341234, seed=256, check_correctness=True, num_runs=0)
================
[   258/   522, 49%] Running on TestParam(batch_size=8, vocab_size=1602, topk=1024, sorted_value=False, sorted_index=True, return_value=True, dtype=torch.bfloat16, out_idx_dtype=torch.int64, enable_end_position=False, enable_output_idx_offset=False, input_distrib=NormalFloatDistribution(post_proc_func=<lambda>), idx_oob_fill_value=-1998398, value_oob_fill_value=-1234123412341234, seed=257, check_correctness=True, num_runs=0)
================
[   259/   522, 49%] Running on TestParam(batch_size=121, vocab_size=225467, topk=1, sorted_value=False, sorted_index=True, return_value=False, dtype=torch.float32, out_idx_dtype=torch.int64, enable_end_position=True, enable_output_idx_offset=True, input_distrib=UniformUIntDistribution(lower=0x00000000, upper=0x00000020), idx_oob_fill_value=-1774533, value_oob_fill_value=-1234123412341234, seed=258, check_correctness=True, num_runs=0)
================
[   260/   522, 50%] Running on TestParam(batch_size=17, vocab_size=1, topk=1, sorted_value=False, sorted_index=False, return_value=False, dtype=torch.float32, out_idx_dtype=torch.int64, enable_end_position=True, enable_output_idx_offset=True, input_distrib=UintDistributionWithHotspotAndSpecifiedPivot(pivot=None, topk=1, hotspots=[(2139095041, 1)], allow_nan=True), idx_oob_fill_value=-1999999, value_oob_fill_value=-1234123412341234, seed=259, check_correctness=True, num_runs=0)
================
[   261/   522, 50%] Running on TestParam(batch_size=4, vocab_size=262144, topk=4096, sorted_value=False, sorted_index=True, return_value=True, dtype=torch.bfloat16, out_idx_dtype=torch.int32, enable_end_position=False, enable_output_idx_offset=False, input_distrib=NormalFloatDistribution(), idx_oob_fill_value=-1737856, value_oob_fill_value=-1234123412341234, seed=260, check_correctness=True, num_runs=0)
================
[   262/   522, 50%] Running on TestParam(batch_size=512, vocab_size=1048576, topk=2132, sorted_value=False, sorted_index=True, return_value=True, dtype=torch.bfloat16, out_idx_dtype=torch.int64, enable_end_position=False, enable_output_idx_offset=False, input_distrib=UniformUIntDistribution(lower=0x00000000, upper=0x00001000), idx_oob_fill_value=-951424, value_oob_fill_value=-1234123412341234, seed=261, check_correctness=True, num_runs=0)
================
[   263/   522, 50%] Running on TestParam(batch_size=512, vocab_size=1, topk=1231, sorted_value=False, sorted_index=True, return_value=False, dtype=torch.float32, out_idx_dtype=torch.int32, enable_end_position=True, enable_output_idx_offset=False, input_distrib=UintDistributionWithHotspotAndSpecifiedPivot(pivot=None, topk=1231, hotspots=[(2139095041, 1)], allow_nan=True), idx_oob_fill_value=-1999999, value_oob_fill_value=-1234123412341234, seed=262, check_correctness=True, num_runs=0)
================
[   264/   522, 50%] Running on TestParam(batch_size=121, vocab_size=1, topk=1231, sorted_value=False, sorted_index=True, return_value=True, dtype=torch.bfloat16, out_idx_dtype=torch.int64, enable_end_position=True, enable_output_idx_offset=True, input_distrib=UintDistributionWithHotspotAndSpecifiedPivot(pivot=None, topk=1231, hotspots=[(65409, 1)], allow_nan=True), idx_oob_fill_value=-1999999, value_oob_fill_value=-1234123412341234, seed=263, check_correctness=True, num_runs=0)
================
[   265/   522, 51%] Running on TestParam(batch_size=512, vocab_size=8388607, topk=1231, sorted_value=False, sorted_index=True, return_value=True, dtype=torch.bfloat16, out_idx_dtype=torch.int64, enable_end_position=True, enable_output_idx_offset=False, input_distrib=NormalFloatDistribution(), idx_oob_fill_value=6388607, value_oob_fill_value=-1234123412341234, seed=264, check_correctness=True, num_runs=0)
================
[   266/   522, 51%] Running on TestParam(batch_size=4096, vocab_size=298, topk=285, sorted_value=True, sorted_index=False, return_value=True, dtype=torch.float32, out_idx_dtype=torch.int64, enable_end_position=True, enable_output_idx_offset=False, input_distrib=NormalFloatDistribution(post_proc_func=<lambda>), idx_oob_fill_value=-1999702, value_oob_fill_value=-1234123412341234, seed=265, check_correctness=True, num_runs=0)
================
[   267/   522, 51%] Running on TestParam(batch_size=121, vocab_size=32768, topk=1, sorted_value=False, sorted_index=True, return_value=False, dtype=torch.float32, out_idx_dtype=torch.int32, enable_end_position=True, enable_output_idx_offset=True, input_distrib=UniformUIntDistribution(lower=0x00000000, upper=0x00001000), idx_oob_fill_value=-1967232, value_oob_fill_value=-1234123412341234, seed=266, check_correctness=True, num_runs=0)
================
[   268/   522, 51%] Running on TestParam(batch_size=4, vocab_size=998123, topk=336, sorted_value=False, sorted_index=False, return_value=True, dtype=torch.bfloat16, out_idx_dtype=torch.int32, enable_end_position=False, enable_output_idx_offset=False, input_distrib=UniformUIntDistribution(lower=0x00000000, upper=0x00000001), idx_oob_fill_value=-1001877, value_oob_fill_value=-1234123412341234, seed=267, check_correctness=True, num_runs=0)
================
[   269/   522, 51%] Running on TestParam(batch_size=24, vocab_size=262144, topk=512, sorted_value=False, sorted_index=False, return_value=True, dtype=torch.float32, out_idx_dtype=torch.int32, enable_end_position=False, enable_output_idx_offset=False, input_distrib=UniformUIntDistribution(lower=0x00000000, upper=0x00000001), idx_oob_fill_value=-1737856, value_oob_fill_value=-1234123412341234, seed=268, check_correctness=True, num_runs=0)
================
[   270/   522, 52%] Running on TestParam(batch_size=4096, vocab_size=1048576, topk=1231, sorted_value=False, sorted_index=False, return_value=True, dtype=torch.float32, out_idx_dtype=torch.int64, enable_end_position=True, enable_output_idx_offset=False, input_distrib=NormalFloatDistribution(post_proc_func=<lambda>), idx_oob_fill_value=-951424, value_oob_fill_value=-1234123412341234, seed=269, check_correctness=True, num_runs=0)
    SKIPPED: out of memory
================
[   271/   522, 52%] Running on TestParam(batch_size=512, vocab_size=225467, topk=512, sorted_value=False, sorted_index=True, return_value=True, dtype=torch.bfloat16, out_idx_dtype=torch.int32, enable_end_position=False, enable_output_idx_offset=False, input_distrib=UintDistributionWithHotspotAndSpecifiedPivot(pivot=None, topk=512, hotspots=[(65409, 8)], allow_nan=True), idx_oob_fill_value=-1774533, value_oob_fill_value=-1234123412341234, seed=270, check_correctness=True, num_runs=0)
================
[   272/   522, 52%] Running on TestParam(batch_size=121, vocab_size=418673, topk=512, sorted_value=False, sorted_index=True, return_value=False, dtype=torch.bfloat16, out_idx_dtype=torch.int64, enable_end_position=False, enable_output_idx_offset=True, input_distrib=NormalFloatDistribution(), idx_oob_fill_value=-1581327, value_oob_fill_value=-1234123412341234, seed=271, check_correctness=True, num_runs=0)
================
[   273/   522, 52%] Running on TestParam(batch_size=512, vocab_size=16, topk=1024, sorted_value=False, sorted_index=False, return_value=True, dtype=torch.float32, out_idx_dtype=torch.int64, enable_end_position=False, enable_output_idx_offset=False, input_distrib=UniformUIntDistribution(lower=0x00000000, upper=0x7f800000), idx_oob_fill_value=-1999984, value_oob_fill_value=-1234123412341234, seed=272, check_correctness=True, num_runs=0)
================
[   274/   522, 52%] Running on TestParam(batch_size=121, vocab_size=682965, topk=1231, sorted_value=False, sorted_index=False, return_value=True, dtype=torch.bfloat16, out_idx_dtype=torch.int64, enable_end_position=True, enable_output_idx_offset=True, input_distrib=NormalFloatDistribution(post_proc_func=<lambda>), idx_oob_fill_value=-1317035, value_oob_fill_value=-1234123412341234, seed=273, check_correctness=True, num_runs=0)
================
[   275/   522, 52%] Running on TestParam(batch_size=20, vocab_size=32768, topk=2048, sorted_value=True, sorted_index=False, return_value=True, dtype=torch.float32, out_idx_dtype=torch.int64, enable_end_position=False, enable_output_idx_offset=False, input_distrib=NormalFloatDistribution(post_proc_func=<lambda>), idx_oob_fill_value=-1967232, value_oob_fill_value=-1234123412341234, seed=274, check_correctness=True, num_runs=0)
================
[   276/   522, 53%] Running on TestParam(batch_size=4096, vocab_size=998123, topk=2048, sorted_value=True, sorted_index=False, return_value=True, dtype=torch.float32, out_idx_dtype=torch.int64, enable_end_position=False, enable_output_idx_offset=False, input_distrib=UniformUIntDistribution(lower=0x00000000, upper=0x00001000), idx_oob_fill_value=-1001877, value_oob_fill_value=-1234123412341234, seed=275, check_correctness=True, num_runs=0)
    CRASHED: RuntimeError: maca_topk.cu:2126: cudaMalloc(&grown, need_workspace) failed: out of memory
================
[   277/   522, 53%] Running on TestParam(batch_size=8, vocab_size=488, topk=4096, sorted_value=False, sorted_index=True, return_value=True, dtype=torch.bfloat16, out_idx_dtype=torch.int64, enable_end_position=False, enable_output_idx_offset=False, input_distrib=NormalFloatDistribution(post_proc_func=<lambda>), idx_oob_fill_value=-1999512, value_oob_fill_value=-1234123412341234, seed=276, check_correctness=True, num_runs=0)
    CRASHED: RuntimeError: CUDA error: out of memory
CUDA kernel errors might be asynchronously reported at some other API call, so the stacktrace below might be incorrect.
For debugging consider passing CUDA_LAUNCH_BLOCKING=1

================
[   278/   522, 53%] Running on TestParam(batch_size=4096, vocab_size=1, topk=512, sorted_value=False, sorted_index=False, return_value=True, dtype=torch.bfloat16, out_idx_dtype=torch.int32, enable_end_position=False, enable_output_idx_offset=False, input_distrib=NormalFloatDistribution(post_proc_func=<lambda>), idx_oob_fill_value=-1999999, value_oob_fill_value=-1234123412341234, seed=277, check_correctness=True, num_runs=0)
================
[   279/   522, 53%] Running on TestParam(batch_size=4096, vocab_size=1602, topk=2048, sorted_value=False, sorted_index=False, return_value=False, dtype=torch.float32, out_idx_dtype=torch.int64, enable_end_position=False, enable_output_idx_offset=False, input_distrib=UniformUIntDistribution(lower=0x00000000, upper=0x7f800000), idx_oob_fill_value=-1998398, value_oob_fill_value=-1234123412341234, seed=278, check_correctness=True, num_runs=0)
================
[   280/   522, 53%] Running on TestParam(batch_size=83, vocab_size=998123, topk=1, sorted_value=False, sorted_index=False, return_value=True, dtype=torch.bfloat16, out_idx_dtype=torch.int64, enable_end_position=True, enable_output_idx_offset=True, input_distrib=UintDistributionWithHotspotAndSpecifiedPivot(pivot=None, topk=1, hotspots=[(32641, 8)], allow_nan=True), idx_oob_fill_value=-1001877, value_oob_fill_value=-1234123412341234, seed=279, check_correctness=True, num_runs=0)
================
[   281/   522, 54%] Running on TestParam(batch_size=6, vocab_size=32768, topk=4096, sorted_value=False, sorted_index=False, return_value=True, dtype=torch.float32, out_idx_dtype=torch.int32, enable_end_position=False, enable_output_idx_offset=False, input_distrib=NormalFloatDistribution(post_proc_func=<lambda>), idx_oob_fill_value=-1967232, value_oob_fill_value=-1234123412341234, seed=280, check_correctness=True, num_runs=0)
================
[   282/   522, 54%] Running on TestParam(batch_size=4096, vocab_size=998123, topk=4096, sorted_value=False, sorted_index=False, return_value=True, dtype=torch.float32, out_idx_dtype=torch.int32, enable_end_position=False, enable_output_idx_offset=False, input_distrib=NormalFloatDistribution(post_proc_func=<lambda>), idx_oob_fill_value=-1001877, value_oob_fill_value=-1234123412341234, seed=281, check_correctness=True, num_runs=0)
    CRASHED: RuntimeError: maca_topk.cu:2126: cudaMalloc(&grown, need_workspace) failed: out of memory
================
[   283/   522, 54%] Running on TestParam(batch_size=80, vocab_size=1, topk=1024, sorted_value=False, sorted_index=False, return_value=True, dtype=torch.bfloat16, out_idx_dtype=torch.int32, enable_end_position=False, enable_output_idx_offset=False, input_distrib=NormalFloatDistribution(), idx_oob_fill_value=-1999999, value_oob_fill_value=-1234123412341234, seed=282, check_correctness=True, num_runs=0)
    CRASHED: RuntimeError: CUDA error: out of memory
CUDA kernel errors might be asynchronously reported at some other API call, so the stacktrace below might be incorrect.
For debugging consider passing CUDA_LAUNCH_BLOCKING=1

================
[   284/   522, 54%] Running on TestParam(batch_size=4096, vocab_size=431, topk=1024, sorted_value=False, sorted_index=True, return_value=True, dtype=torch.float32, out_idx_dtype=torch.int32, enable_end_position=False, enable_output_idx_offset=False, input_distrib=NormalFloatDistribution(post_proc_func=<lambda>), idx_oob_fill_value=-1999569, value_oob_fill_value=-1234123412341234, seed=283, check_correctness=True, num_runs=0)
================
[   285/   522, 54%] Running on TestParam(batch_size=20, vocab_size=396, topk=2132, sorted_value=True, sorted_index=False, return_value=True, dtype=torch.float32, out_idx_dtype=torch.int64, enable_end_position=False, enable_output_idx_offset=False, input_distrib=UintDistributionWithHotspotAndSpecifiedPivot(pivot=None, topk=2132, hotspots=[(4286578689, 8)], allow_nan=True), idx_oob_fill_value=-1999604, value_oob_fill_value=-1234123412341234, seed=284, check_correctness=True, num_runs=0)
================
[   286/   522, 55%] Running on TestParam(batch_size=512, vocab_size=262144, topk=2132, sorted_value=False, sorted_index=True, return_value=True, dtype=torch.bfloat16, out_idx_dtype=torch.int32, enable_end_position=False, enable_output_idx_offset=False, input_distrib=NormalFloatDistribution(post_proc_func=<lambda>), idx_oob_fill_value=-1737856, value_oob_fill_value=-1234123412341234, seed=285, check_correctness=True, num_runs=0)
================
[   287/   522, 55%] Running on TestParam(batch_size=47, vocab_size=262144, topk=2132, sorted_value=False, sorted_index=False, return_value=False, dtype=torch.float32, out_idx_dtype=torch.int32, enable_end_position=False, enable_output_idx_offset=True, input_distrib=UintDistributionWithHotspotAndSpecifiedPivot(pivot=None, topk=2132, hotspots=[(4286578689, 8)], allow_nan=True), idx_oob_fill_value=-1737856, value_oob_fill_value=-1234123412341234, seed=286, check_correctness=True, num_runs=0)
================
[   288/   522, 55%] Running on TestParam(batch_size=512, vocab_size=32768, topk=1, sorted_value=True, sorted_index=False, return_value=True, dtype=torch.float32, out_idx_dtype=torch.int32, enable_end_position=True, enable_output_idx_offset=False, input_distrib=NormalFloatDistribution(), idx_oob_fill_value=-1967232, value_oob_fill_value=-1234123412341234, seed=287, check_correctness=True, num_runs=0)
================
[   289/   522, 55%] Running on TestParam(batch_size=70, vocab_size=418673, topk=1231, sorted_value=False, sorted_index=True, return_value=True, dtype=torch.bfloat16, out_idx_dtype=torch.int32, enable_end_position=True, enable_output_idx_offset=False, input_distrib=UniformUIntDistribution(lower=0x00000000, upper=0x00000001), idx_oob_fill_value=-1581327, value_oob_fill_value=-1234123412341234, seed=288, check_correctness=True, num_runs=0)
================
[   290/   522, 55%] Running on TestParam(batch_size=121, vocab_size=123245, topk=1, sorted_value=False, sorted_index=False, return_value=True, dtype=torch.bfloat16, out_idx_dtype=torch.int32, enable_end_position=True, enable_output_idx_offset=True, input_distrib=NormalFloatDistribution(), idx_oob_fill_value=-1876755, value_oob_fill_value=-1234123412341234, seed=289, check_correctness=True, num_runs=0)
================
[   291/   522, 56%] Running on TestParam(batch_size=83, vocab_size=262144, topk=158, sorted_value=False, sorted_index=False, return_value=True, dtype=torch.bfloat16, out_idx_dtype=torch.int64, enable_end_position=False, enable_output_idx_offset=True, input_distrib=NormalFloatDistribution(post_proc_func=<lambda>), idx_oob_fill_value=-1737856, value_oob_fill_value=-1234123412341234, seed=290, check_correctness=True, num_runs=0)
================
[   292/   522, 56%] Running on TestParam(batch_size=512, vocab_size=123245, topk=1231, sorted_value=False, sorted_index=False, return_value=False, dtype=torch.bfloat16, out_idx_dtype=torch.int64, enable_end_position=True, enable_output_idx_offset=False, input_distrib=UniformUIntDistribution(lower=0x00008000, upper=0x0000ff80), idx_oob_fill_value=-1876755, value_oob_fill_value=-1234123412341234, seed=291, check_correctness=True, num_runs=0)
================
[   293/   522, 56%] Running on TestParam(batch_size=6, vocab_size=682965, topk=454, sorted_value=False, sorted_index=True, return_value=True, dtype=torch.float32, out_idx_dtype=torch.int32, enable_end_position=False, enable_output_idx_offset=False, input_distrib=NormalFloatDistribution(post_proc_func=<lambda>), idx_oob_fill_value=-1317035, value_oob_fill_value=-1234123412341234, seed=292, check_correctness=True, num_runs=0)
================
[   294/   522, 56%] Running on TestParam(batch_size=4096, vocab_size=1602, topk=1231, sorted_value=False, sorted_index=True, return_value=False, dtype=torch.float32, out_idx_dtype=torch.int32, enable_end_position=True, enable_output_idx_offset=False, input_distrib=NormalFloatDistribution(post_proc_func=<lambda>), idx_oob_fill_value=-1998398, value_oob_fill_value=-1234123412341234, seed=293, check_correctness=True, num_runs=0)
================
[   295/   522, 56%] Running on TestParam(batch_size=121, vocab_size=32768, topk=4096, sorted_value=False, sorted_index=True, return_value=True, dtype=torch.float32, out_idx_dtype=torch.int32, enable_end_position=False, enable_output_idx_offset=True, input_distrib=UniformUIntDistribution(lower=0x00000000, upper=0x7f800000), idx_oob_fill_value=-1967232, value_oob_fill_value=-1234123412341234, seed=294, check_correctness=True, num_runs=0)
================
[   296/   522, 57%] Running on TestParam(batch_size=4096, vocab_size=418673, topk=1024, sorted_value=False, sorted_index=True, return_value=False, dtype=torch.float32, out_idx_dtype=torch.int64, enable_end_position=False, enable_output_idx_offset=False, input_distrib=NormalFloatDistribution(post_proc_func=<lambda>), idx_oob_fill_value=-1581327, value_oob_fill_value=-1234123412341234, seed=295, check_correctness=True, num_runs=0)
================
[   297/   522, 57%] Running on TestParam(batch_size=512, vocab_size=6, topk=4096, sorted_value=False, sorted_index=True, return_value=True, dtype=torch.bfloat16, out_idx_dtype=torch.int32, enable_end_position=False, enable_output_idx_offset=False, input_distrib=NormalFloatDistribution(post_proc_func=<lambda>), idx_oob_fill_value=-1999994, value_oob_fill_value=-1234123412341234, seed=296, check_correctness=True, num_runs=0)
================
[   298/   522, 57%] Running on TestParam(batch_size=121, vocab_size=1602, topk=4096, sorted_value=False, sorted_index=False, return_value=False, dtype=torch.bfloat16, out_idx_dtype=torch.int32, enable_end_position=False, enable_output_idx_offset=True, input_distrib=NormalFloatDistribution(post_proc_func=<lambda>), idx_oob_fill_value=-1998398, value_oob_fill_value=-1234123412341234, seed=297, check_correctness=True, num_runs=0)
================
[   299/   522, 57%] Running on TestParam(batch_size=121, vocab_size=418673, topk=1, sorted_value=False, sorted_index=True, return_value=True, dtype=torch.float32, out_idx_dtype=torch.int64, enable_end_position=True, enable_output_idx_offset=True, input_distrib=NormalFloatDistribution(post_proc_func=<lambda>), idx_oob_fill_value=-1581327, value_oob_fill_value=-1234123412341234, seed=298, check_correctness=True, num_runs=0)
================
[   300/   522, 57%] Running on TestParam(batch_size=74, vocab_size=1048576, topk=1024, sorted_value=False, sorted_index=False, return_value=False, dtype=torch.bfloat16, out_idx_dtype=torch.int32, enable_end_position=False, enable_output_idx_offset=False, input_distrib=NormalFloatDistribution(post_proc_func=<lambda>), idx_oob_fill_value=-951424, value_oob_fill_value=-1234123412341234, seed=299, check_correctness=True, num_runs=0)
================
[   301/   522, 57%] Running on TestParam(batch_size=512, vocab_size=418673, topk=1231, sorted_value=False, sorted_index=False, return_value=False, dtype=torch.float32, out_idx_dtype=torch.int32, enable_end_position=True, enable_output_idx_offset=False, input_distrib=UniformUIntDistribution(lower=0x00000000, upper=0x00000020), idx_oob_fill_value=-1581327, value_oob_fill_value=-1234123412341234, seed=300, check_correctness=True, num_runs=0)
================
[   302/   522, 58%] Running on TestParam(batch_size=121, vocab_size=998123, topk=1024, sorted_value=False, sorted_index=False, return_value=True, dtype=torch.bfloat16, out_idx_dtype=torch.int64, enable_end_position=False, enable_output_idx_offset=True, input_distrib=UniformUIntDistribution(lower=0x00000000, upper=0x00001000), idx_oob_fill_value=-1001877, value_oob_fill_value=-1234123412341234, seed=301, check_correctness=True, num_runs=0)
================
[   303/   522, 58%] Running on TestParam(batch_size=512, vocab_size=1, topk=354, sorted_value=True, sorted_index=False, return_value=True, dtype=torch.float32, out_idx_dtype=torch.int32, enable_end_position=False, enable_output_idx_offset=False, input_distrib=UniformUIntDistribution(lower=0x00000000, upper=0x00001000), idx_oob_fill_value=-1999999, value_oob_fill_value=-1234123412341234, seed=302, check_correctness=True, num_runs=0)
================
[   304/   522, 58%] Running on TestParam(batch_size=6, vocab_size=1602, topk=512, sorted_value=False, sorted_index=False, return_value=True, dtype=torch.float32, out_idx_dtype=torch.int32, enable_end_position=False, enable_output_idx_offset=False, input_distrib=UniformUIntDistribution(lower=0x00000000, upper=0x7f800000), idx_oob_fill_value=-1998398, value_oob_fill_value=-1234123412341234, seed=303, check_correctness=True, num_runs=0)
================
[   305/   522, 58%] Running on TestParam(batch_size=4096, vocab_size=262144, topk=1024, sorted_value=False, sorted_index=True, return_value=True, dtype=torch.float32, out_idx_dtype=torch.int32, enable_end_position=False, enable_output_idx_offset=False, input_distrib=UniformUIntDistribution(lower=0x00000000, upper=0x7f800000), idx_oob_fill_value=-1737856, value_oob_fill_value=-1234123412341234, seed=304, check_correctness=True, num_runs=0)
================
[   306/   522, 58%] Running on TestParam(batch_size=4096, vocab_size=1048576, topk=1231, sorted_value=False, sorted_index=True, return_value=False, dtype=torch.bfloat16, out_idx_dtype=torch.int32, enable_end_position=True, enable_output_idx_offset=False, input_distrib=UintDistributionWithHotspotAndSpecifiedPivot(pivot=None, topk=1231, hotspots=[(65409, 8)], allow_nan=True), idx_oob_fill_value=-951424, value_oob_fill_value=-1234123412341234, seed=305, check_correctness=True, num_runs=0)
    SKIPPED: out of memory
================
[   307/   522, 59%] Running on TestParam(batch_size=121, vocab_size=682965, topk=2048, sorted_value=False, sorted_index=False, return_value=False, dtype=torch.bfloat16, out_idx_dtype=torch.int64, enable_end_position=False, enable_output_idx_offset=True, input_distrib=NormalFloatDistribution(post_proc_func=<lambda>), idx_oob_fill_value=-1317035, value_oob_fill_value=-1234123412341234, seed=306, check_correctness=True, num_runs=0)
================
[   308/   522, 59%] Running on TestParam(batch_size=95, vocab_size=1602, topk=2333, sorted_value=False, sorted_index=True, return_value=False, dtype=torch.bfloat16, out_idx_dtype=torch.int32, enable_end_position=True, enable_output_idx_offset=True, input_distrib=NormalFloatDistribution(), idx_oob_fill_value=-1998398, value_oob_fill_value=-1234123412341234, seed=307, check_correctness=True, num_runs=0)
================
[   309/   522, 59%] Running on TestParam(batch_size=4096, vocab_size=682965, topk=2333, sorted_value=False, sorted_index=True, return_value=True, dtype=torch.float32, out_idx_dtype=torch.int32, enable_end_position=True, enable_output_idx_offset=False, input_distrib=UintDistributionWithHotspotAndSpecifiedPivot(pivot=None, topk=2333, hotspots=[(2139095041, 8)], allow_nan=True), idx_oob_fill_value=-1317035, value_oob_fill_value=-1234123412341234, seed=308, check_correctness=True, num_runs=0)
    SKIPPED: out of memory
================
[   310/   522, 59%] Running on TestParam(batch_size=512, vocab_size=1048576, topk=1231, sorted_value=False, sorted_index=False, return_value=False, dtype=torch.float32, out_idx_dtype=torch.int64, enable_end_position=True, enable_output_idx_offset=False, input_distrib=NormalFloatDistribution(post_proc_func=<lambda>), idx_oob_fill_value=-951424, value_oob_fill_value=-1234123412341234, seed=309, check_correctness=True, num_runs=0)
================
[   311/   522, 59%] Running on TestParam(batch_size=4096, vocab_size=1, topk=1231, sorted_value=False, sorted_index=False, return_value=True, dtype=torch.bfloat16, out_idx_dtype=torch.int32, enable_end_position=True, enable_output_idx_offset=False, input_distrib=UniformUIntDistribution(lower=0x00008000, upper=0x0000ff80), idx_oob_fill_value=-1999999, value_oob_fill_value=-1234123412341234, seed=310, check_correctness=True, num_runs=0)
================
[   312/   522, 60%] Running on TestParam(batch_size=512, vocab_size=998123, topk=2132, sorted_value=False, sorted_index=False, return_value=True, dtype=torch.float32, out_idx_dtype=torch.int32, enable_end_position=False, enable_output_idx_offset=False, input_distrib=NormalFloatDistribution(post_proc_func=<lambda>), idx_oob_fill_value=-1001877, value_oob_fill_value=-1234123412341234, seed=311, check_correctness=True, num_runs=0)
================
[   313/   522, 60%] Running on TestParam(batch_size=512, vocab_size=1048576, topk=439, sorted_value=True, sorted_index=False, return_value=True, dtype=torch.float32, out_idx_dtype=torch.int32, enable_end_position=True, enable_output_idx_offset=False, input_distrib=UniformUIntDistribution(lower=0x00000000, upper=0x00000020), idx_oob_fill_value=-951424, value_oob_fill_value=-1234123412341234, seed=312, check_correctness=True, num_runs=0)
================
[   314/   522, 60%] Running on TestParam(batch_size=83, vocab_size=1, topk=2333, sorted_value=False, sorted_index=False, return_value=True, dtype=torch.bfloat16, out_idx_dtype=torch.int64, enable_end_position=True, enable_output_idx_offset=True, input_distrib=UintDistributionWithHotspotAndSpecifiedPivot(pivot=None, topk=2333, hotspots=[(65409, 1)], allow_nan=True), idx_oob_fill_value=-1999999, value_oob_fill_value=-1234123412341234, seed=313, check_correctness=True, num_runs=0)
================
[   315/   522, 60%] Running on TestParam(batch_size=512, vocab_size=8388607, topk=512, sorted_value=False, sorted_index=False, return_value=False, dtype=torch.float32, out_idx_dtype=torch.int32, enable_end_position=False, enable_output_idx_offset=False, input_distrib=UniformUIntDistribution(lower=0x00000000, upper=0x00000020), idx_oob_fill_value=6388607, value_oob_fill_value=-1234123412341234, seed=314, check_correctness=True, num_runs=0)
    SKIPPED: out of memory
================
[   316/   522, 60%] Running on TestParam(batch_size=8, vocab_size=262144, topk=257, sorted_value=False, sorted_index=False, return_value=True, dtype=torch.bfloat16, out_idx_dtype=torch.int64, enable_end_position=True, enable_output_idx_offset=False, input_distrib=UniformUIntDistribution(lower=0x00000000, upper=0x00000020), idx_oob_fill_value=-1737856, value_oob_fill_value=-1234123412341234, seed=315, check_correctness=True, num_runs=0)
================
[   317/   522, 61%] Running on TestParam(batch_size=121, vocab_size=225467, topk=4096, sorted_value=False, sorted_index=False, return_value=False, dtype=torch.float32, out_idx_dtype=torch.int64, enable_end_position=False, enable_output_idx_offset=True, input_distrib=NormalFloatDistribution(), idx_oob_fill_value=-1774533, value_oob_fill_value=-1234123412341234, seed=316, check_correctness=True, num_runs=0)
================
[   318/   522, 61%] Running on TestParam(batch_size=121, vocab_size=123245, topk=2132, sorted_value=False, sorted_index=False, return_value=False, dtype=torch.float32, out_idx_dtype=torch.int32, enable_end_position=False, enable_output_idx_offset=True, input_distrib=NormalFloatDistribution(post_proc_func=<lambda>), idx_oob_fill_value=-1876755, value_oob_fill_value=-1234123412341234, seed=317, check_correctness=True, num_runs=0)
================
[   319/   522, 61%] Running on TestParam(batch_size=24, vocab_size=682965, topk=2048, sorted_value=False, sorted_index=False, return_value=True, dtype=torch.float32, out_idx_dtype=torch.int32, enable_end_position=False, enable_output_idx_offset=False, input_distrib=UniformUIntDistribution(lower=0x00000000, upper=0x00000020), idx_oob_fill_value=-1317035, value_oob_fill_value=-1234123412341234, seed=318, check_correctness=True, num_runs=0)
================
[   320/   522, 61%] Running on TestParam(batch_size=512, vocab_size=8388607, topk=1024, sorted_value=False, sorted_index=True, return_value=True, dtype=torch.float32, out_idx_dtype=torch.int32, enable_end_position=False, enable_output_idx_offset=False, input_distrib=NormalFloatDistribution(post_proc_func=<lambda>), idx_oob_fill_value=6388607, value_oob_fill_value=-1234123412341234, seed=319, check_correctness=True, num_runs=0)
    SKIPPED: out of memory
================
[   321/   522, 61%] Running on TestParam(batch_size=121, vocab_size=8388607, topk=1024, sorted_value=False, sorted_index=True, return_value=False, dtype=torch.bfloat16, out_idx_dtype=torch.int32, enable_end_position=False, enable_output_idx_offset=True, input_distrib=UniformUIntDistribution(lower=0x00000000, upper=0x00000020), idx_oob_fill_value=6388607, value_oob_fill_value=-1234123412341234, seed=320, check_correctness=True, num_runs=0)
================
[   322/   522, 61%] Running on TestParam(batch_size=4096, vocab_size=1, topk=512, sorted_value=True, sorted_index=False, return_value=True, dtype=torch.float32, out_idx_dtype=torch.int32, enable_end_position=False, enable_output_idx_offset=False, input_distrib=NormalFloatDistribution(post_proc_func=<lambda>), idx_oob_fill_value=-1999999, value_oob_fill_value=-1234123412341234, seed=321, check_correctness=True, num_runs=0)
================
[   323/   522, 62%] Running on TestParam(batch_size=121, vocab_size=1048576, topk=2333, sorted_value=False, sorted_index=False, return_value=True, dtype=torch.float32, out_idx_dtype=torch.int64, enable_end_position=True, enable_output_idx_offset=True, input_distrib=UniformUIntDistribution(lower=0x00000000, upper=0x00000020), idx_oob_fill_value=-951424, value_oob_fill_value=-1234123412341234, seed=322, check_correctness=True, num_runs=0)
================
[   324/   522, 62%] Running on TestParam(batch_size=4096, vocab_size=998123, topk=1024, sorted_value=True, sorted_index=False, return_value=True, dtype=torch.float32, out_idx_dtype=torch.int64, enable_end_position=False, enable_output_idx_offset=False, input_distrib=NormalFloatDistribution(post_proc_func=<lambda>), idx_oob_fill_value=-1001877, value_oob_fill_value=-1234123412341234, seed=323, check_correctness=True, num_runs=0)
================
[   325/   522, 62%] Running on TestParam(batch_size=80, vocab_size=1048576, topk=4096, sorted_value=False, sorted_index=False, return_value=True, dtype=torch.bfloat16, out_idx_dtype=torch.int32, enable_end_position=False, enable_output_idx_offset=False, input_distrib=UniformUIntDistribution(lower=0x00000000, upper=0x00000001), idx_oob_fill_value=-951424, value_oob_fill_value=-1234123412341234, seed=324, check_correctness=True, num_runs=0)
================
[   326/   522, 62%] Running on TestParam(batch_size=121, vocab_size=8388607, topk=4096, sorted_value=False, sorted_index=True, return_value=True, dtype=torch.bfloat16, out_idx_dtype=torch.int32, enable_end_position=False, enable_output_idx_offset=True, input_distrib=UintDistributionWithHotspotAndSpecifiedPivot(pivot=None, topk=4096, hotspots=[(65409, 8)], allow_nan=True), idx_oob_fill_value=6388607, value_oob_fill_value=-1234123412341234, seed=325, check_correctness=True, num_runs=0)
================
[   327/   522, 62%] Running on TestParam(batch_size=121, vocab_size=32768, topk=512, sorted_value=False, sorted_index=False, return_value=True, dtype=torch.float32, out_idx_dtype=torch.int64, enable_end_position=False, enable_output_idx_offset=True, input_distrib=NormalFloatDistribution(post_proc_func=<lambda>), idx_oob_fill_value=-1967232, value_oob_fill_value=-1234123412341234, seed=326, check_correctness=True, num_runs=0)
================
[   328/   522, 63%] Running on TestParam(batch_size=20, vocab_size=8388607, topk=131, sorted_value=False, sorted_index=False, return_value=False, dtype=torch.float32, out_idx_dtype=torch.int32, enable_end_position=True, enable_output_idx_offset=False, input_distrib=NormalFloatDistribution(post_proc_func=<lambda>), idx_oob_fill_value=6388607, value_oob_fill_value=-1234123412341234, seed=327, check_correctness=True, num_runs=0)
================
[   329/   522, 63%] Running on TestParam(batch_size=512, vocab_size=225467, topk=512, sorted_value=False, sorted_index=True, return_value=False, dtype=torch.bfloat16, out_idx_dtype=torch.int64, enable_end_position=False, enable_output_idx_offset=False, input_distrib=UintDistributionWithHotspotAndSpecifiedPivot(pivot=None, topk=512, hotspots=[(65409, 8)], allow_nan=True), idx_oob_fill_value=-1774533, value_oob_fill_value=-1234123412341234, seed=328, check_correctness=True, num_runs=0)
================
[   330/   522, 63%] Running on TestParam(batch_size=121, vocab_size=262144, topk=1231, sorted_value=False, sorted_index=True, return_value=False, dtype=torch.float32, out_idx_dtype=torch.int64, enable_end_position=True, enable_output_idx_offset=True, input_distrib=UniformUIntDistribution(lower=0x00000000, upper=0x00001000), idx_oob_fill_value=-1737856, value_oob_fill_value=-1234123412341234, seed=329, check_correctness=True, num_runs=0)
================
[   331/   522, 63%] Running on TestParam(batch_size=121, vocab_size=418673, topk=2132, sorted_value=False, sorted_index=True, return_value=True, dtype=torch.bfloat16, out_idx_dtype=torch.int32, enable_end_position=False, enable_output_idx_offset=True, input_distrib=UintDistributionWithHotspotAndSpecifiedPivot(pivot=None, topk=2132, hotspots=[(32641, 8)], allow_nan=True), idx_oob_fill_value=-1581327, value_oob_fill_value=-1234123412341234, seed=330, check_correctness=True, num_runs=0)
================
[   332/   522, 63%] Running on TestParam(batch_size=72, vocab_size=388, topk=2132, sorted_value=False, sorted_index=False, return_value=True, dtype=torch.float32, out_idx_dtype=torch.int64, enable_end_position=False, enable_output_idx_offset=False, input_distrib=UniformUIntDistribution(lower=0x00000000, upper=0x00000020), idx_oob_fill_value=-1999612, value_oob_fill_value=-1234123412341234, seed=331, check_correctness=True, num_runs=0)
================
[   333/   522, 64%] Running on TestParam(batch_size=4096, vocab_size=32768, topk=1231, sorted_value=False, sorted_index=False, return_value=False, dtype=torch.bfloat16, out_idx_dtype=torch.int32, enable_end_position=True, enable_output_idx_offset=False, input_distrib=UniformUIntDistribution(lower=0x00000000, upper=0x00000001), idx_oob_fill_value=-1967232, value_oob_fill_value=-1234123412341234, seed=332, check_correctness=True, num_runs=0)
================
[   334/   522, 64%] Running on TestParam(batch_size=48, vocab_size=1602, topk=1024, sorted_value=False, sorted_index=True, return_value=False, dtype=torch.float32, out_idx_dtype=torch.int32, enable_end_position=False, enable_output_idx_offset=False, input_distrib=NormalFloatDistribution(post_proc_func=<lambda>), idx_oob_fill_value=-1998398, value_oob_fill_value=-1234123412341234, seed=333, check_correctness=True, num_runs=0)
================
[   335/   522, 64%] Running on TestParam(batch_size=72, vocab_size=225467, topk=512, sorted_value=False, sorted_index=False, return_value=True, dtype=torch.float32, out_idx_dtype=torch.int64, enable_end_position=False, enable_output_idx_offset=False, input_distrib=NormalFloatDistribution(post_proc_func=<lambda>), idx_oob_fill_value=-1774533, value_oob_fill_value=-1234123412341234, seed=334, check_correctness=True, num_runs=0)
================
[   336/   522, 64%] Running on TestParam(batch_size=4096, vocab_size=1, topk=1, sorted_value=False, sorted_index=True, return_value=True, dtype=torch.float32, out_idx_dtype=torch.int32, enable_end_position=True, enable_output_idx_offset=False, input_distrib=UintDistributionWithHotspotAndSpecifiedPivot(pivot=None, topk=1, hotspots=[(2139095041, 1)], allow_nan=True), idx_oob_fill_value=-1999999, value_oob_fill_value=-1234123412341234, seed=335, check_correctness=True, num_runs=0)
================
[   337/   522, 64%] Running on TestParam(batch_size=4096, vocab_size=998123, topk=2333, sorted_value=True, sorted_index=False, return_value=True, dtype=torch.float32, out_idx_dtype=torch.int32, enable_end_position=True, enable_output_idx_offset=False, input_distrib=UniformUIntDistribution(lower=0x80000000, upper=0xff800000), idx_oob_fill_value=-1001877, value_oob_fill_value=-1234123412341234, seed=336, check_correctness=True, num_runs=0)
    SKIPPED: out of memory
================
[   338/   522, 65%] Running on TestParam(batch_size=95, vocab_size=377, topk=512, sorted_value=False, sorted_index=True, return_value=False, dtype=torch.bfloat16, out_idx_dtype=torch.int32, enable_end_position=False, enable_output_idx_offset=True, input_distrib=UniformUIntDistribution(lower=0x00000000, upper=0x00001000), idx_oob_fill_value=-1999623, value_oob_fill_value=-1234123412341234, seed=337, check_correctness=True, num_runs=0)
================
[   339/   522, 65%] Running on TestParam(batch_size=512, vocab_size=998123, topk=1231, sorted_value=False, sorted_index=False, return_value=True, dtype=torch.bfloat16, out_idx_dtype=torch.int64, enable_end_position=True, enable_output_idx_offset=False, input_distrib=NormalFloatDistribution(post_proc_func=<lambda>), idx_oob_fill_value=-1001877, value_oob_fill_value=-1234123412341234, seed=338, check_correctness=True, num_runs=0)
================
[   340/   522, 65%] Running on TestParam(batch_size=121, vocab_size=998123, topk=2048, sorted_value=False, sorted_index=True, return_value=True, dtype=torch.float32, out_idx_dtype=torch.int32, enable_end_position=False, enable_output_idx_offset=True, input_distrib=NormalFloatDistribution(post_proc_func=<lambda>), idx_oob_fill_value=-1001877, value_oob_fill_value=-1234123412341234, seed=339, check_correctness=True, num_runs=0)
================
[   341/   522, 65%] Running on TestParam(batch_size=4096, vocab_size=418673, topk=1024, sorted_value=False, sorted_index=True, return_value=True, dtype=torch.bfloat16, out_idx_dtype=torch.int64, enable_end_position=False, enable_output_idx_offset=False, input_distrib=NormalFloatDistribution(post_proc_func=<lambda>), idx_oob_fill_value=-1581327, value_oob_fill_value=-1234123412341234, seed=340, check_correctness=True, num_runs=0)
================
[   342/   522, 65%] Running on TestParam(batch_size=73, vocab_size=418673, topk=1, sorted_value=False, sorted_index=True, return_value=True, dtype=torch.float32, out_idx_dtype=torch.int64, enable_end_position=True, enable_output_idx_offset=True, input_distrib=NormalFloatDistribution(post_proc_func=<lambda>), idx_oob_fill_value=-1581327, value_oob_fill_value=-1234123412341234, seed=341, check_correctness=True, num_runs=0)
================
[   343/   522, 66%] Running on TestParam(batch_size=91, vocab_size=1, topk=56, sorted_value=False, sorted_index=True, return_value=False, dtype=torch.float32, out_idx_dtype=torch.int64, enable_end_position=False, enable_output_idx_offset=True, input_distrib=UniformUIntDistribution(lower=0x00000000, upper=0x7f800000), idx_oob_fill_value=-1999999, value_oob_fill_value=-1234123412341234, seed=342, check_correctness=True, num_runs=0)
================
[   344/   522, 66%] Running on TestParam(batch_size=47, vocab_size=225467, topk=512, sorted_value=False, sorted_index=False, return_value=False, dtype=torch.float32, out_idx_dtype=torch.int32, enable_end_position=False, enable_output_idx_offset=True, input_distrib=UniformUIntDistribution(lower=0x00000000, upper=0x7f800000), idx_oob_fill_value=-1774533, value_oob_fill_value=-1234123412341234, seed=343, check_correctness=True, num_runs=0)
================
[   345/   522, 66%] Running on TestParam(batch_size=70, vocab_size=123245, topk=1024, sorted_value=False, sorted_index=True, return_value=True, dtype=torch.float32, out_idx_dtype=torch.int32, enable_end_position=False, enable_output_idx_offset=False, input_distrib=UniformUIntDistribution(lower=0x00000000, upper=0x00000001), idx_oob_fill_value=-1876755, value_oob_fill_value=-1234123412341234, seed=344, check_correctness=True, num_runs=0)
================
[   346/   522, 66%] Running on TestParam(batch_size=4096, vocab_size=32, topk=2333, sorted_value=False, sorted_index=False, return_value=False, dtype=torch.float32, out_idx_dtype=torch.int64, enable_end_position=True, enable_output_idx_offset=False, input_distrib=UniformUIntDistribution(lower=0x80000000, upper=0xff800000), idx_oob_fill_value=-1999968, value_oob_fill_value=-1234123412341234, seed=345, check_correctness=True, num_runs=0)
================
[   347/   522, 66%] Running on TestParam(batch_size=4096, vocab_size=1, topk=2048, sorted_value=False, sorted_index=False, return_value=False, dtype=torch.bfloat16, out_idx_dtype=torch.int32, enable_end_position=False, enable_output_idx_offset=False, input_distrib=NormalFloatDistribution(post_proc_func=<lambda>), idx_oob_fill_value=-1999999, value_oob_fill_value=-1234123412341234, seed=346, check_correctness=True, num_runs=0)
================
[   348/   522, 66%] Running on TestParam(batch_size=6, vocab_size=262144, topk=2048, sorted_value=False, sorted_index=False, return_value=True, dtype=torch.float32, out_idx_dtype=torch.int32, enable_end_position=False, enable_output_idx_offset=False, input_distrib=UniformUIntDistribution(lower=0x00000000, upper=0x7f800000), idx_oob_fill_value=-1737856, value_oob_fill_value=-1234123412341234, seed=347, check_correctness=True, num_runs=0)
================
[   349/   522, 67%] Running on TestParam(batch_size=4096, vocab_size=1, topk=2132, sorted_value=False, sorted_index=False, return_value=False, dtype=torch.bfloat16, out_idx_dtype=torch.int32, enable_end_position=False, enable_output_idx_offset=False, input_distrib=NormalFloatDistribution(post_proc_func=<lambda>), idx_oob_fill_value=-1999999, value_oob_fill_value=-1234123412341234, seed=348, check_correctness=True, num_runs=0)
================
[   350/   522, 67%] Running on TestParam(batch_size=6, vocab_size=1, topk=2132, sorted_value=False, sorted_index=False, return_value=True, dtype=torch.float32, out_idx_dtype=torch.int32, enable_end_position=False, enable_output_idx_offset=False, input_distrib=UniformUIntDistribution(lower=0x00000000, upper=0x00000020), idx_oob_fill_value=-1999999, value_oob_fill_value=-1234123412341234, seed=349, check_correctness=True, num_runs=0)
================
[   351/   522, 67%] Running on TestParam(batch_size=121, vocab_size=998123, topk=1, sorted_value=False, sorted_index=True, return_value=False, dtype=torch.float32, out_idx_dtype=torch.int32, enable_end_position=True, enable_output_idx_offset=True, input_distrib=NormalFloatDistribution(post_proc_func=<lambda>), idx_oob_fill_value=-1001877, value_oob_fill_value=-1234123412341234, seed=350, check_correctness=True, num_runs=0)
================
[   352/   522, 67%] Running on TestParam(batch_size=91, vocab_size=476, topk=4096, sorted_value=False, sorted_index=True, return_value=False, dtype=torch.float32, out_idx_dtype=torch.int64, enable_end_position=False, enable_output_idx_offset=True, input_distrib=NormalFloatDistribution(post_proc_func=<lambda>), idx_oob_fill_value=-1999524, value_oob_fill_value=-1234123412341234, seed=351, check_correctness=True, num_runs=0)
================
[   353/   522, 67%] Running on TestParam(batch_size=121, vocab_size=32768, topk=1231, sorted_value=False, sorted_index=False, return_value=False, dtype=torch.bfloat16, out_idx_dtype=torch.int32, enable_end_position=True, enable_output_idx_offset=True, input_distrib=UniformUIntDistribution(lower=0x00008000, upper=0x0000ff80), idx_oob_fill_value=-1967232, value_oob_fill_value=-1234123412341234, seed=352, check_correctness=True, num_runs=0)
================
[   354/   522, 68%] Running on TestParam(batch_size=512, vocab_size=1, topk=2132, sorted_value=False, sorted_index=True, return_value=False, dtype=torch.float32, out_idx_dtype=torch.int32, enable_end_position=False, enable_output_idx_offset=False, input_distrib=NormalFloatDistribution(post_proc_func=<lambda>), idx_oob_fill_value=-1999999, value_oob_fill_value=-1234123412341234, seed=353, check_correctness=True, num_runs=0)
================
[   355/   522, 68%] Running on TestParam(batch_size=14, vocab_size=32768, topk=2132, sorted_value=False, sorted_index=True, return_value=True, dtype=torch.bfloat16, out_idx_dtype=torch.int64, enable_end_position=False, enable_output_idx_offset=False, input_distrib=UintDistributionWithHotspotAndSpecifiedPivot(pivot=None, topk=2132, hotspots=[(32641, 8)], allow_nan=True), idx_oob_fill_value=-1967232, value_oob_fill_value=-1234123412341234, seed=354, check_correctness=True, num_runs=0)
================
[   356/   522, 68%] Running on TestParam(batch_size=512, vocab_size=682965, topk=2333, sorted_value=False, sorted_index=False, return_value=True, dtype=torch.float32, out_idx_dtype=torch.int64, enable_end_position=True, enable_output_idx_offset=False, input_distrib=UniformUIntDistribution(lower=0x00000000, upper=0x00000001), idx_oob_fill_value=-1317035, value_oob_fill_value=-1234123412341234, seed=355, check_correctness=True, num_runs=0)
================
[   357/   522, 68%] Running on TestParam(batch_size=83, vocab_size=418673, topk=1231, sorted_value=False, sorted_index=False, return_value=True, dtype=torch.bfloat16, out_idx_dtype=torch.int64, enable_end_position=True, enable_output_idx_offset=True, input_distrib=NormalFloatDistribution(post_proc_func=<lambda>), idx_oob_fill_value=-1581327, value_oob_fill_value=-1234123412341234, seed=356, check_correctness=True, num_runs=0)
================
[   358/   522, 68%] Running on TestParam(batch_size=74, vocab_size=8388607, topk=2048, sorted_value=False, sorted_index=False, return_value=False, dtype=torch.bfloat16, out_idx_dtype=torch.int32, enable_end_position=False, enable_output_idx_offset=False, input_distrib=UintDistributionWithHotspotAndSpecifiedPivot(pivot=None, topk=2048, hotspots=[(65409, 8)], allow_nan=True), idx_oob_fill_value=6388607, value_oob_fill_value=-1234123412341234, seed=357, check_correctness=True, num_runs=0)
================
[   359/   522, 69%] Running on TestParam(batch_size=95, vocab_size=1048576, topk=4096, sorted_value=False, sorted_index=True, return_value=False, dtype=torch.bfloat16, out_idx_dtype=torch.int32, enable_end_position=False, enable_output_idx_offset=True, input_distrib=UniformUIntDistribution(lower=0x00000000, upper=0x00000020), idx_oob_fill_value=-951424, value_oob_fill_value=-1234123412341234, seed=358, check_correctness=True, num_runs=0)
================
[   360/   522, 69%] Running on TestParam(batch_size=121, vocab_size=32768, topk=2048, sorted_value=False, sorted_index=True, return_value=False, dtype=torch.bfloat16, out_idx_dtype=torch.int32, enable_end_position=False, enable_output_idx_offset=True, input_distrib=UintDistributionWithHotspotAndSpecifiedPivot(pivot=None, topk=2048, hotspots=[(65409, 8)], allow_nan=True), idx_oob_fill_value=-1967232, value_oob_fill_value=-1234123412341234, seed=359, check_correctness=True, num_runs=0)
================
[   361/   522, 69%] Running on TestParam(batch_size=83, vocab_size=440, topk=2048, sorted_value=False, sorted_index=False, return_value=True, dtype=torch.bfloat16, out_idx_dtype=torch.int64, enable_end_position=False, enable_output_idx_offset=True, input_distrib=UniformUIntDistribution(lower=0x00000000, upper=0x00000020), idx_oob_fill_value=-1999560, value_oob_fill_value=-1234123412341234, seed=360, check_correctness=True, num_runs=0)
================
[   362/   522, 69%] Running on TestParam(batch_size=4096, vocab_size=32768, topk=512, sorted_value=False, sorted_index=False, return_value=True, dtype=torch.bfloat16, out_idx_dtype=torch.int64, enable_end_position=False, enable_output_idx_offset=False, input_distrib=UniformUIntDistribution(lower=0x00000000, upper=0x00000020), idx_oob_fill_value=-1967232, value_oob_fill_value=-1234123412341234, seed=361, check_correctness=True, num_runs=0)
================
[   363/   522, 69%] Running on TestParam(batch_size=4096, vocab_size=1, topk=2132, sorted_value=True, sorted_index=False, return_value=True, dtype=torch.float32, out_idx_dtype=torch.int32, enable_end_position=False, enable_output_idx_offset=False, input_distrib=NormalFloatDistribution(post_proc_func=<lambda>), idx_oob_fill_value=-1999999, value_oob_fill_value=-1234123412341234, seed=362, check_correctness=True, num_runs=0)
================
[   364/   522, 70%] Running on TestParam(batch_size=6, vocab_size=123245, topk=1231, sorted_value=False, sorted_index=False, return_value=True, dtype=torch.float32, out_idx_dtype=torch.int32, enable_end_position=True, enable_output_idx_offset=False, input_distrib=UniformUIntDistribution(lower=0x00000000, upper=0x00000001), idx_oob_fill_value=-1876755, value_oob_fill_value=-1234123412341234, seed=363, check_correctness=True, num_runs=0)
================
[   365/   522, 70%] Running on TestParam(batch_size=512, vocab_size=1, topk=512, sorted_value=False, sorted_index=False, return_value=False, dtype=torch.float32, out_idx_dtype=torch.int32, enable_end_position=False, enable_output_idx_offset=False, input_distrib=UintDistributionWithHotspotAndSpecifiedPivot(pivot=None, topk=512, hotspots=[(2139095041, 1)], allow_nan=True), idx_oob_fill_value=-1999999, value_oob_fill_value=-1234123412341234, seed=364, check_correctness=True, num_runs=0)
================
[   366/   522, 70%] Running on TestParam(batch_size=4096, vocab_size=295, topk=1231, sorted_value=False, sorted_index=False, return_value=True, dtype=torch.bfloat16, out_idx_dtype=torch.int32, enable_end_position=True, enable_output_idx_offset=False, input_distrib=UniformUIntDistribution(lower=0x00000000, upper=0x00000001), idx_oob_fill_value=-1999705, value_oob_fill_value=-1234123412341234, seed=365, check_correctness=True, num_runs=0)
================
[   367/   522, 70%] Running on TestParam(batch_size=512, vocab_size=31, topk=2333, sorted_value=False, sorted_index=True, return_value=True, dtype=torch.float32, out_idx_dtype=torch.int32, enable_end_position=True, enable_output_idx_offset=False, input_distrib=NormalFloatDistribution(post_proc_func=<lambda>), idx_oob_fill_value=-1999969, value_oob_fill_value=-1234123412341234, seed=366, check_correctness=True, num_runs=0)
================
[   368/   522, 70%] Running on TestParam(batch_size=4096, vocab_size=418673, topk=2048, sorted_value=False, sorted_index=False, return_value=True, dtype=torch.bfloat16, out_idx_dtype=torch.int64, enable_end_position=False, enable_output_idx_offset=False, input_distrib=NormalFloatDistribution(post_proc_func=<lambda>), idx_oob_fill_value=-1581327, value_oob_fill_value=-1234123412341234, seed=367, check_correctness=True, num_runs=0)
================
[   369/   522, 70%] Running on TestParam(batch_size=4, vocab_size=1, topk=2132, sorted_value=False, sorted_index=True, return_value=True, dtype=torch.bfloat16, out_idx_dtype=torch.int32, enable_end_position=False, enable_output_idx_offset=False, input_distrib=UintDistributionWithHotspotAndSpecifiedPivot(pivot=None, topk=2132, hotspots=[(65409, 1)], allow_nan=True), idx_oob_fill_value=-1999999, value_oob_fill_value=-1234123412341234, seed=368, check_correctness=True, num_runs=0)
================
[   370/   522, 71%] Running on TestParam(batch_size=512, vocab_size=1602, topk=2048, sorted_value=False, sorted_index=False, return_value=True, dtype=torch.bfloat16, out_idx_dtype=torch.int32, enable_end_position=False, enable_output_idx_offset=False, input_distrib=NormalFloatDistribution(), idx_oob_fill_value=-1998398, value_oob_fill_value=-1234123412341234, seed=369, check_correctness=True, num_runs=0)
================
[   371/   522, 71%] Running on TestParam(batch_size=121, vocab_size=225467, topk=1, sorted_value=False, sorted_index=False, return_value=True, dtype=torch.bfloat16, out_idx_dtype=torch.int32, enable_end_position=True, enable_output_idx_offset=True, input_distrib=NormalFloatDistribution(post_proc_func=<lambda>), idx_oob_fill_value=-1774533, value_oob_fill_value=-1234123412341234, seed=370, check_correctness=True, num_runs=0)
================
[   372/   522, 71%] Running on TestParam(batch_size=70, vocab_size=45, topk=512, sorted_value=False, sorted_index=True, return_value=True, dtype=torch.bfloat16, out_idx_dtype=torch.int32, enable_end_position=False, enable_output_idx_offset=False, input_distrib=UintDistributionWithHotspotAndSpecifiedPivot(pivot=None, topk=512, hotspots=[(65409, 8)], allow_nan=True), idx_oob_fill_value=-1999955, value_oob_fill_value=-1234123412341234, seed=371, check_correctness=True, num_runs=0)
================
[   373/   522, 71%] Running on TestParam(batch_size=4096, vocab_size=1602, topk=2333, sorted_value=False, sorted_index=False, return_value=True, dtype=torch.float32, out_idx_dtype=torch.int64, enable_end_position=True, enable_output_idx_offset=False, input_distrib=UniformUIntDistribution(lower=0x00000000, upper=0x00000020), idx_oob_fill_value=-1998398, value_oob_fill_value=-1234123412341234, seed=372, check_correctness=True, num_runs=0)
================
[   374/   522, 71%] Running on TestParam(batch_size=512, vocab_size=8388607, topk=1024, sorted_value=False, sorted_index=True, return_value=False, dtype=torch.float32, out_idx_dtype=torch.int32, enable_end_position=False, enable_output_idx_offset=False, input_distrib=UintDistributionWithHotspotAndSpecifiedPivot(pivot=None, topk=1024, hotspots=[(4286578689, 8)], allow_nan=True), idx_oob_fill_value=6388607, value_oob_fill_value=-1234123412341234, seed=373, check_correctness=True, num_runs=0)
    SKIPPED: out of memory
================
[   375/   522, 72%] Running on TestParam(batch_size=512, vocab_size=56, topk=334, sorted_value=False, sorted_index=True, return_value=False, dtype=torch.float32, out_idx_dtype=torch.int64, enable_end_position=False, enable_output_idx_offset=False, input_distrib=UniformUIntDistribution(lower=0x00000000, upper=0x00001000), idx_oob_fill_value=-1999944, value_oob_fill_value=-1234123412341234, seed=374, check_correctness=True, num_runs=0)
================
[   376/   522, 72%] Running on TestParam(batch_size=121, vocab_size=1602, topk=1, sorted_value=False, sorted_index=True, return_value=False, dtype=torch.bfloat16, out_idx_dtype=torch.int64, enable_end_position=True, enable_output_idx_offset=True, input_distrib=NormalFloatDistribution(), idx_oob_fill_value=-1998398, value_oob_fill_value=-1234123412341234, seed=375, check_correctness=True, num_runs=0)
================
[   377/   522, 72%] Running on TestParam(batch_size=512, vocab_size=8388607, topk=488, sorted_value=False, sorted_index=False, return_value=True, dtype=torch.bfloat16, out_idx_dtype=torch.int64, enable_end_position=False, enable_output_idx_offset=False, input_distrib=NormalFloatDistribution(), idx_oob_fill_value=6388607, value_oob_fill_value=-1234123412341234, seed=376, check_correctness=True, num_runs=0)
================
[   378/   522, 72%] Running on TestParam(batch_size=95, vocab_size=418673, topk=335, sorted_value=True, sorted_index=False, return_value=True, dtype=torch.float32, out_idx_dtype=torch.int32, enable_end_position=True, enable_output_idx_offset=True, input_distrib=UniformUIntDistribution(lower=0x00000000, upper=0x00001000), idx_oob_fill_value=-1581327, value_oob_fill_value=-1234123412341234, seed=377, check_correctness=True, num_runs=0)
================
[   379/   522, 72%] Running on TestParam(batch_size=121, vocab_size=1, topk=1231, sorted_value=False, sorted_index=True, return_value=True, dtype=torch.float32, out_idx_dtype=torch.int64, enable_end_position=True, enable_output_idx_offset=True, input_distrib=UniformUIntDistribution(lower=0x00000000, upper=0x00001000), idx_oob_fill_value=-1999999, value_oob_fill_value=-1234123412341234, seed=378, check_correctness=True, num_runs=0)
================
[   380/   522, 73%] Running on TestParam(batch_size=512, vocab_size=8388607, topk=1024, sorted_value=False, sorted_index=True, return_value=True, dtype=torch.float32, out_idx_dtype=torch.int64, enable_end_position=False, enable_output_idx_offset=False, input_distrib=UintDistributionWithHotspotAndSpecifiedPivot(pivot=None, topk=1024, hotspots=[(4286578689, 8)], allow_nan=True), idx_oob_fill_value=6388607, value_oob_fill_value=-1234123412341234, seed=379, check_correctness=True, num_runs=0)
    SKIPPED: out of memory
================
[   381/   522, 73%] Running on TestParam(batch_size=4096, vocab_size=123245, topk=1231, sorted_value=False, sorted_index=False, return_value=False, dtype=torch.float32, out_idx_dtype=torch.int64, enable_end_position=True, enable_output_idx_offset=False, input_distrib=UniformUIntDistribution(lower=0x00000000, upper=0x00001000), idx_oob_fill_value=-1876755, value_oob_fill_value=-1234123412341234, seed=380, check_correctness=True, num_runs=0)
================
[   382/   522, 73%] Running on TestParam(batch_size=121, vocab_size=1048576, topk=1024, sorted_value=False, sorted_index=False, return_value=False, dtype=torch.float32, out_idx_dtype=torch.int32, enable_end_position=False, enable_output_idx_offset=True, input_distrib=NormalFloatDistribution(), idx_oob_fill_value=-951424, value_oob_fill_value=-1234123412341234, seed=381, check_correctness=True, num_runs=0)
================
[   383/   522, 73%] Running on TestParam(batch_size=121, vocab_size=1048576, topk=2333, sorted_value=False, sorted_index=True, return_value=True, dtype=torch.float32, out_idx_dtype=torch.int64, enable_end_position=True, enable_output_idx_offset=True, input_distrib=UniformUIntDistribution(lower=0x00000000, upper=0x00000020), idx_oob_fill_value=-951424, value_oob_fill_value=-1234123412341234, seed=382, check_correctness=True, num_runs=0)
================
[   384/   522, 73%] Running on TestParam(batch_size=14, vocab_size=998123, topk=2132, sorted_value=False, sorted_index=False, return_value=True, dtype=torch.float32, out_idx_dtype=torch.int64, enable_end_position=False, enable_output_idx_offset=False, input_distrib=UniformUIntDistribution(lower=0x00000000, upper=0x00001000), idx_oob_fill_value=-1001877, value_oob_fill_value=-1234123412341234, seed=383, check_correctness=True, num_runs=0)
================
[   385/   522, 74%] Running on TestParam(batch_size=121, vocab_size=1602, topk=2048, sorted_value=False, sorted_index=True, return_value=False, dtype=torch.bfloat16, out_idx_dtype=torch.int64, enable_end_position=False, enable_output_idx_offset=True, input_distrib=UintDistributionWithHotspotAndSpecifiedPivot(pivot=None, topk=2048, hotspots=[(65409, 8)], allow_nan=True), idx_oob_fill_value=-1998398, value_oob_fill_value=-1234123412341234, seed=384, check_correctness=True, num_runs=0)
================
[   386/   522, 74%] Running on TestParam(batch_size=512, vocab_size=1602, topk=1231, sorted_value=False, sorted_index=True, return_value=False, dtype=torch.bfloat16, out_idx_dtype=torch.int32, enable_end_position=True, enable_output_idx_offset=False, input_distrib=NormalFloatDistribution(post_proc_func=<lambda>), idx_oob_fill_value=-1998398, value_oob_fill_value=-1234123412341234, seed=385, check_correctness=True, num_runs=0)
================
[   387/   522, 74%] Running on TestParam(batch_size=121, vocab_size=418673, topk=2048, sorted_value=False, sorted_index=False, return_value=False, dtype=torch.bfloat16, out_idx_dtype=torch.int64, enable_end_position=False, enable_output_idx_offset=True, input_distrib=NormalFloatDistribution(post_proc_func=<lambda>), idx_oob_fill_value=-1581327, value_oob_fill_value=-1234123412341234, seed=386, check_correctness=True, num_runs=0)
================
[   388/   522, 74%] Running on TestParam(batch_size=67, vocab_size=123245, topk=1231, sorted_value=False, sorted_index=True, return_value=False, dtype=torch.bfloat16, out_idx_dtype=torch.int64, enable_end_position=True, enable_output_idx_offset=True, input_distrib=NormalFloatDistribution(post_proc_func=<lambda>), idx_oob_fill_value=-1876755, value_oob_fill_value=-1234123412341234, seed=387, check_correctness=True, num_runs=0)
================
[   389/   522, 74%] Running on TestParam(batch_size=4096, vocab_size=1, topk=2132, sorted_value=False, sorted_index=True, return_value=True, dtype=torch.bfloat16, out_idx_dtype=torch.int64, enable_end_position=False, enable_output_idx_offset=False, input_distrib=NormalFloatDistribution(post_proc_func=<lambda>), idx_oob_fill_value=-1999999, value_oob_fill_value=-1234123412341234, seed=388, check_correctness=True, num_runs=0)
================
[   390/   522, 75%] Running on TestParam(batch_size=121, vocab_size=1602, topk=512, sorted_value=False, sorted_index=True, return_value=False, dtype=torch.bfloat16, out_idx_dtype=torch.int64, enable_end_position=False, enable_output_idx_offset=True, input_distrib=UintDistributionWithHotspotAndSpecifiedPivot(pivot=None, topk=512, hotspots=[(65409, 8)], allow_nan=True), idx_oob_fill_value=-1998398, value_oob_fill_value=-1234123412341234, seed=389, check_correctness=True, num_runs=0)
================
[   391/   522, 75%] Running on TestParam(batch_size=121, vocab_size=225467, topk=1, sorted_value=True, sorted_index=False, return_value=True, dtype=torch.float32, out_idx_dtype=torch.int64, enable_end_position=True, enable_output_idx_offset=True, input_distrib=UniformUIntDistribution(lower=0x80000000, upper=0xff800000), idx_oob_fill_value=-1774533, value_oob_fill_value=-1234123412341234, seed=390, check_correctness=True, num_runs=0)
================
[   392/   522, 75%] Running on TestParam(batch_size=67, vocab_size=262144, topk=4096, sorted_value=False, sorted_index=True, return_value=False, dtype=torch.bfloat16, out_idx_dtype=torch.int64, enable_end_position=False, enable_output_idx_offset=True, input_distrib=UintDistributionWithHotspotAndSpecifiedPivot(pivot=None, topk=4096, hotspots=[(32641, 8)], allow_nan=True), idx_oob_fill_value=-1737856, value_oob_fill_value=-1234123412341234, seed=391, check_correctness=True, num_runs=0)
================
[   393/   522, 75%] Running on TestParam(batch_size=4096, vocab_size=1048576, topk=4096, sorted_value=False, sorted_index=False, return_value=False, dtype=torch.float32, out_idx_dtype=torch.int32, enable_end_position=False, enable_output_idx_offset=False, input_distrib=NormalFloatDistribution(post_proc_func=<lambda>), idx_oob_fill_value=-951424, value_oob_fill_value=-1234123412341234, seed=392, check_correctness=True, num_runs=0)
    SKIPPED: out of memory
================
[   394/   522, 75%] Running on TestParam(batch_size=70, vocab_size=8388607, topk=1231, sorted_value=False, sorted_index=True, return_value=True, dtype=torch.bfloat16, out_idx_dtype=torch.int32, enable_end_position=True, enable_output_idx_offset=False, input_distrib=UintDistributionWithHotspotAndSpecifiedPivot(pivot=None, topk=1231, hotspots=[(32641, 8)], allow_nan=True), idx_oob_fill_value=6388607, value_oob_fill_value=-1234123412341234, seed=393, check_correctness=True, num_runs=0)
================
[   395/   522, 75%] Running on TestParam(batch_size=34, vocab_size=1602, topk=2048, sorted_value=False, sorted_index=False, return_value=False, dtype=torch.float32, out_idx_dtype=torch.int64, enable_end_position=False, enable_output_idx_offset=False, input_distrib=NormalFloatDistribution(), idx_oob_fill_value=-1998398, value_oob_fill_value=-1234123412341234, seed=394, check_correctness=True, num_runs=0)
================
[   396/   522, 76%] Running on TestParam(batch_size=14, vocab_size=225467, topk=512, sorted_value=False, sorted_index=False, return_value=True, dtype=torch.float32, out_idx_dtype=torch.int64, enable_end_position=False, enable_output_idx_offset=False, input_distrib=UniformUIntDistribution(lower=0x00000000, upper=0x00000001), idx_oob_fill_value=-1774533, value_oob_fill_value=-1234123412341234, seed=395, check_correctness=True, num_runs=0)
================
[   397/   522, 76%] Running on TestParam(batch_size=121, vocab_size=240, topk=512, sorted_value=False, sorted_index=False, return_value=True, dtype=torch.float32, out_idx_dtype=torch.int64, enable_end_position=False, enable_output_idx_offset=True, input_distrib=NormalFloatDistribution(post_proc_func=<lambda>), idx_oob_fill_value=-1999760, value_oob_fill_value=-1234123412341234, seed=396, check_correctness=True, num_runs=0)
================
[   398/   522, 76%] Running on TestParam(batch_size=11, vocab_size=1602, topk=512, sorted_value=False, sorted_index=True, return_value=False, dtype=torch.float32, out_idx_dtype=torch.int64, enable_end_position=False, enable_output_idx_offset=True, input_distrib=NormalFloatDistribution(post_proc_func=<lambda>), idx_oob_fill_value=-1998398, value_oob_fill_value=-1234123412341234, seed=397, check_correctness=True, num_runs=0)
================
[   399/   522, 76%] Running on TestParam(batch_size=512, vocab_size=123245, topk=512, sorted_value=False, sorted_index=False, return_value=True, dtype=torch.float32, out_idx_dtype=torch.int64, enable_end_position=False, enable_output_idx_offset=False, input_distrib=NormalFloatDistribution(post_proc_func=<lambda>), idx_oob_fill_value=-1876755, value_oob_fill_value=-1234123412341234, seed=398, check_correctness=True, num_runs=0)
================
[   400/   522, 76%] Running on TestParam(batch_size=512, vocab_size=1, topk=71, sorted_value=False, sorted_index=True, return_value=True, dtype=torch.bfloat16, out_idx_dtype=torch.int64, enable_end_position=True, enable_output_idx_offset=False, input_distrib=UintDistributionWithHotspotAndSpecifiedPivot(pivot=None, topk=71, hotspots=[(32641, 1)], allow_nan=True), idx_oob_fill_value=-1999999, value_oob_fill_value=-1234123412341234, seed=399, check_correctness=True, num_runs=0)
================
[   401/   522, 77%] Running on TestParam(batch_size=67, vocab_size=32768, topk=2333, sorted_value=False, sorted_index=True, return_value=False, dtype=torch.bfloat16, out_idx_dtype=torch.int64, enable_end_position=True, enable_output_idx_offset=True, input_distrib=UniformUIntDistribution(lower=0x00000000, upper=0x00001000), idx_oob_fill_value=-1967232, value_oob_fill_value=-1234123412341234, seed=400, check_correctness=True, num_runs=0)
================
[   402/   522, 77%] Running on TestParam(batch_size=4, vocab_size=350, topk=1024, sorted_value=False, sorted_index=False, return_value=True, dtype=torch.bfloat16, out_idx_dtype=torch.int32, enable_end_position=False, enable_output_idx_offset=False, input_distrib=NormalFloatDistribution(), idx_oob_fill_value=-1999650, value_oob_fill_value=-1234123412341234, seed=401, check_correctness=True, num_runs=0)
================
[   403/   522, 77%] Running on TestParam(batch_size=6, vocab_size=256, topk=512, sorted_value=False, sorted_index=False, return_value=False, dtype=torch.bfloat16, out_idx_dtype=torch.int32, enable_end_position=False, enable_output_idx_offset=False, input_distrib=NormalFloatDistribution(), idx_oob_fill_value=-2147483647, value_oob_fill_value=-1234123412341234, seed=402, check_correctness=True, num_runs=10)
topk           :     3.610 us, 0.004 TB/s
================
[   404/   522, 77%] Running on TestParam(batch_size=6, vocab_size=1024, topk=512, sorted_value=False, sorted_index=False, return_value=False, dtype=torch.bfloat16, out_idx_dtype=torch.int32, enable_end_position=False, enable_output_idx_offset=False, input_distrib=NormalFloatDistribution(), idx_oob_fill_value=-2147483647, value_oob_fill_value=-1234123412341234, seed=403, check_correctness=True, num_runs=10)
topk           :    16.589 us, 0.001 TB/s
torch.topk     :    27.341 us, 0.001 TB/s  (speedup 1.65x)
================
[   405/   522, 77%] Running on TestParam(batch_size=6, vocab_size=4096, topk=512, sorted_value=False, sorted_index=False, return_value=False, dtype=torch.bfloat16, out_idx_dtype=torch.int32, enable_end_position=False, enable_output_idx_offset=False, input_distrib=NormalFloatDistribution(), idx_oob_fill_value=-2147483647, value_oob_fill_value=-1234123412341234, seed=404, check_correctness=True, num_runs=10)
topk           :    18.534 us, 0.003 TB/s
torch.topk     :    50.739 us, 0.001 TB/s  (speedup 2.74x)
================
[   406/   522, 78%] Running on TestParam(batch_size=6, vocab_size=16384, topk=512, sorted_value=False, sorted_index=False, return_value=False, dtype=torch.bfloat16, out_idx_dtype=torch.int32, enable_end_position=False, enable_output_idx_offset=False, input_distrib=NormalFloatDistribution(), idx_oob_fill_value=-2147483647, value_oob_fill_value=-1234123412341234, seed=405, check_correctness=True, num_runs=10)
topk           :    30.157 us, 0.007 TB/s
torch.topk     :   149.146 us, 0.001 TB/s  (speedup 4.95x)
================
[   407/   522, 78%] Running on TestParam(batch_size=6, vocab_size=65536, topk=512, sorted_value=False, sorted_index=False, return_value=False, dtype=torch.bfloat16, out_idx_dtype=torch.int32, enable_end_position=False, enable_output_idx_offset=False, input_distrib=NormalFloatDistribution(), idx_oob_fill_value=-2147483647, value_oob_fill_value=-1234123412341234, seed=406, check_correctness=True, num_runs=10)
topk           :    53.069 us, 0.015 TB/s
torch.topk     :   177.766 us, 0.004 TB/s  (speedup 3.35x)
================
[   408/   522, 78%] Running on TestParam(batch_size=6, vocab_size=131072, topk=512, sorted_value=False, sorted_index=False, return_value=False, dtype=torch.bfloat16, out_idx_dtype=torch.int32, enable_end_position=False, enable_output_idx_offset=False, input_distrib=NormalFloatDistribution(), idx_oob_fill_value=-2147483647, value_oob_fill_value=-1234123412341234, seed=407, check_correctness=True, num_runs=10)
topk           :    84.634 us, 0.019 TB/s
torch.topk     :   223.462 us, 0.007 TB/s  (speedup 2.64x)
================
[   409/   522, 78%] Running on TestParam(batch_size=6, vocab_size=262144, topk=512, sorted_value=False, sorted_index=False, return_value=False, dtype=torch.bfloat16, out_idx_dtype=torch.int32, enable_end_position=False, enable_output_idx_offset=False, input_distrib=NormalFloatDistribution(), idx_oob_fill_value=-2147483647, value_oob_fill_value=-1234123412341234, seed=408, check_correctness=True, num_runs=10)
topk           :    82.918 us, 0.038 TB/s
torch.topk     :   263.398 us, 0.012 TB/s  (speedup 3.18x)
================
[   410/   522, 78%] Running on TestParam(batch_size=6, vocab_size=524288, topk=512, sorted_value=False, sorted_index=False, return_value=False, dtype=torch.bfloat16, out_idx_dtype=torch.int32, enable_end_position=False, enable_output_idx_offset=False, input_distrib=NormalFloatDistribution(), idx_oob_fill_value=-2147483647, value_oob_fill_value=-1234123412341234, seed=409, check_correctness=True, num_runs=10)
topk           :    82.125 us, 0.077 TB/s
torch.topk     :   294.298 us, 0.021 TB/s  (speedup 3.58x)
================
[   411/   522, 79%] Running on TestParam(batch_size=6, vocab_size=1048576, topk=512, sorted_value=False, sorted_index=False, return_value=False, dtype=torch.bfloat16, out_idx_dtype=torch.int32, enable_end_position=False, enable_output_idx_offset=False, input_distrib=NormalFloatDistribution(), idx_oob_fill_value=-2147483647, value_oob_fill_value=-1234123412341234, seed=410, check_correctness=True, num_runs=10)
topk           :   110.925 us, 0.114 TB/s
torch.topk     :   379.238 us, 0.033 TB/s  (speedup 3.42x)
================
[   412/   522, 79%] Running on TestParam(batch_size=256, vocab_size=256, topk=512, sorted_value=False, sorted_index=False, return_value=False, dtype=torch.bfloat16, out_idx_dtype=torch.int32, enable_end_position=False, enable_output_idx_offset=False, input_distrib=NormalFloatDistribution(), idx_oob_fill_value=-2147483647, value_oob_fill_value=-1234123412341234, seed=411, check_correctness=True, num_runs=10)
topk           :     6.758 us, 0.097 TB/s
================
[   413/   522, 79%] Running on TestParam(batch_size=256, vocab_size=1024, topk=512, sorted_value=False, sorted_index=False, return_value=False, dtype=torch.bfloat16, out_idx_dtype=torch.int32, enable_end_position=False, enable_output_idx_offset=False, input_distrib=NormalFloatDistribution(), idx_oob_fill_value=-2147483647, value_oob_fill_value=-1234123412341234, seed=412, check_correctness=True, num_runs=10)
topk           :    33.203 us, 0.032 TB/s
torch.topk     :    60.160 us, 0.017 TB/s  (speedup 1.81x)
================
[   414/   522, 79%] Running on TestParam(batch_size=256, vocab_size=4096, topk=512, sorted_value=False, sorted_index=False, return_value=False, dtype=torch.bfloat16, out_idx_dtype=torch.int32, enable_end_position=False, enable_output_idx_offset=False, input_distrib=NormalFloatDistribution(), idx_oob_fill_value=-2147483647, value_oob_fill_value=-1234123412341234, seed=413, check_correctness=True, num_runs=10)
topk           :    40.806 us, 0.064 TB/s
torch.topk     :   210.816 us, 0.012 TB/s  (speedup 5.17x)
================
[   415/   522, 79%] Running on TestParam(batch_size=256, vocab_size=16384, topk=512, sorted_value=False, sorted_index=False, return_value=False, dtype=torch.bfloat16, out_idx_dtype=torch.int32, enable_end_position=False, enable_output_idx_offset=False, input_distrib=NormalFloatDistribution(), idx_oob_fill_value=-2147483647, value_oob_fill_value=-1234123412341234, seed=414, check_correctness=True, num_runs=10)
topk           :    68.634 us, 0.130 TB/s
torch.topk     :   317.696 us, 0.028 TB/s  (speedup 4.63x)
================
[   416/   522, 80%] Running on TestParam(batch_size=256, vocab_size=65536, topk=512, sorted_value=False, sorted_index=False, return_value=False, dtype=torch.bfloat16, out_idx_dtype=torch.int32, enable_end_position=False, enable_output_idx_offset=False, input_distrib=NormalFloatDistribution(), idx_oob_fill_value=-2147483647, value_oob_fill_value=-1234123412341234, seed=415, check_correctness=True, num_runs=10)
topk           :   174.490 us, 0.195 TB/s
torch.topk     :   709.888 us, 0.048 TB/s  (speedup 4.07x)
================
[   417/   522, 80%] Running on TestParam(batch_size=256, vocab_size=131072, topk=512, sorted_value=False, sorted_index=False, return_value=False, dtype=torch.bfloat16, out_idx_dtype=torch.int32, enable_end_position=False, enable_output_idx_offset=False, input_distrib=NormalFloatDistribution(), idx_oob_fill_value=-2147483647, value_oob_fill_value=-1234123412341234, seed=416, check_correctness=True, num_runs=10)
topk           :   282.368 us, 0.240 TB/s
torch.topk     :  1206.221 us, 0.056 TB/s  (speedup 4.27x)
================
[   418/   522, 80%] Running on TestParam(batch_size=256, vocab_size=262144, topk=512, sorted_value=False, sorted_index=False, return_value=False, dtype=torch.bfloat16, out_idx_dtype=torch.int32, enable_end_position=False, enable_output_idx_offset=False, input_distrib=NormalFloatDistribution(), idx_oob_fill_value=-2147483647, value_oob_fill_value=-1234123412341234, seed=417, check_correctness=True, num_runs=10)
topk           :   490.368 us, 0.275 TB/s
torch.topk     :  2031.718 us, 0.066 TB/s  (speedup 4.14x)
================
[   419/   522, 80%] Running on TestParam(batch_size=256, vocab_size=524288, topk=512, sorted_value=False, sorted_index=False, return_value=False, dtype=torch.bfloat16, out_idx_dtype=torch.int32, enable_end_position=False, enable_output_idx_offset=False, input_distrib=NormalFloatDistribution(), idx_oob_fill_value=-2147483647, value_oob_fill_value=-1234123412341234, seed=418, check_correctness=True, num_runs=10)
topk           :   901.222 us, 0.298 TB/s
torch.topk     :  3696.051 us, 0.073 TB/s  (speedup 4.10x)
================
[   420/   522, 80%] Running on TestParam(batch_size=256, vocab_size=1048576, topk=512, sorted_value=False, sorted_index=False, return_value=False, dtype=torch.bfloat16, out_idx_dtype=torch.int32, enable_end_position=False, enable_output_idx_offset=False, input_distrib=NormalFloatDistribution(), idx_oob_fill_value=-2147483647, value_oob_fill_value=-1234123412341234, seed=419, check_correctness=True, num_runs=10)
topk           :  1720.576 us, 0.312 TB/s
torch.topk     :  6962.714 us, 0.077 TB/s  (speedup 4.05x)
================
[   421/   522, 80%] Running on TestParam(batch_size=512, vocab_size=256, topk=512, sorted_value=False, sorted_index=False, return_value=False, dtype=torch.bfloat16, out_idx_dtype=torch.int32, enable_end_position=False, enable_output_idx_offset=False, input_distrib=NormalFloatDistribution(), idx_oob_fill_value=-2147483647, value_oob_fill_value=-1234123412341234, seed=420, check_correctness=True, num_runs=10)
topk           :     7.091 us, 0.185 TB/s
================
[   422/   522, 81%] Running on TestParam(batch_size=512, vocab_size=1024, topk=512, sorted_value=False, sorted_index=False, return_value=False, dtype=torch.bfloat16, out_idx_dtype=torch.int32, enable_end_position=False, enable_output_idx_offset=False, input_distrib=NormalFloatDistribution(), idx_oob_fill_value=-2147483647, value_oob_fill_value=-1234123412341234, seed=421, check_correctness=True, num_runs=10)
topk           :    46.541 us, 0.045 TB/s
torch.topk     :    89.856 us, 0.023 TB/s  (speedup 1.93x)
================
[   423/   522, 81%] Running on TestParam(batch_size=512, vocab_size=4096, topk=512, sorted_value=False, sorted_index=False, return_value=False, dtype=torch.bfloat16, out_idx_dtype=torch.int32, enable_end_position=False, enable_output_idx_offset=False, input_distrib=NormalFloatDistribution(), idx_oob_fill_value=-2147483647, value_oob_fill_value=-1234123412341234, seed=422, check_correctness=True, num_runs=10)
topk           :    56.832 us, 0.092 TB/s
torch.topk     :   252.723 us, 0.021 TB/s  (speedup 4.45x)
================
[   424/   522, 81%] Running on TestParam(batch_size=512, vocab_size=16384, topk=512, sorted_value=False, sorted_index=False, return_value=False, dtype=torch.bfloat16, out_idx_dtype=torch.int32, enable_end_position=False, enable_output_idx_offset=False, input_distrib=NormalFloatDistribution(), idx_oob_fill_value=-2147483647, value_oob_fill_value=-1234123412341234, seed=423, check_correctness=True, num_runs=10)
topk           :    99.405 us, 0.179 TB/s
torch.topk     :   461.082 us, 0.039 TB/s  (speedup 4.64x)
================
[   425/   522, 81%] Running on TestParam(batch_size=512, vocab_size=65536, topk=512, sorted_value=False, sorted_index=False, return_value=False, dtype=torch.bfloat16, out_idx_dtype=torch.int32, enable_end_position=False, enable_output_idx_offset=False, input_distrib=NormalFloatDistribution(), idx_oob_fill_value=-2147483647, value_oob_fill_value=-1234123412341234, seed=424, check_correctness=True, num_runs=10)
topk           :   286.259 us, 0.238 TB/s
torch.topk     :  1219.994 us, 0.056 TB/s  (speedup 4.26x)
================
[   426/   522, 81%] Running on TestParam(batch_size=512, vocab_size=131072, topk=512, sorted_value=False, sorted_index=False, return_value=False, dtype=torch.bfloat16, out_idx_dtype=torch.int32, enable_end_position=False, enable_output_idx_offset=False, input_distrib=NormalFloatDistribution(), idx_oob_fill_value=-2147483647, value_oob_fill_value=-1234123412341234, seed=425, check_correctness=True, num_runs=10)
topk           :   469.402 us, 0.288 TB/s
torch.topk     :  2141.542 us, 0.063 TB/s  (speedup 4.56x)
================
[   427/   522, 82%] Running on TestParam(batch_size=512, vocab_size=262144, topk=512, sorted_value=False, sorted_index=False, return_value=False, dtype=torch.bfloat16, out_idx_dtype=torch.int32, enable_end_position=False, enable_output_idx_offset=False, input_distrib=NormalFloatDistribution(), idx_oob_fill_value=-2147483647, value_oob_fill_value=-1234123412341234, seed=426, check_correctness=True, num_runs=10)
topk           :   822.630 us, 0.328 TB/s
torch.topk     :  3802.906 us, 0.071 TB/s  (speedup 4.62x)
================
[   428/   522, 82%] Running on TestParam(batch_size=512, vocab_size=524288, topk=512, sorted_value=False, sorted_index=False, return_value=False, dtype=torch.bfloat16, out_idx_dtype=torch.int32, enable_end_position=False, enable_output_idx_offset=False, input_distrib=NormalFloatDistribution(), idx_oob_fill_value=-2147483647, value_oob_fill_value=-1234123412341234, seed=427, check_correctness=True, num_runs=10)
topk           :  1523.456 us, 0.353 TB/s
torch.topk     :  7073.638 us, 0.076 TB/s  (speedup 4.64x)
================
[   429/   522, 82%] Running on TestParam(batch_size=512, vocab_size=1048576, topk=512, sorted_value=False, sorted_index=False, return_value=False, dtype=torch.bfloat16, out_idx_dtype=torch.int32, enable_end_position=False, enable_output_idx_offset=False, input_distrib=NormalFloatDistribution(), idx_oob_fill_value=-2147483647, value_oob_fill_value=-1234123412341234, seed=428, check_correctness=True, num_runs=10)
topk           :  2905.805 us, 0.370 TB/s
torch.topk     : 13641.088 us, 0.079 TB/s  (speedup 4.69x)
================
[   430/   522, 82%] Running on TestParam(batch_size=768, vocab_size=256, topk=512, sorted_value=False, sorted_index=False, return_value=False, dtype=torch.bfloat16, out_idx_dtype=torch.int32, enable_end_position=False, enable_output_idx_offset=False, input_distrib=NormalFloatDistribution(), idx_oob_fill_value=-2147483647, value_oob_fill_value=-1234123412341234, seed=429, check_correctness=True, num_runs=10)
topk           :     9.293 us, 0.212 TB/s
================
[   431/   522, 82%] Running on TestParam(batch_size=768, vocab_size=1024, topk=512, sorted_value=False, sorted_index=False, return_value=False, dtype=torch.bfloat16, out_idx_dtype=torch.int32, enable_end_position=False, enable_output_idx_offset=False, input_distrib=NormalFloatDistribution(), idx_oob_fill_value=-2147483647, value_oob_fill_value=-1234123412341234, seed=430, check_correctness=True, num_runs=10)
topk           :    58.291 us, 0.054 TB/s
torch.topk     :   128.000 us, 0.025 TB/s  (speedup 2.20x)
================
[   432/   522, 83%] Running on TestParam(batch_size=768, vocab_size=4096, topk=512, sorted_value=False, sorted_index=False, return_value=False, dtype=torch.bfloat16, out_idx_dtype=torch.int32, enable_end_position=False, enable_output_idx_offset=False, input_distrib=NormalFloatDistribution(), idx_oob_fill_value=-2147483647, value_oob_fill_value=-1234123412341234, seed=431, check_correctness=True, num_runs=10)
topk           :    75.930 us, 0.104 TB/s
torch.topk     :   308.173 us, 0.026 TB/s  (speedup 4.06x)
================
[   433/   522, 83%] Running on TestParam(batch_size=768, vocab_size=16384, topk=512, sorted_value=False, sorted_index=False, return_value=False, dtype=torch.bfloat16, out_idx_dtype=torch.int32, enable_end_position=False, enable_output_idx_offset=False, input_distrib=NormalFloatDistribution(), idx_oob_fill_value=-2147483647, value_oob_fill_value=-1234123412341234, seed=432, check_correctness=True, num_runs=10)
topk           :   139.213 us, 0.192 TB/s
torch.topk     :   668.826 us, 0.040 TB/s  (speedup 4.80x)
================
[   434/   522, 83%] Running on TestParam(batch_size=768, vocab_size=65536, topk=512, sorted_value=False, sorted_index=False, return_value=False, dtype=torch.bfloat16, out_idx_dtype=torch.int32, enable_end_position=False, enable_output_idx_offset=False, input_distrib=NormalFloatDistribution(), idx_oob_fill_value=-2147483647, value_oob_fill_value=-1234123412341234, seed=433, check_correctness=True, num_runs=10)
topk           :   442.803 us, 0.231 TB/s
torch.topk     :  1682.534 us, 0.061 TB/s  (speedup 3.80x)
================
[   435/   522, 83%] Running on TestParam(batch_size=768, vocab_size=131072, topk=512, sorted_value=False, sorted_index=False, return_value=False, dtype=torch.bfloat16, out_idx_dtype=torch.int32, enable_end_position=False, enable_output_idx_offset=False, input_distrib=NormalFloatDistribution(), idx_oob_fill_value=-2147483647, value_oob_fill_value=-1234123412341234, seed=434, check_correctness=True, num_runs=10)
topk           :   731.520 us, 0.277 TB/s
torch.topk     :  3088.051 us, 0.066 TB/s  (speedup 4.22x)
================
[   436/   522, 83%] Running on TestParam(batch_size=768, vocab_size=262144, topk=512, sorted_value=False, sorted_index=False, return_value=False, dtype=torch.bfloat16, out_idx_dtype=torch.int32, enable_end_position=False, enable_output_idx_offset=False, input_distrib=NormalFloatDistribution(), idx_oob_fill_value=-2147483647, value_oob_fill_value=-1234123412341234, seed=435, check_correctness=True, num_runs=10)
topk           :  1289.549 us, 0.313 TB/s
torch.topk     :  5536.922 us, 0.073 TB/s  (speedup 4.29x)
================
[   437/   522, 84%] Running on TestParam(batch_size=768, vocab_size=524288, topk=512, sorted_value=False, sorted_index=False, return_value=False, dtype=torch.bfloat16, out_idx_dtype=torch.int32, enable_end_position=False, enable_output_idx_offset=False, input_distrib=NormalFloatDistribution(), idx_oob_fill_value=-2147483647, value_oob_fill_value=-1234123412341234, seed=436, check_correctness=True, num_runs=10)
topk           :  2393.933 us, 0.337 TB/s
torch.topk     : 10414.720 us, 0.077 TB/s  (speedup 4.35x)
================
[   438/   522, 84%] Running on TestParam(batch_size=768, vocab_size=1048576, topk=512, sorted_value=False, sorted_index=False, return_value=False, dtype=torch.bfloat16, out_idx_dtype=torch.int32, enable_end_position=False, enable_output_idx_offset=False, input_distrib=NormalFloatDistribution(), idx_oob_fill_value=-2147483647, value_oob_fill_value=-1234123412341234, seed=437, check_correctness=True, num_runs=10)
topk           :  4595.584 us, 0.351 TB/s
torch.topk     : 20274.995 us, 0.080 TB/s  (speedup 4.41x)
================
[   439/   522, 84%] Running on TestParam(batch_size=4096, vocab_size=256, topk=512, sorted_value=False, sorted_index=False, return_value=False, dtype=torch.bfloat16, out_idx_dtype=torch.int32, enable_end_position=False, enable_output_idx_offset=False, input_distrib=NormalFloatDistribution(), idx_oob_fill_value=-2147483647, value_oob_fill_value=-1234123412341234, seed=438, check_correctness=True, num_runs=10)
topk           :    31.821 us, 0.330 TB/s
================
[   440/   522, 84%] Running on TestParam(batch_size=4096, vocab_size=1024, topk=512, sorted_value=False, sorted_index=False, return_value=False, dtype=torch.bfloat16, out_idx_dtype=torch.int32, enable_end_position=False, enable_output_idx_offset=False, input_distrib=NormalFloatDistribution(), idx_oob_fill_value=-2147483647, value_oob_fill_value=-1234123412341234, seed=439, check_correctness=True, num_runs=10)
topk           :   224.410 us, 0.075 TB/s
torch.topk     :   381.798 us, 0.044 TB/s  (speedup 1.70x)
================
[   441/   522, 84%] Running on TestParam(batch_size=4096, vocab_size=4096, topk=512, sorted_value=False, sorted_index=False, return_value=False, dtype=torch.bfloat16, out_idx_dtype=torch.int32, enable_end_position=False, enable_output_idx_offset=False, input_distrib=NormalFloatDistribution(), idx_oob_fill_value=-2147483647, value_oob_fill_value=-1234123412341234, seed=440, check_correctness=True, num_runs=10)
topk           :   319.360 us, 0.131 TB/s
torch.topk     :   704.922 us, 0.060 TB/s  (speedup 2.21x)
================
[   442/   522, 84%] Running on TestParam(batch_size=4096, vocab_size=16384, topk=512, sorted_value=False, sorted_index=False, return_value=False, dtype=torch.bfloat16, out_idx_dtype=torch.int32, enable_end_position=False, enable_output_idx_offset=False, input_distrib=NormalFloatDistribution(), idx_oob_fill_value=-2147483647, value_oob_fill_value=-1234123412341234, seed=441, check_correctness=True, num_runs=10)
topk           :   619.341 us, 0.230 TB/s
torch.topk     :  2020.326 us, 0.071 TB/s  (speedup 3.26x)
================
[   443/   522, 85%] Running on TestParam(batch_size=4096, vocab_size=65536, topk=512, sorted_value=False, sorted_index=False, return_value=False, dtype=torch.bfloat16, out_idx_dtype=torch.int32, enable_end_position=False, enable_output_idx_offset=False, input_distrib=NormalFloatDistribution(), idx_oob_fill_value=-2147483647, value_oob_fill_value=-1234123412341234, seed=442, check_correctness=True, num_runs=10)
topk           :  2152.883 us, 0.253 TB/s
torch.topk     :  7786.163 us, 0.070 TB/s  (speedup 3.62x)
================
[   444/   522, 85%] Running on TestParam(batch_size=4096, vocab_size=131072, topk=512, sorted_value=False, sorted_index=False, return_value=False, dtype=torch.bfloat16, out_idx_dtype=torch.int32, enable_end_position=False, enable_output_idx_offset=False, input_distrib=NormalFloatDistribution(), idx_oob_fill_value=-2147483647, value_oob_fill_value=-1234123412341234, seed=443, check_correctness=True, num_runs=10)
topk           :  3598.950 us, 0.301 TB/s
torch.topk     : 15369.933 us, 0.070 TB/s  (speedup 4.27x)
================
[   445/   522, 85%] Running on TestParam(batch_size=4096, vocab_size=262144, topk=512, sorted_value=False, sorted_index=False, return_value=False, dtype=torch.bfloat16, out_idx_dtype=torch.int32, enable_end_position=False, enable_output_idx_offset=False, input_distrib=NormalFloatDistribution(), idx_oob_fill_value=-2147483647, value_oob_fill_value=-1234123412341234, seed=444, check_correctness=True, num_runs=10)
topk           :  6402.739 us, 0.337 TB/s
torch.topk     : 29488.000 us, 0.073 TB/s  (speedup 4.61x)
================
[   446/   522, 85%] Running on TestParam(batch_size=4096, vocab_size=524288, topk=512, sorted_value=False, sorted_index=False, return_value=False, dtype=torch.bfloat16, out_idx_dtype=torch.int32, enable_end_position=False, enable_output_idx_offset=False, input_distrib=NormalFloatDistribution(), idx_oob_fill_value=-2147483647, value_oob_fill_value=-1234123412341234, seed=445, check_correctness=True, num_runs=10)
topk           : 11918.234 us, 0.361 TB/s
torch.topk     : 57699.149 us, 0.075 TB/s  (speedup 4.84x)
================
[   447/   522, 85%] Running on TestParam(batch_size=4096, vocab_size=1048576, topk=512, sorted_value=False, sorted_index=False, return_value=False, dtype=torch.bfloat16, out_idx_dtype=torch.int32, enable_end_position=False, enable_output_idx_offset=False, input_distrib=NormalFloatDistribution(), idx_oob_fill_value=-2147483647, value_oob_fill_value=-1234123412341234, seed=446, check_correctness=True, num_runs=10)
topk           : 22992.589 us, 0.374 TB/s
torch.topk     : 111773.133 us, 0.077 TB/s  (speedup 4.86x)
================
[   448/   522, 86%] Running on TestParam(batch_size=6, vocab_size=256, topk=1024, sorted_value=False, sorted_index=False, return_value=False, dtype=torch.bfloat16, out_idx_dtype=torch.int32, enable_end_position=False, enable_output_idx_offset=False, input_distrib=NormalFloatDistribution(), idx_oob_fill_value=-2147483647, value_oob_fill_value=-1234123412341234, seed=447, check_correctness=True, num_runs=10)
topk           :     3.738 us, 0.007 TB/s
================
[   449/   522, 86%] Running on TestParam(batch_size=6, vocab_size=1024, topk=1024, sorted_value=False, sorted_index=False, return_value=False, dtype=torch.bfloat16, out_idx_dtype=torch.int32, enable_end_position=False, enable_output_idx_offset=False, input_distrib=NormalFloatDistribution(), idx_oob_fill_value=-2147483647, value_oob_fill_value=-1234123412341234, seed=448, check_correctness=True, num_runs=10)
topk           :     3.661 us, 0.010 TB/s
torch.topk     :    24.550 us, 0.002 TB/s  (speedup 6.71x)
================
[   450/   522, 86%] Running on TestParam(batch_size=6, vocab_size=4096, topk=1024, sorted_value=False, sorted_index=False, return_value=False, dtype=torch.bfloat16, out_idx_dtype=torch.int32, enable_end_position=False, enable_output_idx_offset=False, input_distrib=NormalFloatDistribution(), idx_oob_fill_value=-2147483647, value_oob_fill_value=-1234123412341234, seed=449, check_correctness=True, num_runs=10)
topk           :    19.123 us, 0.004 TB/s
torch.topk     :    50.739 us, 0.001 TB/s  (speedup 2.65x)
================
[   451/   522, 86%] Running on TestParam(batch_size=6, vocab_size=16384, topk=1024, sorted_value=False, sorted_index=False, return_value=False, dtype=torch.bfloat16, out_idx_dtype=torch.int32, enable_end_position=False, enable_output_idx_offset=False, input_distrib=NormalFloatDistribution(), idx_oob_fill_value=-2147483647, value_oob_fill_value=-1234123412341234, seed=450, check_correctness=True, num_runs=10)
topk           :    31.155 us, 0.007 TB/s
torch.topk     :   146.586 us, 0.002 TB/s  (speedup 4.71x)
================
[   452/   522, 86%] Running on TestParam(batch_size=6, vocab_size=65536, topk=1024, sorted_value=False, sorted_index=False, return_value=False, dtype=torch.bfloat16, out_idx_dtype=torch.int32, enable_end_position=False, enable_output_idx_offset=False, input_distrib=NormalFloatDistribution(), idx_oob_fill_value=-2147483647, value_oob_fill_value=-1234123412341234, seed=451, check_correctness=True, num_runs=10)
topk           :    57.395 us, 0.014 TB/s
torch.topk     :   175.539 us, 0.005 TB/s  (speedup 3.06x)
================
[   453/   522, 87%] Running on TestParam(batch_size=6, vocab_size=131072, topk=1024, sorted_value=False, sorted_index=False, return_value=False, dtype=torch.bfloat16, out_idx_dtype=torch.int32, enable_end_position=False, enable_output_idx_offset=False, input_distrib=NormalFloatDistribution(), idx_oob_fill_value=-2147483647, value_oob_fill_value=-1234123412341234, seed=452, check_correctness=True, num_runs=10)
topk           :    90.342 us, 0.018 TB/s
torch.topk     :   222.003 us, 0.007 TB/s  (speedup 2.46x)
================
[   454/   522, 87%] Running on TestParam(batch_size=6, vocab_size=262144, topk=1024, sorted_value=False, sorted_index=False, return_value=False, dtype=torch.bfloat16, out_idx_dtype=torch.int32, enable_end_position=False, enable_output_idx_offset=False, input_distrib=NormalFloatDistribution(), idx_oob_fill_value=-2147483647, value_oob_fill_value=-1234123412341234, seed=453, check_correctness=True, num_runs=10)
topk           :    99.635 us, 0.032 TB/s
torch.topk     :   260.147 us, 0.012 TB/s  (speedup 2.61x)
================
[   455/   522, 87%] Running on TestParam(batch_size=6, vocab_size=524288, topk=1024, sorted_value=False, sorted_index=False, return_value=False, dtype=torch.bfloat16, out_idx_dtype=torch.int32, enable_end_position=False, enable_output_idx_offset=False, input_distrib=NormalFloatDistribution(), idx_oob_fill_value=-2147483647, value_oob_fill_value=-1234123412341234, seed=454, check_correctness=True, num_runs=10)
topk           :   142.950 us, 0.044 TB/s
torch.topk     :   293.402 us, 0.022 TB/s  (speedup 2.05x)
================
[   456/   522, 87%] Running on TestParam(batch_size=6, vocab_size=1048576, topk=1024, sorted_value=False, sorted_index=False, return_value=False, dtype=torch.bfloat16, out_idx_dtype=torch.int32, enable_end_position=False, enable_output_idx_offset=False, input_distrib=NormalFloatDistribution(), idx_oob_fill_value=-2147483647, value_oob_fill_value=-1234123412341234, seed=455, check_correctness=True, num_runs=10)
topk           :   137.907 us, 0.091 TB/s
torch.topk     :   386.790 us, 0.033 TB/s  (speedup 2.80x)
================
[   457/   522, 87%] Running on TestParam(batch_size=256, vocab_size=256, topk=1024, sorted_value=False, sorted_index=False, return_value=False, dtype=torch.bfloat16, out_idx_dtype=torch.int32, enable_end_position=False, enable_output_idx_offset=False, input_distrib=NormalFloatDistribution(), idx_oob_fill_value=-2147483647, value_oob_fill_value=-1234123412341234, seed=456, check_correctness=True, num_runs=10)
topk           :     6.963 us, 0.169 TB/s
================
[   458/   522, 88%] Running on TestParam(batch_size=256, vocab_size=1024, topk=1024, sorted_value=False, sorted_index=False, return_value=False, dtype=torch.bfloat16, out_idx_dtype=torch.int32, enable_end_position=False, enable_output_idx_offset=False, input_distrib=NormalFloatDistribution(), idx_oob_fill_value=-2147483647, value_oob_fill_value=-1234123412341234, seed=457, check_correctness=True, num_runs=10)
topk           :     6.733 us, 0.234 TB/s
torch.topk     :    56.883 us, 0.028 TB/s  (speedup 8.45x)
================
[   459/   522, 88%] Running on TestParam(batch_size=256, vocab_size=4096, topk=1024, sorted_value=False, sorted_index=False, return_value=False, dtype=torch.bfloat16, out_idx_dtype=torch.int32, enable_end_position=False, enable_output_idx_offset=False, input_distrib=NormalFloatDistribution(), idx_oob_fill_value=-2147483647, value_oob_fill_value=-1234123412341234, seed=458, check_correctness=True, num_runs=10)
topk           :    45.594 us, 0.069 TB/s
torch.topk     :   211.635 us, 0.015 TB/s  (speedup 4.64x)
================
[   460/   522, 88%] Running on TestParam(batch_size=256, vocab_size=16384, topk=1024, sorted_value=False, sorted_index=False, return_value=False, dtype=torch.bfloat16, out_idx_dtype=torch.int32, enable_end_position=False, enable_output_idx_offset=False, input_distrib=NormalFloatDistribution(), idx_oob_fill_value=-2147483647, value_oob_fill_value=-1234123412341234, seed=459, check_correctness=True, num_runs=10)
topk           :    73.062 us, 0.129 TB/s
torch.topk     :   318.387 us, 0.030 TB/s  (speedup 4.36x)
================
[   461/   522, 88%] Running on TestParam(batch_size=256, vocab_size=65536, topk=1024, sorted_value=False, sorted_index=False, return_value=False, dtype=torch.bfloat16, out_idx_dtype=torch.int32, enable_end_position=False, enable_output_idx_offset=False, input_distrib=NormalFloatDistribution(), idx_oob_fill_value=-2147483647, value_oob_fill_value=-1234123412341234, seed=460, check_correctness=True, num_runs=10)
topk           :   189.466 us, 0.183 TB/s
torch.topk     :   717.312 us, 0.048 TB/s  (speedup 3.79x)
================
[   462/   522, 88%] Running on TestParam(batch_size=256, vocab_size=131072, topk=1024, sorted_value=False, sorted_index=False, return_value=False, dtype=torch.bfloat16, out_idx_dtype=torch.int32, enable_end_position=False, enable_output_idx_offset=False, input_distrib=NormalFloatDistribution(), idx_oob_fill_value=-2147483647, value_oob_fill_value=-1234123412341234, seed=461, check_correctness=True, num_runs=10)
topk           :   305.229 us, 0.223 TB/s
torch.topk     :  1216.486 us, 0.056 TB/s  (speedup 3.99x)
================
[   463/   522, 89%] Running on TestParam(batch_size=256, vocab_size=262144, topk=1024, sorted_value=False, sorted_index=False, return_value=False, dtype=torch.bfloat16, out_idx_dtype=torch.int32, enable_end_position=False, enable_output_idx_offset=False, input_distrib=NormalFloatDistribution(), idx_oob_fill_value=-2147483647, value_oob_fill_value=-1234123412341234, seed=462, check_correctness=True, num_runs=10)
topk           :   519.296 us, 0.260 TB/s
torch.topk     :  2048.640 us, 0.066 TB/s  (speedup 3.95x)
================
[   464/   522, 89%] Running on TestParam(batch_size=256, vocab_size=524288, topk=1024, sorted_value=False, sorted_index=False, return_value=False, dtype=torch.bfloat16, out_idx_dtype=torch.int32, enable_end_position=False, enable_output_idx_offset=False, input_distrib=NormalFloatDistribution(), idx_oob_fill_value=-2147483647, value_oob_fill_value=-1234123412341234, seed=463, check_correctness=True, num_runs=10)
topk           :   931.942 us, 0.289 TB/s
torch.topk     :  3680.845 us, 0.073 TB/s  (speedup 3.95x)
================
[   465/   522, 89%] Running on TestParam(batch_size=256, vocab_size=1048576, topk=1024, sorted_value=False, sorted_index=False, return_value=False, dtype=torch.bfloat16, out_idx_dtype=torch.int32, enable_end_position=False, enable_output_idx_offset=False, input_distrib=NormalFloatDistribution(), idx_oob_fill_value=-2147483647, value_oob_fill_value=-1234123412341234, seed=464, check_correctness=True, num_runs=10)
topk           :  1749.530 us, 0.307 TB/s
torch.topk     :  6963.712 us, 0.077 TB/s  (speedup 3.98x)
================
[   466/   522, 89%] Running on TestParam(batch_size=512, vocab_size=256, topk=1024, sorted_value=False, sorted_index=False, return_value=False, dtype=torch.bfloat16, out_idx_dtype=torch.int32, enable_end_position=False, enable_output_idx_offset=False, input_distrib=NormalFloatDistribution(), idx_oob_fill_value=-2147483647, value_oob_fill_value=-1234123412341234, seed=465, check_correctness=True, num_runs=10)
topk           :     7.296 us, 0.323 TB/s
================
[   467/   522, 89%] Running on TestParam(batch_size=512, vocab_size=1024, topk=1024, sorted_value=False, sorted_index=False, return_value=False, dtype=torch.bfloat16, out_idx_dtype=torch.int32, enable_end_position=False, enable_output_idx_offset=False, input_distrib=NormalFloatDistribution(), idx_oob_fill_value=-2147483647, value_oob_fill_value=-1234123412341234, seed=466, check_correctness=True, num_runs=10)
topk           :     7.270 us, 0.433 TB/s
torch.topk     :    86.502 us, 0.036 TB/s  (speedup 11.90x)
================
[   468/   522, 89%] Running on TestParam(batch_size=512, vocab_size=4096, topk=1024, sorted_value=False, sorted_index=False, return_value=False, dtype=torch.bfloat16, out_idx_dtype=torch.int32, enable_end_position=False, enable_output_idx_offset=False, input_distrib=NormalFloatDistribution(), idx_oob_fill_value=-2147483647, value_oob_fill_value=-1234123412341234, seed=467, check_correctness=True, num_runs=10)
topk           :    61.261 us, 0.103 TB/s
torch.topk     :   254.157 us, 0.025 TB/s  (speedup 4.15x)
================
[   469/   522, 90%] Running on TestParam(batch_size=512, vocab_size=16384, topk=1024, sorted_value=False, sorted_index=False, return_value=False, dtype=torch.bfloat16, out_idx_dtype=torch.int32, enable_end_position=False, enable_output_idx_offset=False, input_distrib=NormalFloatDistribution(), idx_oob_fill_value=-2147483647, value_oob_fill_value=-1234123412341234, seed=468, check_correctness=True, num_runs=10)
topk           :   106.010 us, 0.178 TB/s
torch.topk     :   464.947 us, 0.041 TB/s  (speedup 4.39x)
================
[   470/   522, 90%] Running on TestParam(batch_size=512, vocab_size=65536, topk=1024, sorted_value=False, sorted_index=False, return_value=False, dtype=torch.bfloat16, out_idx_dtype=torch.int32, enable_end_position=False, enable_output_idx_offset=False, input_distrib=NormalFloatDistribution(), idx_oob_fill_value=-2147483647, value_oob_fill_value=-1234123412341234, seed=469, check_correctness=True, num_runs=10)
topk           :   310.707 us, 0.223 TB/s
torch.topk     :  1228.186 us, 0.056 TB/s  (speedup 3.95x)
================
[   471/   522, 90%] Running on TestParam(batch_size=512, vocab_size=131072, topk=1024, sorted_value=False, sorted_index=False, return_value=False, dtype=torch.bfloat16, out_idx_dtype=torch.int32, enable_end_position=False, enable_output_idx_offset=False, input_distrib=NormalFloatDistribution(), idx_oob_fill_value=-2147483647, value_oob_fill_value=-1234123412341234, seed=470, check_correctness=True, num_runs=10)
topk           :   506.240 us, 0.269 TB/s
torch.topk     :  2177.382 us, 0.063 TB/s  (speedup 4.30x)
================
[   472/   522, 90%] Running on TestParam(batch_size=512, vocab_size=262144, topk=1024, sorted_value=False, sorted_index=False, return_value=False, dtype=torch.bfloat16, out_idx_dtype=torch.int32, enable_end_position=False, enable_output_idx_offset=False, input_distrib=NormalFloatDistribution(), idx_oob_fill_value=-2147483647, value_oob_fill_value=-1234123412341234, seed=471, check_correctness=True, num_runs=10)
topk           :   868.454 us, 0.312 TB/s
torch.topk     :  3805.978 us, 0.071 TB/s  (speedup 4.38x)
================
[   473/   522, 90%] Running on TestParam(batch_size=512, vocab_size=524288, topk=1024, sorted_value=False, sorted_index=False, return_value=False, dtype=torch.bfloat16, out_idx_dtype=torch.int32, enable_end_position=False, enable_output_idx_offset=False, input_distrib=NormalFloatDistribution(), idx_oob_fill_value=-2147483647, value_oob_fill_value=-1234123412341234, seed=472, check_correctness=True, num_runs=10)
topk           :  1570.944 us, 0.343 TB/s
torch.topk     :  7104.717 us, 0.076 TB/s  (speedup 4.52x)
================
[   474/   522, 91%] Running on TestParam(batch_size=512, vocab_size=1048576, topk=1024, sorted_value=False, sorted_index=False, return_value=False, dtype=torch.bfloat16, out_idx_dtype=torch.int32, enable_end_position=False, enable_output_idx_offset=False, input_distrib=NormalFloatDistribution(), idx_oob_fill_value=-2147483647, value_oob_fill_value=-1234123412341234, seed=473, check_correctness=True, num_runs=10)
topk           :  2960.742 us, 0.363 TB/s
torch.topk     : 13652.736 us, 0.079 TB/s  (speedup 4.61x)
================
[   475/   522, 91%] Running on TestParam(batch_size=768, vocab_size=256, topk=1024, sorted_value=False, sorted_index=False, return_value=False, dtype=torch.bfloat16, out_idx_dtype=torch.int32, enable_end_position=False, enable_output_idx_offset=False, input_distrib=NormalFloatDistribution(), idx_oob_fill_value=-2147483647, value_oob_fill_value=-1234123412341234, seed=474, check_correctness=True, num_runs=10)
topk           :     8.986 us, 0.394 TB/s
================
[   476/   522, 91%] Running on TestParam(batch_size=768, vocab_size=1024, topk=1024, sorted_value=False, sorted_index=False, return_value=False, dtype=torch.bfloat16, out_idx_dtype=torch.int32, enable_end_position=False, enable_output_idx_offset=False, input_distrib=NormalFloatDistribution(), idx_oob_fill_value=-2147483647, value_oob_fill_value=-1234123412341234, seed=475, check_correctness=True, num_runs=10)
topk           :     9.062 us, 0.521 TB/s
torch.topk     :   117.530 us, 0.040 TB/s  (speedup 12.97x)
================
[   477/   522, 91%] Running on TestParam(batch_size=768, vocab_size=4096, topk=1024, sorted_value=False, sorted_index=False, return_value=False, dtype=torch.bfloat16, out_idx_dtype=torch.int32, enable_end_position=False, enable_output_idx_offset=False, input_distrib=NormalFloatDistribution(), idx_oob_fill_value=-2147483647, value_oob_fill_value=-1234123412341234, seed=476, check_correctness=True, num_runs=10)
topk           :    79.437 us, 0.119 TB/s
torch.topk     :   309.914 us, 0.030 TB/s  (speedup 3.90x)
================
[   478/   522, 91%] Running on TestParam(batch_size=768, vocab_size=16384, topk=1024, sorted_value=False, sorted_index=False, return_value=False, dtype=torch.bfloat16, out_idx_dtype=torch.int32, enable_end_position=False, enable_output_idx_offset=False, input_distrib=NormalFloatDistribution(), idx_oob_fill_value=-2147483647, value_oob_fill_value=-1234123412341234, seed=477, check_correctness=True, num_runs=10)
topk           :   146.995 us, 0.193 TB/s
torch.topk     :   676.454 us, 0.042 TB/s  (speedup 4.60x)
================
[   479/   522, 92%] Running on TestParam(batch_size=768, vocab_size=65536, topk=1024, sorted_value=False, sorted_index=False, return_value=False, dtype=torch.bfloat16, out_idx_dtype=torch.int32, enable_end_position=False, enable_output_idx_offset=False, input_distrib=NormalFloatDistribution(), idx_oob_fill_value=-2147483647, value_oob_fill_value=-1234123412341234, seed=478, check_correctness=True, num_runs=10)
topk           :   479.283 us, 0.217 TB/s
torch.topk     :  1689.907 us, 0.061 TB/s  (speedup 3.53x)
================
[   480/   522, 92%] Running on TestParam(batch_size=768, vocab_size=131072, topk=1024, sorted_value=False, sorted_index=False, return_value=False, dtype=torch.bfloat16, out_idx_dtype=torch.int32, enable_end_position=False, enable_output_idx_offset=False, input_distrib=NormalFloatDistribution(), idx_oob_fill_value=-2147483647, value_oob_fill_value=-1234123412341234, seed=479, check_correctness=True, num_runs=10)
topk           :   791.808 us, 0.258 TB/s
torch.topk     :  3127.245 us, 0.065 TB/s  (speedup 3.95x)
================
[   481/   522, 92%] Running on TestParam(batch_size=768, vocab_size=262144, topk=1024, sorted_value=False, sorted_index=False, return_value=False, dtype=torch.bfloat16, out_idx_dtype=torch.int32, enable_end_position=False, enable_output_idx_offset=False, input_distrib=NormalFloatDistribution(), idx_oob_fill_value=-2147483647, value_oob_fill_value=-1234123412341234, seed=480, check_correctness=True, num_runs=10)
topk           :  1365.325 us, 0.297 TB/s
torch.topk     :  5616.128 us, 0.072 TB/s  (speedup 4.11x)
================
[   482/   522, 92%] Running on TestParam(batch_size=768, vocab_size=524288, topk=1024, sorted_value=False, sorted_index=False, return_value=False, dtype=torch.bfloat16, out_idx_dtype=torch.int32, enable_end_position=False, enable_output_idx_offset=False, input_distrib=NormalFloatDistribution(), idx_oob_fill_value=-2147483647, value_oob_fill_value=-1234123412341234, seed=481, check_correctness=True, num_runs=10)
topk           :  2476.672 us, 0.326 TB/s
torch.topk     : 10472.602 us, 0.077 TB/s  (speedup 4.23x)
================
[   483/   522, 92%] Running on TestParam(batch_size=768, vocab_size=1048576, topk=1024, sorted_value=False, sorted_index=False, return_value=False, dtype=torch.bfloat16, out_idx_dtype=torch.int32, enable_end_position=False, enable_output_idx_offset=False, input_distrib=NormalFloatDistribution(), idx_oob_fill_value=-2147483647, value_oob_fill_value=-1234123412341234, seed=482, check_correctness=True, num_runs=10)
topk           :  4680.883 us, 0.345 TB/s
torch.topk     : 20318.950 us, 0.079 TB/s  (speedup 4.34x)
================
[   484/   522, 93%] Running on TestParam(batch_size=4096, vocab_size=256, topk=1024, sorted_value=False, sorted_index=False, return_value=False, dtype=torch.bfloat16, out_idx_dtype=torch.int32, enable_end_position=False, enable_output_idx_offset=False, input_distrib=NormalFloatDistribution(), idx_oob_fill_value=-2147483647, value_oob_fill_value=-1234123412341234, seed=483, check_correctness=True, num_runs=10)
topk           :    31.565 us, 0.598 TB/s
================
[   485/   522, 93%] Running on TestParam(batch_size=4096, vocab_size=1024, topk=1024, sorted_value=False, sorted_index=False, return_value=False, dtype=torch.bfloat16, out_idx_dtype=torch.int32, enable_end_position=False, enable_output_idx_offset=False, input_distrib=NormalFloatDistribution(), idx_oob_fill_value=-2147483647, value_oob_fill_value=-1234123412341234, seed=484, check_correctness=True, num_runs=10)
topk           :    31.309 us, 0.804 TB/s
torch.topk     :   383.283 us, 0.066 TB/s  (speedup 12.24x)
================
[   486/   522, 93%] Running on TestParam(batch_size=4096, vocab_size=4096, topk=1024, sorted_value=False, sorted_index=False, return_value=False, dtype=torch.bfloat16, out_idx_dtype=torch.int32, enable_end_position=False, enable_output_idx_offset=False, input_distrib=NormalFloatDistribution(), idx_oob_fill_value=-2147483647, value_oob_fill_value=-1234123412341234, seed=485, check_correctness=True, num_runs=10)
topk           :   338.202 us, 0.149 TB/s
torch.topk     :   711.757 us, 0.071 TB/s  (speedup 2.10x)
================
[   487/   522, 93%] Running on TestParam(batch_size=4096, vocab_size=16384, topk=1024, sorted_value=False, sorted_index=False, return_value=False, dtype=torch.bfloat16, out_idx_dtype=torch.int32, enable_end_position=False, enable_output_idx_offset=False, input_distrib=NormalFloatDistribution(), idx_oob_fill_value=-2147483647, value_oob_fill_value=-1234123412341234, seed=486, check_correctness=True, num_runs=10)
topk           :   664.397 us, 0.227 TB/s
torch.topk     :  2024.806 us, 0.075 TB/s  (speedup 3.05x)
================
[   488/   522, 93%] Running on TestParam(batch_size=4096, vocab_size=65536, topk=1024, sorted_value=False, sorted_index=False, return_value=False, dtype=torch.bfloat16, out_idx_dtype=torch.int32, enable_end_position=False, enable_output_idx_offset=False, input_distrib=NormalFloatDistribution(), idx_oob_fill_value=-2147483647, value_oob_fill_value=-1234123412341234, seed=487, check_correctness=True, num_runs=10)
topk           :  2335.923 us, 0.237 TB/s
torch.topk     :  7892.250 us, 0.070 TB/s  (speedup 3.38x)
================
[   489/   522, 93%] Running on TestParam(batch_size=4096, vocab_size=131072, topk=1024, sorted_value=False, sorted_index=False, return_value=False, dtype=torch.bfloat16, out_idx_dtype=torch.int32, enable_end_position=False, enable_output_idx_offset=False, input_distrib=NormalFloatDistribution(), idx_oob_fill_value=-2147483647, value_oob_fill_value=-1234123412341234, seed=488, check_correctness=True, num_runs=10)
topk           :  3885.440 us, 0.281 TB/s
torch.topk     : 15552.794 us, 0.070 TB/s  (speedup 4.00x)
================
[   490/   522, 94%] Running on TestParam(batch_size=4096, vocab_size=262144, topk=1024, sorted_value=False, sorted_index=False, return_value=False, dtype=torch.bfloat16, out_idx_dtype=torch.int32, enable_end_position=False, enable_output_idx_offset=False, input_distrib=NormalFloatDistribution(), idx_oob_fill_value=-2147483647, value_oob_fill_value=-1234123412341234, seed=489, check_correctness=True, num_runs=10)
topk           :  6775.219 us, 0.319 TB/s
torch.topk     : 29641.011 us, 0.073 TB/s  (speedup 4.37x)
================
[   491/   522, 94%] Running on TestParam(batch_size=4096, vocab_size=524288, topk=1024, sorted_value=False, sorted_index=False, return_value=False, dtype=torch.bfloat16, out_idx_dtype=torch.int32, enable_end_position=False, enable_output_idx_offset=False, input_distrib=NormalFloatDistribution(), idx_oob_fill_value=-2147483647, value_oob_fill_value=-1234123412341234, seed=490, check_correctness=True, num_runs=10)
topk           : 12359.834 us, 0.349 TB/s
torch.topk     : 58051.328 us, 0.074 TB/s  (speedup 4.70x)
================
[   492/   522, 94%] Running on TestParam(batch_size=4096, vocab_size=1048576, topk=1024, sorted_value=False, sorted_index=False, return_value=False, dtype=torch.bfloat16, out_idx_dtype=torch.int32, enable_end_position=False, enable_output_idx_offset=False, input_distrib=NormalFloatDistribution(), idx_oob_fill_value=-2147483647, value_oob_fill_value=-1234123412341234, seed=491, check_correctness=True, num_runs=10)
topk           : 23432.294 us, 0.367 TB/s
torch.topk     : 112056.602 us, 0.077 TB/s  (speedup 4.78x)
================
[   493/   522, 94%] Running on TestParam(batch_size=6, vocab_size=129280, topk=512, sorted_value=True, sorted_index=False, return_value=True, dtype=torch.float32, out_idx_dtype=torch.int64, enable_end_position=False, enable_output_idx_offset=False, input_distrib=NormalFloatDistribution(), idx_oob_fill_value=-2147483647, value_oob_fill_value=-1234123412341234, seed=492, check_correctness=True, num_runs=10)
topk           :   102.349 us, 0.031 TB/s
torch.topk     :   351.232 us, 0.009 TB/s  (speedup 3.43x)
================
[   494/   522, 94%] Running on TestParam(batch_size=256, vocab_size=129280, topk=512, sorted_value=True, sorted_index=False, return_value=True, dtype=torch.float32, out_idx_dtype=torch.int64, enable_end_position=False, enable_output_idx_offset=False, input_distrib=NormalFloatDistribution(), idx_oob_fill_value=-2147483647, value_oob_fill_value=-1234123412341234, seed=493, check_correctness=True, num_runs=10)
topk           :   287.514 us, 0.466 TB/s
torch.topk     :  1578.624 us, 0.085 TB/s  (speedup 5.49x)
================
[   495/   522, 95%] Running on TestParam(batch_size=512, vocab_size=129280, topk=512, sorted_value=True, sorted_index=False, return_value=True, dtype=torch.float32, out_idx_dtype=torch.int64, enable_end_position=False, enable_output_idx_offset=False, input_distrib=NormalFloatDistribution(), idx_oob_fill_value=-2147483647, value_oob_fill_value=-1234123412341234, seed=494, check_correctness=True, num_runs=10)
topk           :   498.381 us, 0.538 TB/s
torch.topk     :  2805.760 us, 0.095 TB/s  (speedup 5.63x)
================
[   496/   522, 95%] Running on TestParam(batch_size=768, vocab_size=129280, topk=512, sorted_value=True, sorted_index=False, return_value=True, dtype=torch.float32, out_idx_dtype=torch.int64, enable_end_position=False, enable_output_idx_offset=False, input_distrib=NormalFloatDistribution(), idx_oob_fill_value=-2147483647, value_oob_fill_value=-1234123412341234, seed=495, check_correctness=True, num_runs=10)
topk           :   746.035 us, 0.539 TB/s
torch.topk     :  4039.885 us, 0.099 TB/s  (speedup 5.42x)
================
[   497/   522, 95%] Running on TestParam(batch_size=4096, vocab_size=129280, topk=512, sorted_value=True, sorted_index=False, return_value=True, dtype=torch.float32, out_idx_dtype=torch.int64, enable_end_position=False, enable_output_idx_offset=False, input_distrib=NormalFloatDistribution(), idx_oob_fill_value=-2147483647, value_oob_fill_value=-1234123412341234, seed=496, check_correctness=True, num_runs=10)
topk           :  4275.430 us, 0.501 TB/s
torch.topk     : 20116.608 us, 0.107 TB/s  (speedup 4.71x)
================
[   498/   522, 95%] Running on TestParam(batch_size=1, vocab_size=66551, topk=2048, sorted_value=False, sorted_index=False, return_value=False, dtype=torch.float32, out_idx_dtype=torch.int32, enable_end_position=False, enable_output_idx_offset=False, input_distrib=NormalFloatDistribution(), idx_oob_fill_value=-2147483647, value_oob_fill_value=-1234123412341234, seed=497, check_correctness=True, num_runs=10)
topk           :    67.635 us, 0.004 TB/s
torch.topk     :   218.496 us, 0.001 TB/s  (speedup 3.23x)
================
[   499/   522, 95%] Running on TestParam(batch_size=16, vocab_size=66551, topk=2048, sorted_value=False, sorted_index=False, return_value=False, dtype=torch.float32, out_idx_dtype=torch.int32, enable_end_position=False, enable_output_idx_offset=False, input_distrib=NormalFloatDistribution(), idx_oob_fill_value=-2147483647, value_oob_fill_value=-1234123412341234, seed=498, check_correctness=True, num_runs=10)
topk           :    86.938 us, 0.050 TB/s
torch.topk     :   346.214 us, 0.013 TB/s  (speedup 3.98x)
================
[   500/   522, 96%] Running on TestParam(batch_size=132, vocab_size=66551, topk=2048, sorted_value=False, sorted_index=False, return_value=False, dtype=torch.float32, out_idx_dtype=torch.int32, enable_end_position=False, enable_output_idx_offset=False, input_distrib=NormalFloatDistribution(), idx_oob_fill_value=-2147483647, value_oob_fill_value=-1234123412341234, seed=499, check_correctness=True, num_runs=10)
topk           :   132.301 us, 0.274 TB/s
torch.topk     :   650.931 us, 0.056 TB/s  (speedup 4.92x)
================
[   501/   522, 96%] Running on TestParam(batch_size=512, vocab_size=66551, topk=2048, sorted_value=False, sorted_index=False, return_value=False, dtype=torch.float32, out_idx_dtype=torch.int32, enable_end_position=False, enable_output_idx_offset=False, input_distrib=NormalFloatDistribution(), idx_oob_fill_value=-2147483647, value_oob_fill_value=-1234123412341234, seed=500, check_correctness=True, num_runs=10)
topk           :   280.064 us, 0.502 TB/s
torch.topk     :  1588.992 us, 0.088 TB/s  (speedup 5.67x)
================
[   502/   522, 96%] Running on TestParam(batch_size=1, vocab_size=131072, topk=2048, sorted_value=False, sorted_index=False, return_value=False, dtype=torch.float32, out_idx_dtype=torch.int32, enable_end_position=False, enable_output_idx_offset=False, input_distrib=NormalFloatDistribution(), idx_oob_fill_value=-2147483647, value_oob_fill_value=-1234123412341234, seed=501, check_correctness=True, num_runs=10)
topk           :    78.566 us, 0.007 TB/s
torch.topk     :   260.531 us, 0.002 TB/s  (speedup 3.32x)
================
[   503/   522, 96%] Running on TestParam(batch_size=1, vocab_size=131072, topk=2048, sorted_value=False, sorted_index=False, return_value=False, dtype=torch.float32, out_idx_dtype=torch.int32, enable_end_position=False, enable_output_idx_offset=False, input_distrib=NormalFloatDistribution(), idx_oob_fill_value=-2147483647, value_oob_fill_value=-1234123412341234, seed=502, check_correctness=True, num_runs=10)
topk           :    78.669 us, 0.007 TB/s
torch.topk     :   262.323 us, 0.002 TB/s  (speedup 3.33x)
================
[   504/   522, 96%] Running on TestParam(batch_size=1, vocab_size=131072, topk=2048, sorted_value=False, sorted_index=False, return_value=False, dtype=torch.float32, out_idx_dtype=torch.int32, enable_end_position=False, enable_output_idx_offset=False, input_distrib=NormalFloatDistribution(), idx_oob_fill_value=-2147483647, value_oob_fill_value=-1234123412341234, seed=503, check_correctness=True, num_runs=10)
topk           :    78.515 us, 0.007 TB/s
torch.topk     :   261.402 us, 0.002 TB/s  (speedup 3.33x)
================
[   505/   522, 97%] Running on TestParam(batch_size=1, vocab_size=131072, topk=2048, sorted_value=False, sorted_index=False, return_value=False, dtype=torch.float32, out_idx_dtype=torch.int32, enable_end_position=False, enable_output_idx_offset=False, input_distrib=NormalFloatDistribution(), idx_oob_fill_value=-2147483647, value_oob_fill_value=-1234123412341234, seed=504, check_correctness=True, num_runs=10)
topk           :    78.515 us, 0.007 TB/s
torch.topk     :   261.453 us, 0.002 TB/s  (speedup 3.33x)
================
[   506/   522, 97%] Running on TestParam(batch_size=132, vocab_size=131072, topk=2048, sorted_value=False, sorted_index=False, return_value=False, dtype=torch.float32, out_idx_dtype=torch.int32, enable_end_position=False, enable_output_idx_offset=False, input_distrib=NormalFloatDistribution(), idx_oob_fill_value=-2147483647, value_oob_fill_value=-1234123412341234, seed=505, check_correctness=True, num_runs=10)
topk           :   205.466 us, 0.342 TB/s
torch.topk     :  1017.728 us, 0.069 TB/s  (speedup 4.95x)
================
[   507/   522, 97%] Running on TestParam(batch_size=132, vocab_size=131072, topk=2048, sorted_value=False, sorted_index=False, return_value=False, dtype=torch.float32, out_idx_dtype=torch.int32, enable_end_position=False, enable_output_idx_offset=False, input_distrib=NormalFloatDistribution(), idx_oob_fill_value=-2147483647, value_oob_fill_value=-1234123412341234, seed=506, check_correctness=True, num_runs=10)
topk           :   204.570 us, 0.344 TB/s
torch.topk     :  1005.261 us, 0.070 TB/s  (speedup 4.91x)
================
[   508/   522, 97%] Running on TestParam(batch_size=132, vocab_size=131072, topk=2048, sorted_value=False, sorted_index=False, return_value=False, dtype=torch.float32, out_idx_dtype=torch.int32, enable_end_position=False, enable_output_idx_offset=False, input_distrib=NormalFloatDistribution(), idx_oob_fill_value=-2147483647, value_oob_fill_value=-1234123412341234, seed=507, check_correctness=True, num_runs=10)
topk           :   204.979 us, 0.343 TB/s
torch.topk     :  1000.627 us, 0.070 TB/s  (speedup 4.88x)
================
[   509/   522, 97%] Running on TestParam(batch_size=132, vocab_size=131072, topk=2048, sorted_value=False, sorted_index=False, return_value=False, dtype=torch.float32, out_idx_dtype=torch.int32, enable_end_position=False, enable_output_idx_offset=False, input_distrib=NormalFloatDistribution(), idx_oob_fill_value=-2147483647, value_oob_fill_value=-1234123412341234, seed=508, check_correctness=True, num_runs=10)
topk           :   204.877 us, 0.343 TB/s
torch.topk     :  1003.571 us, 0.070 TB/s  (speedup 4.90x)
================
[   510/   522, 98%] Running on TestParam(batch_size=256, vocab_size=131072, topk=2048, sorted_value=False, sorted_index=False, return_value=False, dtype=torch.float32, out_idx_dtype=torch.int32, enable_end_position=False, enable_output_idx_offset=False, input_distrib=NormalFloatDistribution(), idx_oob_fill_value=-2147483647, value_oob_fill_value=-1234123412341234, seed=509, check_correctness=True, num_runs=10)
topk           :   277.043 us, 0.492 TB/s
torch.topk     :  1612.954 us, 0.085 TB/s  (speedup 5.82x)
================
[   511/   522, 98%] Running on TestParam(batch_size=256, vocab_size=131072, topk=2048, sorted_value=False, sorted_index=False, return_value=False, dtype=torch.float32, out_idx_dtype=torch.int32, enable_end_position=False, enable_output_idx_offset=False, input_distrib=NormalFloatDistribution(), idx_oob_fill_value=-2147483647, value_oob_fill_value=-1234123412341234, seed=510, check_correctness=True, num_runs=10)
topk           :   276.198 us, 0.494 TB/s
torch.topk     :  1609.830 us, 0.085 TB/s  (speedup 5.83x)
================
[   512/   522, 98%] Running on TestParam(batch_size=256, vocab_size=131072, topk=2048, sorted_value=False, sorted_index=False, return_value=False, dtype=torch.float32, out_idx_dtype=torch.int32, enable_end_position=False, enable_output_idx_offset=False, input_distrib=NormalFloatDistribution(), idx_oob_fill_value=-2147483647, value_oob_fill_value=-1234123412341234, seed=511, check_correctness=True, num_runs=10)
topk           :   276.403 us, 0.493 TB/s
torch.topk     :  1616.179 us, 0.084 TB/s  (speedup 5.85x)
================
[   513/   522, 98%] Running on TestParam(batch_size=256, vocab_size=131072, topk=2048, sorted_value=False, sorted_index=False, return_value=False, dtype=torch.float32, out_idx_dtype=torch.int32, enable_end_position=False, enable_output_idx_offset=False, input_distrib=NormalFloatDistribution(), idx_oob_fill_value=-2147483647, value_oob_fill_value=-1234123412341234, seed=512, check_correctness=True, num_runs=10)
topk           :   276.506 us, 0.493 TB/s
torch.topk     :  1614.464 us, 0.084 TB/s  (speedup 5.84x)
================
[   514/   522, 98%] Running on TestParam(batch_size=4096, vocab_size=131072, topk=2048, sorted_value=False, sorted_index=False, return_value=False, dtype=torch.float32, out_idx_dtype=torch.int32, enable_end_position=False, enable_output_idx_offset=False, input_distrib=NormalFloatDistribution(), idx_oob_fill_value=-2147483647, value_oob_fill_value=-1234123412341234, seed=513, check_correctness=True, num_runs=10)
topk           :  3410.458 us, 0.640 TB/s
torch.topk     : 20499.866 us, 0.106 TB/s  (speedup 6.01x)
================
[   515/   522, 98%] Running on TestParam(batch_size=4096, vocab_size=131072, topk=2048, sorted_value=False, sorted_index=False, return_value=False, dtype=torch.float32, out_idx_dtype=torch.int32, enable_end_position=False, enable_output_idx_offset=False, input_distrib=NormalFloatDistribution(), idx_oob_fill_value=-2147483647, value_oob_fill_value=-1234123412341234, seed=514, check_correctness=True, num_runs=10)
topk           :  3411.712 us, 0.639 TB/s
torch.topk     : 20499.123 us, 0.106 TB/s  (speedup 6.01x)
================
[   516/   522, 99%] Running on TestParam(batch_size=4096, vocab_size=131072, topk=2048, sorted_value=False, sorted_index=False, return_value=False, dtype=torch.float32, out_idx_dtype=torch.int32, enable_end_position=False, enable_output_idx_offset=False, input_distrib=NormalFloatDistribution(), idx_oob_fill_value=-2147483647, value_oob_fill_value=-1234123412341234, seed=515, check_correctness=True, num_runs=10)
topk           :  3411.149 us, 0.639 TB/s
torch.topk     : 20509.389 us, 0.106 TB/s  (speedup 6.01x)
================
[   517/   522, 99%] Running on TestParam(batch_size=4096, vocab_size=131072, topk=2048, sorted_value=False, sorted_index=False, return_value=False, dtype=torch.float32, out_idx_dtype=torch.int32, enable_end_position=False, enable_output_idx_offset=False, input_distrib=NormalFloatDistribution(), idx_oob_fill_value=-2147483647, value_oob_fill_value=-1234123412341234, seed=516, check_correctness=True, num_runs=10)
topk           :  3409.766 us, 0.640 TB/s
torch.topk     : 20474.496 us, 0.107 TB/s  (speedup 6.00x)
================
[   518/   522, 99%] Running on TestParam(batch_size=1, vocab_size=107520, topk=2048, sorted_value=False, sorted_index=False, return_value=False, dtype=torch.float32, out_idx_dtype=torch.int32, enable_end_position=False, enable_output_idx_offset=False, input_distrib=NormalFloatDistribution(), idx_oob_fill_value=-2147483647, value_oob_fill_value=-1234123412341234, seed=517, check_correctness=True, num_runs=10)
topk           :    75.699 us, 0.006 TB/s
torch.topk     :   258.381 us, 0.002 TB/s  (speedup 3.41x)
================
[   519/   522, 99%] Running on TestParam(batch_size=16, vocab_size=66551, topk=2048, sorted_value=False, sorted_index=False, return_value=False, dtype=torch.float32, out_idx_dtype=torch.int32, enable_end_position=False, enable_output_idx_offset=False, input_distrib=NormalFloatDistribution(), idx_oob_fill_value=-2147483647, value_oob_fill_value=-1234123412341234, seed=518, check_correctness=True, num_runs=10)
topk           :    88.397 us, 0.050 TB/s
torch.topk     :   344.320 us, 0.013 TB/s  (speedup 3.90x)
================
[   520/   522, 99%] Running on TestParam(batch_size=132, vocab_size=107520, topk=2048, sorted_value=False, sorted_index=False, return_value=False, dtype=torch.float32, out_idx_dtype=torch.int32, enable_end_position=False, enable_output_idx_offset=False, input_distrib=NormalFloatDistribution(), idx_oob_fill_value=-2147483647, value_oob_fill_value=-1234123412341234, seed=519, check_correctness=True, num_runs=10)
topk           :   175.053 us, 0.330 TB/s
torch.topk     :   878.720 us, 0.066 TB/s  (speedup 5.02x)
================
[   521/   522, 100%] Running on TestParam(batch_size=256, vocab_size=107520, topk=2048, sorted_value=False, sorted_index=False, return_value=False, dtype=torch.float32, out_idx_dtype=torch.int32, enable_end_position=False, enable_output_idx_offset=False, input_distrib=NormalFloatDistribution(), idx_oob_fill_value=-2147483647, value_oob_fill_value=-1234123412341234, seed=520, check_correctness=True, num_runs=10)
topk           :   232.499 us, 0.483 TB/s
torch.topk     :  1360.051 us, 0.082 TB/s  (speedup 5.85x)
================
[   522/   522, 100%] Running on TestParam(batch_size=4096, vocab_size=107520, topk=2048, sorted_value=False, sorted_index=False, return_value=False, dtype=torch.float32, out_idx_dtype=torch.int32, enable_end_position=False, enable_output_idx_offset=False, input_distrib=NormalFloatDistribution(), idx_oob_fill_value=-2147483647, value_oob_fill_value=-1234123412341234, seed=521, check_correctness=True, num_runs=10)
topk           :  2845.005 us, 0.631 TB/s
torch.topk     : 15749.453 us, 0.114 TB/s  (speedup 5.54x)

================================================================
  pass             498
  check_fail         0
  crash              4
  skip              20
  unsupported        0
  crash        TestParam(batch_size=4096, vocab_size=998123, topk=2048, sorted_value=True, sorted_index=False, return_value=True, dtype=torch.float32, out_idx_dtype=torch.int64, enable_end_position=False, enable_output_idx_offset=False, input_distrib=UniformUIntDistribution(lower=0x00000000, upper=0x00001000), idx_oob_fill_value=-1001877, value_oob_fill_value=-1234123412341234, seed=275, check_correctness=True, num_runs=0)
               [RuntimeError: maca_topk.cu:2126: cudaMalloc(&grown, need_workspace) failed: out of memory]
  crash        TestParam(batch_size=8, vocab_size=488, topk=4096, sorted_value=False, sorted_index=True, return_value=True, dtype=torch.bfloat16, out_idx_dtype=torch.int64, enable_end_position=False, enable_output_idx_offset=False, input_distrib=NormalFloatDistribution(post_proc_func=<lambda>), idx_oob_fill_value=-1999512, value_oob_fill_value=-1234123412341234, seed=276, check_correctness=True, num_runs=0)
               [RuntimeError: CUDA error: out of memory
CUDA kernel errors might be asynchronously reported at some other API call, so the stacktrace below might be incorrect.
For debugging consider passing CUDA_LAUNCH_BLOCKING=1
]
  crash        TestParam(batch_size=4096, vocab_size=998123, topk=4096, sorted_value=False, sorted_index=False, return_value=True, dtype=torch.float32, out_idx_dtype=torch.int32, enable_end_position=False, enable_output_idx_offset=False, input_distrib=NormalFloatDistribution(post_proc_func=<lambda>), idx_oob_fill_value=-1001877, value_oob_fill_value=-1234123412341234, seed=281, check_correctness=True, num_runs=0)
               [RuntimeError: maca_topk.cu:2126: cudaMalloc(&grown, need_workspace) failed: out of memory]
  crash        TestParam(batch_size=80, vocab_size=1, topk=1024, sorted_value=False, sorted_index=False, return_value=True, dtype=torch.bfloat16, out_idx_dtype=torch.int32, enable_end_position=False, enable_output_idx_offset=False, input_distrib=NormalFloatDistribution(), idx_oob_fill_value=-1999999, value_oob_fill_value=-1234123412341234, seed=282, check_correctness=True, num_runs=0)
               [RuntimeError: CUDA error: out of memory
CUDA kernel errors might be asynchronously reported at some other API call, so the stacktrace below might be incorrect.
For debugging consider passing CUDA_LAUNCH_BLOCKING=1
]
  skip         TestParam(batch_size=512, vocab_size=8388607, topk=4096, sorted_value=False, sorted_index=True, return_value=False, dtype=torch.float32, out_idx_dtype=torch.int64, enable_end_position=False, enable_output_idx_offset=False, input_distrib=NormalFloatDistribution(post_proc_func=<lambda>), idx_oob_fill_value=6388607, value_oob_fill_value=-1234123412341234, seed=21, check_correctness=True, num_runs=0)
               [out of memory: CUDA out of memory. Tried to allocate 16.00 GiB. GPU 0 has a total capacity of 63.59 GiB of which 14.66 GiB is free. Of ]
  skip         TestParam(batch_size=4096, vocab_size=998123, topk=4096, sorted_value=False, sorted_index=True, return_value=False, dtype=torch.bfloat16, out_idx_dtype=torch.int64, enable_end_position=False, enable_output_idx_offset=False, input_distrib=UintDistributionWithHotspotAndSpecifiedPivot(pivot=None, topk=4096, hotspots=[(65409, 8)], allow_nan=True), idx_oob_fill_value=-1001877, value_oob_fill_value=-1234123412341234, seed=27, check_correctness=True, num_runs=0)
               [out of memory: CUDA out of memory. Tried to allocate 30.46 GiB. GPU 0 has a total capacity of 63.59 GiB of which 14.66 GiB is free. Of ]
  skip         TestParam(batch_size=4096, vocab_size=418673, topk=1, sorted_value=False, sorted_index=False, return_value=False, dtype=torch.bfloat16, out_idx_dtype=torch.int64, enable_end_position=True, enable_output_idx_offset=False, input_distrib=UintDistributionWithHotspotAndSpecifiedPivot(pivot=None, topk=1, hotspots=[(32641, 8)], allow_nan=True), idx_oob_fill_value=-1581327, value_oob_fill_value=-1234123412341234, seed=50, check_correctness=True, num_runs=0)
               [out of memory: CUDA out of memory. Tried to allocate 19.17 GiB. GPU 0 has a total capacity of 63.59 GiB of which 14.66 GiB is free. Of ]
  skip         TestParam(batch_size=4096, vocab_size=998123, topk=2333, sorted_value=False, sorted_index=True, return_value=True, dtype=torch.float32, out_idx_dtype=torch.int32, enable_end_position=True, enable_output_idx_offset=False, input_distrib=UintDistributionWithHotspotAndSpecifiedPivot(pivot=None, topk=2333, hotspots=[(2139095041, 8)], allow_nan=True), idx_oob_fill_value=-1001877, value_oob_fill_value=-1234123412341234, seed=57, check_correctness=True, num_runs=0)
               [out of memory: CUDA out of memory. Tried to allocate 30.46 GiB. GPU 0 has a total capacity of 63.59 GiB of which 14.66 GiB is free. Of ]
  skip         TestParam(batch_size=4096, vocab_size=682965, topk=1024, sorted_value=False, sorted_index=True, return_value=True, dtype=torch.bfloat16, out_idx_dtype=torch.int64, enable_end_position=False, enable_output_idx_offset=False, input_distrib=UintDistributionWithHotspotAndSpecifiedPivot(pivot=None, topk=1024, hotspots=[(65409, 8)], allow_nan=True), idx_oob_fill_value=-1317035, value_oob_fill_value=-1234123412341234, seed=115, check_correctness=True, num_runs=0)
               [out of memory: CUDA out of memory. Tried to allocate 16.00 GiB. GPU 0 has a total capacity of 63.59 GiB of which 8.29 GiB is free. Of t]
  skip         TestParam(batch_size=4096, vocab_size=418673, topk=2333, sorted_value=False, sorted_index=True, return_value=False, dtype=torch.bfloat16, out_idx_dtype=torch.int32, enable_end_position=True, enable_output_idx_offset=False, input_distrib=UintDistributionWithHotspotAndSpecifiedPivot(pivot=None, topk=2333, hotspots=[(65409, 8)], allow_nan=True), idx_oob_fill_value=-1581327, value_oob_fill_value=-1234123412341234, seed=142, check_correctness=True, num_runs=0)
               [out of memory: CUDA out of memory. Tried to allocate 19.17 GiB. GPU 0 has a total capacity of 63.59 GiB of which 3.54 GiB is free. Of t]
  skip         TestParam(batch_size=4096, vocab_size=998123, topk=2333, sorted_value=True, sorted_index=False, return_value=True, dtype=torch.float32, out_idx_dtype=torch.int32, enable_end_position=True, enable_output_idx_offset=False, input_distrib=UintDistributionWithHotspotAndSpecifiedPivot(pivot=None, topk=2333, hotspots=[(2139095041, 8)], allow_nan=True), idx_oob_fill_value=-1001877, value_oob_fill_value=-1234123412341234, seed=159, check_correctness=True, num_runs=0)
               [out of memory: CUDA out of memory. Tried to allocate 30.46 GiB. GPU 0 has a total capacity of 63.59 GiB of which 15.41 GiB is free. Of ]
  skip         TestParam(batch_size=512, vocab_size=8388607, topk=512, sorted_value=True, sorted_index=False, return_value=True, dtype=torch.float32, out_idx_dtype=torch.int32, enable_end_position=False, enable_output_idx_offset=False, input_distrib=NormalFloatDistribution(post_proc_func=<lambda>), idx_oob_fill_value=6388607, value_oob_fill_value=-1234123412341234, seed=162, check_correctness=True, num_runs=0)
               [out of memory: CUDA out of memory. Tried to allocate 16.00 GiB. GPU 0 has a total capacity of 63.59 GiB of which 13.16 GiB is free. Of ]
  skip         TestParam(batch_size=512, vocab_size=8388607, topk=2048, sorted_value=False, sorted_index=True, return_value=True, dtype=torch.bfloat16, out_idx_dtype=torch.int64, enable_end_position=False, enable_output_idx_offset=False, input_distrib=UintDistributionWithHotspotAndSpecifiedPivot(pivot=None, topk=2048, hotspots=[(65409, 8)], allow_nan=True), idx_oob_fill_value=6388607, value_oob_fill_value=-1234123412341234, seed=167, check_correctness=True, num_runs=0)
               [out of memory: CUDA out of memory. Tried to allocate 32.00 GiB. GPU 0 has a total capacity of 63.59 GiB of which 13.16 GiB is free. Of ]
  skip         TestParam(batch_size=4096, vocab_size=1048576, topk=280, sorted_value=True, sorted_index=False, return_value=True, dtype=torch.float32, out_idx_dtype=torch.int64, enable_end_position=False, enable_output_idx_offset=False, input_distrib=NormalFloatDistribution(post_proc_func=<lambda>), idx_oob_fill_value=-951424, value_oob_fill_value=-1234123412341234, seed=229, check_correctness=True, num_runs=0)
               [out of memory: CUDA out of memory. Tried to allocate 16.00 GiB. GPU 0 has a total capacity of 63.59 GiB of which 14.66 GiB is free. Of ]
  skip         TestParam(batch_size=4096, vocab_size=998123, topk=1024, sorted_value=False, sorted_index=False, return_value=True, dtype=torch.float32, out_idx_dtype=torch.int64, enable_end_position=False, enable_output_idx_offset=False, input_distrib=UintDistributionWithHotspotAndSpecifiedPivot(pivot=None, topk=1024, hotspots=[(4286578689, 8)], allow_nan=True), idx_oob_fill_value=-1001877, value_oob_fill_value=-1234123412341234, seed=236, check_correctness=True, num_runs=0)
               [out of memory: CUDA out of memory. Tried to allocate 30.46 GiB. GPU 0 has a total capacity of 63.59 GiB of which 14.66 GiB is free. Of ]
  skip         TestParam(batch_size=4096, vocab_size=1048576, topk=1231, sorted_value=False, sorted_index=False, return_value=True, dtype=torch.float32, out_idx_dtype=torch.int64, enable_end_position=True, enable_output_idx_offset=False, input_distrib=NormalFloatDistribution(post_proc_func=<lambda>), idx_oob_fill_value=-951424, value_oob_fill_value=-1234123412341234, seed=269, check_correctness=True, num_runs=0)
               [out of memory: CUDA out of memory. Tried to allocate 16.00 GiB. GPU 0 has a total capacity of 63.59 GiB of which 14.66 GiB is free. Of ]
  skip         TestParam(batch_size=4096, vocab_size=1048576, topk=1231, sorted_value=False, sorted_index=True, return_value=False, dtype=torch.bfloat16, out_idx_dtype=torch.int32, enable_end_position=True, enable_output_idx_offset=False, input_distrib=UintDistributionWithHotspotAndSpecifiedPivot(pivot=None, topk=1231, hotspots=[(65409, 8)], allow_nan=True), idx_oob_fill_value=-951424, value_oob_fill_value=-1234123412341234, seed=305, check_correctness=True, num_runs=0)
               [out of memory: CUDA out of memory. Tried to allocate 32.00 GiB. GPU 0 has a total capacity of 63.59 GiB of which 0 bytes is free. Of th]
  skip         TestParam(batch_size=4096, vocab_size=682965, topk=2333, sorted_value=False, sorted_index=True, return_value=True, dtype=torch.float32, out_idx_dtype=torch.int32, enable_end_position=True, enable_output_idx_offset=False, input_distrib=UintDistributionWithHotspotAndSpecifiedPivot(pivot=None, topk=2333, hotspots=[(2139095041, 8)], allow_nan=True), idx_oob_fill_value=-1317035, value_oob_fill_value=-1234123412341234, seed=308, check_correctness=True, num_runs=0)
               [out of memory: CUDA out of memory. Tried to allocate 20.84 GiB. GPU 0 has a total capacity of 63.59 GiB of which 19.41 GiB is free. Of ]
  skip         TestParam(batch_size=512, vocab_size=8388607, topk=512, sorted_value=False, sorted_index=False, return_value=False, dtype=torch.float32, out_idx_dtype=torch.int32, enable_end_position=False, enable_output_idx_offset=False, input_distrib=UniformUIntDistribution(lower=0x00000000, upper=0x00000020), idx_oob_fill_value=6388607, value_oob_fill_value=-1234123412341234, seed=314, check_correctness=True, num_runs=0)
               [out of memory: CUDA out of memory. Tried to allocate 16.00 GiB. GPU 0 has a total capacity of 63.59 GiB of which 13.10 GiB is free. Of ]
  skip         TestParam(batch_size=512, vocab_size=8388607, topk=1024, sorted_value=False, sorted_index=True, return_value=True, dtype=torch.float32, out_idx_dtype=torch.int32, enable_end_position=False, enable_output_idx_offset=False, input_distrib=NormalFloatDistribution(post_proc_func=<lambda>), idx_oob_fill_value=6388607, value_oob_fill_value=-1234123412341234, seed=319, check_correctness=True, num_runs=0)
               [out of memory: CUDA out of memory. Tried to allocate 16.00 GiB. GPU 0 has a total capacity of 63.59 GiB of which 13.10 GiB is free. Of ]
  skip         TestParam(batch_size=4096, vocab_size=998123, topk=2333, sorted_value=True, sorted_index=False, return_value=True, dtype=torch.float32, out_idx_dtype=torch.int32, enable_end_position=True, enable_output_idx_offset=False, input_distrib=UniformUIntDistribution(lower=0x80000000, upper=0xff800000), idx_oob_fill_value=-1001877, value_oob_fill_value=-1234123412341234, seed=336, check_correctness=True, num_runs=0)
               [out of memory: CUDA out of memory. Tried to allocate 15.23 GiB. GPU 0 has a total capacity of 63.59 GiB of which 13.10 GiB is free. Of ]
  skip         TestParam(batch_size=512, vocab_size=8388607, topk=1024, sorted_value=False, sorted_index=True, return_value=False, dtype=torch.float32, out_idx_dtype=torch.int32, enable_end_position=False, enable_output_idx_offset=False, input_distrib=UintDistributionWithHotspotAndSpecifiedPivot(pivot=None, topk=1024, hotspots=[(4286578689, 8)], allow_nan=True), idx_oob_fill_value=6388607, value_oob_fill_value=-1234123412341234, seed=373, check_correctness=True, num_runs=0)
               [out of memory: CUDA out of memory. Tried to allocate 32.00 GiB. GPU 0 has a total capacity of 63.59 GiB of which 13.10 GiB is free. Of ]
  skip         TestParam(batch_size=512, vocab_size=8388607, topk=1024, sorted_value=False, sorted_index=True, return_value=True, dtype=torch.float32, out_idx_dtype=torch.int64, enable_end_position=False, enable_output_idx_offset=False, input_distrib=UintDistributionWithHotspotAndSpecifiedPivot(pivot=None, topk=1024, hotspots=[(4286578689, 8)], allow_nan=True), idx_oob_fill_value=6388607, value_oob_fill_value=-1234123412341234, seed=379, check_correctness=True, num_runs=0)
               [out of memory: CUDA out of memory. Tried to allocate 32.00 GiB. GPU 0 has a total capacity of 63.59 GiB of which 13.10 GiB is free. Of ]
  skip         TestParam(batch_size=4096, vocab_size=1048576, topk=4096, sorted_value=False, sorted_index=False, return_value=False, dtype=torch.float32, out_idx_dtype=torch.int32, enable_end_position=False, enable_output_idx_offset=False, input_distrib=NormalFloatDistribution(post_proc_func=<lambda>), idx_oob_fill_value=-951424, value_oob_fill_value=-1234123412341234, seed=392, check_correctness=True, num_runs=0)
               [out of memory: CUDA out of memory. Tried to allocate 16.00 GiB. GPU 0 has a total capacity of 63.59 GiB of which 11.60 GiB is free. Of ]
[31m[1m0 case(s) selected wrong, 4 crashed, of 522 run[0m
# exit 1
