chip,device_name,sm_count,git_commit,extension_md5,case_source,family,n_rows,n_cols,top_k,sorted_value,return_value,input_dtype,index_dtype,num_runs,backend,status,error_type,error_message,time(us),wall_us,throughput(TB/s),bandwidth(GB/s),Byte(MB),relative_pct_vs_maca_c,wall_relative_pct_vs_maca_c,note
MetaX_C500,MetaX C500,104,8489b2cecb091d5526afe6f90f3565f4d1b9bc64,6c28a77b52b659d283503922e9614c19,official,lightning_indexer,6,256,512,0,0,bfloat16,int32,10,maca_c,pass,,,3.558,39.859,0.004317,4.317,0.015,100.0,100.0,
MetaX_C500,MetaX C500,104,8489b2cecb091d5526afe6f90f3565f4d1b9bc64,6c28a77b52b659d283503922e9614c19,official,lightning_indexer,6,256,512,0,0,bfloat16,int32,10,torch,pass,,"not applicable: the reference backend needs vocab_size >= topk, no window, no offset (tests/test.py's own guard)",,,,,,,,
MetaX_C500,MetaX C500,104,8489b2cecb091d5526afe6f90f3565f4d1b9bc64,6c28a77b52b659d283503922e9614c19,official,lightning_indexer,6,256,512,0,0,bfloat16,int32,10,deep_gemm,unsupported,UnsupportedByBackend,"backend 'deep_gemm' ranks float32 scores, and was given torch.bfloat16; 'maca_c' and 'torch' take bfloat16 as well",,,,,,,,
MetaX_C500,MetaX C500,104,8489b2cecb091d5526afe6f90f3565f4d1b9bc64,6c28a77b52b659d283503922e9614c19,official,lightning_indexer,6,1024,512,0,0,bfloat16,int32,10,maca_c,pass,,,15.181,50.739,0.001619,1.619,0.025,100.0,100.0,
MetaX_C500,MetaX C500,104,8489b2cecb091d5526afe6f90f3565f4d1b9bc64,6c28a77b52b659d283503922e9614c19,official,lightning_indexer,6,1024,512,0,0,bfloat16,int32,10,torch,pass,,,26.214,26.522,0.000938,0.938,,57.91,191.31,
MetaX_C500,MetaX C500,104,8489b2cecb091d5526afe6f90f3565f4d1b9bc64,6c28a77b52b659d283503922e9614c19,official,lightning_indexer,6,1024,512,0,0,bfloat16,int32,10,deep_gemm,unsupported,UnsupportedByBackend,"backend 'deep_gemm' ranks float32 scores, and was given torch.bfloat16; 'maca_c' and 'torch' take bfloat16 as well",,,,,,,,
MetaX_C500,MetaX C500,104,8489b2cecb091d5526afe6f90f3565f4d1b9bc64,6c28a77b52b659d283503922e9614c19,official,lightning_indexer,6,4096,512,0,0,bfloat16,int32,10,maca_c,pass,,,16.896,41.421,0.003636,3.636,0.061,100.0,100.0,
MetaX_C500,MetaX C500,104,8489b2cecb091d5526afe6f90f3565f4d1b9bc64,6c28a77b52b659d283503922e9614c19,official,lightning_indexer,6,4096,512,0,0,bfloat16,int32,10,torch,pass,,,51.149,51.558,0.001201,1.201,,33.03,80.34,
MetaX_C500,MetaX C500,104,8489b2cecb091d5526afe6f90f3565f4d1b9bc64,6c28a77b52b659d283503922e9614c19,official,lightning_indexer,6,4096,512,0,0,bfloat16,int32,10,deep_gemm,unsupported,UnsupportedByBackend,"backend 'deep_gemm' ranks float32 scores, and was given torch.bfloat16; 'maca_c' and 'torch' take bfloat16 as well",,,,,,,,
MetaX_C500,MetaX C500,104,8489b2cecb091d5526afe6f90f3565f4d1b9bc64,6c28a77b52b659d283503922e9614c19,official,lightning_indexer,6,16384,512,0,0,bfloat16,int32,10,maca_c,pass,,,26.342,41.958,0.00793,7.93,0.209,100.0,100.0,
MetaX_C500,MetaX C500,104,8489b2cecb091d5526afe6f90f3565f4d1b9bc64,6c28a77b52b659d283503922e9614c19,official,lightning_indexer,6,16384,512,0,0,bfloat16,int32,10,torch,pass,,,140.186,139.802,0.00149,1.49,,18.79,30.01,
MetaX_C500,MetaX C500,104,8489b2cecb091d5526afe6f90f3565f4d1b9bc64,6c28a77b52b659d283503922e9614c19,official,lightning_indexer,6,16384,512,0,0,bfloat16,int32,10,deep_gemm,unsupported,UnsupportedByBackend,"backend 'deep_gemm' ranks float32 scores, and was given torch.bfloat16; 'maca_c' and 'torch' take bfloat16 as well",,,,,,,,
MetaX_C500,MetaX C500,104,8489b2cecb091d5526afe6f90f3565f4d1b9bc64,6c28a77b52b659d283503922e9614c19,official,lightning_indexer,6,65536,512,0,0,bfloat16,int32,10,maca_c,pass,,,46.49,49.843,0.01718,17.18,0.799,100.0,100.0,
MetaX_C500,MetaX C500,104,8489b2cecb091d5526afe6f90f3565f4d1b9bc64,6c28a77b52b659d283503922e9614c19,official,lightning_indexer,6,65536,512,0,0,bfloat16,int32,10,torch,pass,,,178.406,156.749,0.004477,4.477,,26.06,31.8,
MetaX_C500,MetaX C500,104,8489b2cecb091d5526afe6f90f3565f4d1b9bc64,6c28a77b52b659d283503922e9614c19,official,lightning_indexer,6,65536,512,0,0,bfloat16,int32,10,deep_gemm,unsupported,UnsupportedByBackend,"backend 'deep_gemm' ranks float32 scores, and was given torch.bfloat16; 'maca_c' and 'torch' take bfloat16 as well",,,,,,,,
MetaX_C500,MetaX C500,104,8489b2cecb091d5526afe6f90f3565f4d1b9bc64,6c28a77b52b659d283503922e9614c19,official,lightning_indexer,6,131072,512,0,0,bfloat16,int32,10,maca_c,pass,,,71.373,74.086,0.022209,22.209,1.585,100.0,100.0,
MetaX_C500,MetaX C500,104,8489b2cecb091d5526afe6f90f3565f4d1b9bc64,6c28a77b52b659d283503922e9614c19,official,lightning_indexer,6,131072,512,0,0,bfloat16,int32,10,torch,pass,,,222.874,200.269,0.007112,7.112,,32.02,36.99,
MetaX_C500,MetaX C500,104,8489b2cecb091d5526afe6f90f3565f4d1b9bc64,6c28a77b52b659d283503922e9614c19,official,lightning_indexer,6,131072,512,0,0,bfloat16,int32,10,deep_gemm,unsupported,UnsupportedByBackend,"backend 'deep_gemm' ranks float32 scores, and was given torch.bfloat16; 'maca_c' and 'torch' take bfloat16 as well",,,,,,,,
MetaX_C500,MetaX C500,104,8489b2cecb091d5526afe6f90f3565f4d1b9bc64,6c28a77b52b659d283503922e9614c19,official,lightning_indexer,6,262144,512,0,0,bfloat16,int32,10,maca_c,pass,,,81.715,115.635,0.038647,38.647,3.158,100.0,100.0,
MetaX_C500,MetaX C500,104,8489b2cecb091d5526afe6f90f3565f4d1b9bc64,6c28a77b52b659d283503922e9614c19,official,lightning_indexer,6,262144,512,0,0,bfloat16,int32,10,torch,pass,,,265.805,246.963,0.011881,11.881,,30.74,46.82,
MetaX_C500,MetaX C500,104,8489b2cecb091d5526afe6f90f3565f4d1b9bc64,6c28a77b52b659d283503922e9614c19,official,lightning_indexer,6,262144,512,0,0,bfloat16,int32,10,deep_gemm,unsupported,UnsupportedByBackend,"backend 'deep_gemm' ranks float32 scores, and was given torch.bfloat16; 'maca_c' and 'torch' take bfloat16 as well",,,,,,,,
MetaX_C500,MetaX C500,104,8489b2cecb091d5526afe6f90f3565f4d1b9bc64,6c28a77b52b659d283503922e9614c19,official,lightning_indexer,6,524288,512,0,0,bfloat16,int32,10,maca_c,pass,,,80.87,120.499,0.077949,77.949,6.304,100.0,100.0,
MetaX_C500,MetaX C500,104,8489b2cecb091d5526afe6f90f3565f4d1b9bc64,6c28a77b52b659d283503922e9614c19,official,lightning_indexer,6,524288,512,0,0,bfloat16,int32,10,torch,pass,,,299.674,285.389,0.021035,21.035,,26.99,42.22,
MetaX_C500,MetaX C500,104,8489b2cecb091d5526afe6f90f3565f4d1b9bc64,6c28a77b52b659d283503922e9614c19,official,lightning_indexer,6,524288,512,0,0,bfloat16,int32,10,deep_gemm,unsupported,UnsupportedByBackend,"backend 'deep_gemm' ranks float32 scores, and was given torch.bfloat16; 'maca_c' and 'torch' take bfloat16 as well",,,,,,,,
MetaX_C500,MetaX C500,104,8489b2cecb091d5526afe6f90f3565f4d1b9bc64,6c28a77b52b659d283503922e9614c19,official,lightning_indexer,6,1048576,512,0,0,bfloat16,int32,10,maca_c,pass,,,109.952,161.51,0.114552,114.552,12.595,100.0,100.0,
MetaX_C500,MetaX C500,104,8489b2cecb091d5526afe6f90f3565f4d1b9bc64,6c28a77b52b659d283503922e9614c19,official,lightning_indexer,6,1048576,512,0,0,bfloat16,int32,10,torch,pass,,,378.01,358.707,0.03332,33.32,,29.09,45.03,
MetaX_C500,MetaX C500,104,8489b2cecb091d5526afe6f90f3565f4d1b9bc64,6c28a77b52b659d283503922e9614c19,official,lightning_indexer,6,1048576,512,0,0,bfloat16,int32,10,deep_gemm,unsupported,UnsupportedByBackend,"backend 'deep_gemm' ranks float32 scores, and was given torch.bfloat16; 'maca_c' and 'torch' take bfloat16 as well",,,,,,,,
MetaX_C500,MetaX C500,104,8489b2cecb091d5526afe6f90f3565f4d1b9bc64,6c28a77b52b659d283503922e9614c19,official,lightning_indexer,256,256,512,0,0,bfloat16,int32,10,maca_c,pass,,,5.99,38.835,0.109409,109.409,0.655,100.0,100.0,
MetaX_C500,MetaX C500,104,8489b2cecb091d5526afe6f90f3565f4d1b9bc64,6c28a77b52b659d283503922e9614c19,official,lightning_indexer,256,256,512,0,0,bfloat16,int32,10,torch,pass,,"not applicable: the reference backend needs vocab_size >= topk, no window, no offset (tests/test.py's own guard)",,,,,,,,
MetaX_C500,MetaX C500,104,8489b2cecb091d5526afe6f90f3565f4d1b9bc64,6c28a77b52b659d283503922e9614c19,official,lightning_indexer,256,256,512,0,0,bfloat16,int32,10,deep_gemm,unsupported,UnsupportedByBackend,"backend 'deep_gemm' ranks float32 scores, and was given torch.bfloat16; 'maca_c' and 'torch' take bfloat16 as well",,,,,,,,
MetaX_C500,MetaX C500,104,8489b2cecb091d5526afe6f90f3565f4d1b9bc64,6c28a77b52b659d283503922e9614c19,official,lightning_indexer,256,1024,512,0,0,bfloat16,int32,10,maca_c,pass,,,24.934,42.675,0.042054,42.054,1.049,100.0,100.0,
MetaX_C500,MetaX C500,104,8489b2cecb091d5526afe6f90f3565f4d1b9bc64,6c28a77b52b659d283503922e9614c19,official,lightning_indexer,256,1024,512,0,0,bfloat16,int32,10,torch,pass,,,62.131,60.262,0.016877,16.877,,40.13,70.82,
MetaX_C500,MetaX C500,104,8489b2cecb091d5526afe6f90f3565f4d1b9bc64,6c28a77b52b659d283503922e9614c19,official,lightning_indexer,256,1024,512,0,0,bfloat16,int32,10,deep_gemm,unsupported,UnsupportedByBackend,"backend 'deep_gemm' ranks float32 scores, and was given torch.bfloat16; 'maca_c' and 'torch' take bfloat16 as well",,,,,,,,
MetaX_C500,MetaX C500,104,8489b2cecb091d5526afe6f90f3565f4d1b9bc64,6c28a77b52b659d283503922e9614c19,official,lightning_indexer,256,4096,512,0,0,bfloat16,int32,10,maca_c,pass,,,35.379,41.216,0.074096,74.096,2.621,100.0,100.0,
MetaX_C500,MetaX C500,104,8489b2cecb091d5526afe6f90f3565f4d1b9bc64,6c28a77b52b659d283503922e9614c19,official,lightning_indexer,256,4096,512,0,0,bfloat16,int32,10,torch,pass,,,210.688,199.885,0.012442,12.442,,16.79,20.62,
MetaX_C500,MetaX C500,104,8489b2cecb091d5526afe6f90f3565f4d1b9bc64,6c28a77b52b659d283503922e9614c19,official,lightning_indexer,256,4096,512,0,0,bfloat16,int32,10,deep_gemm,unsupported,UnsupportedByBackend,"backend 'deep_gemm' ranks float32 scores, and was given torch.bfloat16; 'maca_c' and 'torch' take bfloat16 as well",,,,,,,,
MetaX_C500,MetaX C500,104,8489b2cecb091d5526afe6f90f3565f4d1b9bc64,6c28a77b52b659d283503922e9614c19,official,lightning_indexer,256,16384,512,0,0,bfloat16,int32,10,maca_c,pass,,,56.038,55.322,0.159051,159.051,8.913,100.0,100.0,
MetaX_C500,MetaX C500,104,8489b2cecb091d5526afe6f90f3565f4d1b9bc64,6c28a77b52b659d283503922e9614c19,official,lightning_indexer,256,16384,512,0,0,bfloat16,int32,10,torch,pass,,,316.544,303.974,0.028157,28.157,,17.7,18.2,
MetaX_C500,MetaX C500,104,8489b2cecb091d5526afe6f90f3565f4d1b9bc64,6c28a77b52b659d283503922e9614c19,official,lightning_indexer,256,16384,512,0,0,bfloat16,int32,10,deep_gemm,unsupported,UnsupportedByBackend,"backend 'deep_gemm' ranks float32 scores, and was given torch.bfloat16; 'maca_c' and 'torch' take bfloat16 as well",,,,,,,,
MetaX_C500,MetaX C500,104,8489b2cecb091d5526afe6f90f3565f4d1b9bc64,6c28a77b52b659d283503922e9614c19,official,lightning_indexer,256,65536,512,0,0,bfloat16,int32,10,maca_c,pass,,,142.054,142.336,0.2399,239.9,34.079,100.0,100.0,
MetaX_C500,MetaX C500,104,8489b2cecb091d5526afe6f90f3565f4d1b9bc64,6c28a77b52b659d283503922e9614c19,official,lightning_indexer,256,65536,512,0,0,bfloat16,int32,10,torch,pass,,,709.709,697.856,0.048018,48.018,,20.02,20.4,
MetaX_C500,MetaX C500,104,8489b2cecb091d5526afe6f90f3565f4d1b9bc64,6c28a77b52b659d283503922e9614c19,official,lightning_indexer,256,65536,512,0,0,bfloat16,int32,10,deep_gemm,unsupported,UnsupportedByBackend,"backend 'deep_gemm' ranks float32 scores, and was given torch.bfloat16; 'maca_c' and 'torch' take bfloat16 as well",,,,,,,,
MetaX_C500,MetaX C500,104,8489b2cecb091d5526afe6f90f3565f4d1b9bc64,6c28a77b52b659d283503922e9614c19,official,lightning_indexer,256,131072,512,0,0,bfloat16,int32,10,maca_c,pass,,,224.922,226.79,0.300696,300.696,67.633,100.0,100.0,
MetaX_C500,MetaX C500,104,8489b2cecb091d5526afe6f90f3565f4d1b9bc64,6c28a77b52b659d283503922e9614c19,official,lightning_indexer,256,131072,512,0,0,bfloat16,int32,10,torch,pass,,,1205.914,1198.234,0.056085,56.085,,18.65,18.93,
MetaX_C500,MetaX C500,104,8489b2cecb091d5526afe6f90f3565f4d1b9bc64,6c28a77b52b659d283503922e9614c19,official,lightning_indexer,256,131072,512,0,0,bfloat16,int32,10,deep_gemm,unsupported,UnsupportedByBackend,"backend 'deep_gemm' ranks float32 scores, and was given torch.bfloat16; 'maca_c' and 'torch' take bfloat16 as well",,,,,,,,
MetaX_C500,MetaX C500,104,8489b2cecb091d5526afe6f90f3565f4d1b9bc64,6c28a77b52b659d283503922e9614c19,official,lightning_indexer,256,262144,512,0,0,bfloat16,int32,10,maca_c,pass,,,383.898,384.435,0.350984,350.984,134.742,100.0,100.0,
MetaX_C500,MetaX C500,104,8489b2cecb091d5526afe6f90f3565f4d1b9bc64,6c28a77b52b659d283503922e9614c19,official,lightning_indexer,256,262144,512,0,0,bfloat16,int32,10,torch,pass,,,2048.205,2031.744,0.065785,65.785,,18.74,18.92,
MetaX_C500,MetaX C500,104,8489b2cecb091d5526afe6f90f3565f4d1b9bc64,6c28a77b52b659d283503922e9614c19,official,lightning_indexer,256,262144,512,0,0,bfloat16,int32,10,deep_gemm,unsupported,UnsupportedByBackend,"backend 'deep_gemm' ranks float32 scores, and was given torch.bfloat16; 'maca_c' and 'torch' take bfloat16 as well",,,,,,,,
MetaX_C500,MetaX C500,104,8489b2cecb091d5526afe6f90f3565f4d1b9bc64,6c28a77b52b659d283503922e9614c19,official,lightning_indexer,256,524288,512,0,0,bfloat16,int32,10,maca_c,pass,,,696.986,698.291,0.38589,385.89,268.96,100.0,100.0,
MetaX_C500,MetaX C500,104,8489b2cecb091d5526afe6f90f3565f4d1b9bc64,6c28a77b52b659d283503922e9614c19,official,lightning_indexer,256,524288,512,0,0,bfloat16,int32,10,torch,pass,,,3690.957,3685.427,0.07287,72.87,,18.88,18.95,
MetaX_C500,MetaX C500,104,8489b2cecb091d5526afe6f90f3565f4d1b9bc64,6c28a77b52b659d283503922e9614c19,official,lightning_indexer,256,524288,512,0,0,bfloat16,int32,10,deep_gemm,unsupported,UnsupportedByBackend,"backend 'deep_gemm' ranks float32 scores, and was given torch.bfloat16; 'maca_c' and 'torch' take bfloat16 as well",,,,,,,,
MetaX_C500,MetaX C500,104,8489b2cecb091d5526afe6f90f3565f4d1b9bc64,6c28a77b52b659d283503922e9614c19,official,lightning_indexer,256,1048576,512,0,0,bfloat16,int32,10,maca_c,pass,,,1322.726,1325.542,0.406279,406.279,537.395,100.0,100.0,
MetaX_C500,MetaX C500,104,8489b2cecb091d5526afe6f90f3565f4d1b9bc64,6c28a77b52b659d283503922e9614c19,official,lightning_indexer,256,1048576,512,0,0,bfloat16,int32,10,torch,pass,,,6972.339,6977.997,0.077075,77.075,,18.97,19.0,
MetaX_C500,MetaX C500,104,8489b2cecb091d5526afe6f90f3565f4d1b9bc64,6c28a77b52b659d283503922e9614c19,official,lightning_indexer,256,1048576,512,0,0,bfloat16,int32,10,deep_gemm,unsupported,UnsupportedByBackend,"backend 'deep_gemm' ranks float32 scores, and was given torch.bfloat16; 'maca_c' and 'torch' take bfloat16 as well",,,,,,,,
MetaX_C500,MetaX C500,104,8489b2cecb091d5526afe6f90f3565f4d1b9bc64,6c28a77b52b659d283503922e9614c19,official,lightning_indexer,512,256,512,0,0,bfloat16,int32,10,maca_c,pass,,,7.117,42.189,0.184167,184.167,1.311,100.0,100.0,
MetaX_C500,MetaX C500,104,8489b2cecb091d5526afe6f90f3565f4d1b9bc64,6c28a77b52b659d283503922e9614c19,official,lightning_indexer,512,256,512,0,0,bfloat16,int32,10,torch,pass,,"not applicable: the reference backend needs vocab_size >= topk, no window, no offset (tests/test.py's own guard)",,,,,,,,
MetaX_C500,MetaX C500,104,8489b2cecb091d5526afe6f90f3565f4d1b9bc64,6c28a77b52b659d283503922e9614c19,official,lightning_indexer,512,256,512,0,0,bfloat16,int32,10,deep_gemm,unsupported,UnsupportedByBackend,"backend 'deep_gemm' ranks float32 scores, and was given torch.bfloat16; 'maca_c' and 'torch' take bfloat16 as well",,,,,,,,
MetaX_C500,MetaX C500,104,8489b2cecb091d5526afe6f90f3565f4d1b9bc64,6c28a77b52b659d283503922e9614c19,official,lightning_indexer,512,1024,512,0,0,bfloat16,int32,10,maca_c,pass,,,36.352,40.986,0.05769,57.69,2.097,100.0,100.0,
MetaX_C500,MetaX C500,104,8489b2cecb091d5526afe6f90f3565f4d1b9bc64,6c28a77b52b659d283503922e9614c19,official,lightning_indexer,512,1024,512,0,0,bfloat16,int32,10,torch,pass,,,92.186,91.315,0.022749,22.749,,39.43,44.88,
MetaX_C500,MetaX C500,104,8489b2cecb091d5526afe6f90f3565f4d1b9bc64,6c28a77b52b659d283503922e9614c19,official,lightning_indexer,512,1024,512,0,0,bfloat16,int32,10,deep_gemm,unsupported,UnsupportedByBackend,"backend 'deep_gemm' ranks float32 scores, and was given torch.bfloat16; 'maca_c' and 'torch' take bfloat16 as well",,,,,,,,
MetaX_C500,MetaX C500,104,8489b2cecb091d5526afe6f90f3565f4d1b9bc64,6c28a77b52b659d283503922e9614c19,official,lightning_indexer,512,4096,512,0,0,bfloat16,int32,10,maca_c,pass,,,48.998,48.154,0.107002,107.002,5.243,100.0,100.0,
MetaX_C500,MetaX C500,104,8489b2cecb091d5526afe6f90f3565f4d1b9bc64,6c28a77b52b659d283503922e9614c19,official,lightning_indexer,512,4096,512,0,0,bfloat16,int32,10,torch,pass,,,254.285,240.819,0.020618,20.618,,19.27,20.0,
MetaX_C500,MetaX C500,104,8489b2cecb091d5526afe6f90f3565f4d1b9bc64,6c28a77b52b659d283503922e9614c19,official,lightning_indexer,512,4096,512,0,0,bfloat16,int32,10,deep_gemm,unsupported,UnsupportedByBackend,"backend 'deep_gemm' ranks float32 scores, and was given torch.bfloat16; 'maca_c' and 'torch' take bfloat16 as well",,,,,,,,
MetaX_C500,MetaX C500,104,8489b2cecb091d5526afe6f90f3565f4d1b9bc64,6c28a77b52b659d283503922e9614c19,official,lightning_indexer,512,16384,512,0,0,bfloat16,int32,10,maca_c,pass,,,83.405,82.944,0.213726,213.726,17.826,100.0,100.0,
MetaX_C500,MetaX C500,104,8489b2cecb091d5526afe6f90f3565f4d1b9bc64,6c28a77b52b659d283503922e9614c19,official,lightning_indexer,512,16384,512,0,0,bfloat16,int32,10,torch,pass,,,465.613,451.61,0.038285,38.285,,17.91,18.37,
MetaX_C500,MetaX C500,104,8489b2cecb091d5526afe6f90f3565f4d1b9bc64,6c28a77b52b659d283503922e9614c19,official,lightning_indexer,512,16384,512,0,0,bfloat16,int32,10,deep_gemm,unsupported,UnsupportedByBackend,"backend 'deep_gemm' ranks float32 scores, and was given torch.bfloat16; 'maca_c' and 'torch' take bfloat16 as well",,,,,,,,
MetaX_C500,MetaX C500,104,8489b2cecb091d5526afe6f90f3565f4d1b9bc64,6c28a77b52b659d283503922e9614c19,official,lightning_indexer,512,65536,512,0,0,bfloat16,int32,10,maca_c,pass,,,235.622,237.03,0.289266,289.266,68.157,100.0,100.0,
MetaX_C500,MetaX C500,104,8489b2cecb091d5526afe6f90f3565f4d1b9bc64,6c28a77b52b659d283503922e9614c19,official,lightning_indexer,512,65536,512,0,0,bfloat16,int32,10,torch,pass,,,1202.202,1196.109,0.056694,56.694,,19.6,19.82,
MetaX_C500,MetaX C500,104,8489b2cecb091d5526afe6f90f3565f4d1b9bc64,6c28a77b52b659d283503922e9614c19,official,lightning_indexer,512,65536,512,0,0,bfloat16,int32,10,deep_gemm,unsupported,UnsupportedByBackend,"backend 'deep_gemm' ranks float32 scores, and was given torch.bfloat16; 'maca_c' and 'torch' take bfloat16 as well",,,,,,,,
MetaX_C500,MetaX C500,104,8489b2cecb091d5526afe6f90f3565f4d1b9bc64,6c28a77b52b659d283503922e9614c19,official,lightning_indexer,512,131072,512,0,0,bfloat16,int32,10,maca_c,pass,,,374.451,375.45,0.361239,361.239,135.266,100.0,100.0,
MetaX_C500,MetaX C500,104,8489b2cecb091d5526afe6f90f3565f4d1b9bc64,6c28a77b52b659d283503922e9614c19,official,lightning_indexer,512,131072,512,0,0,bfloat16,int32,10,torch,pass,,,2150.221,2141.978,0.062908,62.908,,17.41,17.53,
MetaX_C500,MetaX C500,104,8489b2cecb091d5526afe6f90f3565f4d1b9bc64,6c28a77b52b659d283503922e9614c19,official,lightning_indexer,512,131072,512,0,0,bfloat16,int32,10,deep_gemm,unsupported,UnsupportedByBackend,"backend 'deep_gemm' ranks float32 scores, and was given torch.bfloat16; 'maca_c' and 'torch' take bfloat16 as well",,,,,,,,
MetaX_C500,MetaX C500,104,8489b2cecb091d5526afe6f90f3565f4d1b9bc64,6c28a77b52b659d283503922e9614c19,official,lightning_indexer,512,262144,512,0,0,bfloat16,int32,10,maca_c,pass,,,644.07,644.762,0.418408,418.408,269.484,100.0,100.0,
MetaX_C500,MetaX C500,104,8489b2cecb091d5526afe6f90f3565f4d1b9bc64,6c28a77b52b659d283503922e9614c19,official,lightning_indexer,512,262144,512,0,0,bfloat16,int32,10,torch,pass,,,3790.592,3782.989,0.071093,71.093,,16.99,17.04,
MetaX_C500,MetaX C500,104,8489b2cecb091d5526afe6f90f3565f4d1b9bc64,6c28a77b52b659d283503922e9614c19,official,lightning_indexer,512,262144,512,0,0,bfloat16,int32,10,deep_gemm,unsupported,UnsupportedByBackend,"backend 'deep_gemm' ranks float32 scores, and was given torch.bfloat16; 'maca_c' and 'torch' take bfloat16 as well",,,,,,,,
MetaX_C500,MetaX C500,104,8489b2cecb091d5526afe6f90f3565f4d1b9bc64,6c28a77b52b659d283503922e9614c19,official,lightning_indexer,512,524288,512,0,0,bfloat16,int32,10,maca_c,pass,,,1174.758,1177.446,0.457898,457.898,537.919,100.0,100.0,
MetaX_C500,MetaX C500,104,8489b2cecb091d5526afe6f90f3565f4d1b9bc64,6c28a77b52b659d283503922e9614c19,official,lightning_indexer,512,524288,512,0,0,bfloat16,int32,10,torch,pass,,,7054.029,7065.754,0.076257,76.257,,16.65,16.66,
MetaX_C500,MetaX C500,104,8489b2cecb091d5526afe6f90f3565f4d1b9bc64,6c28a77b52b659d283503922e9614c19,official,lightning_indexer,512,524288,512,0,0,bfloat16,int32,10,deep_gemm,unsupported,UnsupportedByBackend,"backend 'deep_gemm' ranks float32 scores, and was given torch.bfloat16; 'maca_c' and 'torch' take bfloat16 as well",,,,,,,,
MetaX_C500,MetaX C500,104,8489b2cecb091d5526afe6f90f3565f4d1b9bc64,6c28a77b52b659d283503922e9614c19,official,lightning_indexer,512,1048576,512,0,0,bfloat16,int32,10,maca_c,pass,,,2229.786,2233.549,0.482015,482.015,1074.79,100.0,100.0,
MetaX_C500,MetaX C500,104,8489b2cecb091d5526afe6f90f3565f4d1b9bc64,6c28a77b52b659d283503922e9614c19,official,lightning_indexer,512,1048576,512,0,0,bfloat16,int32,10,torch,pass,,,13632.947,13645.978,0.078838,78.838,,16.36,16.37,
MetaX_C500,MetaX C500,104,8489b2cecb091d5526afe6f90f3565f4d1b9bc64,6c28a77b52b659d283503922e9614c19,official,lightning_indexer,512,1048576,512,0,0,bfloat16,int32,10,deep_gemm,unsupported,UnsupportedByBackend,"backend 'deep_gemm' ranks float32 scores, and was given torch.bfloat16; 'maca_c' and 'torch' take bfloat16 as well",,,,,,,,
MetaX_C500,MetaX C500,104,8489b2cecb091d5526afe6f90f3565f4d1b9bc64,6c28a77b52b659d283503922e9614c19,official,lightning_indexer,768,256,512,0,0,bfloat16,int32,10,maca_c,pass,,,8.96,39.245,0.219429,219.429,1.966,100.0,100.0,
MetaX_C500,MetaX C500,104,8489b2cecb091d5526afe6f90f3565f4d1b9bc64,6c28a77b52b659d283503922e9614c19,official,lightning_indexer,768,256,512,0,0,bfloat16,int32,10,torch,pass,,"not applicable: the reference backend needs vocab_size >= topk, no window, no offset (tests/test.py's own guard)",,,,,,,,
MetaX_C500,MetaX C500,104,8489b2cecb091d5526afe6f90f3565f4d1b9bc64,6c28a77b52b659d283503922e9614c19,official,lightning_indexer,768,256,512,0,0,bfloat16,int32,10,deep_gemm,unsupported,UnsupportedByBackend,"backend 'deep_gemm' ranks float32 scores, and was given torch.bfloat16; 'maca_c' and 'torch' take bfloat16 as well",,,,,,,,
MetaX_C500,MetaX C500,104,8489b2cecb091d5526afe6f90f3565f4d1b9bc64,6c28a77b52b659d283503922e9614c19,official,lightning_indexer,768,1024,512,0,0,bfloat16,int32,10,maca_c,pass,,,48.333,50.79,0.065084,65.084,3.146,100.0,100.0,
MetaX_C500,MetaX C500,104,8489b2cecb091d5526afe6f90f3565f4d1b9bc64,6c28a77b52b659d283503922e9614c19,official,lightning_indexer,768,1024,512,0,0,bfloat16,int32,10,torch,pass,,,127.718,126.413,0.02463,24.63,,37.84,40.18,
MetaX_C500,MetaX C500,104,8489b2cecb091d5526afe6f90f3565f4d1b9bc64,6c28a77b52b659d283503922e9614c19,official,lightning_indexer,768,1024,512,0,0,bfloat16,int32,10,deep_gemm,unsupported,UnsupportedByBackend,"backend 'deep_gemm' ranks float32 scores, and was given torch.bfloat16; 'maca_c' and 'torch' take bfloat16 as well",,,,,,,,
MetaX_C500,MetaX C500,104,8489b2cecb091d5526afe6f90f3565f4d1b9bc64,6c28a77b52b659d283503922e9614c19,official,lightning_indexer,768,4096,512,0,0,bfloat16,int32,10,maca_c,pass,,,65.434,66.278,0.120187,120.187,7.864,100.0,100.0,
MetaX_C500,MetaX C500,104,8489b2cecb091d5526afe6f90f3565f4d1b9bc64,6c28a77b52b659d283503922e9614c19,official,lightning_indexer,768,4096,512,0,0,bfloat16,int32,10,torch,pass,,,311.373,298.701,0.025257,25.257,,21.01,22.19,
MetaX_C500,MetaX C500,104,8489b2cecb091d5526afe6f90f3565f4d1b9bc64,6c28a77b52b659d283503922e9614c19,official,lightning_indexer,768,4096,512,0,0,bfloat16,int32,10,deep_gemm,unsupported,UnsupportedByBackend,"backend 'deep_gemm' ranks float32 scores, and was given torch.bfloat16; 'maca_c' and 'torch' take bfloat16 as well",,,,,,,,
MetaX_C500,MetaX C500,104,8489b2cecb091d5526afe6f90f3565f4d1b9bc64,6c28a77b52b659d283503922e9614c19,official,lightning_indexer,768,16384,512,0,0,bfloat16,int32,10,maca_c,pass,,,118.016,117.146,0.226568,226.568,26.739,100.0,100.0,
MetaX_C500,MetaX C500,104,8489b2cecb091d5526afe6f90f3565f4d1b9bc64,6c28a77b52b659d283503922e9614c19,official,lightning_indexer,768,16384,512,0,0,bfloat16,int32,10,torch,pass,,,682.931,676.198,0.039153,39.153,,17.28,17.32,
MetaX_C500,MetaX C500,104,8489b2cecb091d5526afe6f90f3565f4d1b9bc64,6c28a77b52b659d283503922e9614c19,official,lightning_indexer,768,16384,512,0,0,bfloat16,int32,10,deep_gemm,unsupported,UnsupportedByBackend,"backend 'deep_gemm' ranks float32 scores, and was given torch.bfloat16; 'maca_c' and 'torch' take bfloat16 as well",,,,,,,,
MetaX_C500,MetaX C500,104,8489b2cecb091d5526afe6f90f3565f4d1b9bc64,6c28a77b52b659d283503922e9614c19,official,lightning_indexer,768,65536,512,0,0,bfloat16,int32,10,maca_c,pass,,,368.896,368.64,0.277141,277.141,102.236,100.0,100.0,
MetaX_C500,MetaX C500,104,8489b2cecb091d5526afe6f90f3565f4d1b9bc64,6c28a77b52b659d283503922e9614c19,official,lightning_indexer,768,65536,512,0,0,bfloat16,int32,10,torch,pass,,,1678.157,1670.528,0.060922,60.922,,21.98,22.07,
MetaX_C500,MetaX C500,104,8489b2cecb091d5526afe6f90f3565f4d1b9bc64,6c28a77b52b659d283503922e9614c19,official,lightning_indexer,768,65536,512,0,0,bfloat16,int32,10,deep_gemm,unsupported,UnsupportedByBackend,"backend 'deep_gemm' ranks float32 scores, and was given torch.bfloat16; 'maca_c' and 'torch' take bfloat16 as well",,,,,,,,
MetaX_C500,MetaX C500,104,8489b2cecb091d5526afe6f90f3565f4d1b9bc64,6c28a77b52b659d283503922e9614c19,official,lightning_indexer,768,131072,512,0,0,bfloat16,int32,10,maca_c,pass,,,590.234,591.13,0.343761,343.761,202.899,100.0,100.0,
MetaX_C500,MetaX C500,104,8489b2cecb091d5526afe6f90f3565f4d1b9bc64,6c28a77b52b659d283503922e9614c19,official,lightning_indexer,768,131072,512,0,0,bfloat16,int32,10,torch,pass,,,3083.674,3077.222,0.065798,65.798,,19.14,19.21,
MetaX_C500,MetaX C500,104,8489b2cecb091d5526afe6f90f3565f4d1b9bc64,6c28a77b52b659d283503922e9614c19,official,lightning_indexer,768,131072,512,0,0,bfloat16,int32,10,deep_gemm,unsupported,UnsupportedByBackend,"backend 'deep_gemm' ranks float32 scores, and was given torch.bfloat16; 'maca_c' and 'torch' take bfloat16 as well",,,,,,,,
MetaX_C500,MetaX C500,104,8489b2cecb091d5526afe6f90f3565f4d1b9bc64,6c28a77b52b659d283503922e9614c19,official,lightning_indexer,768,262144,512,0,0,bfloat16,int32,10,maca_c,pass,,,1015.526,1015.552,0.398046,398.046,404.226,100.0,100.0,
MetaX_C500,MetaX C500,104,8489b2cecb091d5526afe6f90f3565f4d1b9bc64,6c28a77b52b659d283503922e9614c19,official,lightning_indexer,768,262144,512,0,0,bfloat16,int32,10,torch,pass,,,5563.827,5559.347,0.072653,72.653,,18.25,18.27,
MetaX_C500,MetaX C500,104,8489b2cecb091d5526afe6f90f3565f4d1b9bc64,6c28a77b52b659d283503922e9614c19,official,lightning_indexer,768,262144,512,0,0,bfloat16,int32,10,deep_gemm,unsupported,UnsupportedByBackend,"backend 'deep_gemm' ranks float32 scores, and was given torch.bfloat16; 'maca_c' and 'torch' take bfloat16 as well",,,,,,,,
MetaX_C500,MetaX C500,104,8489b2cecb091d5526afe6f90f3565f4d1b9bc64,6c28a77b52b659d283503922e9614c19,official,lightning_indexer,768,524288,512,0,0,bfloat16,int32,10,maca_c,pass,,,1855.514,1858.304,0.434855,434.855,806.879,100.0,100.0,
MetaX_C500,MetaX C500,104,8489b2cecb091d5526afe6f90f3565f4d1b9bc64,6c28a77b52b659d283503922e9614c19,official,lightning_indexer,768,524288,512,0,0,bfloat16,int32,10,torch,pass,,,10388.634,10400.64,0.077669,77.669,,17.86,17.87,
MetaX_C500,MetaX C500,104,8489b2cecb091d5526afe6f90f3565f4d1b9bc64,6c28a77b52b659d283503922e9614c19,official,lightning_indexer,768,524288,512,0,0,bfloat16,int32,10,deep_gemm,unsupported,UnsupportedByBackend,"backend 'deep_gemm' ranks float32 scores, and was given torch.bfloat16; 'maca_c' and 'torch' take bfloat16 as well",,,,,,,,
MetaX_C500,MetaX C500,104,8489b2cecb091d5526afe6f90f3565f4d1b9bc64,6c28a77b52b659d283503922e9614c19,official,lightning_indexer,768,1048576,512,0,0,bfloat16,int32,10,maca_c,pass,,,3536.742,3543.091,0.455839,455.839,1612.186,100.0,100.0,
MetaX_C500,MetaX C500,104,8489b2cecb091d5526afe6f90f3565f4d1b9bc64,6c28a77b52b659d283503922e9614c19,official,lightning_indexer,768,1048576,512,0,0,bfloat16,int32,10,torch,pass,,,20110.49,20128.128,0.080166,80.166,,17.59,17.6,
MetaX_C500,MetaX C500,104,8489b2cecb091d5526afe6f90f3565f4d1b9bc64,6c28a77b52b659d283503922e9614c19,official,lightning_indexer,768,1048576,512,0,0,bfloat16,int32,10,deep_gemm,unsupported,UnsupportedByBackend,"backend 'deep_gemm' ranks float32 scores, and was given torch.bfloat16; 'maca_c' and 'torch' take bfloat16 as well",,,,,,,,
MetaX_C500,MetaX C500,104,8489b2cecb091d5526afe6f90f3565f4d1b9bc64,6c28a77b52b659d283503922e9614c19,official,lightning_indexer,4096,256,512,0,0,bfloat16,int32,10,maca_c,pass,,,31.898,43.059,0.328728,328.728,10.486,100.0,100.0,
MetaX_C500,MetaX C500,104,8489b2cecb091d5526afe6f90f3565f4d1b9bc64,6c28a77b52b659d283503922e9614c19,official,lightning_indexer,4096,256,512,0,0,bfloat16,int32,10,torch,pass,,"not applicable: the reference backend needs vocab_size >= topk, no window, no offset (tests/test.py's own guard)",,,,,,,,
MetaX_C500,MetaX C500,104,8489b2cecb091d5526afe6f90f3565f4d1b9bc64,6c28a77b52b659d283503922e9614c19,official,lightning_indexer,4096,256,512,0,0,bfloat16,int32,10,deep_gemm,unsupported,UnsupportedByBackend,"backend 'deep_gemm' ranks float32 scores, and was given torch.bfloat16; 'maca_c' and 'torch' take bfloat16 as well",,,,,,,,
MetaX_C500,MetaX C500,104,8489b2cecb091d5526afe6f90f3565f4d1b9bc64,6c28a77b52b659d283503922e9614c19,official,lightning_indexer,4096,1024,512,0,0,bfloat16,int32,10,maca_c,pass,,,203.546,207.846,0.082425,82.425,16.777,100.0,100.0,
MetaX_C500,MetaX C500,104,8489b2cecb091d5526afe6f90f3565f4d1b9bc64,6c28a77b52b659d283503922e9614c19,official,lightning_indexer,4096,1024,512,0,0,bfloat16,int32,10,torch,pass,,,382.029,374.579,0.043916,43.916,,53.28,55.49,
MetaX_C500,MetaX C500,104,8489b2cecb091d5526afe6f90f3565f4d1b9bc64,6c28a77b52b659d283503922e9614c19,official,lightning_indexer,4096,1024,512,0,0,bfloat16,int32,10,deep_gemm,unsupported,UnsupportedByBackend,"backend 'deep_gemm' ranks float32 scores, and was given torch.bfloat16; 'maca_c' and 'torch' take bfloat16 as well",,,,,,,,
MetaX_C500,MetaX C500,104,8489b2cecb091d5526afe6f90f3565f4d1b9bc64,6c28a77b52b659d283503922e9614c19,official,lightning_indexer,4096,4096,512,0,0,bfloat16,int32,10,maca_c,pass,,,295.322,298.317,0.142025,142.025,41.943,100.0,100.0,
MetaX_C500,MetaX C500,104,8489b2cecb091d5526afe6f90f3565f4d1b9bc64,6c28a77b52b659d283503922e9614c19,official,lightning_indexer,4096,4096,512,0,0,bfloat16,int32,10,torch,pass,,,705.357,700.211,0.059464,59.464,,41.87,42.6,
MetaX_C500,MetaX C500,104,8489b2cecb091d5526afe6f90f3565f4d1b9bc64,6c28a77b52b659d283503922e9614c19,official,lightning_indexer,4096,4096,512,0,0,bfloat16,int32,10,deep_gemm,unsupported,UnsupportedByBackend,"backend 'deep_gemm' ranks float32 scores, and was given torch.bfloat16; 'maca_c' and 'torch' take bfloat16 as well",,,,,,,,
MetaX_C500,MetaX C500,104,8489b2cecb091d5526afe6f90f3565f4d1b9bc64,6c28a77b52b659d283503922e9614c19,official,lightning_indexer,4096,16384,512,0,0,bfloat16,int32,10,maca_c,pass,,,543.462,545.741,0.262404,262.404,142.606,100.0,100.0,
MetaX_C500,MetaX C500,104,8489b2cecb091d5526afe6f90f3565f4d1b9bc64,6c28a77b52b659d283503922e9614c19,official,lightning_indexer,4096,16384,512,0,0,bfloat16,int32,10,torch,pass,,,2007.142,2005.581,0.071049,71.049,,27.08,27.21,
MetaX_C500,MetaX C500,104,8489b2cecb091d5526afe6f90f3565f4d1b9bc64,6c28a77b52b659d283503922e9614c19,official,lightning_indexer,4096,16384,512,0,0,bfloat16,int32,10,deep_gemm,unsupported,UnsupportedByBackend,"backend 'deep_gemm' ranks float32 scores, and was given torch.bfloat16; 'maca_c' and 'torch' take bfloat16 as well",,,,,,,,
MetaX_C500,MetaX C500,104,8489b2cecb091d5526afe6f90f3565f4d1b9bc64,6c28a77b52b659d283503922e9614c19,official,lightning_indexer,4096,65536,512,0,0,bfloat16,int32,10,maca_c,pass,,,1823.36,1824.742,0.299041,299.041,545.26,100.0,100.0,
MetaX_C500,MetaX C500,104,8489b2cecb091d5526afe6f90f3565f4d1b9bc64,6c28a77b52b659d283503922e9614c19,official,lightning_indexer,4096,65536,512,0,0,bfloat16,int32,10,torch,pass,,,7793.869,7797.632,0.06996,69.96,,23.39,23.4,
MetaX_C500,MetaX C500,104,8489b2cecb091d5526afe6f90f3565f4d1b9bc64,6c28a77b52b659d283503922e9614c19,official,lightning_indexer,4096,65536,512,0,0,bfloat16,int32,10,deep_gemm,unsupported,UnsupportedByBackend,"backend 'deep_gemm' ranks float32 scores, and was given torch.bfloat16; 'maca_c' and 'torch' take bfloat16 as well",,,,,,,,
MetaX_C500,MetaX C500,104,8489b2cecb091d5526afe6f90f3565f4d1b9bc64,6c28a77b52b659d283503922e9614c19,official,lightning_indexer,4096,131072,512,0,0,bfloat16,int32,10,maca_c,pass,,,2930.432,2931.533,0.369273,369.273,1082.13,100.0,100.0,
MetaX_C500,MetaX C500,104,8489b2cecb091d5526afe6f90f3565f4d1b9bc64,6c28a77b52b659d283503922e9614c19,official,lightning_indexer,4096,131072,512,0,0,bfloat16,int32,10,torch,pass,,,15381.786,15394.278,0.070351,70.351,,19.05,19.04,
MetaX_C500,MetaX C500,104,8489b2cecb091d5526afe6f90f3565f4d1b9bc64,6c28a77b52b659d283503922e9614c19,official,lightning_indexer,4096,131072,512,0,0,bfloat16,int32,10,deep_gemm,unsupported,UnsupportedByBackend,"backend 'deep_gemm' ranks float32 scores, and was given torch.bfloat16; 'maca_c' and 'torch' take bfloat16 as well",,,,,,,,
MetaX_C500,MetaX C500,104,8489b2cecb091d5526afe6f90f3565f4d1b9bc64,6c28a77b52b659d283503922e9614c19,official,lightning_indexer,4096,262144,512,0,0,bfloat16,int32,10,maca_c,pass,,,5072.282,5085.235,0.42503,425.03,2155.872,100.0,100.0,
MetaX_C500,MetaX C500,104,8489b2cecb091d5526afe6f90f3565f4d1b9bc64,6c28a77b52b659d283503922e9614c19,official,lightning_indexer,4096,262144,512,0,0,bfloat16,int32,10,torch,pass,,,29493.888,29524.274,0.073096,73.096,,17.2,17.22,
MetaX_C500,MetaX C500,104,8489b2cecb091d5526afe6f90f3565f4d1b9bc64,6c28a77b52b659d283503922e9614c19,official,lightning_indexer,4096,262144,512,0,0,bfloat16,int32,10,deep_gemm,unsupported,UnsupportedByBackend,"backend 'deep_gemm' ranks float32 scores, and was given torch.bfloat16; 'maca_c' and 'torch' take bfloat16 as well",,,,,,,,
MetaX_C500,MetaX C500,104,8489b2cecb091d5526afe6f90f3565f4d1b9bc64,6c28a77b52b659d283503922e9614c19,official,lightning_indexer,4096,524288,512,0,0,bfloat16,int32,10,maca_c,pass,,,9300.301,9318.144,0.462711,462.711,4303.356,100.0,100.0,
MetaX_C500,MetaX C500,104,8489b2cecb091d5526afe6f90f3565f4d1b9bc64,6c28a77b52b659d283503922e9614c19,official,lightning_indexer,4096,524288,512,0,0,bfloat16,int32,10,torch,pass,,,57704.218,57748.431,0.074576,74.576,,16.12,16.14,
MetaX_C500,MetaX C500,104,8489b2cecb091d5526afe6f90f3565f4d1b9bc64,6c28a77b52b659d283503922e9614c19,official,lightning_indexer,4096,524288,512,0,0,bfloat16,int32,10,deep_gemm,unsupported,UnsupportedByBackend,"backend 'deep_gemm' ranks float32 scores, and was given torch.bfloat16; 'maca_c' and 'torch' take bfloat16 as well",,,,,,,,
MetaX_C500,MetaX C500,104,8489b2cecb091d5526afe6f90f3565f4d1b9bc64,6c28a77b52b659d283503922e9614c19,official,lightning_indexer,4096,1048576,512,0,0,bfloat16,int32,10,maca_c,pass,,,17746.586,17763.583,0.484506,484.506,8598.323,100.0,100.0,
MetaX_C500,MetaX C500,104,8489b2cecb091d5526afe6f90f3565f4d1b9bc64,6c28a77b52b659d283503922e9614c19,official,lightning_indexer,4096,1048576,512,0,0,bfloat16,int32,10,torch,pass,,,111902.618,111990.601,0.076838,76.838,,15.86,15.86,
MetaX_C500,MetaX C500,104,8489b2cecb091d5526afe6f90f3565f4d1b9bc64,6c28a77b52b659d283503922e9614c19,official,lightning_indexer,4096,1048576,512,0,0,bfloat16,int32,10,deep_gemm,unsupported,UnsupportedByBackend,"backend 'deep_gemm' ranks float32 scores, and was given torch.bfloat16; 'maca_c' and 'torch' take bfloat16 as well",,,,,,,,
MetaX_C500,MetaX C500,104,8489b2cecb091d5526afe6f90f3565f4d1b9bc64,6c28a77b52b659d283503922e9614c19,official,lightning_indexer,6,256,1024,0,0,bfloat16,int32,10,maca_c,pass,,,3.661,39.859,0.007552,7.552,0.028,100.0,100.0,
MetaX_C500,MetaX C500,104,8489b2cecb091d5526afe6f90f3565f4d1b9bc64,6c28a77b52b659d283503922e9614c19,official,lightning_indexer,6,256,1024,0,0,bfloat16,int32,10,torch,pass,,"not applicable: the reference backend needs vocab_size >= topk, no window, no offset (tests/test.py's own guard)",,,,,,,,
MetaX_C500,MetaX C500,104,8489b2cecb091d5526afe6f90f3565f4d1b9bc64,6c28a77b52b659d283503922e9614c19,official,lightning_indexer,6,256,1024,0,0,bfloat16,int32,10,deep_gemm,unsupported,UnsupportedByBackend,"backend 'deep_gemm' ranks float32 scores, and was given torch.bfloat16; 'maca_c' and 'torch' take bfloat16 as well",,,,,,,,
MetaX_C500,MetaX C500,104,8489b2cecb091d5526afe6f90f3565f4d1b9bc64,6c28a77b52b659d283503922e9614c19,official,lightning_indexer,6,1024,1024,0,0,bfloat16,int32,10,maca_c,pass,,,3.61,38.144,0.010212,10.212,0.037,100.0,100.0,
MetaX_C500,MetaX C500,104,8489b2cecb091d5526afe6f90f3565f4d1b9bc64,6c28a77b52b659d283503922e9614c19,official,lightning_indexer,6,1024,1024,0,0,bfloat16,int32,10,torch,pass,,,25.114,25.242,0.001468,1.468,,14.37,151.11,
MetaX_C500,MetaX C500,104,8489b2cecb091d5526afe6f90f3565f4d1b9bc64,6c28a77b52b659d283503922e9614c19,official,lightning_indexer,6,1024,1024,0,0,bfloat16,int32,10,deep_gemm,unsupported,UnsupportedByBackend,"backend 'deep_gemm' ranks float32 scores, and was given torch.bfloat16; 'maca_c' and 'torch' take bfloat16 as well",,,,,,,,
MetaX_C500,MetaX C500,104,8489b2cecb091d5526afe6f90f3565f4d1b9bc64,6c28a77b52b659d283503922e9614c19,official,lightning_indexer,6,4096,1024,0,0,bfloat16,int32,10,maca_c,pass,,,17.382,39.501,0.004242,4.242,0.074,100.0,100.0,
MetaX_C500,MetaX C500,104,8489b2cecb091d5526afe6f90f3565f4d1b9bc64,6c28a77b52b659d283503922e9614c19,official,lightning_indexer,6,4096,1024,0,0,bfloat16,int32,10,torch,pass,,,50.995,50.944,0.001446,1.446,,34.09,77.54,
MetaX_C500,MetaX C500,104,8489b2cecb091d5526afe6f90f3565f4d1b9bc64,6c28a77b52b659d283503922e9614c19,official,lightning_indexer,6,4096,1024,0,0,bfloat16,int32,10,deep_gemm,unsupported,UnsupportedByBackend,"backend 'deep_gemm' ranks float32 scores, and was given torch.bfloat16; 'maca_c' and 'torch' take bfloat16 as well",,,,,,,,
MetaX_C500,MetaX C500,104,8489b2cecb091d5526afe6f90f3565f4d1b9bc64,6c28a77b52b659d283503922e9614c19,official,lightning_indexer,6,16384,1024,0,0,bfloat16,int32,10,maca_c,pass,,,27.674,41.395,0.007992,7.992,0.221,100.0,100.0,
MetaX_C500,MetaX C500,104,8489b2cecb091d5526afe6f90f3565f4d1b9bc64,6c28a77b52b659d283503922e9614c19,official,lightning_indexer,6,16384,1024,0,0,bfloat16,int32,10,torch,pass,,,144.0,144.026,0.001536,1.536,,19.22,28.74,
MetaX_C500,MetaX C500,104,8489b2cecb091d5526afe6f90f3565f4d1b9bc64,6c28a77b52b659d283503922e9614c19,official,lightning_indexer,6,16384,1024,0,0,bfloat16,int32,10,deep_gemm,unsupported,UnsupportedByBackend,"backend 'deep_gemm' ranks float32 scores, and was given torch.bfloat16; 'maca_c' and 'torch' take bfloat16 as well",,,,,,,,
MetaX_C500,MetaX C500,104,8489b2cecb091d5526afe6f90f3565f4d1b9bc64,6c28a77b52b659d283503922e9614c19,official,lightning_indexer,6,65536,1024,0,0,bfloat16,int32,10,maca_c,pass,,,50.202,53.427,0.016155,16.155,0.811,100.0,100.0,
MetaX_C500,MetaX C500,104,8489b2cecb091d5526afe6f90f3565f4d1b9bc64,6c28a77b52b659d283503922e9614c19,official,lightning_indexer,6,65536,1024,0,0,bfloat16,int32,10,torch,pass,,,177.946,159.846,0.004558,4.558,,28.21,33.42,
MetaX_C500,MetaX C500,104,8489b2cecb091d5526afe6f90f3565f4d1b9bc64,6c28a77b52b659d283503922e9614c19,official,lightning_indexer,6,65536,1024,0,0,bfloat16,int32,10,deep_gemm,unsupported,UnsupportedByBackend,"backend 'deep_gemm' ranks float32 scores, and was given torch.bfloat16; 'maca_c' and 'torch' take bfloat16 as well",,,,,,,,
MetaX_C500,MetaX C500,104,8489b2cecb091d5526afe6f90f3565f4d1b9bc64,6c28a77b52b659d283503922e9614c19,official,lightning_indexer,6,131072,1024,0,0,bfloat16,int32,10,maca_c,pass,,,77.67,80.486,0.020567,20.567,1.597,100.0,100.0,
MetaX_C500,MetaX C500,104,8489b2cecb091d5526afe6f90f3565f4d1b9bc64,6c28a77b52b659d283503922e9614c19,official,lightning_indexer,6,131072,1024,0,0,bfloat16,int32,10,torch,pass,,,224.128,203.29,0.007127,7.127,,34.65,39.59,
MetaX_C500,MetaX C500,104,8489b2cecb091d5526afe6f90f3565f4d1b9bc64,6c28a77b52b659d283503922e9614c19,official,lightning_indexer,6,131072,1024,0,0,bfloat16,int32,10,deep_gemm,unsupported,UnsupportedByBackend,"backend 'deep_gemm' ranks float32 scores, and was given torch.bfloat16; 'maca_c' and 'torch' take bfloat16 as well",,,,,,,,
MetaX_C500,MetaX C500,104,8489b2cecb091d5526afe6f90f3565f4d1b9bc64,6c28a77b52b659d283503922e9614c19,official,lightning_indexer,6,262144,1024,0,0,bfloat16,int32,10,maca_c,pass,,,97.869,132.096,0.032393,32.393,3.17,100.0,100.0,
MetaX_C500,MetaX C500,104,8489b2cecb091d5526afe6f90f3565f4d1b9bc64,6c28a77b52b659d283503922e9614c19,official,lightning_indexer,6,262144,1024,0,0,bfloat16,int32,10,torch,pass,,,264.32,247.859,0.011994,11.994,,37.03,53.29,
MetaX_C500,MetaX C500,104,8489b2cecb091d5526afe6f90f3565f4d1b9bc64,6c28a77b52b659d283503922e9614c19,official,lightning_indexer,6,262144,1024,0,0,bfloat16,int32,10,deep_gemm,unsupported,UnsupportedByBackend,"backend 'deep_gemm' ranks float32 scores, and was given torch.bfloat16; 'maca_c' and 'torch' take bfloat16 as well",,,,,,,,
MetaX_C500,MetaX C500,104,8489b2cecb091d5526afe6f90f3565f4d1b9bc64,6c28a77b52b659d283503922e9614c19,official,lightning_indexer,6,524288,1024,0,0,bfloat16,int32,10,maca_c,pass,,,141.261,182.912,0.044712,44.712,6.316,100.0,100.0,
MetaX_C500,MetaX C500,104,8489b2cecb091d5526afe6f90f3565f4d1b9bc64,6c28a77b52b659d283503922e9614c19,official,lightning_indexer,6,524288,1024,0,0,bfloat16,int32,10,torch,pass,,,299.597,281.754,0.021082,21.082,,47.15,64.92,
MetaX_C500,MetaX C500,104,8489b2cecb091d5526afe6f90f3565f4d1b9bc64,6c28a77b52b659d283503922e9614c19,official,lightning_indexer,6,524288,1024,0,0,bfloat16,int32,10,deep_gemm,unsupported,UnsupportedByBackend,"backend 'deep_gemm' ranks float32 scores, and was given torch.bfloat16; 'maca_c' and 'torch' take bfloat16 as well",,,,,,,,
MetaX_C500,MetaX C500,104,8489b2cecb091d5526afe6f90f3565f4d1b9bc64,6c28a77b52b659d283503922e9614c19,official,lightning_indexer,6,1048576,1024,0,0,bfloat16,int32,10,maca_c,pass,,,136.294,186.726,0.092502,92.502,12.607,100.0,100.0,
MetaX_C500,MetaX C500,104,8489b2cecb091d5526afe6f90f3565f4d1b9bc64,6c28a77b52b659d283503922e9614c19,official,lightning_indexer,6,1048576,1024,0,0,bfloat16,int32,10,torch,pass,,,376.755,356.019,0.033463,33.463,,36.18,52.45,
MetaX_C500,MetaX C500,104,8489b2cecb091d5526afe6f90f3565f4d1b9bc64,6c28a77b52b659d283503922e9614c19,official,lightning_indexer,6,1048576,1024,0,0,bfloat16,int32,10,deep_gemm,unsupported,UnsupportedByBackend,"backend 'deep_gemm' ranks float32 scores, and was given torch.bfloat16; 'maca_c' and 'torch' take bfloat16 as well",,,,,,,,
MetaX_C500,MetaX C500,104,8489b2cecb091d5526afe6f90f3565f4d1b9bc64,6c28a77b52b659d283503922e9614c19,official,lightning_indexer,256,256,1024,0,0,bfloat16,int32,10,maca_c,pass,,,5.12,40.96,0.2304,230.4,1.18,100.0,100.0,
MetaX_C500,MetaX C500,104,8489b2cecb091d5526afe6f90f3565f4d1b9bc64,6c28a77b52b659d283503922e9614c19,official,lightning_indexer,256,256,1024,0,0,bfloat16,int32,10,torch,pass,,"not applicable: the reference backend needs vocab_size >= topk, no window, no offset (tests/test.py's own guard)",,,,,,,,
MetaX_C500,MetaX C500,104,8489b2cecb091d5526afe6f90f3565f4d1b9bc64,6c28a77b52b659d283503922e9614c19,official,lightning_indexer,256,256,1024,0,0,bfloat16,int32,10,deep_gemm,unsupported,UnsupportedByBackend,"backend 'deep_gemm' ranks float32 scores, and was given torch.bfloat16; 'maca_c' and 'torch' take bfloat16 as well",,,,,,,,
MetaX_C500,MetaX C500,104,8489b2cecb091d5526afe6f90f3565f4d1b9bc64,6c28a77b52b659d283503922e9614c19,official,lightning_indexer,256,1024,1024,0,0,bfloat16,int32,10,maca_c,pass,,,4.89,40.858,0.321649,321.649,1.573,100.0,100.0,
MetaX_C500,MetaX C500,104,8489b2cecb091d5526afe6f90f3565f4d1b9bc64,6c28a77b52b659d283503922e9614c19,official,lightning_indexer,256,1024,1024,0,0,bfloat16,int32,10,torch,pass,,,56.371,57.907,0.027902,27.902,,8.67,70.56,
MetaX_C500,MetaX C500,104,8489b2cecb091d5526afe6f90f3565f4d1b9bc64,6c28a77b52b659d283503922e9614c19,official,lightning_indexer,256,1024,1024,0,0,bfloat16,int32,10,deep_gemm,unsupported,UnsupportedByBackend,"backend 'deep_gemm' ranks float32 scores, and was given torch.bfloat16; 'maca_c' and 'torch' take bfloat16 as well",,,,,,,,
MetaX_C500,MetaX C500,104,8489b2cecb091d5526afe6f90f3565f4d1b9bc64,6c28a77b52b659d283503922e9614c19,official,lightning_indexer,256,4096,1024,0,0,bfloat16,int32,10,maca_c,pass,,,37.274,41.318,0.084395,84.395,3.146,100.0,100.0,
MetaX_C500,MetaX C500,104,8489b2cecb091d5526afe6f90f3565f4d1b9bc64,6c28a77b52b659d283503922e9614c19,official,lightning_indexer,256,4096,1024,0,0,bfloat16,int32,10,torch,pass,,,212.915,199.552,0.014775,14.775,,17.51,20.71,
MetaX_C500,MetaX C500,104,8489b2cecb091d5526afe6f90f3565f4d1b9bc64,6c28a77b52b659d283503922e9614c19,official,lightning_indexer,256,4096,1024,0,0,bfloat16,int32,10,deep_gemm,unsupported,UnsupportedByBackend,"backend 'deep_gemm' ranks float32 scores, and was given torch.bfloat16; 'maca_c' and 'torch' take bfloat16 as well",,,,,,,,
MetaX_C500,MetaX C500,104,8489b2cecb091d5526afe6f90f3565f4d1b9bc64,6c28a77b52b659d283503922e9614c19,official,lightning_indexer,256,16384,1024,0,0,bfloat16,int32,10,maca_c,pass,,,59.699,59.213,0.158079,158.079,9.437,100.0,100.0,
MetaX_C500,MetaX C500,104,8489b2cecb091d5526afe6f90f3565f4d1b9bc64,6c28a77b52b659d283503922e9614c19,official,lightning_indexer,256,16384,1024,0,0,bfloat16,int32,10,torch,pass,,,319.898,309.299,0.029501,29.501,,18.66,19.14,
MetaX_C500,MetaX C500,104,8489b2cecb091d5526afe6f90f3565f4d1b9bc64,6c28a77b52b659d283503922e9614c19,official,lightning_indexer,256,16384,1024,0,0,bfloat16,int32,10,deep_gemm,unsupported,UnsupportedByBackend,"backend 'deep_gemm' ranks float32 scores, and was given torch.bfloat16; 'maca_c' and 'torch' take bfloat16 as well",,,,,,,,
MetaX_C500,MetaX C500,104,8489b2cecb091d5526afe6f90f3565f4d1b9bc64,6c28a77b52b659d283503922e9614c19,official,lightning_indexer,256,65536,1024,0,0,bfloat16,int32,10,maca_c,pass,,,156.851,156.979,0.220611,220.611,34.603,100.0,100.0,
MetaX_C500,MetaX C500,104,8489b2cecb091d5526afe6f90f3565f4d1b9bc64,6c28a77b52b659d283503922e9614c19,official,lightning_indexer,256,65536,1024,0,0,bfloat16,int32,10,torch,pass,,,721.894,714.214,0.047934,47.934,,21.73,21.98,
MetaX_C500,MetaX C500,104,8489b2cecb091d5526afe6f90f3565f4d1b9bc64,6c28a77b52b659d283503922e9614c19,official,lightning_indexer,256,65536,1024,0,0,bfloat16,int32,10,deep_gemm,unsupported,UnsupportedByBackend,"backend 'deep_gemm' ranks float32 scores, and was given torch.bfloat16; 'maca_c' and 'torch' take bfloat16 as well",,,,,,,,
MetaX_C500,MetaX C500,104,8489b2cecb091d5526afe6f90f3565f4d1b9bc64,6c28a77b52b659d283503922e9614c19,official,lightning_indexer,256,131072,1024,0,0,bfloat16,int32,10,maca_c,pass,,,247.526,248.038,0.275355,275.355,68.157,100.0,100.0,
MetaX_C500,MetaX C500,104,8489b2cecb091d5526afe6f90f3565f4d1b9bc64,6c28a77b52b659d283503922e9614c19,official,lightning_indexer,256,131072,1024,0,0,bfloat16,int32,10,torch,pass,,,1213.03,1204.787,0.056188,56.188,,20.41,20.59,
MetaX_C500,MetaX C500,104,8489b2cecb091d5526afe6f90f3565f4d1b9bc64,6c28a77b52b659d283503922e9614c19,official,lightning_indexer,256,131072,1024,0,0,bfloat16,int32,10,deep_gemm,unsupported,UnsupportedByBackend,"backend 'deep_gemm' ranks float32 scores, and was given torch.bfloat16; 'maca_c' and 'torch' take bfloat16 as well",,,,,,,,
MetaX_C500,MetaX C500,104,8489b2cecb091d5526afe6f90f3565f4d1b9bc64,6c28a77b52b659d283503922e9614c19,official,lightning_indexer,256,262144,1024,0,0,bfloat16,int32,10,maca_c,pass,,,412.518,412.672,0.327904,327.904,135.266,100.0,100.0,
MetaX_C500,MetaX C500,104,8489b2cecb091d5526afe6f90f3565f4d1b9bc64,6c28a77b52b659d283503922e9614c19,official,lightning_indexer,256,262144,1024,0,0,bfloat16,int32,10,torch,pass,,,2038.221,2030.925,0.066365,66.365,,20.24,20.32,
MetaX_C500,MetaX C500,104,8489b2cecb091d5526afe6f90f3565f4d1b9bc64,6c28a77b52b659d283503922e9614c19,official,lightning_indexer,256,262144,1024,0,0,bfloat16,int32,10,deep_gemm,unsupported,UnsupportedByBackend,"backend 'deep_gemm' ranks float32 scores, and was given torch.bfloat16; 'maca_c' and 'torch' take bfloat16 as well",,,,,,,,
MetaX_C500,MetaX C500,104,8489b2cecb091d5526afe6f90f3565f4d1b9bc64,6c28a77b52b659d283503922e9614c19,official,lightning_indexer,256,524288,1024,0,0,bfloat16,int32,10,maca_c,pass,,,726.656,728.038,0.370855,370.855,269.484,100.0,100.0,
MetaX_C500,MetaX C500,104,8489b2cecb091d5526afe6f90f3565f4d1b9bc64,6c28a77b52b659d283503922e9614c19,official,lightning_indexer,256,524288,1024,0,0,bfloat16,int32,10,torch,pass,,,3684.096,3683.175,0.073148,73.148,,19.72,19.77,
MetaX_C500,MetaX C500,104,8489b2cecb091d5526afe6f90f3565f4d1b9bc64,6c28a77b52b659d283503922e9614c19,official,lightning_indexer,256,524288,1024,0,0,bfloat16,int32,10,deep_gemm,unsupported,UnsupportedByBackend,"backend 'deep_gemm' ranks float32 scores, and was given torch.bfloat16; 'maca_c' and 'torch' take bfloat16 as well",,,,,,,,
MetaX_C500,MetaX C500,104,8489b2cecb091d5526afe6f90f3565f4d1b9bc64,6c28a77b52b659d283503922e9614c19,official,lightning_indexer,256,1048576,1024,0,0,bfloat16,int32,10,maca_c,pass,,,1352.806,1355.674,0.397632,397.632,537.919,100.0,100.0,
MetaX_C500,MetaX C500,104,8489b2cecb091d5526afe6f90f3565f4d1b9bc64,6c28a77b52b659d283503922e9614c19,official,lightning_indexer,256,1048576,1024,0,0,bfloat16,int32,10,torch,pass,,,6961.203,6950.477,0.077274,77.274,,19.43,19.5,
MetaX_C500,MetaX C500,104,8489b2cecb091d5526afe6f90f3565f4d1b9bc64,6c28a77b52b659d283503922e9614c19,official,lightning_indexer,256,1048576,1024,0,0,bfloat16,int32,10,deep_gemm,unsupported,UnsupportedByBackend,"backend 'deep_gemm' ranks float32 scores, and was given torch.bfloat16; 'maca_c' and 'torch' take bfloat16 as well",,,,,,,,
MetaX_C500,MetaX C500,104,8489b2cecb091d5526afe6f90f3565f4d1b9bc64,6c28a77b52b659d283503922e9614c19,official,lightning_indexer,512,256,1024,0,0,bfloat16,int32,10,maca_c,pass,,,7.757,40.32,0.304151,304.151,2.359,100.0,100.0,
MetaX_C500,MetaX C500,104,8489b2cecb091d5526afe6f90f3565f4d1b9bc64,6c28a77b52b659d283503922e9614c19,official,lightning_indexer,512,256,1024,0,0,bfloat16,int32,10,torch,pass,,"not applicable: the reference backend needs vocab_size >= topk, no window, no offset (tests/test.py's own guard)",,,,,,,,
MetaX_C500,MetaX C500,104,8489b2cecb091d5526afe6f90f3565f4d1b9bc64,6c28a77b52b659d283503922e9614c19,official,lightning_indexer,512,256,1024,0,0,bfloat16,int32,10,deep_gemm,unsupported,UnsupportedByBackend,"backend 'deep_gemm' ranks float32 scores, and was given torch.bfloat16; 'maca_c' and 'torch' take bfloat16 as well",,,,,,,,
MetaX_C500,MetaX C500,104,8489b2cecb091d5526afe6f90f3565f4d1b9bc64,6c28a77b52b659d283503922e9614c19,official,lightning_indexer,512,1024,1024,0,0,bfloat16,int32,10,maca_c,pass,,,7.757,39.117,0.405534,405.534,3.146,100.0,100.0,
MetaX_C500,MetaX C500,104,8489b2cecb091d5526afe6f90f3565f4d1b9bc64,6c28a77b52b659d283503922e9614c19,official,lightning_indexer,512,1024,1024,0,0,bfloat16,int32,10,torch,pass,,,86.886,88.166,0.036205,36.205,,8.93,44.37,
MetaX_C500,MetaX C500,104,8489b2cecb091d5526afe6f90f3565f4d1b9bc64,6c28a77b52b659d283503922e9614c19,official,lightning_indexer,512,1024,1024,0,0,bfloat16,int32,10,deep_gemm,unsupported,UnsupportedByBackend,"backend 'deep_gemm' ranks float32 scores, and was given torch.bfloat16; 'maca_c' and 'torch' take bfloat16 as well",,,,,,,,
MetaX_C500,MetaX C500,104,8489b2cecb091d5526afe6f90f3565f4d1b9bc64,6c28a77b52b659d283503922e9614c19,official,lightning_indexer,512,4096,1024,0,0,bfloat16,int32,10,maca_c,pass,,,52.352,51.046,0.120176,120.176,6.291,100.0,100.0,
MetaX_C500,MetaX C500,104,8489b2cecb091d5526afe6f90f3565f4d1b9bc64,6c28a77b52b659d283503922e9614c19,official,lightning_indexer,512,4096,1024,0,0,bfloat16,int32,10,torch,pass,,,256.845,245.632,0.024495,24.495,,20.38,20.78,
MetaX_C500,MetaX C500,104,8489b2cecb091d5526afe6f90f3565f4d1b9bc64,6c28a77b52b659d283503922e9614c19,official,lightning_indexer,512,4096,1024,0,0,bfloat16,int32,10,deep_gemm,unsupported,UnsupportedByBackend,"backend 'deep_gemm' ranks float32 scores, and was given torch.bfloat16; 'maca_c' and 'torch' take bfloat16 as well",,,,,,,,
MetaX_C500,MetaX C500,104,8489b2cecb091d5526afe6f90f3565f4d1b9bc64,6c28a77b52b659d283503922e9614c19,official,lightning_indexer,512,16384,1024,0,0,bfloat16,int32,10,maca_c,pass,,,89.728,89.318,0.210351,210.351,18.874,100.0,100.0,
MetaX_C500,MetaX C500,104,8489b2cecb091d5526afe6f90f3565f4d1b9bc64,6c28a77b52b659d283503922e9614c19,official,lightning_indexer,512,16384,1024,0,0,bfloat16,int32,10,torch,pass,,,465.946,454.682,0.040508,40.508,,19.26,19.64,
MetaX_C500,MetaX C500,104,8489b2cecb091d5526afe6f90f3565f4d1b9bc64,6c28a77b52b659d283503922e9614c19,official,lightning_indexer,512,16384,1024,0,0,bfloat16,int32,10,deep_gemm,unsupported,UnsupportedByBackend,"backend 'deep_gemm' ranks float32 scores, and was given torch.bfloat16; 'maca_c' and 'torch' take bfloat16 as well",,,,,,,,
MetaX_C500,MetaX C500,104,8489b2cecb091d5526afe6f90f3565f4d1b9bc64,6c28a77b52b659d283503922e9614c19,official,lightning_indexer,512,65536,1024,0,0,bfloat16,int32,10,maca_c,pass,,,260.582,260.634,0.265582,265.582,69.206,100.0,100.0,
MetaX_C500,MetaX C500,104,8489b2cecb091d5526afe6f90f3565f4d1b9bc64,6c28a77b52b659d283503922e9614c19,official,lightning_indexer,512,65536,1024,0,0,bfloat16,int32,10,torch,pass,,,1223.347,1219.482,0.056571,56.571,,21.3,21.37,
MetaX_C500,MetaX C500,104,8489b2cecb091d5526afe6f90f3565f4d1b9bc64,6c28a77b52b659d283503922e9614c19,official,lightning_indexer,512,65536,1024,0,0,bfloat16,int32,10,deep_gemm,unsupported,UnsupportedByBackend,"backend 'deep_gemm' ranks float32 scores, and was given torch.bfloat16; 'maca_c' and 'torch' take bfloat16 as well",,,,,,,,
MetaX_C500,MetaX C500,104,8489b2cecb091d5526afe6f90f3565f4d1b9bc64,6c28a77b52b659d283503922e9614c19,official,lightning_indexer,512,131072,1024,0,0,bfloat16,int32,10,maca_c,pass,,,412.954,413.184,0.330097,330.097,136.315,100.0,100.0,
MetaX_C500,MetaX C500,104,8489b2cecb091d5526afe6f90f3565f4d1b9bc64,6c28a77b52b659d283503922e9614c19,official,lightning_indexer,512,131072,1024,0,0,bfloat16,int32,10,torch,pass,,,2168.704,2159.642,0.062855,62.855,,19.04,19.13,
MetaX_C500,MetaX C500,104,8489b2cecb091d5526afe6f90f3565f4d1b9bc64,6c28a77b52b659d283503922e9614c19,official,lightning_indexer,512,131072,1024,0,0,bfloat16,int32,10,deep_gemm,unsupported,UnsupportedByBackend,"backend 'deep_gemm' ranks float32 scores, and was given torch.bfloat16; 'maca_c' and 'torch' take bfloat16 as well",,,,,,,,
MetaX_C500,MetaX C500,104,8489b2cecb091d5526afe6f90f3565f4d1b9bc64,6c28a77b52b659d283503922e9614c19,official,lightning_indexer,512,262144,1024,0,0,bfloat16,int32,10,maca_c,pass,,,689.306,690.355,0.392471,392.471,270.533,100.0,100.0,
MetaX_C500,MetaX C500,104,8489b2cecb091d5526afe6f90f3565f4d1b9bc64,6c28a77b52b659d283503922e9614c19,official,lightning_indexer,512,262144,1024,0,0,bfloat16,int32,10,torch,pass,,,3849.344,3848.397,0.07028,70.28,,17.91,17.94,
MetaX_C500,MetaX C500,104,8489b2cecb091d5526afe6f90f3565f4d1b9bc64,6c28a77b52b659d283503922e9614c19,official,lightning_indexer,512,262144,1024,0,0,bfloat16,int32,10,deep_gemm,unsupported,UnsupportedByBackend,"backend 'deep_gemm' ranks float32 scores, and was given torch.bfloat16; 'maca_c' and 'torch' take bfloat16 as well",,,,,,,,
MetaX_C500,MetaX C500,104,8489b2cecb091d5526afe6f90f3565f4d1b9bc64,6c28a77b52b659d283503922e9614c19,official,lightning_indexer,512,524288,1024,0,0,bfloat16,int32,10,maca_c,pass,,,1223.475,1225.114,0.440522,440.522,538.968,100.0,100.0,
MetaX_C500,MetaX C500,104,8489b2cecb091d5526afe6f90f3565f4d1b9bc64,6c28a77b52b659d283503922e9614c19,official,lightning_indexer,512,524288,1024,0,0,bfloat16,int32,10,torch,pass,,,7117.824,7130.138,0.075721,75.721,,17.19,17.18,
MetaX_C500,MetaX C500,104,8489b2cecb091d5526afe6f90f3565f4d1b9bc64,6c28a77b52b659d283503922e9614c19,official,lightning_indexer,512,524288,1024,0,0,bfloat16,int32,10,deep_gemm,unsupported,UnsupportedByBackend,"backend 'deep_gemm' ranks float32 scores, and was given torch.bfloat16; 'maca_c' and 'torch' take bfloat16 as well",,,,,,,,
MetaX_C500,MetaX C500,104,8489b2cecb091d5526afe6f90f3565f4d1b9bc64,6c28a77b52b659d283503922e9614c19,official,lightning_indexer,512,1048576,1024,0,0,bfloat16,int32,10,maca_c,pass,,,2276.429,2283.981,0.472599,472.599,1075.839,100.0,100.0,
MetaX_C500,MetaX C500,104,8489b2cecb091d5526afe6f90f3565f4d1b9bc64,6c28a77b52b659d283503922e9614c19,official,lightning_indexer,512,1048576,1024,0,0,bfloat16,int32,10,torch,pass,,,13620.557,13636.557,0.078986,78.986,,16.71,16.75,
MetaX_C500,MetaX C500,104,8489b2cecb091d5526afe6f90f3565f4d1b9bc64,6c28a77b52b659d283503922e9614c19,official,lightning_indexer,512,1048576,1024,0,0,bfloat16,int32,10,deep_gemm,unsupported,UnsupportedByBackend,"backend 'deep_gemm' ranks float32 scores, and was given torch.bfloat16; 'maca_c' and 'torch' take bfloat16 as well",,,,,,,,
MetaX_C500,MetaX C500,104,8489b2cecb091d5526afe6f90f3565f4d1b9bc64,6c28a77b52b659d283503922e9614c19,official,lightning_indexer,768,256,1024,0,0,bfloat16,int32,10,maca_c,pass,,,8.397,39.245,0.421453,421.453,3.539,100.0,100.0,
MetaX_C500,MetaX C500,104,8489b2cecb091d5526afe6f90f3565f4d1b9bc64,6c28a77b52b659d283503922e9614c19,official,lightning_indexer,768,256,1024,0,0,bfloat16,int32,10,torch,pass,,"not applicable: the reference backend needs vocab_size >= topk, no window, no offset (tests/test.py's own guard)",,,,,,,,
MetaX_C500,MetaX C500,104,8489b2cecb091d5526afe6f90f3565f4d1b9bc64,6c28a77b52b659d283503922e9614c19,official,lightning_indexer,768,256,1024,0,0,bfloat16,int32,10,deep_gemm,unsupported,UnsupportedByBackend,"backend 'deep_gemm' ranks float32 scores, and was given torch.bfloat16; 'maca_c' and 'torch' take bfloat16 as well",,,,,,,,
MetaX_C500,MetaX C500,104,8489b2cecb091d5526afe6f90f3565f4d1b9bc64,6c28a77b52b659d283503922e9614c19,official,lightning_indexer,768,1024,1024,0,0,bfloat16,int32,10,maca_c,pass,,,9.446,40.166,0.499533,499.533,4.719,100.0,100.0,
MetaX_C500,MetaX C500,104,8489b2cecb091d5526afe6f90f3565f4d1b9bc64,6c28a77b52b659d283503922e9614c19,official,lightning_indexer,768,1024,1024,0,0,bfloat16,int32,10,torch,pass,,,117.376,118.016,0.040201,40.201,,8.05,34.03,
MetaX_C500,MetaX C500,104,8489b2cecb091d5526afe6f90f3565f4d1b9bc64,6c28a77b52b659d283503922e9614c19,official,lightning_indexer,768,1024,1024,0,0,bfloat16,int32,10,deep_gemm,unsupported,UnsupportedByBackend,"backend 'deep_gemm' ranks float32 scores, and was given torch.bfloat16; 'maca_c' and 'torch' take bfloat16 as well",,,,,,,,
MetaX_C500,MetaX C500,104,8489b2cecb091d5526afe6f90f3565f4d1b9bc64,6c28a77b52b659d283503922e9614c19,official,lightning_indexer,768,4096,1024,0,0,bfloat16,int32,10,maca_c,pass,,,69.274,70.63,0.13623,136.23,9.437,100.0,100.0,
MetaX_C500,MetaX C500,104,8489b2cecb091d5526afe6f90f3565f4d1b9bc64,6c28a77b52b659d283503922e9614c19,official,lightning_indexer,768,4096,1024,0,0,bfloat16,int32,10,torch,pass,,,312.269,301.619,0.030221,30.221,,22.18,23.42,
MetaX_C500,MetaX C500,104,8489b2cecb091d5526afe6f90f3565f4d1b9bc64,6c28a77b52b659d283503922e9614c19,official,lightning_indexer,768,4096,1024,0,0,bfloat16,int32,10,deep_gemm,unsupported,UnsupportedByBackend,"backend 'deep_gemm' ranks float32 scores, and was given torch.bfloat16; 'maca_c' and 'torch' take bfloat16 as well",,,,,,,,
MetaX_C500,MetaX C500,104,8489b2cecb091d5526afe6f90f3565f4d1b9bc64,6c28a77b52b659d283503922e9614c19,official,lightning_indexer,768,16384,1024,0,0,bfloat16,int32,10,maca_c,pass,,,126.49,127.411,0.223824,223.824,28.312,100.0,100.0,
MetaX_C500,MetaX C500,104,8489b2cecb091d5526afe6f90f3565f4d1b9bc64,6c28a77b52b659d283503922e9614c19,official,lightning_indexer,768,16384,1024,0,0,bfloat16,int32,10,torch,pass,,,679.654,670.515,0.041656,41.656,,18.61,19.0,
MetaX_C500,MetaX C500,104,8489b2cecb091d5526afe6f90f3565f4d1b9bc64,6c28a77b52b659d283503922e9614c19,official,lightning_indexer,768,16384,1024,0,0,bfloat16,int32,10,deep_gemm,unsupported,UnsupportedByBackend,"backend 'deep_gemm' ranks float32 scores, and was given torch.bfloat16; 'maca_c' and 'torch' take bfloat16 as well",,,,,,,,
MetaX_C500,MetaX C500,104,8489b2cecb091d5526afe6f90f3565f4d1b9bc64,6c28a77b52b659d283503922e9614c19,official,lightning_indexer,768,65536,1024,0,0,bfloat16,int32,10,maca_c,pass,,,406.682,407.552,0.255258,255.258,103.809,100.0,100.0,
MetaX_C500,MetaX C500,104,8489b2cecb091d5526afe6f90f3565f4d1b9bc64,6c28a77b52b659d283503922e9614c19,official,lightning_indexer,768,65536,1024,0,0,bfloat16,int32,10,torch,pass,,,1699.968,1692.8,0.061065,61.065,,23.92,24.08,
MetaX_C500,MetaX C500,104,8489b2cecb091d5526afe6f90f3565f4d1b9bc64,6c28a77b52b659d283503922e9614c19,official,lightning_indexer,768,65536,1024,0,0,bfloat16,int32,10,deep_gemm,unsupported,UnsupportedByBackend,"backend 'deep_gemm' ranks float32 scores, and was given torch.bfloat16; 'maca_c' and 'torch' take bfloat16 as well",,,,,,,,
MetaX_C500,MetaX C500,104,8489b2cecb091d5526afe6f90f3565f4d1b9bc64,6c28a77b52b659d283503922e9614c19,official,lightning_indexer,768,131072,1024,0,0,bfloat16,int32,10,maca_c,pass,,,648.576,648.934,0.315263,315.263,204.472,100.0,100.0,
MetaX_C500,MetaX C500,104,8489b2cecb091d5526afe6f90f3565f4d1b9bc64,6c28a77b52b659d283503922e9614c19,official,lightning_indexer,768,131072,1024,0,0,bfloat16,int32,10,torch,pass,,,3118.336,3111.501,0.065571,65.571,,20.8,20.86,
MetaX_C500,MetaX C500,104,8489b2cecb091d5526afe6f90f3565f4d1b9bc64,6c28a77b52b659d283503922e9614c19,official,lightning_indexer,768,131072,1024,0,0,bfloat16,int32,10,deep_gemm,unsupported,UnsupportedByBackend,"backend 'deep_gemm' ranks float32 scores, and was given torch.bfloat16; 'maca_c' and 'torch' take bfloat16 as well",,,,,,,,
MetaX_C500,MetaX C500,104,8489b2cecb091d5526afe6f90f3565f4d1b9bc64,6c28a77b52b659d283503922e9614c19,official,lightning_indexer,768,262144,1024,0,0,bfloat16,int32,10,maca_c,pass,,,1088.205,1086.874,0.372907,372.907,405.799,100.0,100.0,
MetaX_C500,MetaX C500,104,8489b2cecb091d5526afe6f90f3565f4d1b9bc64,6c28a77b52b659d283503922e9614c19,official,lightning_indexer,768,262144,1024,0,0,bfloat16,int32,10,torch,pass,,,5607.117,5605.837,0.072372,72.372,,19.41,19.39,
MetaX_C500,MetaX C500,104,8489b2cecb091d5526afe6f90f3565f4d1b9bc64,6c28a77b52b659d283503922e9614c19,official,lightning_indexer,768,262144,1024,0,0,bfloat16,int32,10,deep_gemm,unsupported,UnsupportedByBackend,"backend 'deep_gemm' ranks float32 scores, and was given torch.bfloat16; 'maca_c' and 'torch' take bfloat16 as well",,,,,,,,
MetaX_C500,MetaX C500,104,8489b2cecb091d5526afe6f90f3565f4d1b9bc64,6c28a77b52b659d283503922e9614c19,official,lightning_indexer,768,524288,1024,0,0,bfloat16,int32,10,maca_c,pass,,,1934.054,1935.258,0.418009,418.009,808.452,100.0,100.0,
MetaX_C500,MetaX C500,104,8489b2cecb091d5526afe6f90f3565f4d1b9bc64,6c28a77b52b659d283503922e9614c19,official,lightning_indexer,768,524288,1024,0,0,bfloat16,int32,10,torch,pass,,,10477.773,10483.789,0.077159,77.159,,18.46,18.46,
MetaX_C500,MetaX C500,104,8489b2cecb091d5526afe6f90f3565f4d1b9bc64,6c28a77b52b659d283503922e9614c19,official,lightning_indexer,768,524288,1024,0,0,bfloat16,int32,10,deep_gemm,unsupported,UnsupportedByBackend,"backend 'deep_gemm' ranks float32 scores, and was given torch.bfloat16; 'maca_c' and 'torch' take bfloat16 as well",,,,,,,,
MetaX_C500,MetaX C500,104,8489b2cecb091d5526afe6f90f3565f4d1b9bc64,6c28a77b52b659d283503922e9614c19,official,lightning_indexer,768,1048576,1024,0,0,bfloat16,int32,10,maca_c,pass,,,3614.566,3618.79,0.44646,446.46,1613.758,100.0,100.0,
MetaX_C500,MetaX C500,104,8489b2cecb091d5526afe6f90f3565f4d1b9bc64,6c28a77b52b659d283503922e9614c19,official,lightning_indexer,768,1048576,1024,0,0,bfloat16,int32,10,torch,pass,,,20253.542,20282.906,0.079678,79.678,,17.85,17.84,
MetaX_C500,MetaX C500,104,8489b2cecb091d5526afe6f90f3565f4d1b9bc64,6c28a77b52b659d283503922e9614c19,official,lightning_indexer,768,1048576,1024,0,0,bfloat16,int32,10,deep_gemm,unsupported,UnsupportedByBackend,"backend 'deep_gemm' ranks float32 scores, and was given torch.bfloat16; 'maca_c' and 'torch' take bfloat16 as well",,,,,,,,
MetaX_C500,MetaX C500,104,8489b2cecb091d5526afe6f90f3565f4d1b9bc64,6c28a77b52b659d283503922e9614c19,official,lightning_indexer,4096,256,1024,0,0,bfloat16,int32,10,maca_c,pass,,,31.283,42.086,0.603343,603.343,18.874,100.0,100.0,
MetaX_C500,MetaX C500,104,8489b2cecb091d5526afe6f90f3565f4d1b9bc64,6c28a77b52b659d283503922e9614c19,official,lightning_indexer,4096,256,1024,0,0,bfloat16,int32,10,torch,pass,,"not applicable: the reference backend needs vocab_size >= topk, no window, no offset (tests/test.py's own guard)",,,,,,,,
MetaX_C500,MetaX C500,104,8489b2cecb091d5526afe6f90f3565f4d1b9bc64,6c28a77b52b659d283503922e9614c19,official,lightning_indexer,4096,256,1024,0,0,bfloat16,int32,10,deep_gemm,unsupported,UnsupportedByBackend,"backend 'deep_gemm' ranks float32 scores, and was given torch.bfloat16; 'maca_c' and 'torch' take bfloat16 as well",,,,,,,,
MetaX_C500,MetaX C500,104,8489b2cecb091d5526afe6f90f3565f4d1b9bc64,6c28a77b52b659d283503922e9614c19,official,lightning_indexer,4096,1024,1024,0,0,bfloat16,int32,10,maca_c,pass,,,30.566,41.907,0.823327,823.327,25.166,100.0,100.0,
MetaX_C500,MetaX C500,104,8489b2cecb091d5526afe6f90f3565f4d1b9bc64,6c28a77b52b659d283503922e9614c19,official,lightning_indexer,4096,1024,1024,0,0,bfloat16,int32,10,torch,pass,,,383.514,377.907,0.065619,65.619,,7.97,11.09,
MetaX_C500,MetaX C500,104,8489b2cecb091d5526afe6f90f3565f4d1b9bc64,6c28a77b52b659d283503922e9614c19,official,lightning_indexer,4096,1024,1024,0,0,bfloat16,int32,10,deep_gemm,unsupported,UnsupportedByBackend,"backend 'deep_gemm' ranks float32 scores, and was given torch.bfloat16; 'maca_c' and 'torch' take bfloat16 as well",,,,,,,,
MetaX_C500,MetaX C500,104,8489b2cecb091d5526afe6f90f3565f4d1b9bc64,6c28a77b52b659d283503922e9614c19,official,lightning_indexer,4096,4096,1024,0,0,bfloat16,int32,10,maca_c,pass,,,317.67,319.898,0.15844,158.44,50.332,100.0,100.0,
MetaX_C500,MetaX C500,104,8489b2cecb091d5526afe6f90f3565f4d1b9bc64,6c28a77b52b659d283503922e9614c19,official,lightning_indexer,4096,4096,1024,0,0,bfloat16,int32,10,torch,pass,,,710.938,706.765,0.070796,70.796,,44.68,45.26,
MetaX_C500,MetaX C500,104,8489b2cecb091d5526afe6f90f3565f4d1b9bc64,6c28a77b52b659d283503922e9614c19,official,lightning_indexer,4096,4096,1024,0,0,bfloat16,int32,10,deep_gemm,unsupported,UnsupportedByBackend,"backend 'deep_gemm' ranks float32 scores, and was given torch.bfloat16; 'maca_c' and 'torch' take bfloat16 as well",,,,,,,,
MetaX_C500,MetaX C500,104,8489b2cecb091d5526afe6f90f3565f4d1b9bc64,6c28a77b52b659d283503922e9614c19,official,lightning_indexer,4096,16384,1024,0,0,bfloat16,int32,10,maca_c,pass,,,586.24,588.749,0.257565,257.565,150.995,100.0,100.0,
MetaX_C500,MetaX C500,104,8489b2cecb091d5526afe6f90f3565f4d1b9bc64,6c28a77b52b659d283503922e9614c19,official,lightning_indexer,4096,16384,1024,0,0,bfloat16,int32,10,torch,pass,,,2025.421,2018.278,0.07455,74.55,,28.94,29.17,
MetaX_C500,MetaX C500,104,8489b2cecb091d5526afe6f90f3565f4d1b9bc64,6c28a77b52b659d283503922e9614c19,official,lightning_indexer,4096,16384,1024,0,0,bfloat16,int32,10,deep_gemm,unsupported,UnsupportedByBackend,"backend 'deep_gemm' ranks float32 scores, and was given torch.bfloat16; 'maca_c' and 'torch' take bfloat16 as well",,,,,,,,
MetaX_C500,MetaX C500,104,8489b2cecb091d5526afe6f90f3565f4d1b9bc64,6c28a77b52b659d283503922e9614c19,official,lightning_indexer,4096,65536,1024,0,0,bfloat16,int32,10,maca_c,pass,,,2007.04,2008.269,0.275853,275.853,553.648,100.0,100.0,
MetaX_C500,MetaX C500,104,8489b2cecb091d5526afe6f90f3565f4d1b9bc64,6c28a77b52b659d283503922e9614c19,official,lightning_indexer,4096,65536,1024,0,0,bfloat16,int32,10,torch,pass,,,7891.251,7899.494,0.07016,70.16,,25.43,25.42,
MetaX_C500,MetaX C500,104,8489b2cecb091d5526afe6f90f3565f4d1b9bc64,6c28a77b52b659d283503922e9614c19,official,lightning_indexer,4096,65536,1024,0,0,bfloat16,int32,10,deep_gemm,unsupported,UnsupportedByBackend,"backend 'deep_gemm' ranks float32 scores, and was given torch.bfloat16; 'maca_c' and 'torch' take bfloat16 as well",,,,,,,,
MetaX_C500,MetaX C500,104,8489b2cecb091d5526afe6f90f3565f4d1b9bc64,6c28a77b52b659d283503922e9614c19,official,lightning_indexer,4096,131072,1024,0,0,bfloat16,int32,10,maca_c,pass,,,3210.88,3211.469,0.339632,339.632,1090.519,100.0,100.0,
MetaX_C500,MetaX C500,104,8489b2cecb091d5526afe6f90f3565f4d1b9bc64,6c28a77b52b659d283503922e9614c19,official,lightning_indexer,4096,131072,1024,0,0,bfloat16,int32,10,torch,pass,,,15568.589,15585.51,0.070046,70.046,,20.62,20.61,
MetaX_C500,MetaX C500,104,8489b2cecb091d5526afe6f90f3565f4d1b9bc64,6c28a77b52b659d283503922e9614c19,official,lightning_indexer,4096,131072,1024,0,0,bfloat16,int32,10,deep_gemm,unsupported,UnsupportedByBackend,"backend 'deep_gemm' ranks float32 scores, and was given torch.bfloat16; 'maca_c' and 'torch' take bfloat16 as well",,,,,,,,
MetaX_C500,MetaX C500,104,8489b2cecb091d5526afe6f90f3565f4d1b9bc64,6c28a77b52b659d283503922e9614c19,official,lightning_indexer,4096,262144,1024,0,0,bfloat16,int32,10,maca_c,pass,,,5424.461,5437.286,0.398982,398.982,2164.261,100.0,100.0,
MetaX_C500,MetaX C500,104,8489b2cecb091d5526afe6f90f3565f4d1b9bc64,6c28a77b52b659d283503922e9614c19,official,lightning_indexer,4096,262144,1024,0,0,bfloat16,int32,10,torch,pass,,,29699.635,29721.573,0.072872,72.872,,18.26,18.29,
MetaX_C500,MetaX C500,104,8489b2cecb091d5526afe6f90f3565f4d1b9bc64,6c28a77b52b659d283503922e9614c19,official,lightning_indexer,4096,262144,1024,0,0,bfloat16,int32,10,deep_gemm,unsupported,UnsupportedByBackend,"backend 'deep_gemm' ranks float32 scores, and was given torch.bfloat16; 'maca_c' and 'torch' take bfloat16 as well",,,,,,,,
MetaX_C500,MetaX C500,104,8489b2cecb091d5526afe6f90f3565f4d1b9bc64,6c28a77b52b659d283503922e9614c19,official,lightning_indexer,4096,524288,1024,0,0,bfloat16,int32,10,maca_c,pass,,,9685.811,9702.221,0.445161,445.161,4311.745,100.0,100.0,
MetaX_C500,MetaX C500,104,8489b2cecb091d5526afe6f90f3565f4d1b9bc64,6c28a77b52b659d283503922e9614c19,official,lightning_indexer,4096,524288,1024,0,0,bfloat16,int32,10,torch,pass,,,58245.683,58294.501,0.074027,74.027,,16.63,16.64,
MetaX_C500,MetaX C500,104,8489b2cecb091d5526afe6f90f3565f4d1b9bc64,6c28a77b52b659d283503922e9614c19,official,lightning_indexer,4096,524288,1024,0,0,bfloat16,int32,10,deep_gemm,unsupported,UnsupportedByBackend,"backend 'deep_gemm' ranks float32 scores, and was given torch.bfloat16; 'maca_c' and 'torch' take bfloat16 as well",,,,,,,,
MetaX_C500,MetaX C500,104,8489b2cecb091d5526afe6f90f3565f4d1b9bc64,6c28a77b52b659d283503922e9614c19,official,lightning_indexer,4096,1048576,1024,0,0,bfloat16,int32,10,maca_c,pass,,,18136.73,18145.178,0.474546,474.546,8606.712,100.0,100.0,
MetaX_C500,MetaX C500,104,8489b2cecb091d5526afe6f90f3565f4d1b9bc64,6c28a77b52b659d283503922e9614c19,official,lightning_indexer,4096,1048576,1024,0,0,bfloat16,int32,10,torch,pass,,,112086.221,112173.718,0.076787,76.787,,16.18,16.18,
MetaX_C500,MetaX C500,104,8489b2cecb091d5526afe6f90f3565f4d1b9bc64,6c28a77b52b659d283503922e9614c19,official,lightning_indexer,4096,1048576,1024,0,0,bfloat16,int32,10,deep_gemm,unsupported,UnsupportedByBackend,"backend 'deep_gemm' ranks float32 scores, and was given torch.bfloat16; 'maca_c' and 'torch' take bfloat16 as well",,,,,,,,
MetaX_C500,MetaX C500,104,8489b2cecb091d5526afe6f90f3565f4d1b9bc64,6c28a77b52b659d283503922e9614c19,official,lightning_indexer,1,131072,512,0,0,bfloat16,int32,10,maca_c,pass,,,70.144,72.806,0.003766,3.766,0.264,100.0,100.0,
MetaX_C500,MetaX C500,104,8489b2cecb091d5526afe6f90f3565f4d1b9bc64,6c28a77b52b659d283503922e9614c19,official,lightning_indexer,1,131072,512,0,0,bfloat16,int32,10,torch,pass,,,172.851,149.632,0.001528,1.528,,40.58,48.66,
MetaX_C500,MetaX C500,104,8489b2cecb091d5526afe6f90f3565f4d1b9bc64,6c28a77b52b659d283503922e9614c19,official,lightning_indexer,1,131072,512,0,0,bfloat16,int32,10,deep_gemm,unsupported,UnsupportedByBackend,"backend 'deep_gemm' ranks float32 scores, and was given torch.bfloat16; 'maca_c' and 'torch' take bfloat16 as well",,,,,,,,
MetaX_C500,MetaX C500,104,8489b2cecb091d5526afe6f90f3565f4d1b9bc64,6c28a77b52b659d283503922e9614c19,official,lightning_indexer,1,262144,512,0,0,bfloat16,int32,10,maca_c,pass,,,82.355,107.315,0.006391,6.391,0.526,100.0,100.0,
MetaX_C500,MetaX C500,104,8489b2cecb091d5526afe6f90f3565f4d1b9bc64,6c28a77b52b659d283503922e9614c19,official,lightning_indexer,1,262144,512,0,0,bfloat16,int32,10,torch,pass,,,188.518,166.861,0.002792,2.792,,43.69,64.31,
MetaX_C500,MetaX C500,104,8489b2cecb091d5526afe6f90f3565f4d1b9bc64,6c28a77b52b659d283503922e9614c19,official,lightning_indexer,1,262144,512,0,0,bfloat16,int32,10,deep_gemm,unsupported,UnsupportedByBackend,"backend 'deep_gemm' ranks float32 scores, and was given torch.bfloat16; 'maca_c' and 'torch' take bfloat16 as well",,,,,,,,
MetaX_C500,MetaX C500,104,8489b2cecb091d5526afe6f90f3565f4d1b9bc64,6c28a77b52b659d283503922e9614c19,official,lightning_indexer,1,1048576,512,0,0,bfloat16,int32,10,maca_c,pass,,,106.035,146.15,0.019797,19.797,2.099,100.0,100.0,
MetaX_C500,MetaX C500,104,8489b2cecb091d5526afe6f90f3565f4d1b9bc64,6c28a77b52b659d283503922e9614c19,official,lightning_indexer,1,1048576,512,0,0,bfloat16,int32,10,torch,pass,,,297.6,275.558,0.007054,7.054,,35.63,53.04,
MetaX_C500,MetaX C500,104,8489b2cecb091d5526afe6f90f3565f4d1b9bc64,6c28a77b52b659d283503922e9614c19,official,lightning_indexer,1,1048576,512,0,0,bfloat16,int32,10,deep_gemm,unsupported,UnsupportedByBackend,"backend 'deep_gemm' ranks float32 scores, and was given torch.bfloat16; 'maca_c' and 'torch' take bfloat16 as well",,,,,,,,
MetaX_C500,MetaX C500,104,8489b2cecb091d5526afe6f90f3565f4d1b9bc64,6c28a77b52b659d283503922e9614c19,official,lightning_indexer,64,131072,512,0,0,bfloat16,int32,10,maca_c,pass,,,78.797,81.075,0.21458,214.58,16.908,100.0,100.0,
MetaX_C500,MetaX C500,104,8489b2cecb091d5526afe6f90f3565f4d1b9bc64,6c28a77b52b659d283503922e9614c19,official,lightning_indexer,64,131072,512,0,0,bfloat16,int32,10,torch,pass,,,439.808,427.699,0.038445,38.445,,17.92,18.96,
MetaX_C500,MetaX C500,104,8489b2cecb091d5526afe6f90f3565f4d1b9bc64,6c28a77b52b659d283503922e9614c19,official,lightning_indexer,64,131072,512,0,0,bfloat16,int32,10,deep_gemm,unsupported,UnsupportedByBackend,"backend 'deep_gemm' ranks float32 scores, and was given torch.bfloat16; 'maca_c' and 'torch' take bfloat16 as well",,,,,,,,
MetaX_C500,MetaX C500,104,8489b2cecb091d5526afe6f90f3565f4d1b9bc64,6c28a77b52b659d283503922e9614c19,official,lightning_indexer,64,262144,512,0,0,bfloat16,int32,10,maca_c,pass,,,131.251,134.426,0.25665,256.65,33.686,100.0,100.0,
MetaX_C500,MetaX C500,104,8489b2cecb091d5526afe6f90f3565f4d1b9bc64,6c28a77b52b659d283503922e9614c19,official,lightning_indexer,64,262144,512,0,0,bfloat16,int32,10,torch,pass,,,702.285,692.813,0.047966,47.966,,18.69,19.4,
MetaX_C500,MetaX C500,104,8489b2cecb091d5526afe6f90f3565f4d1b9bc64,6c28a77b52b659d283503922e9614c19,official,lightning_indexer,64,262144,512,0,0,bfloat16,int32,10,deep_gemm,unsupported,UnsupportedByBackend,"backend 'deep_gemm' ranks float32 scores, and was given torch.bfloat16; 'maca_c' and 'torch' take bfloat16 as well",,,,,,,,
MetaX_C500,MetaX C500,104,8489b2cecb091d5526afe6f90f3565f4d1b9bc64,6c28a77b52b659d283503922e9614c19,official,lightning_indexer,64,1048576,512,0,0,bfloat16,int32,10,maca_c,pass,,,443.187,445.798,0.303142,303.142,134.349,100.0,100.0,
MetaX_C500,MetaX C500,104,8489b2cecb091d5526afe6f90f3565f4d1b9bc64,6c28a77b52b659d283503922e9614c19,official,lightning_indexer,64,1048576,512,0,0,bfloat16,int32,10,torch,pass,,,1969.536,1965.44,0.068213,68.213,,22.5,22.68,
MetaX_C500,MetaX C500,104,8489b2cecb091d5526afe6f90f3565f4d1b9bc64,6c28a77b52b659d283503922e9614c19,official,lightning_indexer,64,1048576,512,0,0,bfloat16,int32,10,deep_gemm,unsupported,UnsupportedByBackend,"backend 'deep_gemm' ranks float32 scores, and was given torch.bfloat16; 'maca_c' and 'torch' take bfloat16 as well",,,,,,,,
MetaX_C500,MetaX C500,104,8489b2cecb091d5526afe6f90f3565f4d1b9bc64,6c28a77b52b659d283503922e9614c19,official,lightning_indexer,128,131072,512,0,0,bfloat16,int32,10,maca_c,pass,,,149.786,150.067,0.225766,225.766,33.817,100.0,100.0,
MetaX_C500,MetaX C500,104,8489b2cecb091d5526afe6f90f3565f4d1b9bc64,6c28a77b52b659d283503922e9614c19,official,lightning_indexer,128,131072,512,0,0,bfloat16,int32,10,torch,pass,,,700.928,691.43,0.048245,48.245,,21.37,21.7,
MetaX_C500,MetaX C500,104,8489b2cecb091d5526afe6f90f3565f4d1b9bc64,6c28a77b52b659d283503922e9614c19,official,lightning_indexer,128,131072,512,0,0,bfloat16,int32,10,deep_gemm,unsupported,UnsupportedByBackend,"backend 'deep_gemm' ranks float32 scores, and was given torch.bfloat16; 'maca_c' and 'torch' take bfloat16 as well",,,,,,,,
MetaX_C500,MetaX C500,104,8489b2cecb091d5526afe6f90f3565f4d1b9bc64,6c28a77b52b659d283503922e9614c19,official,lightning_indexer,128,262144,512,0,0,bfloat16,int32,10,maca_c,pass,,,253.696,254.643,0.265558,265.558,67.371,100.0,100.0,
MetaX_C500,MetaX C500,104,8489b2cecb091d5526afe6f90f3565f4d1b9bc64,6c28a77b52b659d283503922e9614c19,official,lightning_indexer,128,262144,512,0,0,bfloat16,int32,10,torch,pass,,,1151.565,1136.896,0.058504,58.504,,22.03,22.4,
MetaX_C500,MetaX C500,104,8489b2cecb091d5526afe6f90f3565f4d1b9bc64,6c28a77b52b659d283503922e9614c19,official,lightning_indexer,128,262144,512,0,0,bfloat16,int32,10,deep_gemm,unsupported,UnsupportedByBackend,"backend 'deep_gemm' ranks float32 scores, and was given torch.bfloat16; 'maca_c' and 'torch' take bfloat16 as well",,,,,,,,
MetaX_C500,MetaX C500,104,8489b2cecb091d5526afe6f90f3565f4d1b9bc64,6c28a77b52b659d283503922e9614c19,official,lightning_indexer,128,1048576,512,0,0,bfloat16,int32,10,maca_c,pass,,,870.554,873.011,0.308651,308.651,268.698,100.0,100.0,
MetaX_C500,MetaX C500,104,8489b2cecb091d5526afe6f90f3565f4d1b9bc64,6c28a77b52b659d283503922e9614c19,official,lightning_indexer,128,1048576,512,0,0,bfloat16,int32,10,torch,pass,,,3549.235,3552.691,0.075706,75.706,,24.53,24.57,
MetaX_C500,MetaX C500,104,8489b2cecb091d5526afe6f90f3565f4d1b9bc64,6c28a77b52b659d283503922e9614c19,official,lightning_indexer,128,1048576,512,0,0,bfloat16,int32,10,deep_gemm,unsupported,UnsupportedByBackend,"backend 'deep_gemm' ranks float32 scores, and was given torch.bfloat16; 'maca_c' and 'torch' take bfloat16 as well",,,,,,,,
MetaX_C500,MetaX C500,104,8489b2cecb091d5526afe6f90f3565f4d1b9bc64,6c28a77b52b659d283503922e9614c19,official,lightning_indexer,1,131072,1024,0,0,bfloat16,int32,10,maca_c,pass,,,78.259,80.538,0.003402,3.402,0.266,100.0,100.0,
MetaX_C500,MetaX C500,104,8489b2cecb091d5526afe6f90f3565f4d1b9bc64,6c28a77b52b659d283503922e9614c19,official,lightning_indexer,1,131072,1024,0,0,bfloat16,int32,10,torch,pass,,,171.059,149.248,0.001556,1.556,,45.75,53.96,
MetaX_C500,MetaX C500,104,8489b2cecb091d5526afe6f90f3565f4d1b9bc64,6c28a77b52b659d283503922e9614c19,official,lightning_indexer,1,131072,1024,0,0,bfloat16,int32,10,deep_gemm,unsupported,UnsupportedByBackend,"backend 'deep_gemm' ranks float32 scores, and was given torch.bfloat16; 'maca_c' and 'torch' take bfloat16 as well",,,,,,,,
MetaX_C500,MetaX C500,104,8489b2cecb091d5526afe6f90f3565f4d1b9bc64,6c28a77b52b659d283503922e9614c19,official,lightning_indexer,1,262144,1024,0,0,bfloat16,int32,10,maca_c,pass,,,98.099,122.982,0.005386,5.386,0.528,100.0,100.0,
MetaX_C500,MetaX C500,104,8489b2cecb091d5526afe6f90f3565f4d1b9bc64,6c28a77b52b659d283503922e9614c19,official,lightning_indexer,1,262144,1024,0,0,bfloat16,int32,10,torch,pass,,,187.622,163.942,0.002816,2.816,,52.29,75.02,
MetaX_C500,MetaX C500,104,8489b2cecb091d5526afe6f90f3565f4d1b9bc64,6c28a77b52b659d283503922e9614c19,official,lightning_indexer,1,262144,1024,0,0,bfloat16,int32,10,deep_gemm,unsupported,UnsupportedByBackend,"backend 'deep_gemm' ranks float32 scores, and was given torch.bfloat16; 'maca_c' and 'torch' take bfloat16 as well",,,,,,,,
MetaX_C500,MetaX C500,104,8489b2cecb091d5526afe6f90f3565f4d1b9bc64,6c28a77b52b659d283503922e9614c19,official,lightning_indexer,1,1048576,1024,0,0,bfloat16,int32,10,maca_c,pass,,,130.278,170.394,0.016129,16.129,2.101,100.0,100.0,
MetaX_C500,MetaX C500,104,8489b2cecb091d5526afe6f90f3565f4d1b9bc64,6c28a77b52b659d283503922e9614c19,official,lightning_indexer,1,1048576,1024,0,0,bfloat16,int32,10,torch,pass,,,294.4,273.69,0.007137,7.137,,44.25,62.26,
MetaX_C500,MetaX C500,104,8489b2cecb091d5526afe6f90f3565f4d1b9bc64,6c28a77b52b659d283503922e9614c19,official,lightning_indexer,1,1048576,1024,0,0,bfloat16,int32,10,deep_gemm,unsupported,UnsupportedByBackend,"backend 'deep_gemm' ranks float32 scores, and was given torch.bfloat16; 'maca_c' and 'torch' take bfloat16 as well",,,,,,,,
MetaX_C500,MetaX C500,104,8489b2cecb091d5526afe6f90f3565f4d1b9bc64,6c28a77b52b659d283503922e9614c19,official,lightning_indexer,64,131072,1024,0,0,bfloat16,int32,10,maca_c,pass,,,85.786,87.347,0.198626,198.626,17.039,100.0,100.0,
MetaX_C500,MetaX C500,104,8489b2cecb091d5526afe6f90f3565f4d1b9bc64,6c28a77b52b659d283503922e9614c19,official,lightning_indexer,64,131072,1024,0,0,bfloat16,int32,10,torch,pass,,,441.446,430.208,0.038599,38.599,,19.43,20.3,
MetaX_C500,MetaX C500,104,8489b2cecb091d5526afe6f90f3565f4d1b9bc64,6c28a77b52b659d283503922e9614c19,official,lightning_indexer,64,131072,1024,0,0,bfloat16,int32,10,deep_gemm,unsupported,UnsupportedByBackend,"backend 'deep_gemm' ranks float32 scores, and was given torch.bfloat16; 'maca_c' and 'torch' take bfloat16 as well",,,,,,,,
MetaX_C500,MetaX C500,104,8489b2cecb091d5526afe6f90f3565f4d1b9bc64,6c28a77b52b659d283503922e9614c19,official,lightning_indexer,64,262144,1024,0,0,bfloat16,int32,10,maca_c,pass,,,139.981,142.566,0.24158,241.58,33.817,100.0,100.0,
MetaX_C500,MetaX C500,104,8489b2cecb091d5526afe6f90f3565f4d1b9bc64,6c28a77b52b659d283503922e9614c19,official,lightning_indexer,64,262144,1024,0,0,bfloat16,int32,10,torch,pass,,,724.07,712.704,0.046703,46.703,,19.33,20.0,
MetaX_C500,MetaX C500,104,8489b2cecb091d5526afe6f90f3565f4d1b9bc64,6c28a77b52b659d283503922e9614c19,official,lightning_indexer,64,262144,1024,0,0,bfloat16,int32,10,deep_gemm,unsupported,UnsupportedByBackend,"backend 'deep_gemm' ranks float32 scores, and was given torch.bfloat16; 'maca_c' and 'torch' take bfloat16 as well",,,,,,,,
MetaX_C500,MetaX C500,104,8489b2cecb091d5526afe6f90f3565f4d1b9bc64,6c28a77b52b659d283503922e9614c19,official,lightning_indexer,64,1048576,1024,0,0,bfloat16,int32,10,maca_c,pass,,,453.325,456.166,0.296652,296.652,134.48,100.0,100.0,
MetaX_C500,MetaX C500,104,8489b2cecb091d5526afe6f90f3565f4d1b9bc64,6c28a77b52b659d283503922e9614c19,official,lightning_indexer,64,1048576,1024,0,0,bfloat16,int32,10,torch,pass,,,1978.342,1973.965,0.067976,67.976,,22.91,23.11,
MetaX_C500,MetaX C500,104,8489b2cecb091d5526afe6f90f3565f4d1b9bc64,6c28a77b52b659d283503922e9614c19,official,lightning_indexer,64,1048576,1024,0,0,bfloat16,int32,10,deep_gemm,unsupported,UnsupportedByBackend,"backend 'deep_gemm' ranks float32 scores, and was given torch.bfloat16; 'maca_c' and 'torch' take bfloat16 as well",,,,,,,,
MetaX_C500,MetaX C500,104,8489b2cecb091d5526afe6f90f3565f4d1b9bc64,6c28a77b52b659d283503922e9614c19,official,lightning_indexer,128,131072,1024,0,0,bfloat16,int32,10,maca_c,pass,,,164.25,163.584,0.207481,207.481,34.079,100.0,100.0,
MetaX_C500,MetaX C500,104,8489b2cecb091d5526afe6f90f3565f4d1b9bc64,6c28a77b52b659d283503922e9614c19,official,lightning_indexer,128,131072,1024,0,0,bfloat16,int32,10,torch,pass,,,712.525,702.182,0.047828,47.828,,23.05,23.3,
MetaX_C500,MetaX C500,104,8489b2cecb091d5526afe6f90f3565f4d1b9bc64,6c28a77b52b659d283503922e9614c19,official,lightning_indexer,128,131072,1024,0,0,bfloat16,int32,10,deep_gemm,unsupported,UnsupportedByBackend,"backend 'deep_gemm' ranks float32 scores, and was given torch.bfloat16; 'maca_c' and 'torch' take bfloat16 as well",,,,,,,,
MetaX_C500,MetaX C500,104,8489b2cecb091d5526afe6f90f3565f4d1b9bc64,6c28a77b52b659d283503922e9614c19,official,lightning_indexer,128,262144,1024,0,0,bfloat16,int32,10,maca_c,pass,,,272.333,274.15,0.248347,248.347,67.633,100.0,100.0,
MetaX_C500,MetaX C500,104,8489b2cecb091d5526afe6f90f3565f4d1b9bc64,6c28a77b52b659d283503922e9614c19,official,lightning_indexer,128,262144,1024,0,0,bfloat16,int32,10,torch,pass,,,1147.52,1136.077,0.058939,58.939,,23.73,24.13,
MetaX_C500,MetaX C500,104,8489b2cecb091d5526afe6f90f3565f4d1b9bc64,6c28a77b52b659d283503922e9614c19,official,lightning_indexer,128,262144,1024,0,0,bfloat16,int32,10,deep_gemm,unsupported,UnsupportedByBackend,"backend 'deep_gemm' ranks float32 scores, and was given torch.bfloat16; 'maca_c' and 'torch' take bfloat16 as well",,,,,,,,
MetaX_C500,MetaX C500,104,8489b2cecb091d5526afe6f90f3565f4d1b9bc64,6c28a77b52b659d283503922e9614c19,official,lightning_indexer,128,1048576,1024,0,0,bfloat16,int32,10,maca_c,pass,,,890.752,892.621,0.301947,301.947,268.96,100.0,100.0,
MetaX_C500,MetaX C500,104,8489b2cecb091d5526afe6f90f3565f4d1b9bc64,6c28a77b52b659d283503922e9614c19,official,lightning_indexer,128,1048576,1024,0,0,bfloat16,int32,10,torch,pass,,,3610.214,3601.382,0.0745,74.5,,24.67,24.79,
MetaX_C500,MetaX C500,104,8489b2cecb091d5526afe6f90f3565f4d1b9bc64,6c28a77b52b659d283503922e9614c19,official,lightning_indexer,128,1048576,1024,0,0,bfloat16,int32,10,deep_gemm,unsupported,UnsupportedByBackend,"backend 'deep_gemm' ranks float32 scores, and was given torch.bfloat16; 'maca_c' and 'torch' take bfloat16 as well",,,,,,,,
MetaX_C500,MetaX C500,104,8489b2cecb091d5526afe6f90f3565f4d1b9bc64,6c28a77b52b659d283503922e9614c19,official,lightning_indexer,1,131072,2048,0,0,bfloat16,int32,10,maca_c,pass,,,119.68,120.269,0.002259,2.259,0.27,100.0,100.0,
MetaX_C500,MetaX C500,104,8489b2cecb091d5526afe6f90f3565f4d1b9bc64,6c28a77b52b659d283503922e9614c19,official,lightning_indexer,1,131072,2048,0,0,bfloat16,int32,10,torch,pass,,,171.546,148.275,0.001576,1.576,,69.77,81.11,
MetaX_C500,MetaX C500,104,8489b2cecb091d5526afe6f90f3565f4d1b9bc64,6c28a77b52b659d283503922e9614c19,official,lightning_indexer,1,131072,2048,0,0,bfloat16,int32,10,deep_gemm,unsupported,UnsupportedByBackend,"backend 'deep_gemm' ranks float32 scores, and was given torch.bfloat16; 'maca_c' and 'torch' take bfloat16 as well",,,,,,,,
MetaX_C500,MetaX C500,104,8489b2cecb091d5526afe6f90f3565f4d1b9bc64,6c28a77b52b659d283503922e9614c19,official,lightning_indexer,1,262144,2048,0,0,bfloat16,int32,10,maca_c,pass,,,202.138,200.243,0.002634,2.634,0.532,100.0,100.0,
MetaX_C500,MetaX C500,104,8489b2cecb091d5526afe6f90f3565f4d1b9bc64,6c28a77b52b659d283503922e9614c19,official,lightning_indexer,1,262144,2048,0,0,bfloat16,int32,10,torch,pass,,,189.645,166.733,0.002808,2.808,,106.59,120.1,
MetaX_C500,MetaX C500,104,8489b2cecb091d5526afe6f90f3565f4d1b9bc64,6c28a77b52b659d283503922e9614c19,official,lightning_indexer,1,262144,2048,0,0,bfloat16,int32,10,deep_gemm,unsupported,UnsupportedByBackend,"backend 'deep_gemm' ranks float32 scores, and was given torch.bfloat16; 'maca_c' and 'torch' take bfloat16 as well",,,,,,,,
MetaX_C500,MetaX C500,104,8489b2cecb091d5526afe6f90f3565f4d1b9bc64,6c28a77b52b659d283503922e9614c19,official,lightning_indexer,1,1048576,2048,0,0,bfloat16,int32,10,maca_c,pass,,,649.421,620.237,0.003242,3.242,2.105,100.0,100.0,
MetaX_C500,MetaX C500,104,8489b2cecb091d5526afe6f90f3565f4d1b9bc64,6c28a77b52b659d283503922e9614c19,official,lightning_indexer,1,1048576,2048,0,0,bfloat16,int32,10,torch,pass,,,296.499,273.28,0.007101,7.101,,219.03,226.96,
MetaX_C500,MetaX C500,104,8489b2cecb091d5526afe6f90f3565f4d1b9bc64,6c28a77b52b659d283503922e9614c19,official,lightning_indexer,1,1048576,2048,0,0,bfloat16,int32,10,deep_gemm,unsupported,UnsupportedByBackend,"backend 'deep_gemm' ranks float32 scores, and was given torch.bfloat16; 'maca_c' and 'torch' take bfloat16 as well",,,,,,,,
MetaX_C500,MetaX C500,104,8489b2cecb091d5526afe6f90f3565f4d1b9bc64,6c28a77b52b659d283503922e9614c19,official,lightning_indexer,64,131072,2048,0,0,bfloat16,int32,10,maca_c,pass,,,136.602,138.01,0.126656,126.656,17.302,100.0,100.0,
MetaX_C500,MetaX C500,104,8489b2cecb091d5526afe6f90f3565f4d1b9bc64,6c28a77b52b659d283503922e9614c19,official,lightning_indexer,64,131072,2048,0,0,bfloat16,int32,10,torch,pass,,,443.494,433.946,0.039012,39.012,,30.8,31.8,
MetaX_C500,MetaX C500,104,8489b2cecb091d5526afe6f90f3565f4d1b9bc64,6c28a77b52b659d283503922e9614c19,official,lightning_indexer,64,131072,2048,0,0,bfloat16,int32,10,deep_gemm,unsupported,UnsupportedByBackend,"backend 'deep_gemm' ranks float32 scores, and was given torch.bfloat16; 'maca_c' and 'torch' take bfloat16 as well",,,,,,,,
MetaX_C500,MetaX C500,104,8489b2cecb091d5526afe6f90f3565f4d1b9bc64,6c28a77b52b659d283503922e9614c19,official,lightning_indexer,64,262144,2048,0,0,bfloat16,int32,10,maca_c,pass,,,229.094,231.424,0.148754,148.754,34.079,100.0,100.0,
MetaX_C500,MetaX C500,104,8489b2cecb091d5526afe6f90f3565f4d1b9bc64,6c28a77b52b659d283503922e9614c19,official,lightning_indexer,64,262144,2048,0,0,bfloat16,int32,10,torch,pass,,,725.658,714.47,0.046963,46.963,,31.57,32.39,
MetaX_C500,MetaX C500,104,8489b2cecb091d5526afe6f90f3565f4d1b9bc64,6c28a77b52b659d283503922e9614c19,official,lightning_indexer,64,262144,2048,0,0,bfloat16,int32,10,deep_gemm,unsupported,UnsupportedByBackend,"backend 'deep_gemm' ranks float32 scores, and was given torch.bfloat16; 'maca_c' and 'torch' take bfloat16 as well",,,,,,,,
MetaX_C500,MetaX C500,104,8489b2cecb091d5526afe6f90f3565f4d1b9bc64,6c28a77b52b659d283503922e9614c19,official,lightning_indexer,64,1048576,2048,0,0,bfloat16,int32,10,maca_c,pass,,,731.827,734.618,0.184117,184.117,134.742,100.0,100.0,
MetaX_C500,MetaX C500,104,8489b2cecb091d5526afe6f90f3565f4d1b9bc64,6c28a77b52b659d283503922e9614c19,official,lightning_indexer,64,1048576,2048,0,0,bfloat16,int32,10,torch,pass,,,1979.699,1968.333,0.068062,68.062,,36.97,37.32,
MetaX_C500,MetaX C500,104,8489b2cecb091d5526afe6f90f3565f4d1b9bc64,6c28a77b52b659d283503922e9614c19,official,lightning_indexer,64,1048576,2048,0,0,bfloat16,int32,10,deep_gemm,unsupported,UnsupportedByBackend,"backend 'deep_gemm' ranks float32 scores, and was given torch.bfloat16; 'maca_c' and 'torch' take bfloat16 as well",,,,,,,,
MetaX_C500,MetaX C500,104,8489b2cecb091d5526afe6f90f3565f4d1b9bc64,6c28a77b52b659d283503922e9614c19,official,lightning_indexer,128,131072,2048,0,0,bfloat16,int32,10,maca_c,pass,,,169.882,170.88,0.203688,203.688,34.603,100.0,100.0,
MetaX_C500,MetaX C500,104,8489b2cecb091d5526afe6f90f3565f4d1b9bc64,6c28a77b52b659d283503922e9614c19,official,lightning_indexer,128,131072,2048,0,0,bfloat16,int32,10,torch,pass,,,728.986,722.611,0.047467,47.467,,23.3,23.65,
MetaX_C500,MetaX C500,104,8489b2cecb091d5526afe6f90f3565f4d1b9bc64,6c28a77b52b659d283503922e9614c19,official,lightning_indexer,128,131072,2048,0,0,bfloat16,int32,10,deep_gemm,unsupported,UnsupportedByBackend,"backend 'deep_gemm' ranks float32 scores, and was given torch.bfloat16; 'maca_c' and 'torch' take bfloat16 as well",,,,,,,,
MetaX_C500,MetaX C500,104,8489b2cecb091d5526afe6f90f3565f4d1b9bc64,6c28a77b52b659d283503922e9614c19,official,lightning_indexer,128,262144,2048,0,0,bfloat16,int32,10,maca_c,pass,,,286.746,287.846,0.237693,237.693,68.157,100.0,100.0,
MetaX_C500,MetaX C500,104,8489b2cecb091d5526afe6f90f3565f4d1b9bc64,6c28a77b52b659d283503922e9614c19,official,lightning_indexer,128,262144,2048,0,0,bfloat16,int32,10,torch,pass,,,1163.392,1154.765,0.058585,58.585,,24.65,24.93,
MetaX_C500,MetaX C500,104,8489b2cecb091d5526afe6f90f3565f4d1b9bc64,6c28a77b52b659d283503922e9614c19,official,lightning_indexer,128,262144,2048,0,0,bfloat16,int32,10,deep_gemm,unsupported,UnsupportedByBackend,"backend 'deep_gemm' ranks float32 scores, and was given torch.bfloat16; 'maca_c' and 'torch' take bfloat16 as well",,,,,,,,
MetaX_C500,MetaX C500,104,8489b2cecb091d5526afe6f90f3565f4d1b9bc64,6c28a77b52b659d283503922e9614c19,official,lightning_indexer,128,1048576,2048,0,0,bfloat16,int32,10,maca_c,pass,,,926.362,931.098,0.290906,290.906,269.484,100.0,100.0,
MetaX_C500,MetaX C500,104,8489b2cecb091d5526afe6f90f3565f4d1b9bc64,6c28a77b52b659d283503922e9614c19,official,lightning_indexer,128,1048576,2048,0,0,bfloat16,int32,10,torch,pass,,,3633.69,3633.101,0.074163,74.163,,25.49,25.63,
MetaX_C500,MetaX C500,104,8489b2cecb091d5526afe6f90f3565f4d1b9bc64,6c28a77b52b659d283503922e9614c19,official,lightning_indexer,128,1048576,2048,0,0,bfloat16,int32,10,deep_gemm,unsupported,UnsupportedByBackend,"backend 'deep_gemm' ranks float32 scores, and was given torch.bfloat16; 'maca_c' and 'torch' take bfloat16 as well",,,,,,,,
MetaX_C500,MetaX C500,104,8489b2cecb091d5526afe6f90f3565f4d1b9bc64,6c28a77b52b659d283503922e9614c19,official,sampler,6,129280,512,1,1,float32,int64,10,maca_c,pass,,,98.56,111.514,0.031855,31.855,3.14,100.0,100.0,
MetaX_C500,MetaX C500,104,8489b2cecb091d5526afe6f90f3565f4d1b9bc64,6c28a77b52b659d283503922e9614c19,official,sampler,6,129280,512,1,1,float32,int64,10,torch,pass,,,350.874,361.856,0.008948,8.948,,28.09,30.82,
MetaX_C500,MetaX C500,104,8489b2cecb091d5526afe6f90f3565f4d1b9bc64,6c28a77b52b659d283503922e9614c19,official,sampler,6,129280,512,1,1,float32,int64,10,deep_gemm,unsupported,UnsupportedByBackend,backend 'deep_gemm' returns an unordered selection; `sorted_value`/`sorted_index` need backend 'maca_c',,,,,,,,
MetaX_C500,MetaX C500,104,8489b2cecb091d5526afe6f90f3565f4d1b9bc64,6c28a77b52b659d283503922e9614c19,official,sampler,256,129280,512,1,1,float32,int64,10,maca_c,pass,,,286.976,304.845,0.466783,466.783,133.956,100.0,100.0,
MetaX_C500,MetaX C500,104,8489b2cecb091d5526afe6f90f3565f4d1b9bc64,6c28a77b52b659d283503922e9614c19,official,sampler,256,129280,512,1,1,float32,int64,10,torch,pass,,,1595.11,1628.723,0.083979,83.979,,17.99,18.72,
MetaX_C500,MetaX C500,104,8489b2cecb091d5526afe6f90f3565f4d1b9bc64,6c28a77b52b659d283503922e9614c19,official,sampler,256,129280,512,1,1,float32,int64,10,deep_gemm,unsupported,UnsupportedByBackend,backend 'deep_gemm' returns an unordered selection; `sorted_value`/`sorted_index` need backend 'maca_c',,,,,,,,
MetaX_C500,MetaX C500,104,8489b2cecb091d5526afe6f90f3565f4d1b9bc64,6c28a77b52b659d283503922e9614c19,official,sampler,512,129280,512,1,1,float32,int64,10,maca_c,pass,,,499.968,510.182,0.535857,535.857,267.911,100.0,100.0,
MetaX_C500,MetaX C500,104,8489b2cecb091d5526afe6f90f3565f4d1b9bc64,6c28a77b52b659d283503922e9614c19,official,sampler,512,129280,512,1,1,float32,int64,10,torch,pass,,,2802.765,2857.446,0.095588,95.588,,17.84,17.85,
MetaX_C500,MetaX C500,104,8489b2cecb091d5526afe6f90f3565f4d1b9bc64,6c28a77b52b659d283503922e9614c19,official,sampler,512,129280,512,1,1,float32,int64,10,deep_gemm,unsupported,UnsupportedByBackend,backend 'deep_gemm' returns an unordered selection; `sorted_value`/`sorted_index` need backend 'maca_c',,,,,,,,
MetaX_C500,MetaX C500,104,8489b2cecb091d5526afe6f90f3565f4d1b9bc64,6c28a77b52b659d283503922e9614c19,official,sampler,768,129280,512,1,1,float32,int64,10,maca_c,pass,,,749.338,752.794,0.536296,536.296,401.867,100.0,100.0,
MetaX_C500,MetaX C500,104,8489b2cecb091d5526afe6f90f3565f4d1b9bc64,6c28a77b52b659d283503922e9614c19,official,sampler,768,129280,512,1,1,float32,int64,10,torch,pass,,,4053.888,4137.498,0.099131,99.131,,18.48,18.19,
MetaX_C500,MetaX C500,104,8489b2cecb091d5526afe6f90f3565f4d1b9bc64,6c28a77b52b659d283503922e9614c19,official,sampler,768,129280,512,1,1,float32,int64,10,deep_gemm,unsupported,UnsupportedByBackend,backend 'deep_gemm' returns an unordered selection; `sorted_value`/`sorted_index` need backend 'maca_c',,,,,,,,
MetaX_C500,MetaX C500,104,8489b2cecb091d5526afe6f90f3565f4d1b9bc64,6c28a77b52b659d283503922e9614c19,official,sampler,4096,129280,512,1,1,float32,int64,10,maca_c,pass,,,4247.782,4298.035,0.504567,504.567,2143.289,100.0,100.0,
MetaX_C500,MetaX C500,104,8489b2cecb091d5526afe6f90f3565f4d1b9bc64,6c28a77b52b659d283503922e9614c19,official,sampler,4096,129280,512,1,1,float32,int64,10,torch,pass,,,20170.035,20536.909,0.106261,106.261,,21.06,20.93,
MetaX_C500,MetaX C500,104,8489b2cecb091d5526afe6f90f3565f4d1b9bc64,6c28a77b52b659d283503922e9614c19,official,sampler,4096,129280,512,1,1,float32,int64,10,deep_gemm,unsupported,UnsupportedByBackend,backend 'deep_gemm' returns an unordered selection; `sorted_value`/`sorted_index` need backend 'maca_c',,,,,,,,
MetaX_C500,MetaX C500,104,8489b2cecb091d5526afe6f90f3565f4d1b9bc64,6c28a77b52b659d283503922e9614c19,deep_gemm_axes,lightning_indexer,1,66551,2048,0,0,float32,int32,10,maca_c,pass,,,66.534,70.042,0.004124,4.124,0.274,100.0,100.0,
MetaX_C500,MetaX C500,104,8489b2cecb091d5526afe6f90f3565f4d1b9bc64,6c28a77b52b659d283503922e9614c19,deep_gemm_axes,lightning_indexer,1,66551,2048,0,0,float32,int32,10,torch,pass,,,225.51,190.797,0.001217,1.217,,29.5,36.71,
MetaX_C500,MetaX C500,104,8489b2cecb091d5526afe6f90f3565f4d1b9bc64,6c28a77b52b659d283503922e9614c19,deep_gemm_axes,lightning_indexer,1,66551,2048,0,0,float32,int32,10,deep_gemm,pass,,,52.992,351.283,0.005178,5.178,0.274,125.55,19.94,
MetaX_C500,MetaX C500,104,8489b2cecb091d5526afe6f90f3565f4d1b9bc64,6c28a77b52b659d283503922e9614c19,deep_gemm_axes,lightning_indexer,16,66551,2048,0,0,float32,int32,10,maca_c,pass,,,87.194,96.461,0.050351,50.351,4.39,100.0,100.0,
MetaX_C500,MetaX C500,104,8489b2cecb091d5526afe6f90f3565f4d1b9bc64,6c28a77b52b659d283503922e9614c19,deep_gemm_axes,lightning_indexer,16,66551,2048,0,0,float32,int32,10,torch,pass,,,348.237,331.469,0.012607,12.607,,25.04,29.1,
MetaX_C500,MetaX C500,104,8489b2cecb091d5526afe6f90f3565f4d1b9bc64,6c28a77b52b659d283503922e9614c19,deep_gemm_axes,lightning_indexer,16,66551,2048,0,0,float32,int32,10,deep_gemm,pass,,,54.144,403.866,0.081086,81.086,4.39,161.04,23.88,
MetaX_C500,MetaX C500,104,8489b2cecb091d5526afe6f90f3565f4d1b9bc64,6c28a77b52b659d283503922e9614c19,deep_gemm_axes,lightning_indexer,132,66551,2048,0,0,float32,int32,10,maca_c,pass,,,119.27,136.269,0.303683,303.683,36.22,100.0,100.0,
MetaX_C500,MetaX C500,104,8489b2cecb091d5526afe6f90f3565f4d1b9bc64,6c28a77b52b659d283503922e9614c19,deep_gemm_axes,lightning_indexer,132,66551,2048,0,0,float32,int32,10,torch,pass,,,652.109,722.97,0.055543,55.543,,18.29,18.85,
MetaX_C500,MetaX C500,104,8489b2cecb091d5526afe6f90f3565f4d1b9bc64,6c28a77b52b659d283503922e9614c19,deep_gemm_axes,lightning_indexer,132,66551,2048,0,0,float32,int32,10,deep_gemm,pass,,,102.63,758.477,0.352921,352.921,36.22,116.21,17.97,
MetaX_C500,MetaX C500,104,8489b2cecb091d5526afe6f90f3565f4d1b9bc64,6c28a77b52b659d283503922e9614c19,deep_gemm_axes,lightning_indexer,512,66551,2048,0,0,float32,int32,10,maca_c,pass,,,275.379,294.477,0.510172,510.172,140.491,100.0,100.0,
MetaX_C500,MetaX C500,104,8489b2cecb091d5526afe6f90f3565f4d1b9bc64,6c28a77b52b659d283503922e9614c19,deep_gemm_axes,lightning_indexer,512,66551,2048,0,0,float32,int32,10,torch,pass,,,1594.317,1922.637,0.08812,88.12,,17.27,15.32,
MetaX_C500,MetaX C500,104,8489b2cecb091d5526afe6f90f3565f4d1b9bc64,6c28a77b52b659d283503922e9614c19,deep_gemm_axes,lightning_indexer,512,66551,2048,0,0,float32,int32,10,deep_gemm,pass,,,245.632,1991.885,0.571956,571.956,140.491,112.11,14.78,
MetaX_C500,MetaX C500,104,8489b2cecb091d5526afe6f90f3565f4d1b9bc64,6c28a77b52b659d283503922e9614c19,deep_gemm_axes,lightning_indexer,1,131072,2048,0,0,float32,int32,10,maca_c,pass,,,77.542,81.869,0.006867,6.867,0.532,100.0,100.0,sglang-bs1-seq2048: that grid declares a window; this ranks the whole row
MetaX_C500,MetaX C500,104,8489b2cecb091d5526afe6f90f3565f4d1b9bc64,6c28a77b52b659d283503922e9614c19,deep_gemm_axes,lightning_indexer,1,131072,2048,0,0,float32,int32,10,torch,pass,,,259.533,227.942,0.002052,2.052,,29.88,35.92,sglang-bs1-seq2048: that grid declares a window; this ranks the whole row
MetaX_C500,MetaX C500,104,8489b2cecb091d5526afe6f90f3565f4d1b9bc64,6c28a77b52b659d283503922e9614c19,deep_gemm_axes,lightning_indexer,1,131072,2048,0,0,float32,int32,10,deep_gemm,pass,,,62.515,291.917,0.008518,8.518,0.532,124.04,28.05,sglang-bs1-seq2048: that grid declares a window; this ranks the whole row
MetaX_C500,MetaX C500,104,8489b2cecb091d5526afe6f90f3565f4d1b9bc64,6c28a77b52b659d283503922e9614c19,deep_gemm_axes,lightning_indexer,1,131072,2048,0,0,float32,int32,10,maca_c,pass,,,77.414,80.896,0.006878,6.878,0.532,100.0,100.0,sglang-bs1-seq4096: that grid declares a window; this ranks the whole row
MetaX_C500,MetaX C500,104,8489b2cecb091d5526afe6f90f3565f4d1b9bc64,6c28a77b52b659d283503922e9614c19,deep_gemm_axes,lightning_indexer,1,131072,2048,0,0,float32,int32,10,torch,pass,,,261.043,227.43,0.00204,2.04,,29.66,35.57,sglang-bs1-seq4096: that grid declares a window; this ranks the whole row
MetaX_C500,MetaX C500,104,8489b2cecb091d5526afe6f90f3565f4d1b9bc64,6c28a77b52b659d283503922e9614c19,deep_gemm_axes,lightning_indexer,1,131072,2048,0,0,float32,int32,10,deep_gemm,pass,,,62.592,294.067,0.008507,8.507,0.532,123.68,27.51,sglang-bs1-seq4096: that grid declares a window; this ranks the whole row
MetaX_C500,MetaX C500,104,8489b2cecb091d5526afe6f90f3565f4d1b9bc64,6c28a77b52b659d283503922e9614c19,deep_gemm_axes,lightning_indexer,1,131072,2048,0,0,float32,int32,10,maca_c,pass,,,77.44,81.843,0.006876,6.876,0.532,100.0,100.0,sglang-bs1-seq16384: that grid declares a window; this ranks the whole row
MetaX_C500,MetaX C500,104,8489b2cecb091d5526afe6f90f3565f4d1b9bc64,6c28a77b52b659d283503922e9614c19,deep_gemm_axes,lightning_indexer,1,131072,2048,0,0,float32,int32,10,torch,pass,,,261.069,228.147,0.00204,2.04,,29.66,35.87,sglang-bs1-seq16384: that grid declares a window; this ranks the whole row
MetaX_C500,MetaX C500,104,8489b2cecb091d5526afe6f90f3565f4d1b9bc64,6c28a77b52b659d283503922e9614c19,deep_gemm_axes,lightning_indexer,1,131072,2048,0,0,float32,int32,10,deep_gemm,pass,,,63.104,295.731,0.008438,8.438,0.532,122.72,27.67,sglang-bs1-seq16384: that grid declares a window; this ranks the whole row
MetaX_C500,MetaX C500,104,8489b2cecb091d5526afe6f90f3565f4d1b9bc64,6c28a77b52b659d283503922e9614c19,deep_gemm_axes,lightning_indexer,1,131072,2048,0,0,float32,int32,10,maca_c,pass,,,77.338,81.69,0.006885,6.885,0.532,100.0,100.0,sglang-bs1-seq65536: that grid declares a window; this ranks the whole row
MetaX_C500,MetaX C500,104,8489b2cecb091d5526afe6f90f3565f4d1b9bc64,6c28a77b52b659d283503922e9614c19,deep_gemm_axes,lightning_indexer,1,131072,2048,0,0,float32,int32,10,torch,pass,,,261.376,227.277,0.002037,2.037,,29.59,35.94,sglang-bs1-seq65536: that grid declares a window; this ranks the whole row
MetaX_C500,MetaX C500,104,8489b2cecb091d5526afe6f90f3565f4d1b9bc64,6c28a77b52b659d283503922e9614c19,deep_gemm_axes,lightning_indexer,1,131072,2048,0,0,float32,int32,10,deep_gemm,pass,,,63.181,275.123,0.008428,8.428,0.532,122.41,29.69,sglang-bs1-seq65536: that grid declares a window; this ranks the whole row
MetaX_C500,MetaX C500,104,8489b2cecb091d5526afe6f90f3565f4d1b9bc64,6c28a77b52b659d283503922e9614c19,deep_gemm_axes,lightning_indexer,132,131072,2048,0,0,float32,int32,10,maca_c,pass,,,204.954,222.669,0.342942,342.942,70.287,100.0,100.0,sglang-bs132-seq2048: that grid declares a window; this ranks the whole row
MetaX_C500,MetaX C500,104,8489b2cecb091d5526afe6f90f3565f4d1b9bc64,6c28a77b52b659d283503922e9614c19,deep_gemm_axes,lightning_indexer,132,131072,2048,0,0,float32,int32,10,torch,pass,,,1003.341,989.517,0.070053,70.053,,20.43,22.5,sglang-bs132-seq2048: that grid declares a window; this ranks the whole row
MetaX_C500,MetaX C500,104,8489b2cecb091d5526afe6f90f3565f4d1b9bc64,6c28a77b52b659d283503922e9614c19,deep_gemm_axes,lightning_indexer,132,131072,2048,0,0,float32,int32,10,deep_gemm,pass,,,172.826,846.413,0.406694,406.694,70.287,118.59,26.31,sglang-bs132-seq2048: that grid declares a window; this ranks the whole row
MetaX_C500,MetaX C500,104,8489b2cecb091d5526afe6f90f3565f4d1b9bc64,6c28a77b52b659d283503922e9614c19,deep_gemm_axes,lightning_indexer,132,131072,2048,0,0,float32,int32,10,maca_c,pass,,,204.365,222.874,0.343931,343.931,70.287,100.0,100.0,sglang-bs132-seq4096: that grid declares a window; this ranks the whole row
MetaX_C500,MetaX C500,104,8489b2cecb091d5526afe6f90f3565f4d1b9bc64,6c28a77b52b659d283503922e9614c19,deep_gemm_axes,lightning_indexer,132,131072,2048,0,0,float32,int32,10,torch,pass,,,1004.109,981.171,0.07,70.0,,20.35,22.72,sglang-bs132-seq4096: that grid declares a window; this ranks the whole row
MetaX_C500,MetaX C500,104,8489b2cecb091d5526afe6f90f3565f4d1b9bc64,6c28a77b52b659d283503922e9614c19,deep_gemm_axes,lightning_indexer,132,131072,2048,0,0,float32,int32,10,deep_gemm,pass,,,173.619,858.803,0.404837,404.837,70.287,117.71,25.95,sglang-bs132-seq4096: that grid declares a window; this ranks the whole row
MetaX_C500,MetaX C500,104,8489b2cecb091d5526afe6f90f3565f4d1b9bc64,6c28a77b52b659d283503922e9614c19,deep_gemm_axes,lightning_indexer,132,131072,2048,0,0,float32,int32,10,maca_c,pass,,,205.056,223.795,0.342772,342.772,70.287,100.0,100.0,sglang-bs132-seq16384: that grid declares a window; this ranks the whole row
MetaX_C500,MetaX C500,104,8489b2cecb091d5526afe6f90f3565f4d1b9bc64,6c28a77b52b659d283503922e9614c19,deep_gemm_axes,lightning_indexer,132,131072,2048,0,0,float32,int32,10,torch,pass,,,1023.949,1001.114,0.068643,68.643,,20.03,22.35,sglang-bs132-seq16384: that grid declares a window; this ranks the whole row
MetaX_C500,MetaX C500,104,8489b2cecb091d5526afe6f90f3565f4d1b9bc64,6c28a77b52b659d283503922e9614c19,deep_gemm_axes,lightning_indexer,132,131072,2048,0,0,float32,int32,10,deep_gemm,pass,,,173.235,846.182,0.405734,405.734,70.287,118.37,26.45,sglang-bs132-seq16384: that grid declares a window; this ranks the whole row
MetaX_C500,MetaX C500,104,8489b2cecb091d5526afe6f90f3565f4d1b9bc64,6c28a77b52b659d283503922e9614c19,deep_gemm_axes,lightning_indexer,132,131072,2048,0,0,float32,int32,10,maca_c,pass,,,204.698,222.31,0.343371,343.371,70.287,100.0,100.0,sglang-bs132-seq65536: that grid declares a window; this ranks the whole row
MetaX_C500,MetaX C500,104,8489b2cecb091d5526afe6f90f3565f4d1b9bc64,6c28a77b52b659d283503922e9614c19,deep_gemm_axes,lightning_indexer,132,131072,2048,0,0,float32,int32,10,torch,pass,,,1013.478,995.456,0.069353,69.353,,20.2,22.33,sglang-bs132-seq65536: that grid declares a window; this ranks the whole row
MetaX_C500,MetaX C500,104,8489b2cecb091d5526afe6f90f3565f4d1b9bc64,6c28a77b52b659d283503922e9614c19,deep_gemm_axes,lightning_indexer,132,131072,2048,0,0,float32,int32,10,deep_gemm,pass,,,172.518,850.048,0.40742,407.42,70.287,118.65,26.15,sglang-bs132-seq65536: that grid declares a window; this ranks the whole row
MetaX_C500,MetaX C500,104,8489b2cecb091d5526afe6f90f3565f4d1b9bc64,6c28a77b52b659d283503922e9614c19,deep_gemm_axes,lightning_indexer,256,131072,2048,0,0,float32,int32,10,maca_c,pass,,,276.941,293.402,0.492216,492.216,136.315,100.0,100.0,sglang-bs256-seq2048: that grid declares a window; this ranks the whole row
MetaX_C500,MetaX C500,104,8489b2cecb091d5526afe6f90f3565f4d1b9bc64,6c28a77b52b659d283503922e9614c19,deep_gemm_axes,lightning_indexer,256,131072,2048,0,0,float32,int32,10,torch,pass,,,1611.366,1589.53,0.084596,84.596,,17.19,18.46,sglang-bs256-seq2048: that grid declares a window; this ranks the whole row
MetaX_C500,MetaX C500,104,8489b2cecb091d5526afe6f90f3565f4d1b9bc64,6c28a77b52b659d283503922e9614c19,deep_gemm_axes,lightning_indexer,256,131072,2048,0,0,float32,int32,10,deep_gemm,pass,,,240.845,1286.784,0.565986,565.986,136.315,114.99,22.8,sglang-bs256-seq2048: that grid declares a window; this ranks the whole row
MetaX_C500,MetaX C500,104,8489b2cecb091d5526afe6f90f3565f4d1b9bc64,6c28a77b52b659d283503922e9614c19,deep_gemm_axes,lightning_indexer,256,131072,2048,0,0,float32,int32,10,maca_c,pass,,,276.582,294.093,0.492855,492.855,136.315,100.0,100.0,sglang-bs256-seq4096: that grid declares a window; this ranks the whole row
MetaX_C500,MetaX C500,104,8489b2cecb091d5526afe6f90f3565f4d1b9bc64,6c28a77b52b659d283503922e9614c19,deep_gemm_axes,lightning_indexer,256,131072,2048,0,0,float32,int32,10,torch,pass,,,1612.723,1602.739,0.084525,84.525,,17.15,18.35,sglang-bs256-seq4096: that grid declares a window; this ranks the whole row
MetaX_C500,MetaX C500,104,8489b2cecb091d5526afe6f90f3565f4d1b9bc64,6c28a77b52b659d283503922e9614c19,deep_gemm_axes,lightning_indexer,256,131072,2048,0,0,float32,int32,10,deep_gemm,pass,,,240.691,1283.226,0.566348,566.348,136.315,114.91,22.92,sglang-bs256-seq4096: that grid declares a window; this ranks the whole row
MetaX_C500,MetaX C500,104,8489b2cecb091d5526afe6f90f3565f4d1b9bc64,6c28a77b52b659d283503922e9614c19,deep_gemm_axes,lightning_indexer,256,131072,2048,0,0,float32,int32,10,maca_c,pass,,,275.738,292.378,0.494364,494.364,136.315,100.0,100.0,sglang-bs256-seq16384: that grid declares a window; this ranks the whole row
MetaX_C500,MetaX C500,104,8489b2cecb091d5526afe6f90f3565f4d1b9bc64,6c28a77b52b659d283503922e9614c19,deep_gemm_axes,lightning_indexer,256,131072,2048,0,0,float32,int32,10,torch,pass,,,1619.021,1597.466,0.084196,84.196,,17.03,18.3,sglang-bs256-seq16384: that grid declares a window; this ranks the whole row
MetaX_C500,MetaX C500,104,8489b2cecb091d5526afe6f90f3565f4d1b9bc64,6c28a77b52b659d283503922e9614c19,deep_gemm_axes,lightning_indexer,256,131072,2048,0,0,float32,int32,10,deep_gemm,pass,,,240.154,1286.016,0.567614,567.614,136.315,114.82,22.74,sglang-bs256-seq16384: that grid declares a window; this ranks the whole row
MetaX_C500,MetaX C500,104,8489b2cecb091d5526afe6f90f3565f4d1b9bc64,6c28a77b52b659d283503922e9614c19,deep_gemm_axes,lightning_indexer,256,131072,2048,0,0,float32,int32,10,maca_c,pass,,,276.096,293.76,0.493723,493.723,136.315,100.0,100.0,sglang-bs256-seq65536: that grid declares a window; this ranks the whole row
MetaX_C500,MetaX C500,104,8489b2cecb091d5526afe6f90f3565f4d1b9bc64,6c28a77b52b659d283503922e9614c19,deep_gemm_axes,lightning_indexer,256,131072,2048,0,0,float32,int32,10,torch,pass,,,1615.616,1598.31,0.084373,84.373,,17.09,18.38,sglang-bs256-seq65536: that grid declares a window; this ranks the whole row
MetaX_C500,MetaX C500,104,8489b2cecb091d5526afe6f90f3565f4d1b9bc64,6c28a77b52b659d283503922e9614c19,deep_gemm_axes,lightning_indexer,256,131072,2048,0,0,float32,int32,10,deep_gemm,pass,,,240.742,1285.606,0.566228,566.228,136.315,114.69,22.85,sglang-bs256-seq65536: that grid declares a window; this ranks the whole row
MetaX_C500,MetaX C500,104,8489b2cecb091d5526afe6f90f3565f4d1b9bc64,6c28a77b52b659d283503922e9614c19,deep_gemm_axes,lightning_indexer,4096,131072,2048,0,0,float32,int32,10,maca_c,pass,,,3412.608,3437.415,0.639112,639.112,2181.038,100.0,100.0,sglang-bs4096-seq2048: that grid declares a window; this ranks the whole row
MetaX_C500,MetaX C500,104,8489b2cecb091d5526afe6f90f3565f4d1b9bc64,6c28a77b52b659d283503922e9614c19,deep_gemm_axes,lightning_indexer,4096,131072,2048,0,0,float32,int32,10,torch,pass,,,20496.154,20508.467,0.106412,106.412,,16.65,16.76,sglang-bs4096-seq2048: that grid declares a window; this ranks the whole row
MetaX_C500,MetaX C500,104,8489b2cecb091d5526afe6f90f3565f4d1b9bc64,6c28a77b52b659d283503922e9614c19,deep_gemm_axes,lightning_indexer,4096,131072,2048,0,0,float32,int32,10,deep_gemm,pass,,,3266.688,16049.945,0.66766,667.66,2181.038,104.47,21.42,sglang-bs4096-seq2048: that grid declares a window; this ranks the whole row
MetaX_C500,MetaX C500,104,8489b2cecb091d5526afe6f90f3565f4d1b9bc64,6c28a77b52b659d283503922e9614c19,deep_gemm_axes,lightning_indexer,4096,131072,2048,0,0,float32,int32,10,maca_c,pass,,,3412.608,3435.11,0.639112,639.112,2181.038,100.0,100.0,sglang-bs4096-seq4096: that grid declares a window; this ranks the whole row
MetaX_C500,MetaX C500,104,8489b2cecb091d5526afe6f90f3565f4d1b9bc64,6c28a77b52b659d283503922e9614c19,deep_gemm_axes,lightning_indexer,4096,131072,2048,0,0,float32,int32,10,torch,pass,,,20496.307,20504.935,0.106411,106.411,,16.65,16.75,sglang-bs4096-seq4096: that grid declares a window; this ranks the whole row
MetaX_C500,MetaX C500,104,8489b2cecb091d5526afe6f90f3565f4d1b9bc64,6c28a77b52b659d283503922e9614c19,deep_gemm_axes,lightning_indexer,4096,131072,2048,0,0,float32,int32,10,deep_gemm,pass,,,3267.891,16057.498,0.667415,667.415,2181.038,104.43,21.39,sglang-bs4096-seq4096: that grid declares a window; this ranks the whole row
MetaX_C500,MetaX C500,104,8489b2cecb091d5526afe6f90f3565f4d1b9bc64,6c28a77b52b659d283503922e9614c19,deep_gemm_axes,lightning_indexer,4096,131072,2048,0,0,float32,int32,10,maca_c,pass,,,3411.379,3444.326,0.639342,639.342,2181.038,100.0,100.0,sglang-bs4096-seq16384: that grid declares a window; this ranks the whole row
MetaX_C500,MetaX C500,104,8489b2cecb091d5526afe6f90f3565f4d1b9bc64,6c28a77b52b659d283503922e9614c19,deep_gemm_axes,lightning_indexer,4096,131072,2048,0,0,float32,int32,10,torch,pass,,,20476.339,20497.255,0.106515,106.515,,16.66,16.8,sglang-bs4096-seq16384: that grid declares a window; this ranks the whole row
MetaX_C500,MetaX C500,104,8489b2cecb091d5526afe6f90f3565f4d1b9bc64,6c28a77b52b659d283503922e9614c19,deep_gemm_axes,lightning_indexer,4096,131072,2048,0,0,float32,int32,10,deep_gemm,pass,,,3267.814,16056.627,0.66743,667.43,2181.038,104.39,21.45,sglang-bs4096-seq16384: that grid declares a window; this ranks the whole row
MetaX_C500,MetaX C500,104,8489b2cecb091d5526afe6f90f3565f4d1b9bc64,6c28a77b52b659d283503922e9614c19,deep_gemm_axes,lightning_indexer,4096,131072,2048,0,0,float32,int32,10,maca_c,pass,,,3408.435,3435.827,0.639894,639.894,2181.038,100.0,100.0,sglang-bs4096-seq65536: that grid declares a window; this ranks the whole row
MetaX_C500,MetaX C500,104,8489b2cecb091d5526afe6f90f3565f4d1b9bc64,6c28a77b52b659d283503922e9614c19,deep_gemm_axes,lightning_indexer,4096,131072,2048,0,0,float32,int32,10,torch,pass,,,20487.142,20488.243,0.106459,106.459,,16.64,16.77,sglang-bs4096-seq65536: that grid declares a window; this ranks the whole row
MetaX_C500,MetaX C500,104,8489b2cecb091d5526afe6f90f3565f4d1b9bc64,6c28a77b52b659d283503922e9614c19,deep_gemm_axes,lightning_indexer,4096,131072,2048,0,0,float32,int32,10,deep_gemm,pass,,,3264.307,16049.484,0.668147,668.147,2181.038,104.42,21.41,sglang-bs4096-seq65536: that grid declares a window; this ranks the whole row
MetaX_C500,MetaX C500,104,8489b2cecb091d5526afe6f90f3565f4d1b9bc64,6c28a77b52b659d283503922e9614c19,deep_gemm_axes,lightning_indexer,1,107520,2048,0,0,float32,int32,10,maca_c,pass,,,74.598,78.643,0.005875,5.875,0.438,100.0,100.0,
MetaX_C500,MetaX C500,104,8489b2cecb091d5526afe6f90f3565f4d1b9bc64,6c28a77b52b659d283503922e9614c19,deep_gemm_axes,lightning_indexer,1,107520,2048,0,0,float32,int32,10,torch,pass,,,262.784,229.248,0.001668,1.668,,28.39,34.3,
MetaX_C500,MetaX C500,104,8489b2cecb091d5526afe6f90f3565f4d1b9bc64,6c28a77b52b659d283503922e9614c19,deep_gemm_axes,lightning_indexer,1,107520,2048,0,0,float32,int32,10,deep_gemm,pass,,,60.262,286.515,0.007273,7.273,0.438,123.79,27.45,
MetaX_C500,MetaX C500,104,8489b2cecb091d5526afe6f90f3565f4d1b9bc64,6c28a77b52b659d283503922e9614c19,deep_gemm_axes,lightning_indexer,16,66551,2048,0,0,float32,int32,10,maca_c,pass,,,88.243,98.074,0.049753,49.753,4.39,100.0,100.0,
MetaX_C500,MetaX C500,104,8489b2cecb091d5526afe6f90f3565f4d1b9bc64,6c28a77b52b659d283503922e9614c19,deep_gemm_axes,lightning_indexer,16,66551,2048,0,0,float32,int32,10,torch,pass,,,344.038,333.542,0.012761,12.761,,25.65,29.4,
MetaX_C500,MetaX C500,104,8489b2cecb091d5526afe6f90f3565f4d1b9bc64,6c28a77b52b659d283503922e9614c19,deep_gemm_axes,lightning_indexer,16,66551,2048,0,0,float32,int32,10,deep_gemm,pass,,,54.17,387.61,0.081047,81.047,4.39,162.9,25.3,
MetaX_C500,MetaX C500,104,8489b2cecb091d5526afe6f90f3565f4d1b9bc64,6c28a77b52b659d283503922e9614c19,deep_gemm_axes,lightning_indexer,132,107520,2048,0,0,float32,int32,10,maca_c,pass,,,173.875,191.616,0.332721,332.721,57.852,100.0,100.0,
MetaX_C500,MetaX C500,104,8489b2cecb091d5526afe6f90f3565f4d1b9bc64,6c28a77b52b659d283503922e9614c19,deep_gemm_axes,lightning_indexer,132,107520,2048,0,0,float32,int32,10,torch,pass,,,875.878,855.475,0.06605,66.05,,19.85,22.4,
MetaX_C500,MetaX C500,104,8489b2cecb091d5526afe6f90f3565f4d1b9bc64,6c28a77b52b659d283503922e9614c19,deep_gemm_axes,lightning_indexer,132,107520,2048,0,0,float32,int32,10,deep_gemm,pass,,,145.638,721.92,0.397231,397.231,57.852,119.39,26.54,
MetaX_C500,MetaX C500,104,8489b2cecb091d5526afe6f90f3565f4d1b9bc64,6c28a77b52b659d283503922e9614c19,deep_gemm_axes,lightning_indexer,256,107520,2048,0,0,float32,int32,10,maca_c,pass,,,232.269,249.702,0.48305,483.05,112.198,100.0,100.0,
MetaX_C500,MetaX C500,104,8489b2cecb091d5526afe6f90f3565f4d1b9bc64,6c28a77b52b659d283503922e9614c19,deep_gemm_axes,lightning_indexer,256,107520,2048,0,0,float32,int32,10,torch,pass,,,1355.674,1337.651,0.082762,82.762,,17.13,18.67,
MetaX_C500,MetaX C500,104,8489b2cecb091d5526afe6f90f3565f4d1b9bc64,6c28a77b52b659d283503922e9614c19,deep_gemm_axes,lightning_indexer,256,107520,2048,0,0,float32,int32,10,deep_gemm,pass,,,200.448,1158.835,0.559734,559.734,112.198,115.87,21.55,
MetaX_C500,MetaX C500,104,8489b2cecb091d5526afe6f90f3565f4d1b9bc64,6c28a77b52b659d283503922e9614c19,deep_gemm_axes,lightning_indexer,4096,107520,2048,0,0,float32,int32,10,maca_c,pass,,,2845.03,2875.571,0.630982,630.982,1795.162,100.0,100.0,
MetaX_C500,MetaX C500,104,8489b2cecb091d5526afe6f90f3565f4d1b9bc64,6c28a77b52b659d283503922e9614c19,deep_gemm_axes,lightning_indexer,4096,107520,2048,0,0,float32,int32,10,torch,pass,,,15693.594,15703.015,0.114388,114.388,,18.13,18.31,
MetaX_C500,MetaX C500,104,8489b2cecb091d5526afe6f90f3565f4d1b9bc64,6c28a77b52b659d283503922e9614c19,deep_gemm_axes,lightning_indexer,4096,107520,2048,0,0,float32,int32,10,deep_gemm,pass,,,2702.234,13277.747,0.664325,664.325,1795.162,105.28,21.66,
