chip,device_name,sm_count,git_commit,extension_md5,case_source,family,n_rows,n_cols,top_k,sorted_value,return_value,input_dtype,index_dtype,num_runs,backend,status,error_type,error_message,time(us),wall_us,throughput(TB/s),bandwidth(GB/s),Byte(MB),relative_pct_vs_maca_c,wall_relative_pct_vs_maca_c,note
MetaX_C600-U,MetaX C600-U,28,ca1c06d95726808d4e60ab34a09d68ae26286589,962b5883579bcbc1d4dcc78df3c3b928,official,lightning_indexer,6,256,512,0,0,bfloat16,int32,10,maca_c,pass,,,2.355,84.736,0.006522,6.522,0.015,100.0,100.0,
MetaX_C600-U,MetaX C600-U,28,ca1c06d95726808d4e60ab34a09d68ae26286589,962b5883579bcbc1d4dcc78df3c3b928,official,lightning_indexer,6,256,512,0,0,bfloat16,int32,10,torch,pass,,"not applicable: the reference backend needs vocab_size >= topk, no window, no offset (tests/test.py's own guard)",,,,,,,,
MetaX_C600-U,MetaX C600-U,28,ca1c06d95726808d4e60ab34a09d68ae26286589,962b5883579bcbc1d4dcc78df3c3b928,official,lightning_indexer,6,256,512,0,0,bfloat16,int32,10,deep_gemm,unsupported,UnsupportedByBackend,"backend 'deep_gemm' ranks float32 scores, and was given torch.bfloat16; 'maca_c' and 'torch' take bfloat16 as well",,,,,,,,
MetaX_C600-U,MetaX C600-U,28,ca1c06d95726808d4e60ab34a09d68ae26286589,962b5883579bcbc1d4dcc78df3c3b928,official,lightning_indexer,6,1024,512,0,0,bfloat16,int32,10,maca_c,pass,,,9.626,81.306,0.002553,2.553,0.025,100.0,100.0,
MetaX_C600-U,MetaX C600-U,28,ca1c06d95726808d4e60ab34a09d68ae26286589,962b5883579bcbc1d4dcc78df3c3b928,official,lightning_indexer,6,1024,512,0,0,bfloat16,int32,10,torch,pass,,,22.758,22.374,0.00108,1.08,,42.3,363.4,
MetaX_C600-U,MetaX C600-U,28,ca1c06d95726808d4e60ab34a09d68ae26286589,962b5883579bcbc1d4dcc78df3c3b928,official,lightning_indexer,6,1024,512,0,0,bfloat16,int32,10,deep_gemm,unsupported,UnsupportedByBackend,"backend 'deep_gemm' ranks float32 scores, and was given torch.bfloat16; 'maca_c' and 'torch' take bfloat16 as well",,,,,,,,
MetaX_C600-U,MetaX C600-U,28,ca1c06d95726808d4e60ab34a09d68ae26286589,962b5883579bcbc1d4dcc78df3c3b928,official,lightning_indexer,6,4096,512,0,0,bfloat16,int32,10,maca_c,pass,,,10.906,81.229,0.005634,5.634,0.061,100.0,100.0,
MetaX_C600-U,MetaX C600-U,28,ca1c06d95726808d4e60ab34a09d68ae26286589,962b5883579bcbc1d4dcc78df3c3b928,official,lightning_indexer,6,4096,512,0,0,bfloat16,int32,10,torch,pass,,,37.658,36.378,0.001632,1.632,,28.96,223.29,
MetaX_C600-U,MetaX C600-U,28,ca1c06d95726808d4e60ab34a09d68ae26286589,962b5883579bcbc1d4dcc78df3c3b928,official,lightning_indexer,6,4096,512,0,0,bfloat16,int32,10,deep_gemm,unsupported,UnsupportedByBackend,"backend 'deep_gemm' ranks float32 scores, and was given torch.bfloat16; 'maca_c' and 'torch' take bfloat16 as well",,,,,,,,
MetaX_C600-U,MetaX C600-U,28,ca1c06d95726808d4e60ab34a09d68ae26286589,962b5883579bcbc1d4dcc78df3c3b928,official,lightning_indexer,6,16384,512,0,0,bfloat16,int32,10,maca_c,pass,,,16.282,81.229,0.01283,12.83,0.209,100.0,100.0,
MetaX_C600-U,MetaX C600-U,28,ca1c06d95726808d4e60ab34a09d68ae26286589,962b5883579bcbc1d4dcc78df3c3b928,official,lightning_indexer,6,16384,512,0,0,bfloat16,int32,10,torch,pass,,,91.93,90.394,0.002272,2.272,,17.71,89.86,
MetaX_C600-U,MetaX C600-U,28,ca1c06d95726808d4e60ab34a09d68ae26286589,962b5883579bcbc1d4dcc78df3c3b928,official,lightning_indexer,6,16384,512,0,0,bfloat16,int32,10,deep_gemm,unsupported,UnsupportedByBackend,"backend 'deep_gemm' ranks float32 scores, and was given torch.bfloat16; 'maca_c' and 'torch' take bfloat16 as well",,,,,,,,
MetaX_C600-U,MetaX C600-U,28,ca1c06d95726808d4e60ab34a09d68ae26286589,962b5883579bcbc1d4dcc78df3c3b928,official,lightning_indexer,6,65536,512,0,0,bfloat16,int32,10,maca_c,pass,,,28.39,80.154,0.028134,28.134,0.799,100.0,100.0,
MetaX_C600-U,MetaX C600-U,28,ca1c06d95726808d4e60ab34a09d68ae26286589,962b5883579bcbc1d4dcc78df3c3b928,official,lightning_indexer,6,65536,512,0,0,bfloat16,int32,10,torch,pass,,,153.421,134.17,0.005206,5.206,,18.5,59.74,
MetaX_C600-U,MetaX C600-U,28,ca1c06d95726808d4e60ab34a09d68ae26286589,962b5883579bcbc1d4dcc78df3c3b928,official,lightning_indexer,6,65536,512,0,0,bfloat16,int32,10,deep_gemm,unsupported,UnsupportedByBackend,"backend 'deep_gemm' ranks float32 scores, and was given torch.bfloat16; 'maca_c' and 'torch' take bfloat16 as well",,,,,,,,
MetaX_C600-U,MetaX C600-U,28,ca1c06d95726808d4e60ab34a09d68ae26286589,962b5883579bcbc1d4dcc78df3c3b928,official,lightning_indexer,6,131072,512,0,0,bfloat16,int32,10,maca_c,pass,,,39.373,80.666,0.04026,40.26,1.585,100.0,100.0,
MetaX_C600-U,MetaX C600-U,28,ca1c06d95726808d4e60ab34a09d68ae26286589,962b5883579bcbc1d4dcc78df3c3b928,official,lightning_indexer,6,131072,512,0,0,bfloat16,int32,10,torch,pass,,,182.861,165.914,0.008669,8.669,,21.53,48.62,
MetaX_C600-U,MetaX C600-U,28,ca1c06d95726808d4e60ab34a09d68ae26286589,962b5883579bcbc1d4dcc78df3c3b928,official,lightning_indexer,6,131072,512,0,0,bfloat16,int32,10,deep_gemm,unsupported,UnsupportedByBackend,"backend 'deep_gemm' ranks float32 scores, and was given torch.bfloat16; 'maca_c' and 'torch' take bfloat16 as well",,,,,,,,
MetaX_C600-U,MetaX C600-U,28,ca1c06d95726808d4e60ab34a09d68ae26286589,962b5883579bcbc1d4dcc78df3c3b928,official,lightning_indexer,6,262144,512,0,0,bfloat16,int32,10,maca_c,pass,,,55.347,106.394,0.057058,57.058,3.158,100.0,100.0,
MetaX_C600-U,MetaX C600-U,28,ca1c06d95726808d4e60ab34a09d68ae26286589,962b5883579bcbc1d4dcc78df3c3b928,official,lightning_indexer,6,262144,512,0,0,bfloat16,int32,10,torch,pass,,,248.09,231.066,0.012729,12.729,,22.31,46.04,
MetaX_C600-U,MetaX C600-U,28,ca1c06d95726808d4e60ab34a09d68ae26286589,962b5883579bcbc1d4dcc78df3c3b928,official,lightning_indexer,6,262144,512,0,0,bfloat16,int32,10,deep_gemm,unsupported,UnsupportedByBackend,"backend 'deep_gemm' ranks float32 scores, and was given torch.bfloat16; 'maca_c' and 'torch' take bfloat16 as well",,,,,,,,
MetaX_C600-U,MetaX C600-U,28,ca1c06d95726808d4e60ab34a09d68ae26286589,962b5883579bcbc1d4dcc78df3c3b928,official,lightning_indexer,6,524288,512,0,0,bfloat16,int32,10,maca_c,pass,,,72.525,108.723,0.086918,86.918,6.304,100.0,100.0,
MetaX_C600-U,MetaX C600-U,28,ca1c06d95726808d4e60ab34a09d68ae26286589,962b5883579bcbc1d4dcc78df3c3b928,official,lightning_indexer,6,524288,512,0,0,bfloat16,int32,10,torch,pass,,,341.914,325.197,0.018437,18.437,,21.21,33.43,
MetaX_C600-U,MetaX C600-U,28,ca1c06d95726808d4e60ab34a09d68ae26286589,962b5883579bcbc1d4dcc78df3c3b928,official,lightning_indexer,6,524288,512,0,0,bfloat16,int32,10,deep_gemm,unsupported,UnsupportedByBackend,"backend 'deep_gemm' ranks float32 scores, and was given torch.bfloat16; 'maca_c' and 'torch' take bfloat16 as well",,,,,,,,
MetaX_C600-U,MetaX C600-U,28,ca1c06d95726808d4e60ab34a09d68ae26286589,962b5883579bcbc1d4dcc78df3c3b928,official,lightning_indexer,6,1048576,512,0,0,bfloat16,int32,10,maca_c,pass,,,97.587,115.533,0.129066,129.066,12.595,100.0,100.0,
MetaX_C600-U,MetaX C600-U,28,ca1c06d95726808d4e60ab34a09d68ae26286589,962b5883579bcbc1d4dcc78df3c3b928,official,lightning_indexer,6,1048576,512,0,0,bfloat16,int32,10,torch,pass,,,515.994,497.946,0.02441,24.41,,18.91,23.2,
MetaX_C600-U,MetaX C600-U,28,ca1c06d95726808d4e60ab34a09d68ae26286589,962b5883579bcbc1d4dcc78df3c3b928,official,lightning_indexer,6,1048576,512,0,0,bfloat16,int32,10,deep_gemm,unsupported,UnsupportedByBackend,"backend 'deep_gemm' ranks float32 scores, and was given torch.bfloat16; 'maca_c' and 'torch' take bfloat16 as well",,,,,,,,
MetaX_C600-U,MetaX C600-U,28,ca1c06d95726808d4e60ab34a09d68ae26286589,962b5883579bcbc1d4dcc78df3c3b928,official,lightning_indexer,256,256,512,0,0,bfloat16,int32,10,maca_c,pass,,,4.275,110.31,0.153301,153.301,0.655,100.0,100.0,
MetaX_C600-U,MetaX C600-U,28,ca1c06d95726808d4e60ab34a09d68ae26286589,962b5883579bcbc1d4dcc78df3c3b928,official,lightning_indexer,256,256,512,0,0,bfloat16,int32,10,torch,pass,,"not applicable: the reference backend needs vocab_size >= topk, no window, no offset (tests/test.py's own guard)",,,,,,,,
MetaX_C600-U,MetaX C600-U,28,ca1c06d95726808d4e60ab34a09d68ae26286589,962b5883579bcbc1d4dcc78df3c3b928,official,lightning_indexer,256,256,512,0,0,bfloat16,int32,10,deep_gemm,unsupported,UnsupportedByBackend,"backend 'deep_gemm' ranks float32 scores, and was given torch.bfloat16; 'maca_c' and 'torch' take bfloat16 as well",,,,,,,,
MetaX_C600-U,MetaX C600-U,28,ca1c06d95726808d4e60ab34a09d68ae26286589,962b5883579bcbc1d4dcc78df3c3b928,official,lightning_indexer,256,1024,512,0,0,bfloat16,int32,10,maca_c,pass,,,24.832,109.696,0.042227,42.227,1.049,100.0,100.0,
MetaX_C600-U,MetaX C600-U,28,ca1c06d95726808d4e60ab34a09d68ae26286589,962b5883579bcbc1d4dcc78df3c3b928,official,lightning_indexer,256,1024,512,0,0,bfloat16,int32,10,torch,pass,,,151.936,153.984,0.006901,6.901,,16.34,71.24,
MetaX_C600-U,MetaX C600-U,28,ca1c06d95726808d4e60ab34a09d68ae26286589,962b5883579bcbc1d4dcc78df3c3b928,official,lightning_indexer,256,1024,512,0,0,bfloat16,int32,10,deep_gemm,unsupported,UnsupportedByBackend,"backend 'deep_gemm' ranks float32 scores, and was given torch.bfloat16; 'maca_c' and 'torch' take bfloat16 as well",,,,,,,,
MetaX_C600-U,MetaX C600-U,28,ca1c06d95726808d4e60ab34a09d68ae26286589,962b5883579bcbc1d4dcc78df3c3b928,official,lightning_indexer,256,4096,512,0,0,bfloat16,int32,10,maca_c,pass,,,34.432,109.286,0.076134,76.134,2.621,100.0,100.0,
MetaX_C600-U,MetaX C600-U,28,ca1c06d95726808d4e60ab34a09d68ae26286589,962b5883579bcbc1d4dcc78df3c3b928,official,lightning_indexer,256,4096,512,0,0,bfloat16,int32,10,torch,pass,,,264.781,250.24,0.0099,9.9,,13.0,43.67,
MetaX_C600-U,MetaX C600-U,28,ca1c06d95726808d4e60ab34a09d68ae26286589,962b5883579bcbc1d4dcc78df3c3b928,official,lightning_indexer,256,4096,512,0,0,bfloat16,int32,10,deep_gemm,unsupported,UnsupportedByBackend,"backend 'deep_gemm' ranks float32 scores, and was given torch.bfloat16; 'maca_c' and 'torch' take bfloat16 as well",,,,,,,,
MetaX_C600-U,MetaX C600-U,28,ca1c06d95726808d4e60ab34a09d68ae26286589,962b5883579bcbc1d4dcc78df3c3b928,official,lightning_indexer,256,16384,512,0,0,bfloat16,int32,10,maca_c,pass,,,62.771,112.333,0.141991,141.991,8.913,100.0,100.0,
MetaX_C600-U,MetaX C600-U,28,ca1c06d95726808d4e60ab34a09d68ae26286589,962b5883579bcbc1d4dcc78df3c3b928,official,lightning_indexer,256,16384,512,0,0,bfloat16,int32,10,torch,pass,,,584.602,566.989,0.015246,15.246,,10.74,19.81,
MetaX_C600-U,MetaX C600-U,28,ca1c06d95726808d4e60ab34a09d68ae26286589,962b5883579bcbc1d4dcc78df3c3b928,official,lightning_indexer,256,16384,512,0,0,bfloat16,int32,10,deep_gemm,unsupported,UnsupportedByBackend,"backend 'deep_gemm' ranks float32 scores, and was given torch.bfloat16; 'maca_c' and 'torch' take bfloat16 as well",,,,,,,,
MetaX_C600-U,MetaX C600-U,28,ca1c06d95726808d4e60ab34a09d68ae26286589,962b5883579bcbc1d4dcc78df3c3b928,official,lightning_indexer,256,65536,512,0,0,bfloat16,int32,10,maca_c,pass,,,164.352,180.992,0.207352,207.352,34.079,100.0,100.0,
MetaX_C600-U,MetaX C600-U,28,ca1c06d95726808d4e60ab34a09d68ae26286589,962b5883579bcbc1d4dcc78df3c3b928,official,lightning_indexer,256,65536,512,0,0,bfloat16,int32,10,torch,pass,,,1273.856,1262.08,0.026752,26.752,,12.9,14.34,
MetaX_C600-U,MetaX C600-U,28,ca1c06d95726808d4e60ab34a09d68ae26286589,962b5883579bcbc1d4dcc78df3c3b928,official,lightning_indexer,256,65536,512,0,0,bfloat16,int32,10,deep_gemm,unsupported,UnsupportedByBackend,"backend 'deep_gemm' ranks float32 scores, and was given torch.bfloat16; 'maca_c' and 'torch' take bfloat16 as well",,,,,,,,
MetaX_C600-U,MetaX C600-U,28,ca1c06d95726808d4e60ab34a09d68ae26286589,962b5883579bcbc1d4dcc78df3c3b928,official,lightning_indexer,256,131072,512,0,0,bfloat16,int32,10,maca_c,pass,,,244.019,252.57,0.277163,277.163,67.633,100.0,100.0,
MetaX_C600-U,MetaX C600-U,28,ca1c06d95726808d4e60ab34a09d68ae26286589,962b5883579bcbc1d4dcc78df3c3b928,official,lightning_indexer,256,131072,512,0,0,bfloat16,int32,10,torch,pass,,,2199.885,2193.946,0.030744,30.744,,11.09,11.51,
MetaX_C600-U,MetaX C600-U,28,ca1c06d95726808d4e60ab34a09d68ae26286589,962b5883579bcbc1d4dcc78df3c3b928,official,lightning_indexer,256,131072,512,0,0,bfloat16,int32,10,deep_gemm,unsupported,UnsupportedByBackend,"backend 'deep_gemm' ranks float32 scores, and was given torch.bfloat16; 'maca_c' and 'torch' take bfloat16 as well",,,,,,,,
MetaX_C600-U,MetaX C600-U,28,ca1c06d95726808d4e60ab34a09d68ae26286589,962b5883579bcbc1d4dcc78df3c3b928,official,lightning_indexer,256,262144,512,0,0,bfloat16,int32,10,maca_c,pass,,,386.202,396.365,0.34889,348.89,134.742,100.0,100.0,
MetaX_C600-U,MetaX C600-U,28,ca1c06d95726808d4e60ab34a09d68ae26286589,962b5883579bcbc1d4dcc78df3c3b928,official,lightning_indexer,256,262144,512,0,0,bfloat16,int32,10,torch,pass,,,4099.2,4078.464,0.03287,32.87,,9.42,9.72,
MetaX_C600-U,MetaX C600-U,28,ca1c06d95726808d4e60ab34a09d68ae26286589,962b5883579bcbc1d4dcc78df3c3b928,official,lightning_indexer,256,262144,512,0,0,bfloat16,int32,10,deep_gemm,unsupported,UnsupportedByBackend,"backend 'deep_gemm' ranks float32 scores, and was given torch.bfloat16; 'maca_c' and 'torch' take bfloat16 as well",,,,,,,,
MetaX_C600-U,MetaX C600-U,28,ca1c06d95726808d4e60ab34a09d68ae26286589,962b5883579bcbc1d4dcc78df3c3b928,official,lightning_indexer,256,524288,512,0,0,bfloat16,int32,10,maca_c,pass,,,667.648,677.146,0.402847,402.847,268.96,100.0,100.0,
MetaX_C600-U,MetaX C600-U,28,ca1c06d95726808d4e60ab34a09d68ae26286589,962b5883579bcbc1d4dcc78df3c3b928,official,lightning_indexer,256,524288,512,0,0,bfloat16,int32,10,torch,pass,,,7814.989,7808.537,0.034416,34.416,,8.54,8.67,
MetaX_C600-U,MetaX C600-U,28,ca1c06d95726808d4e60ab34a09d68ae26286589,962b5883579bcbc1d4dcc78df3c3b928,official,lightning_indexer,256,524288,512,0,0,bfloat16,int32,10,deep_gemm,unsupported,UnsupportedByBackend,"backend 'deep_gemm' ranks float32 scores, and was given torch.bfloat16; 'maca_c' and 'torch' take bfloat16 as well",,,,,,,,
MetaX_C600-U,MetaX C600-U,28,ca1c06d95726808d4e60ab34a09d68ae26286589,962b5883579bcbc1d4dcc78df3c3b928,official,lightning_indexer,256,1048576,512,0,0,bfloat16,int32,10,maca_c,pass,,,1237.402,1247.155,0.434293,434.293,537.395,100.0,100.0,
MetaX_C600-U,MetaX C600-U,28,ca1c06d95726808d4e60ab34a09d68ae26286589,962b5883579bcbc1d4dcc78df3c3b928,official,lightning_indexer,256,1048576,512,0,0,bfloat16,int32,10,torch,pass,,,15286.554,15331.149,0.035155,35.155,,8.09,8.13,
MetaX_C600-U,MetaX C600-U,28,ca1c06d95726808d4e60ab34a09d68ae26286589,962b5883579bcbc1d4dcc78df3c3b928,official,lightning_indexer,256,1048576,512,0,0,bfloat16,int32,10,deep_gemm,unsupported,UnsupportedByBackend,"backend 'deep_gemm' ranks float32 scores, and was given torch.bfloat16; 'maca_c' and 'torch' take bfloat16 as well",,,,,,,,
MetaX_C600-U,MetaX C600-U,28,ca1c06d95726808d4e60ab34a09d68ae26286589,962b5883579bcbc1d4dcc78df3c3b928,official,lightning_indexer,512,256,512,0,0,bfloat16,int32,10,maca_c,pass,,,6.093,80.614,0.215119,215.119,1.311,100.0,100.0,
MetaX_C600-U,MetaX C600-U,28,ca1c06d95726808d4e60ab34a09d68ae26286589,962b5883579bcbc1d4dcc78df3c3b928,official,lightning_indexer,512,256,512,0,0,bfloat16,int32,10,torch,pass,,"not applicable: the reference backend needs vocab_size >= topk, no window, no offset (tests/test.py's own guard)",,,,,,,,
MetaX_C600-U,MetaX C600-U,28,ca1c06d95726808d4e60ab34a09d68ae26286589,962b5883579bcbc1d4dcc78df3c3b928,official,lightning_indexer,512,256,512,0,0,bfloat16,int32,10,deep_gemm,unsupported,UnsupportedByBackend,"backend 'deep_gemm' ranks float32 scores, and was given torch.bfloat16; 'maca_c' and 'torch' take bfloat16 as well",,,,,,,,
MetaX_C600-U,MetaX C600-U,28,ca1c06d95726808d4e60ab34a09d68ae26286589,962b5883579bcbc1d4dcc78df3c3b928,official,lightning_indexer,512,1024,512,0,0,bfloat16,int32,10,maca_c,pass,,,42.931,95.104,0.048849,48.849,2.097,100.0,100.0,
MetaX_C600-U,MetaX C600-U,28,ca1c06d95726808d4e60ab34a09d68ae26286589,962b5883579bcbc1d4dcc78df3c3b928,official,lightning_indexer,512,1024,512,0,0,bfloat16,int32,10,torch,pass,,,293.146,297.037,0.007154,7.154,,14.64,32.02,
MetaX_C600-U,MetaX C600-U,28,ca1c06d95726808d4e60ab34a09d68ae26286589,962b5883579bcbc1d4dcc78df3c3b928,official,lightning_indexer,512,1024,512,0,0,bfloat16,int32,10,deep_gemm,unsupported,UnsupportedByBackend,"backend 'deep_gemm' ranks float32 scores, and was given torch.bfloat16; 'maca_c' and 'torch' take bfloat16 as well",,,,,,,,
MetaX_C600-U,MetaX C600-U,28,ca1c06d95726808d4e60ab34a09d68ae26286589,962b5883579bcbc1d4dcc78df3c3b928,official,lightning_indexer,512,4096,512,0,0,bfloat16,int32,10,maca_c,pass,,,60.288,84.838,0.086964,86.964,5.243,100.0,100.0,
MetaX_C600-U,MetaX C600-U,28,ca1c06d95726808d4e60ab34a09d68ae26286589,962b5883579bcbc1d4dcc78df3c3b928,official,lightning_indexer,512,4096,512,0,0,bfloat16,int32,10,torch,pass,,,290.509,275.635,0.018047,18.047,,20.75,30.78,
MetaX_C600-U,MetaX C600-U,28,ca1c06d95726808d4e60ab34a09d68ae26286589,962b5883579bcbc1d4dcc78df3c3b928,official,lightning_indexer,512,4096,512,0,0,bfloat16,int32,10,deep_gemm,unsupported,UnsupportedByBackend,"backend 'deep_gemm' ranks float32 scores, and was given torch.bfloat16; 'maca_c' and 'torch' take bfloat16 as well",,,,,,,,
MetaX_C600-U,MetaX C600-U,28,ca1c06d95726808d4e60ab34a09d68ae26286589,962b5883579bcbc1d4dcc78df3c3b928,official,lightning_indexer,512,16384,512,0,0,bfloat16,int32,10,maca_c,pass,,,110.899,121.779,0.160739,160.739,17.826,100.0,100.0,
MetaX_C600-U,MetaX C600-U,28,ca1c06d95726808d4e60ab34a09d68ae26286589,962b5883579bcbc1d4dcc78df3c3b928,official,lightning_indexer,512,16384,512,0,0,bfloat16,int32,10,torch,pass,,,714.752,698.368,0.02494,24.94,,15.52,17.44,
MetaX_C600-U,MetaX C600-U,28,ca1c06d95726808d4e60ab34a09d68ae26286589,962b5883579bcbc1d4dcc78df3c3b928,official,lightning_indexer,512,16384,512,0,0,bfloat16,int32,10,deep_gemm,unsupported,UnsupportedByBackend,"backend 'deep_gemm' ranks float32 scores, and was given torch.bfloat16; 'maca_c' and 'torch' take bfloat16 as well",,,,,,,,
MetaX_C600-U,MetaX C600-U,28,ca1c06d95726808d4e60ab34a09d68ae26286589,962b5883579bcbc1d4dcc78df3c3b928,official,lightning_indexer,512,65536,512,0,0,bfloat16,int32,10,maca_c,pass,,,294.374,305.562,0.231533,231.533,68.157,100.0,100.0,
MetaX_C600-U,MetaX C600-U,28,ca1c06d95726808d4e60ab34a09d68ae26286589,962b5883579bcbc1d4dcc78df3c3b928,official,lightning_indexer,512,65536,512,0,0,bfloat16,int32,10,torch,pass,,,2343.066,2335.539,0.029089,29.089,,12.56,13.08,
MetaX_C600-U,MetaX C600-U,28,ca1c06d95726808d4e60ab34a09d68ae26286589,962b5883579bcbc1d4dcc78df3c3b928,official,lightning_indexer,512,65536,512,0,0,bfloat16,int32,10,deep_gemm,unsupported,UnsupportedByBackend,"backend 'deep_gemm' ranks float32 scores, and was given torch.bfloat16; 'maca_c' and 'torch' take bfloat16 as well",,,,,,,,
MetaX_C600-U,MetaX C600-U,28,ca1c06d95726808d4e60ab34a09d68ae26286589,962b5883579bcbc1d4dcc78df3c3b928,official,lightning_indexer,512,131072,512,0,0,bfloat16,int32,10,maca_c,pass,,,438.63,449.894,0.308384,308.384,135.266,100.0,100.0,
MetaX_C600-U,MetaX C600-U,28,ca1c06d95726808d4e60ab34a09d68ae26286589,962b5883579bcbc1d4dcc78df3c3b928,official,lightning_indexer,512,131072,512,0,0,bfloat16,int32,10,torch,pass,,,4222.438,4207.053,0.032035,32.035,,10.39,10.69,
MetaX_C600-U,MetaX C600-U,28,ca1c06d95726808d4e60ab34a09d68ae26286589,962b5883579bcbc1d4dcc78df3c3b928,official,lightning_indexer,512,131072,512,0,0,bfloat16,int32,10,deep_gemm,unsupported,UnsupportedByBackend,"backend 'deep_gemm' ranks float32 scores, and was given torch.bfloat16; 'maca_c' and 'torch' take bfloat16 as well",,,,,,,,
MetaX_C600-U,MetaX C600-U,28,ca1c06d95726808d4e60ab34a09d68ae26286589,962b5883579bcbc1d4dcc78df3c3b928,official,lightning_indexer,512,262144,512,0,0,bfloat16,int32,10,maca_c,pass,,,697.421,713.6,0.386401,386.401,269.484,100.0,100.0,
MetaX_C600-U,MetaX C600-U,28,ca1c06d95726808d4e60ab34a09d68ae26286589,962b5883579bcbc1d4dcc78df3c3b928,official,lightning_indexer,512,262144,512,0,0,bfloat16,int32,10,torch,pass,,,7953.485,7958.349,0.033883,33.883,,8.77,8.97,
MetaX_C600-U,MetaX C600-U,28,ca1c06d95726808d4e60ab34a09d68ae26286589,962b5883579bcbc1d4dcc78df3c3b928,official,lightning_indexer,512,262144,512,0,0,bfloat16,int32,10,deep_gemm,unsupported,UnsupportedByBackend,"backend 'deep_gemm' ranks float32 scores, and was given torch.bfloat16; 'maca_c' and 'torch' take bfloat16 as well",,,,,,,,
MetaX_C600-U,MetaX C600-U,28,ca1c06d95726808d4e60ab34a09d68ae26286589,962b5883579bcbc1d4dcc78df3c3b928,official,lightning_indexer,512,524288,512,0,0,bfloat16,int32,10,maca_c,pass,,,1215.488,1225.651,0.442554,442.554,537.919,100.0,100.0,
MetaX_C600-U,MetaX C600-U,28,ca1c06d95726808d4e60ab34a09d68ae26286589,962b5883579bcbc1d4dcc78df3c3b928,official,lightning_indexer,512,524288,512,0,0,bfloat16,int32,10,torch,pass,,,15339.904,15384.959,0.035067,35.067,,7.92,7.97,
MetaX_C600-U,MetaX C600-U,28,ca1c06d95726808d4e60ab34a09d68ae26286589,962b5883579bcbc1d4dcc78df3c3b928,official,lightning_indexer,512,524288,512,0,0,bfloat16,int32,10,deep_gemm,unsupported,UnsupportedByBackend,"backend 'deep_gemm' ranks float32 scores, and was given torch.bfloat16; 'maca_c' and 'torch' take bfloat16 as well",,,,,,,,
MetaX_C600-U,MetaX C600-U,28,ca1c06d95726808d4e60ab34a09d68ae26286589,962b5883579bcbc1d4dcc78df3c3b928,official,lightning_indexer,512,1048576,512,0,0,bfloat16,int32,10,maca_c,pass,,,2258.202,2270.336,0.47595,475.95,1074.79,100.0,100.0,
MetaX_C600-U,MetaX C600-U,28,ca1c06d95726808d4e60ab34a09d68ae26286589,962b5883579bcbc1d4dcc78df3c3b928,official,lightning_indexer,512,1048576,512,0,0,bfloat16,int32,10,torch,pass,,,30260.685,30361.652,0.035518,35.518,,7.46,7.48,
MetaX_C600-U,MetaX C600-U,28,ca1c06d95726808d4e60ab34a09d68ae26286589,962b5883579bcbc1d4dcc78df3c3b928,official,lightning_indexer,512,1048576,512,0,0,bfloat16,int32,10,deep_gemm,unsupported,UnsupportedByBackend,"backend 'deep_gemm' ranks float32 scores, and was given torch.bfloat16; 'maca_c' and 'torch' take bfloat16 as well",,,,,,,,
MetaX_C600-U,MetaX C600-U,28,ca1c06d95726808d4e60ab34a09d68ae26286589,962b5883579bcbc1d4dcc78df3c3b928,official,lightning_indexer,768,256,512,0,0,bfloat16,int32,10,maca_c,pass,,,7.987,79.078,0.24616,246.16,1.966,100.0,100.0,
MetaX_C600-U,MetaX C600-U,28,ca1c06d95726808d4e60ab34a09d68ae26286589,962b5883579bcbc1d4dcc78df3c3b928,official,lightning_indexer,768,256,512,0,0,bfloat16,int32,10,torch,pass,,"not applicable: the reference backend needs vocab_size >= topk, no window, no offset (tests/test.py's own guard)",,,,,,,,
MetaX_C600-U,MetaX C600-U,28,ca1c06d95726808d4e60ab34a09d68ae26286589,962b5883579bcbc1d4dcc78df3c3b928,official,lightning_indexer,768,256,512,0,0,bfloat16,int32,10,deep_gemm,unsupported,UnsupportedByBackend,"backend 'deep_gemm' ranks float32 scores, and was given torch.bfloat16; 'maca_c' and 'torch' take bfloat16 as well",,,,,,,,
MetaX_C600-U,MetaX C600-U,28,ca1c06d95726808d4e60ab34a09d68ae26286589,962b5883579bcbc1d4dcc78df3c3b928,official,lightning_indexer,768,1024,512,0,0,bfloat16,int32,10,maca_c,pass,,,60.467,83.251,0.052024,52.024,3.146,100.0,100.0,
MetaX_C600-U,MetaX C600-U,28,ca1c06d95726808d4e60ab34a09d68ae26286589,962b5883579bcbc1d4dcc78df3c3b928,official,lightning_indexer,768,1024,512,0,0,bfloat16,int32,10,torch,pass,,,433.229,434.893,0.007261,7.261,,13.96,19.14,
MetaX_C600-U,MetaX C600-U,28,ca1c06d95726808d4e60ab34a09d68ae26286589,962b5883579bcbc1d4dcc78df3c3b928,official,lightning_indexer,768,1024,512,0,0,bfloat16,int32,10,deep_gemm,unsupported,UnsupportedByBackend,"backend 'deep_gemm' ranks float32 scores, and was given torch.bfloat16; 'maca_c' and 'torch' take bfloat16 as well",,,,,,,,
MetaX_C600-U,MetaX C600-U,28,ca1c06d95726808d4e60ab34a09d68ae26286589,962b5883579bcbc1d4dcc78df3c3b928,official,lightning_indexer,768,4096,512,0,0,bfloat16,int32,10,maca_c,pass,,,86.272,98.611,0.091157,91.157,7.864,100.0,100.0,
MetaX_C600-U,MetaX C600-U,28,ca1c06d95726808d4e60ab34a09d68ae26286589,962b5883579bcbc1d4dcc78df3c3b928,official,lightning_indexer,768,4096,512,0,0,bfloat16,int32,10,torch,pass,,,365.773,346.368,0.021501,21.501,,23.59,28.47,
MetaX_C600-U,MetaX C600-U,28,ca1c06d95726808d4e60ab34a09d68ae26286589,962b5883579bcbc1d4dcc78df3c3b928,official,lightning_indexer,768,4096,512,0,0,bfloat16,int32,10,deep_gemm,unsupported,UnsupportedByBackend,"backend 'deep_gemm' ranks float32 scores, and was given torch.bfloat16; 'maca_c' and 'torch' take bfloat16 as well",,,,,,,,
MetaX_C600-U,MetaX C600-U,28,ca1c06d95726808d4e60ab34a09d68ae26286589,962b5883579bcbc1d4dcc78df3c3b928,official,lightning_indexer,768,16384,512,0,0,bfloat16,int32,10,maca_c,pass,,,158.848,168.55,0.168329,168.329,26.739,100.0,100.0,
MetaX_C600-U,MetaX C600-U,28,ca1c06d95726808d4e60ab34a09d68ae26286589,962b5883579bcbc1d4dcc78df3c3b928,official,lightning_indexer,768,16384,512,0,0,bfloat16,int32,10,torch,pass,,,956.646,940.416,0.02795,27.95,,16.6,17.92,
MetaX_C600-U,MetaX C600-U,28,ca1c06d95726808d4e60ab34a09d68ae26286589,962b5883579bcbc1d4dcc78df3c3b928,official,lightning_indexer,768,16384,512,0,0,bfloat16,int32,10,deep_gemm,unsupported,UnsupportedByBackend,"backend 'deep_gemm' ranks float32 scores, and was given torch.bfloat16; 'maca_c' and 'torch' take bfloat16 as well",,,,,,,,
MetaX_C600-U,MetaX C600-U,28,ca1c06d95726808d4e60ab34a09d68ae26286589,962b5883579bcbc1d4dcc78df3c3b928,official,lightning_indexer,768,65536,512,0,0,bfloat16,int32,10,maca_c,pass,,,423.885,435.456,0.241188,241.188,102.236,100.0,100.0,
MetaX_C600-U,MetaX C600-U,28,ca1c06d95726808d4e60ab34a09d68ae26286589,962b5883579bcbc1d4dcc78df3c3b928,official,lightning_indexer,768,65536,512,0,0,bfloat16,int32,10,torch,pass,,,3408.947,3401.574,0.029991,29.991,,12.43,12.8,
MetaX_C600-U,MetaX C600-U,28,ca1c06d95726808d4e60ab34a09d68ae26286589,962b5883579bcbc1d4dcc78df3c3b928,official,lightning_indexer,768,65536,512,0,0,bfloat16,int32,10,deep_gemm,unsupported,UnsupportedByBackend,"backend 'deep_gemm' ranks float32 scores, and was given torch.bfloat16; 'maca_c' and 'torch' take bfloat16 as well",,,,,,,,
MetaX_C600-U,MetaX C600-U,28,ca1c06d95726808d4e60ab34a09d68ae26286589,962b5883579bcbc1d4dcc78df3c3b928,official,lightning_indexer,768,131072,512,0,0,bfloat16,int32,10,maca_c,pass,,,632.96,642.893,0.320557,320.557,202.899,100.0,100.0,
MetaX_C600-U,MetaX C600-U,28,ca1c06d95726808d4e60ab34a09d68ae26286589,962b5883579bcbc1d4dcc78df3c3b928,official,lightning_indexer,768,131072,512,0,0,bfloat16,int32,10,torch,pass,,,6224.742,6214.093,0.032596,32.596,,10.17,10.35,
MetaX_C600-U,MetaX C600-U,28,ca1c06d95726808d4e60ab34a09d68ae26286589,962b5883579bcbc1d4dcc78df3c3b928,official,lightning_indexer,768,131072,512,0,0,bfloat16,int32,10,deep_gemm,unsupported,UnsupportedByBackend,"backend 'deep_gemm' ranks float32 scores, and was given torch.bfloat16; 'maca_c' and 'torch' take bfloat16 as well",,,,,,,,
MetaX_C600-U,MetaX C600-U,28,ca1c06d95726808d4e60ab34a09d68ae26286589,962b5883579bcbc1d4dcc78df3c3b928,official,lightning_indexer,768,262144,512,0,0,bfloat16,int32,10,maca_c,pass,,,1009.408,1018.982,0.400459,400.459,404.226,100.0,100.0,
MetaX_C600-U,MetaX C600-U,28,ca1c06d95726808d4e60ab34a09d68ae26286589,962b5883579bcbc1d4dcc78df3c3b928,official,lightning_indexer,768,262144,512,0,0,bfloat16,int32,10,torch,pass,,,11813.222,11832.78,0.034218,34.218,,8.54,8.61,
MetaX_C600-U,MetaX C600-U,28,ca1c06d95726808d4e60ab34a09d68ae26286589,962b5883579bcbc1d4dcc78df3c3b928,official,lightning_indexer,768,262144,512,0,0,bfloat16,int32,10,deep_gemm,unsupported,UnsupportedByBackend,"backend 'deep_gemm' ranks float32 scores, and was given torch.bfloat16; 'maca_c' and 'torch' take bfloat16 as well",,,,,,,,
MetaX_C600-U,MetaX C600-U,28,ca1c06d95726808d4e60ab34a09d68ae26286589,962b5883579bcbc1d4dcc78df3c3b928,official,lightning_indexer,768,524288,512,0,0,bfloat16,int32,10,maca_c,pass,,,1761.024,1771.571,0.458188,458.188,806.879,100.0,100.0,
MetaX_C600-U,MetaX C600-U,28,ca1c06d95726808d4e60ab34a09d68ae26286589,962b5883579bcbc1d4dcc78df3c3b928,official,lightning_indexer,768,524288,512,0,0,bfloat16,int32,10,torch,pass,,,22919.322,23014.349,0.035205,35.205,,7.68,7.7,
MetaX_C600-U,MetaX C600-U,28,ca1c06d95726808d4e60ab34a09d68ae26286589,962b5883579bcbc1d4dcc78df3c3b928,official,lightning_indexer,768,524288,512,0,0,bfloat16,int32,10,deep_gemm,unsupported,UnsupportedByBackend,"backend 'deep_gemm' ranks float32 scores, and was given torch.bfloat16; 'maca_c' and 'torch' take bfloat16 as well",,,,,,,,
MetaX_C600-U,MetaX C600-U,28,ca1c06d95726808d4e60ab34a09d68ae26286589,962b5883579bcbc1d4dcc78df3c3b928,official,lightning_indexer,768,1048576,512,0,0,bfloat16,int32,10,maca_c,pass,,,3278.182,3287.526,0.491793,491.793,1612.186,100.0,100.0,
MetaX_C600-U,MetaX C600-U,28,ca1c06d95726808d4e60ab34a09d68ae26286589,962b5883579bcbc1d4dcc78df3c3b928,official,lightning_indexer,768,1048576,512,0,0,bfloat16,int32,10,torch,pass,,,45014.989,45134.744,0.035814,35.814,,7.28,7.28,
MetaX_C600-U,MetaX C600-U,28,ca1c06d95726808d4e60ab34a09d68ae26286589,962b5883579bcbc1d4dcc78df3c3b928,official,lightning_indexer,768,1048576,512,0,0,bfloat16,int32,10,deep_gemm,unsupported,UnsupportedByBackend,"backend 'deep_gemm' ranks float32 scores, and was given torch.bfloat16; 'maca_c' and 'torch' take bfloat16 as well",,,,,,,,
MetaX_C600-U,MetaX C600-U,28,ca1c06d95726808d4e60ab34a09d68ae26286589,962b5883579bcbc1d4dcc78df3c3b928,official,lightning_indexer,4096,256,512,0,0,bfloat16,int32,10,maca_c,pass,,,31.616,83.021,0.33166,331.66,10.486,100.0,100.0,
MetaX_C600-U,MetaX C600-U,28,ca1c06d95726808d4e60ab34a09d68ae26286589,962b5883579bcbc1d4dcc78df3c3b928,official,lightning_indexer,4096,256,512,0,0,bfloat16,int32,10,torch,pass,,"not applicable: the reference backend needs vocab_size >= topk, no window, no offset (tests/test.py's own guard)",,,,,,,,
MetaX_C600-U,MetaX C600-U,28,ca1c06d95726808d4e60ab34a09d68ae26286589,962b5883579bcbc1d4dcc78df3c3b928,official,lightning_indexer,4096,256,512,0,0,bfloat16,int32,10,deep_gemm,unsupported,UnsupportedByBackend,"backend 'deep_gemm' ranks float32 scores, and was given torch.bfloat16; 'maca_c' and 'torch' take bfloat16 as well",,,,,,,,
MetaX_C600-U,MetaX C600-U,28,ca1c06d95726808d4e60ab34a09d68ae26286589,962b5883579bcbc1d4dcc78df3c3b928,official,lightning_indexer,4096,1024,512,0,0,bfloat16,int32,10,maca_c,pass,,,294.784,304.512,0.056914,56.914,16.777,100.0,100.0,
MetaX_C600-U,MetaX C600-U,28,ca1c06d95726808d4e60ab34a09d68ae26286589,962b5883579bcbc1d4dcc78df3c3b928,official,lightning_indexer,4096,1024,512,0,0,bfloat16,int32,10,torch,pass,,,665.933,650.701,0.025194,25.194,,44.27,46.8,
MetaX_C600-U,MetaX C600-U,28,ca1c06d95726808d4e60ab34a09d68ae26286589,962b5883579bcbc1d4dcc78df3c3b928,official,lightning_indexer,4096,1024,512,0,0,bfloat16,int32,10,deep_gemm,unsupported,UnsupportedByBackend,"backend 'deep_gemm' ranks float32 scores, and was given torch.bfloat16; 'maca_c' and 'torch' take bfloat16 as well",,,,,,,,
MetaX_C600-U,MetaX C600-U,28,ca1c06d95726808d4e60ab34a09d68ae26286589,962b5883579bcbc1d4dcc78df3c3b928,official,lightning_indexer,4096,4096,512,0,0,bfloat16,int32,10,maca_c,pass,,,425.856,436.352,0.098491,98.491,41.943,100.0,100.0,
MetaX_C600-U,MetaX C600-U,28,ca1c06d95726808d4e60ab34a09d68ae26286589,962b5883579bcbc1d4dcc78df3c3b928,official,lightning_indexer,4096,4096,512,0,0,bfloat16,int32,10,torch,pass,,,1357.926,1343.386,0.030888,30.888,,31.36,32.48,
MetaX_C600-U,MetaX C600-U,28,ca1c06d95726808d4e60ab34a09d68ae26286589,962b5883579bcbc1d4dcc78df3c3b928,official,lightning_indexer,4096,4096,512,0,0,bfloat16,int32,10,deep_gemm,unsupported,UnsupportedByBackend,"backend 'deep_gemm' ranks float32 scores, and was given torch.bfloat16; 'maca_c' and 'torch' take bfloat16 as well",,,,,,,,
MetaX_C600-U,MetaX C600-U,28,ca1c06d95726808d4e60ab34a09d68ae26286589,962b5883579bcbc1d4dcc78df3c3b928,official,lightning_indexer,4096,16384,512,0,0,bfloat16,int32,10,maca_c,pass,,,786.97,799.667,0.181209,181.209,142.606,100.0,100.0,
MetaX_C600-U,MetaX C600-U,28,ca1c06d95726808d4e60ab34a09d68ae26286589,962b5883579bcbc1d4dcc78df3c3b928,official,lightning_indexer,4096,16384,512,0,0,bfloat16,int32,10,torch,pass,,,4215.117,4200.474,0.033832,33.832,,18.67,19.04,
MetaX_C600-U,MetaX C600-U,28,ca1c06d95726808d4e60ab34a09d68ae26286589,962b5883579bcbc1d4dcc78df3c3b928,official,lightning_indexer,4096,16384,512,0,0,bfloat16,int32,10,deep_gemm,unsupported,UnsupportedByBackend,"backend 'deep_gemm' ranks float32 scores, and was given torch.bfloat16; 'maca_c' and 'torch' take bfloat16 as well",,,,,,,,
MetaX_C600-U,MetaX C600-U,28,ca1c06d95726808d4e60ab34a09d68ae26286589,962b5883579bcbc1d4dcc78df3c3b928,official,lightning_indexer,4096,65536,512,0,0,bfloat16,int32,10,maca_c,pass,,,2129.306,2137.958,0.256074,256.074,545.26,100.0,100.0,
MetaX_C600-U,MetaX C600-U,28,ca1c06d95726808d4e60ab34a09d68ae26286589,962b5883579bcbc1d4dcc78df3c3b928,official,lightning_indexer,4096,65536,512,0,0,bfloat16,int32,10,torch,pass,,,17263.206,17320.883,0.031585,31.585,,12.33,12.34,
MetaX_C600-U,MetaX C600-U,28,ca1c06d95726808d4e60ab34a09d68ae26286589,962b5883579bcbc1d4dcc78df3c3b928,official,lightning_indexer,4096,65536,512,0,0,bfloat16,int32,10,deep_gemm,unsupported,UnsupportedByBackend,"backend 'deep_gemm' ranks float32 scores, and was given torch.bfloat16; 'maca_c' and 'torch' take bfloat16 as well",,,,,,,,
MetaX_C600-U,MetaX C600-U,28,ca1c06d95726808d4e60ab34a09d68ae26286589,962b5883579bcbc1d4dcc78df3c3b928,official,lightning_indexer,4096,131072,512,0,0,bfloat16,int32,10,maca_c,pass,,,3191.219,3203.84,0.339096,339.096,1082.13,100.0,100.0,
MetaX_C600-U,MetaX C600-U,28,ca1c06d95726808d4e60ab34a09d68ae26286589,962b5883579bcbc1d4dcc78df3c3b928,official,lightning_indexer,4096,131072,512,0,0,bfloat16,int32,10,torch,pass,,,32233.242,32339.456,0.033572,33.572,,9.9,9.91,
MetaX_C600-U,MetaX C600-U,28,ca1c06d95726808d4e60ab34a09d68ae26286589,962b5883579bcbc1d4dcc78df3c3b928,official,lightning_indexer,4096,131072,512,0,0,bfloat16,int32,10,deep_gemm,unsupported,UnsupportedByBackend,"backend 'deep_gemm' ranks float32 scores, and was given torch.bfloat16; 'maca_c' and 'torch' take bfloat16 as well",,,,,,,,
MetaX_C600-U,MetaX C600-U,28,ca1c06d95726808d4e60ab34a09d68ae26286589,962b5883579bcbc1d4dcc78df3c3b928,official,lightning_indexer,4096,262144,512,0,0,bfloat16,int32,10,maca_c,pass,,,5123.251,5134.131,0.420802,420.802,2155.872,100.0,100.0,
MetaX_C600-U,MetaX C600-U,28,ca1c06d95726808d4e60ab34a09d68ae26286589,962b5883579bcbc1d4dcc78df3c3b928,official,lightning_indexer,4096,262144,512,0,0,bfloat16,int32,10,torch,pass,,,63650.253,63784.656,0.033871,33.871,,8.05,8.05,
MetaX_C600-U,MetaX C600-U,28,ca1c06d95726808d4e60ab34a09d68ae26286589,962b5883579bcbc1d4dcc78df3c3b928,official,lightning_indexer,4096,262144,512,0,0,bfloat16,int32,10,deep_gemm,unsupported,UnsupportedByBackend,"backend 'deep_gemm' ranks float32 scores, and was given torch.bfloat16; 'maca_c' and 'torch' take bfloat16 as well",,,,,,,,
MetaX_C600-U,MetaX C600-U,28,ca1c06d95726808d4e60ab34a09d68ae26286589,962b5883579bcbc1d4dcc78df3c3b928,official,lightning_indexer,4096,524288,512,0,0,bfloat16,int32,10,maca_c,pass,,,8979.482,8986.726,0.479243,479.243,4303.356,100.0,100.0,
MetaX_C600-U,MetaX C600-U,28,ca1c06d95726808d4e60ab34a09d68ae26286589,962b5883579bcbc1d4dcc78df3c3b928,official,lightning_indexer,4096,524288,512,0,0,bfloat16,int32,10,torch,pass,,,127231.565,127309.082,0.033823,33.823,,7.06,7.06,
MetaX_C600-U,MetaX C600-U,28,ca1c06d95726808d4e60ab34a09d68ae26286589,962b5883579bcbc1d4dcc78df3c3b928,official,lightning_indexer,4096,524288,512,0,0,bfloat16,int32,10,deep_gemm,unsupported,UnsupportedByBackend,"backend 'deep_gemm' ranks float32 scores, and was given torch.bfloat16; 'maca_c' and 'torch' take bfloat16 as well",,,,,,,,
MetaX_C600-U,MetaX C600-U,28,ca1c06d95726808d4e60ab34a09d68ae26286589,962b5883579bcbc1d4dcc78df3c3b928,official,lightning_indexer,4096,1048576,512,0,0,bfloat16,int32,10,maca_c,pass,,,16772.173,16854.221,0.512654,512.654,8598.323,100.0,100.0,
MetaX_C600-U,MetaX C600-U,28,ca1c06d95726808d4e60ab34a09d68ae26286589,962b5883579bcbc1d4dcc78df3c3b928,official,lightning_indexer,4096,1048576,512,0,0,bfloat16,int32,10,torch,pass,,,251195.494,251313.354,0.03423,34.23,,6.68,6.71,
MetaX_C600-U,MetaX C600-U,28,ca1c06d95726808d4e60ab34a09d68ae26286589,962b5883579bcbc1d4dcc78df3c3b928,official,lightning_indexer,4096,1048576,512,0,0,bfloat16,int32,10,deep_gemm,unsupported,UnsupportedByBackend,"backend 'deep_gemm' ranks float32 scores, and was given torch.bfloat16; 'maca_c' and 'torch' take bfloat16 as well",,,,,,,,
MetaX_C600-U,MetaX C600-U,28,ca1c06d95726808d4e60ab34a09d68ae26286589,962b5883579bcbc1d4dcc78df3c3b928,official,lightning_indexer,6,256,1024,0,0,bfloat16,int32,10,maca_c,pass,,,2.33,115.84,0.011866,11.866,0.028,100.0,100.0,
MetaX_C600-U,MetaX C600-U,28,ca1c06d95726808d4e60ab34a09d68ae26286589,962b5883579bcbc1d4dcc78df3c3b928,official,lightning_indexer,6,256,1024,0,0,bfloat16,int32,10,torch,pass,,"not applicable: the reference backend needs vocab_size >= topk, no window, no offset (tests/test.py's own guard)",,,,,,,,
MetaX_C600-U,MetaX C600-U,28,ca1c06d95726808d4e60ab34a09d68ae26286589,962b5883579bcbc1d4dcc78df3c3b928,official,lightning_indexer,6,256,1024,0,0,bfloat16,int32,10,deep_gemm,unsupported,UnsupportedByBackend,"backend 'deep_gemm' ranks float32 scores, and was given torch.bfloat16; 'maca_c' and 'torch' take bfloat16 as well",,,,,,,,
MetaX_C600-U,MetaX C600-U,28,ca1c06d95726808d4e60ab34a09d68ae26286589,962b5883579bcbc1d4dcc78df3c3b928,official,lightning_indexer,6,1024,1024,0,0,bfloat16,int32,10,maca_c,pass,,,2.33,122.086,0.015821,15.821,0.037,100.0,100.0,
MetaX_C600-U,MetaX C600-U,28,ca1c06d95726808d4e60ab34a09d68ae26286589,962b5883579bcbc1d4dcc78df3c3b928,official,lightning_indexer,6,1024,1024,0,0,bfloat16,int32,10,torch,pass,,,21.427,29.952,0.00172,1.72,,10.87,407.61,
MetaX_C600-U,MetaX C600-U,28,ca1c06d95726808d4e60ab34a09d68ae26286589,962b5883579bcbc1d4dcc78df3c3b928,official,lightning_indexer,6,1024,1024,0,0,bfloat16,int32,10,deep_gemm,unsupported,UnsupportedByBackend,"backend 'deep_gemm' ranks float32 scores, and was given torch.bfloat16; 'maca_c' and 'torch' take bfloat16 as well",,,,,,,,
MetaX_C600-U,MetaX C600-U,28,ca1c06d95726808d4e60ab34a09d68ae26286589,962b5883579bcbc1d4dcc78df3c3b928,official,lightning_indexer,6,4096,1024,0,0,bfloat16,int32,10,maca_c,pass,,,11.187,78.541,0.006591,6.591,0.074,100.0,100.0,
MetaX_C600-U,MetaX C600-U,28,ca1c06d95726808d4e60ab34a09d68ae26286589,962b5883579bcbc1d4dcc78df3c3b928,official,lightning_indexer,6,4096,1024,0,0,bfloat16,int32,10,torch,pass,,,36.045,35.968,0.002045,2.045,,31.04,218.36,
MetaX_C600-U,MetaX C600-U,28,ca1c06d95726808d4e60ab34a09d68ae26286589,962b5883579bcbc1d4dcc78df3c3b928,official,lightning_indexer,6,4096,1024,0,0,bfloat16,int32,10,deep_gemm,unsupported,UnsupportedByBackend,"backend 'deep_gemm' ranks float32 scores, and was given torch.bfloat16; 'maca_c' and 'torch' take bfloat16 as well",,,,,,,,
MetaX_C600-U,MetaX C600-U,28,ca1c06d95726808d4e60ab34a09d68ae26286589,962b5883579bcbc1d4dcc78df3c3b928,official,lightning_indexer,6,16384,1024,0,0,bfloat16,int32,10,maca_c,pass,,,17.024,79.949,0.012992,12.992,0.221,100.0,100.0,
MetaX_C600-U,MetaX C600-U,28,ca1c06d95726808d4e60ab34a09d68ae26286589,962b5883579bcbc1d4dcc78df3c3b928,official,lightning_indexer,6,16384,1024,0,0,bfloat16,int32,10,torch,pass,,,91.853,89.933,0.002408,2.408,,18.53,88.9,
MetaX_C600-U,MetaX C600-U,28,ca1c06d95726808d4e60ab34a09d68ae26286589,962b5883579bcbc1d4dcc78df3c3b928,official,lightning_indexer,6,16384,1024,0,0,bfloat16,int32,10,deep_gemm,unsupported,UnsupportedByBackend,"backend 'deep_gemm' ranks float32 scores, and was given torch.bfloat16; 'maca_c' and 'torch' take bfloat16 as well",,,,,,,,
MetaX_C600-U,MetaX C600-U,28,ca1c06d95726808d4e60ab34a09d68ae26286589,962b5883579bcbc1d4dcc78df3c3b928,official,lightning_indexer,6,65536,1024,0,0,bfloat16,int32,10,maca_c,pass,,,31.309,81.101,0.025903,25.903,0.811,100.0,100.0,
MetaX_C600-U,MetaX C600-U,28,ca1c06d95726808d4e60ab34a09d68ae26286589,962b5883579bcbc1d4dcc78df3c3b928,official,lightning_indexer,6,65536,1024,0,0,bfloat16,int32,10,torch,pass,,,148.915,136.755,0.005446,5.446,,21.02,59.3,
MetaX_C600-U,MetaX C600-U,28,ca1c06d95726808d4e60ab34a09d68ae26286589,962b5883579bcbc1d4dcc78df3c3b928,official,lightning_indexer,6,65536,1024,0,0,bfloat16,int32,10,deep_gemm,unsupported,UnsupportedByBackend,"backend 'deep_gemm' ranks float32 scores, and was given torch.bfloat16; 'maca_c' and 'torch' take bfloat16 as well",,,,,,,,
MetaX_C600-U,MetaX C600-U,28,ca1c06d95726808d4e60ab34a09d68ae26286589,962b5883579bcbc1d4dcc78df3c3b928,official,lightning_indexer,6,131072,1024,0,0,bfloat16,int32,10,maca_c,pass,,,48.768,110.029,0.032756,32.756,1.597,100.0,100.0,
MetaX_C600-U,MetaX C600-U,28,ca1c06d95726808d4e60ab34a09d68ae26286589,962b5883579bcbc1d4dcc78df3c3b928,official,lightning_indexer,6,131072,1024,0,0,bfloat16,int32,10,torch,pass,,,179.43,164.301,0.008903,8.903,,27.18,66.97,
MetaX_C600-U,MetaX C600-U,28,ca1c06d95726808d4e60ab34a09d68ae26286589,962b5883579bcbc1d4dcc78df3c3b928,official,lightning_indexer,6,131072,1024,0,0,bfloat16,int32,10,deep_gemm,unsupported,UnsupportedByBackend,"backend 'deep_gemm' ranks float32 scores, and was given torch.bfloat16; 'maca_c' and 'torch' take bfloat16 as well",,,,,,,,
MetaX_C600-U,MetaX C600-U,28,ca1c06d95726808d4e60ab34a09d68ae26286589,962b5883579bcbc1d4dcc78df3c3b928,official,lightning_indexer,6,262144,1024,0,0,bfloat16,int32,10,maca_c,pass,,,63.232,106.982,0.050138,50.138,3.17,100.0,100.0,
MetaX_C600-U,MetaX C600-U,28,ca1c06d95726808d4e60ab34a09d68ae26286589,962b5883579bcbc1d4dcc78df3c3b928,official,lightning_indexer,6,262144,1024,0,0,bfloat16,int32,10,torch,pass,,,241.894,231.629,0.013106,13.106,,26.14,46.19,
MetaX_C600-U,MetaX C600-U,28,ca1c06d95726808d4e60ab34a09d68ae26286589,962b5883579bcbc1d4dcc78df3c3b928,official,lightning_indexer,6,262144,1024,0,0,bfloat16,int32,10,deep_gemm,unsupported,UnsupportedByBackend,"backend 'deep_gemm' ranks float32 scores, and was given torch.bfloat16; 'maca_c' and 'torch' take bfloat16 as well",,,,,,,,
MetaX_C600-U,MetaX C600-U,28,ca1c06d95726808d4e60ab34a09d68ae26286589,962b5883579bcbc1d4dcc78df3c3b928,official,lightning_indexer,6,524288,1024,0,0,bfloat16,int32,10,maca_c,pass,,,80.486,114.227,0.078474,78.474,6.316,100.0,100.0,
MetaX_C600-U,MetaX C600-U,28,ca1c06d95726808d4e60ab34a09d68ae26286589,962b5883579bcbc1d4dcc78df3c3b928,official,lightning_indexer,6,524288,1024,0,0,bfloat16,int32,10,torch,pass,,,352.41,341.914,0.017922,17.922,,22.84,33.41,
MetaX_C600-U,MetaX C600-U,28,ca1c06d95726808d4e60ab34a09d68ae26286589,962b5883579bcbc1d4dcc78df3c3b928,official,lightning_indexer,6,524288,1024,0,0,bfloat16,int32,10,deep_gemm,unsupported,UnsupportedByBackend,"backend 'deep_gemm' ranks float32 scores, and was given torch.bfloat16; 'maca_c' and 'torch' take bfloat16 as well",,,,,,,,
MetaX_C600-U,MetaX C600-U,28,ca1c06d95726808d4e60ab34a09d68ae26286589,962b5883579bcbc1d4dcc78df3c3b928,official,lightning_indexer,6,1048576,1024,0,0,bfloat16,int32,10,maca_c,pass,,,115.661,134.272,0.109004,109.004,12.607,100.0,100.0,
MetaX_C600-U,MetaX C600-U,28,ca1c06d95726808d4e60ab34a09d68ae26286589,962b5883579bcbc1d4dcc78df3c3b928,official,lightning_indexer,6,1048576,1024,0,0,bfloat16,int32,10,torch,pass,,,541.824,525.107,0.023269,23.269,,21.35,25.57,
MetaX_C600-U,MetaX C600-U,28,ca1c06d95726808d4e60ab34a09d68ae26286589,962b5883579bcbc1d4dcc78df3c3b928,official,lightning_indexer,6,1048576,1024,0,0,bfloat16,int32,10,deep_gemm,unsupported,UnsupportedByBackend,"backend 'deep_gemm' ranks float32 scores, and was given torch.bfloat16; 'maca_c' and 'torch' take bfloat16 as well",,,,,,,,
MetaX_C600-U,MetaX C600-U,28,ca1c06d95726808d4e60ab34a09d68ae26286589,962b5883579bcbc1d4dcc78df3c3b928,official,lightning_indexer,256,256,1024,0,0,bfloat16,int32,10,maca_c,pass,,,4.531,108.288,0.26035,260.35,1.18,100.0,100.0,
MetaX_C600-U,MetaX C600-U,28,ca1c06d95726808d4e60ab34a09d68ae26286589,962b5883579bcbc1d4dcc78df3c3b928,official,lightning_indexer,256,256,1024,0,0,bfloat16,int32,10,torch,pass,,"not applicable: the reference backend needs vocab_size >= topk, no window, no offset (tests/test.py's own guard)",,,,,,,,
MetaX_C600-U,MetaX C600-U,28,ca1c06d95726808d4e60ab34a09d68ae26286589,962b5883579bcbc1d4dcc78df3c3b928,official,lightning_indexer,256,256,1024,0,0,bfloat16,int32,10,deep_gemm,unsupported,UnsupportedByBackend,"backend 'deep_gemm' ranks float32 scores, and was given torch.bfloat16; 'maca_c' and 'torch' take bfloat16 as well",,,,,,,,
MetaX_C600-U,MetaX C600-U,28,ca1c06d95726808d4e60ab34a09d68ae26286589,962b5883579bcbc1d4dcc78df3c3b928,official,lightning_indexer,256,1024,1024,0,0,bfloat16,int32,10,maca_c,pass,,,4.557,105.958,0.345153,345.153,1.573,100.0,100.0,
MetaX_C600-U,MetaX C600-U,28,ca1c06d95726808d4e60ab34a09d68ae26286589,962b5883579bcbc1d4dcc78df3c3b928,official,lightning_indexer,256,1024,1024,0,0,bfloat16,int32,10,torch,pass,,,134.195,136.55,0.011721,11.721,,3.4,77.6,
MetaX_C600-U,MetaX C600-U,28,ca1c06d95726808d4e60ab34a09d68ae26286589,962b5883579bcbc1d4dcc78df3c3b928,official,lightning_indexer,256,1024,1024,0,0,bfloat16,int32,10,deep_gemm,unsupported,UnsupportedByBackend,"backend 'deep_gemm' ranks float32 scores, and was given torch.bfloat16; 'maca_c' and 'torch' take bfloat16 as well",,,,,,,,
MetaX_C600-U,MetaX C600-U,28,ca1c06d95726808d4e60ab34a09d68ae26286589,962b5883579bcbc1d4dcc78df3c3b928,official,lightning_indexer,256,4096,1024,0,0,bfloat16,int32,10,maca_c,pass,,,36.659,82.688,0.085811,85.811,3.146,100.0,100.0,
MetaX_C600-U,MetaX C600-U,28,ca1c06d95726808d4e60ab34a09d68ae26286589,962b5883579bcbc1d4dcc78df3c3b928,official,lightning_indexer,256,4096,1024,0,0,bfloat16,int32,10,torch,pass,,,263.373,248.243,0.011944,11.944,,13.92,33.31,
MetaX_C600-U,MetaX C600-U,28,ca1c06d95726808d4e60ab34a09d68ae26286589,962b5883579bcbc1d4dcc78df3c3b928,official,lightning_indexer,256,4096,1024,0,0,bfloat16,int32,10,deep_gemm,unsupported,UnsupportedByBackend,"backend 'deep_gemm' ranks float32 scores, and was given torch.bfloat16; 'maca_c' and 'torch' take bfloat16 as well",,,,,,,,
MetaX_C600-U,MetaX C600-U,28,ca1c06d95726808d4e60ab34a09d68ae26286589,962b5883579bcbc1d4dcc78df3c3b928,official,lightning_indexer,256,16384,1024,0,0,bfloat16,int32,10,maca_c,pass,,,67.482,85.325,0.139847,139.847,9.437,100.0,100.0,
MetaX_C600-U,MetaX C600-U,28,ca1c06d95726808d4e60ab34a09d68ae26286589,962b5883579bcbc1d4dcc78df3c3b928,official,lightning_indexer,256,16384,1024,0,0,bfloat16,int32,10,torch,pass,,,595.277,580.045,0.015853,15.853,,11.34,14.71,
MetaX_C600-U,MetaX C600-U,28,ca1c06d95726808d4e60ab34a09d68ae26286589,962b5883579bcbc1d4dcc78df3c3b928,official,lightning_indexer,256,16384,1024,0,0,bfloat16,int32,10,deep_gemm,unsupported,UnsupportedByBackend,"backend 'deep_gemm' ranks float32 scores, and was given torch.bfloat16; 'maca_c' and 'torch' take bfloat16 as well",,,,,,,,
MetaX_C600-U,MetaX C600-U,28,ca1c06d95726808d4e60ab34a09d68ae26286589,962b5883579bcbc1d4dcc78df3c3b928,official,lightning_indexer,256,65536,1024,0,0,bfloat16,int32,10,maca_c,pass,,,181.222,192.026,0.190943,190.943,34.603,100.0,100.0,
MetaX_C600-U,MetaX C600-U,28,ca1c06d95726808d4e60ab34a09d68ae26286589,962b5883579bcbc1d4dcc78df3c3b928,official,lightning_indexer,256,65536,1024,0,0,bfloat16,int32,10,torch,pass,,,1270.707,1264.026,0.027231,27.231,,14.26,15.19,
MetaX_C600-U,MetaX C600-U,28,ca1c06d95726808d4e60ab34a09d68ae26286589,962b5883579bcbc1d4dcc78df3c3b928,official,lightning_indexer,256,65536,1024,0,0,bfloat16,int32,10,deep_gemm,unsupported,UnsupportedByBackend,"backend 'deep_gemm' ranks float32 scores, and was given torch.bfloat16; 'maca_c' and 'torch' take bfloat16 as well",,,,,,,,
MetaX_C600-U,MetaX C600-U,28,ca1c06d95726808d4e60ab34a09d68ae26286589,962b5883579bcbc1d4dcc78df3c3b928,official,lightning_indexer,256,131072,1024,0,0,bfloat16,int32,10,maca_c,pass,,,300.851,310.758,0.226549,226.549,68.157,100.0,100.0,
MetaX_C600-U,MetaX C600-U,28,ca1c06d95726808d4e60ab34a09d68ae26286589,962b5883579bcbc1d4dcc78df3c3b928,official,lightning_indexer,256,131072,1024,0,0,bfloat16,int32,10,torch,pass,,,2220.544,2208.051,0.030694,30.694,,13.55,14.07,
MetaX_C600-U,MetaX C600-U,28,ca1c06d95726808d4e60ab34a09d68ae26286589,962b5883579bcbc1d4dcc78df3c3b928,official,lightning_indexer,256,131072,1024,0,0,bfloat16,int32,10,deep_gemm,unsupported,UnsupportedByBackend,"backend 'deep_gemm' ranks float32 scores, and was given torch.bfloat16; 'maca_c' and 'torch' take bfloat16 as well",,,,,,,,
MetaX_C600-U,MetaX C600-U,28,ca1c06d95726808d4e60ab34a09d68ae26286589,962b5883579bcbc1d4dcc78df3c3b928,official,lightning_indexer,256,262144,1024,0,0,bfloat16,int32,10,maca_c,pass,,,460.339,468.864,0.293841,293.841,135.266,100.0,100.0,
MetaX_C600-U,MetaX C600-U,28,ca1c06d95726808d4e60ab34a09d68ae26286589,962b5883579bcbc1d4dcc78df3c3b928,official,lightning_indexer,256,262144,1024,0,0,bfloat16,int32,10,torch,pass,,,4085.146,4073.626,0.033112,33.112,,11.27,11.51,
MetaX_C600-U,MetaX C600-U,28,ca1c06d95726808d4e60ab34a09d68ae26286589,962b5883579bcbc1d4dcc78df3c3b928,official,lightning_indexer,256,262144,1024,0,0,bfloat16,int32,10,deep_gemm,unsupported,UnsupportedByBackend,"backend 'deep_gemm' ranks float32 scores, and was given torch.bfloat16; 'maca_c' and 'torch' take bfloat16 as well",,,,,,,,
MetaX_C600-U,MetaX C600-U,28,ca1c06d95726808d4e60ab34a09d68ae26286589,962b5883579bcbc1d4dcc78df3c3b928,official,lightning_indexer,256,524288,1024,0,0,bfloat16,int32,10,maca_c,pass,,,747.776,764.467,0.360381,360.381,269.484,100.0,100.0,
MetaX_C600-U,MetaX C600-U,28,ca1c06d95726808d4e60ab34a09d68ae26286589,962b5883579bcbc1d4dcc78df3c3b928,official,lightning_indexer,256,524288,1024,0,0,bfloat16,int32,10,torch,pass,,,7838.822,7849.497,0.034378,34.378,,9.54,9.74,
MetaX_C600-U,MetaX C600-U,28,ca1c06d95726808d4e60ab34a09d68ae26286589,962b5883579bcbc1d4dcc78df3c3b928,official,lightning_indexer,256,524288,1024,0,0,bfloat16,int32,10,deep_gemm,unsupported,UnsupportedByBackend,"backend 'deep_gemm' ranks float32 scores, and was given torch.bfloat16; 'maca_c' and 'torch' take bfloat16 as well",,,,,,,,
MetaX_C600-U,MetaX C600-U,28,ca1c06d95726808d4e60ab34a09d68ae26286589,962b5883579bcbc1d4dcc78df3c3b928,official,lightning_indexer,256,1048576,1024,0,0,bfloat16,int32,10,maca_c,pass,,,1316.122,1327.872,0.408716,408.716,537.919,100.0,100.0,
MetaX_C600-U,MetaX C600-U,28,ca1c06d95726808d4e60ab34a09d68ae26286589,962b5883579bcbc1d4dcc78df3c3b928,official,lightning_indexer,256,1048576,1024,0,0,bfloat16,int32,10,torch,pass,,,15203.226,15249.817,0.035382,35.382,,8.66,8.71,
MetaX_C600-U,MetaX C600-U,28,ca1c06d95726808d4e60ab34a09d68ae26286589,962b5883579bcbc1d4dcc78df3c3b928,official,lightning_indexer,256,1048576,1024,0,0,bfloat16,int32,10,deep_gemm,unsupported,UnsupportedByBackend,"backend 'deep_gemm' ranks float32 scores, and was given torch.bfloat16; 'maca_c' and 'torch' take bfloat16 as well",,,,,,,,
MetaX_C600-U,MetaX C600-U,28,ca1c06d95726808d4e60ab34a09d68ae26286589,962b5883579bcbc1d4dcc78df3c3b928,official,lightning_indexer,512,256,1024,0,0,bfloat16,int32,10,maca_c,pass,,,6.554,100.454,0.359978,359.978,2.359,100.0,100.0,
MetaX_C600-U,MetaX C600-U,28,ca1c06d95726808d4e60ab34a09d68ae26286589,962b5883579bcbc1d4dcc78df3c3b928,official,lightning_indexer,512,256,1024,0,0,bfloat16,int32,10,torch,pass,,"not applicable: the reference backend needs vocab_size >= topk, no window, no offset (tests/test.py's own guard)",,,,,,,,
MetaX_C600-U,MetaX C600-U,28,ca1c06d95726808d4e60ab34a09d68ae26286589,962b5883579bcbc1d4dcc78df3c3b928,official,lightning_indexer,512,256,1024,0,0,bfloat16,int32,10,deep_gemm,unsupported,UnsupportedByBackend,"backend 'deep_gemm' ranks float32 scores, and was given torch.bfloat16; 'maca_c' and 'torch' take bfloat16 as well",,,,,,,,
MetaX_C600-U,MetaX C600-U,28,ca1c06d95726808d4e60ab34a09d68ae26286589,962b5883579bcbc1d4dcc78df3c3b928,official,lightning_indexer,512,1024,1024,0,0,bfloat16,int32,10,maca_c,pass,,,6.528,82.227,0.481882,481.882,3.146,100.0,100.0,
MetaX_C600-U,MetaX C600-U,28,ca1c06d95726808d4e60ab34a09d68ae26286589,962b5883579bcbc1d4dcc78df3c3b928,official,lightning_indexer,512,1024,1024,0,0,bfloat16,int32,10,torch,pass,,,257.562,260.25,0.012213,12.213,,2.53,31.6,
MetaX_C600-U,MetaX C600-U,28,ca1c06d95726808d4e60ab34a09d68ae26286589,962b5883579bcbc1d4dcc78df3c3b928,official,lightning_indexer,512,1024,1024,0,0,bfloat16,int32,10,deep_gemm,unsupported,UnsupportedByBackend,"backend 'deep_gemm' ranks float32 scores, and was given torch.bfloat16; 'maca_c' and 'torch' take bfloat16 as well",,,,,,,,
MetaX_C600-U,MetaX C600-U,28,ca1c06d95726808d4e60ab34a09d68ae26286589,962b5883579bcbc1d4dcc78df3c3b928,official,lightning_indexer,512,4096,1024,0,0,bfloat16,int32,10,maca_c,pass,,,64.435,87.245,0.09764,97.64,6.291,100.0,100.0,
MetaX_C600-U,MetaX C600-U,28,ca1c06d95726808d4e60ab34a09d68ae26286589,962b5883579bcbc1d4dcc78df3c3b928,official,lightning_indexer,512,4096,1024,0,0,bfloat16,int32,10,torch,pass,,,277.53,271.821,0.022669,22.669,,23.22,32.1,
MetaX_C600-U,MetaX C600-U,28,ca1c06d95726808d4e60ab34a09d68ae26286589,962b5883579bcbc1d4dcc78df3c3b928,official,lightning_indexer,512,4096,1024,0,0,bfloat16,int32,10,deep_gemm,unsupported,UnsupportedByBackend,"backend 'deep_gemm' ranks float32 scores, and was given torch.bfloat16; 'maca_c' and 'torch' take bfloat16 as well",,,,,,,,
MetaX_C600-U,MetaX C600-U,28,ca1c06d95726808d4e60ab34a09d68ae26286589,962b5883579bcbc1d4dcc78df3c3b928,official,lightning_indexer,512,16384,1024,0,0,bfloat16,int32,10,maca_c,pass,,,120.32,130.202,0.156868,156.868,18.874,100.0,100.0,
MetaX_C600-U,MetaX C600-U,28,ca1c06d95726808d4e60ab34a09d68ae26286589,962b5883579bcbc1d4dcc78df3c3b928,official,lightning_indexer,512,16384,1024,0,0,bfloat16,int32,10,torch,pass,,,709.862,698.317,0.026589,26.589,,16.95,18.65,
MetaX_C600-U,MetaX C600-U,28,ca1c06d95726808d4e60ab34a09d68ae26286589,962b5883579bcbc1d4dcc78df3c3b928,official,lightning_indexer,512,16384,1024,0,0,bfloat16,int32,10,deep_gemm,unsupported,UnsupportedByBackend,"backend 'deep_gemm' ranks float32 scores, and was given torch.bfloat16; 'maca_c' and 'torch' take bfloat16 as well",,,,,,,,
MetaX_C600-U,MetaX C600-U,28,ca1c06d95726808d4e60ab34a09d68ae26286589,962b5883579bcbc1d4dcc78df3c3b928,official,lightning_indexer,512,65536,1024,0,0,bfloat16,int32,10,maca_c,pass,,,322.509,334.234,0.214586,214.586,69.206,100.0,100.0,
MetaX_C600-U,MetaX C600-U,28,ca1c06d95726808d4e60ab34a09d68ae26286589,962b5883579bcbc1d4dcc78df3c3b928,official,lightning_indexer,512,65536,1024,0,0,bfloat16,int32,10,torch,pass,,,2370.765,2360.448,0.029191,29.191,,13.6,14.16,
MetaX_C600-U,MetaX C600-U,28,ca1c06d95726808d4e60ab34a09d68ae26286589,962b5883579bcbc1d4dcc78df3c3b928,official,lightning_indexer,512,65536,1024,0,0,bfloat16,int32,10,deep_gemm,unsupported,UnsupportedByBackend,"backend 'deep_gemm' ranks float32 scores, and was given torch.bfloat16; 'maca_c' and 'torch' take bfloat16 as well",,,,,,,,
MetaX_C600-U,MetaX C600-U,28,ca1c06d95726808d4e60ab34a09d68ae26286589,962b5883579bcbc1d4dcc78df3c3b928,official,lightning_indexer,512,131072,1024,0,0,bfloat16,int32,10,maca_c,pass,,,539.213,551.424,0.252803,252.803,136.315,100.0,100.0,
MetaX_C600-U,MetaX C600-U,28,ca1c06d95726808d4e60ab34a09d68ae26286589,962b5883579bcbc1d4dcc78df3c3b928,official,lightning_indexer,512,131072,1024,0,0,bfloat16,int32,10,torch,pass,,,4235.162,4222.541,0.032186,32.186,,12.73,13.06,
MetaX_C600-U,MetaX C600-U,28,ca1c06d95726808d4e60ab34a09d68ae26286589,962b5883579bcbc1d4dcc78df3c3b928,official,lightning_indexer,512,131072,1024,0,0,bfloat16,int32,10,deep_gemm,unsupported,UnsupportedByBackend,"backend 'deep_gemm' ranks float32 scores, and was given torch.bfloat16; 'maca_c' and 'torch' take bfloat16 as well",,,,,,,,
MetaX_C600-U,MetaX C600-U,28,ca1c06d95726808d4e60ab34a09d68ae26286589,962b5883579bcbc1d4dcc78df3c3b928,official,lightning_indexer,512,262144,1024,0,0,bfloat16,int32,10,maca_c,pass,,,830.259,839.168,0.325841,325.841,270.533,100.0,100.0,
MetaX_C600-U,MetaX C600-U,28,ca1c06d95726808d4e60ab34a09d68ae26286589,962b5883579bcbc1d4dcc78df3c3b928,official,lightning_indexer,512,262144,1024,0,0,bfloat16,int32,10,torch,pass,,,7957.12,7956.326,0.033999,33.999,,10.43,10.55,
MetaX_C600-U,MetaX C600-U,28,ca1c06d95726808d4e60ab34a09d68ae26286589,962b5883579bcbc1d4dcc78df3c3b928,official,lightning_indexer,512,262144,1024,0,0,bfloat16,int32,10,deep_gemm,unsupported,UnsupportedByBackend,"backend 'deep_gemm' ranks float32 scores, and was given torch.bfloat16; 'maca_c' and 'torch' take bfloat16 as well",,,,,,,,
MetaX_C600-U,MetaX C600-U,28,ca1c06d95726808d4e60ab34a09d68ae26286589,962b5883579bcbc1d4dcc78df3c3b928,official,lightning_indexer,512,524288,1024,0,0,bfloat16,int32,10,maca_c,pass,,,1354.112,1365.043,0.398023,398.023,538.968,100.0,100.0,
MetaX_C600-U,MetaX C600-U,28,ca1c06d95726808d4e60ab34a09d68ae26286589,962b5883579bcbc1d4dcc78df3c3b928,official,lightning_indexer,512,524288,1024,0,0,bfloat16,int32,10,torch,pass,,,15438.797,15495.757,0.03491,34.91,,8.77,8.81,
MetaX_C600-U,MetaX C600-U,28,ca1c06d95726808d4e60ab34a09d68ae26286589,962b5883579bcbc1d4dcc78df3c3b928,official,lightning_indexer,512,524288,1024,0,0,bfloat16,int32,10,deep_gemm,unsupported,UnsupportedByBackend,"backend 'deep_gemm' ranks float32 scores, and was given torch.bfloat16; 'maca_c' and 'torch' take bfloat16 as well",,,,,,,,
MetaX_C600-U,MetaX C600-U,28,ca1c06d95726808d4e60ab34a09d68ae26286589,962b5883579bcbc1d4dcc78df3c3b928,official,lightning_indexer,512,1048576,1024,0,0,bfloat16,int32,10,maca_c,pass,,,2397.261,2407.245,0.448778,448.778,1075.839,100.0,100.0,
MetaX_C600-U,MetaX C600-U,28,ca1c06d95726808d4e60ab34a09d68ae26286589,962b5883579bcbc1d4dcc78df3c3b928,official,lightning_indexer,512,1048576,1024,0,0,bfloat16,int32,10,torch,pass,,,30681.907,30819.891,0.035064,35.064,,7.81,7.81,
MetaX_C600-U,MetaX C600-U,28,ca1c06d95726808d4e60ab34a09d68ae26286589,962b5883579bcbc1d4dcc78df3c3b928,official,lightning_indexer,512,1048576,1024,0,0,bfloat16,int32,10,deep_gemm,unsupported,UnsupportedByBackend,"backend 'deep_gemm' ranks float32 scores, and was given torch.bfloat16; 'maca_c' and 'torch' take bfloat16 as well",,,,,,,,
MetaX_C600-U,MetaX C600-U,28,ca1c06d95726808d4e60ab34a09d68ae26286589,962b5883579bcbc1d4dcc78df3c3b928,official,lightning_indexer,768,256,1024,0,0,bfloat16,int32,10,maca_c,pass,,,8.576,82.406,0.412657,412.657,3.539,100.0,100.0,
MetaX_C600-U,MetaX C600-U,28,ca1c06d95726808d4e60ab34a09d68ae26286589,962b5883579bcbc1d4dcc78df3c3b928,official,lightning_indexer,768,256,1024,0,0,bfloat16,int32,10,torch,pass,,"not applicable: the reference backend needs vocab_size >= topk, no window, no offset (tests/test.py's own guard)",,,,,,,,
MetaX_C600-U,MetaX C600-U,28,ca1c06d95726808d4e60ab34a09d68ae26286589,962b5883579bcbc1d4dcc78df3c3b928,official,lightning_indexer,768,256,1024,0,0,bfloat16,int32,10,deep_gemm,unsupported,UnsupportedByBackend,"backend 'deep_gemm' ranks float32 scores, and was given torch.bfloat16; 'maca_c' and 'torch' take bfloat16 as well",,,,,,,,
MetaX_C600-U,MetaX C600-U,28,ca1c06d95726808d4e60ab34a09d68ae26286589,962b5883579bcbc1d4dcc78df3c3b928,official,lightning_indexer,768,1024,1024,0,0,bfloat16,int32,10,maca_c,pass,,,8.627,83.584,0.546956,546.956,4.719,100.0,100.0,
MetaX_C600-U,MetaX C600-U,28,ca1c06d95726808d4e60ab34a09d68ae26286589,962b5883579bcbc1d4dcc78df3c3b928,official,lightning_indexer,768,1024,1024,0,0,bfloat16,int32,10,torch,pass,,,380.109,382.515,0.012414,12.414,,2.27,21.85,
MetaX_C600-U,MetaX C600-U,28,ca1c06d95726808d4e60ab34a09d68ae26286589,962b5883579bcbc1d4dcc78df3c3b928,official,lightning_indexer,768,1024,1024,0,0,bfloat16,int32,10,deep_gemm,unsupported,UnsupportedByBackend,"backend 'deep_gemm' ranks float32 scores, and was given torch.bfloat16; 'maca_c' and 'torch' take bfloat16 as well",,,,,,,,
MetaX_C600-U,MetaX C600-U,28,ca1c06d95726808d4e60ab34a09d68ae26286589,962b5883579bcbc1d4dcc78df3c3b928,official,lightning_indexer,768,4096,1024,0,0,bfloat16,int32,10,maca_c,pass,,,92.8,102.374,0.101694,101.694,9.437,100.0,100.0,
MetaX_C600-U,MetaX C600-U,28,ca1c06d95726808d4e60ab34a09d68ae26286589,962b5883579bcbc1d4dcc78df3c3b928,official,lightning_indexer,768,4096,1024,0,0,bfloat16,int32,10,torch,pass,,,363.699,347.162,0.025948,25.948,,25.52,29.49,
MetaX_C600-U,MetaX C600-U,28,ca1c06d95726808d4e60ab34a09d68ae26286589,962b5883579bcbc1d4dcc78df3c3b928,official,lightning_indexer,768,4096,1024,0,0,bfloat16,int32,10,deep_gemm,unsupported,UnsupportedByBackend,"backend 'deep_gemm' ranks float32 scores, and was given torch.bfloat16; 'maca_c' and 'torch' take bfloat16 as well",,,,,,,,
MetaX_C600-U,MetaX C600-U,28,ca1c06d95726808d4e60ab34a09d68ae26286589,962b5883579bcbc1d4dcc78df3c3b928,official,lightning_indexer,768,16384,1024,0,0,bfloat16,int32,10,maca_c,pass,,,173.158,183.066,0.163501,163.501,28.312,100.0,100.0,
MetaX_C600-U,MetaX C600-U,28,ca1c06d95726808d4e60ab34a09d68ae26286589,962b5883579bcbc1d4dcc78df3c3b928,official,lightning_indexer,768,16384,1024,0,0,bfloat16,int32,10,torch,pass,,,963.379,946.944,0.029388,29.388,,17.97,19.33,
MetaX_C600-U,MetaX C600-U,28,ca1c06d95726808d4e60ab34a09d68ae26286589,962b5883579bcbc1d4dcc78df3c3b928,official,lightning_indexer,768,16384,1024,0,0,bfloat16,int32,10,deep_gemm,unsupported,UnsupportedByBackend,"backend 'deep_gemm' ranks float32 scores, and was given torch.bfloat16; 'maca_c' and 'torch' take bfloat16 as well",,,,,,,,
MetaX_C600-U,MetaX C600-U,28,ca1c06d95726808d4e60ab34a09d68ae26286589,962b5883579bcbc1d4dcc78df3c3b928,official,lightning_indexer,768,65536,1024,0,0,bfloat16,int32,10,maca_c,pass,,,464.077,475.725,0.223689,223.689,103.809,100.0,100.0,
MetaX_C600-U,MetaX C600-U,28,ca1c06d95726808d4e60ab34a09d68ae26286589,962b5883579bcbc1d4dcc78df3c3b928,official,lightning_indexer,768,65536,1024,0,0,bfloat16,int32,10,torch,pass,,,3457.843,3450.394,0.030021,30.021,,13.42,13.79,
MetaX_C600-U,MetaX C600-U,28,ca1c06d95726808d4e60ab34a09d68ae26286589,962b5883579bcbc1d4dcc78df3c3b928,official,lightning_indexer,768,65536,1024,0,0,bfloat16,int32,10,deep_gemm,unsupported,UnsupportedByBackend,"backend 'deep_gemm' ranks float32 scores, and was given torch.bfloat16; 'maca_c' and 'torch' take bfloat16 as well",,,,,,,,
MetaX_C600-U,MetaX C600-U,28,ca1c06d95726808d4e60ab34a09d68ae26286589,962b5883579bcbc1d4dcc78df3c3b928,official,lightning_indexer,768,131072,1024,0,0,bfloat16,int32,10,maca_c,pass,,,779.392,788.48,0.262348,262.348,204.472,100.0,100.0,
MetaX_C600-U,MetaX C600-U,28,ca1c06d95726808d4e60ab34a09d68ae26286589,962b5883579bcbc1d4dcc78df3c3b928,official,lightning_indexer,768,131072,1024,0,0,bfloat16,int32,10,torch,pass,,,6248.397,6240.461,0.032724,32.724,,12.47,12.63,
MetaX_C600-U,MetaX C600-U,28,ca1c06d95726808d4e60ab34a09d68ae26286589,962b5883579bcbc1d4dcc78df3c3b928,official,lightning_indexer,768,131072,1024,0,0,bfloat16,int32,10,deep_gemm,unsupported,UnsupportedByBackend,"backend 'deep_gemm' ranks float32 scores, and was given torch.bfloat16; 'maca_c' and 'torch' take bfloat16 as well",,,,,,,,
MetaX_C600-U,MetaX C600-U,28,ca1c06d95726808d4e60ab34a09d68ae26286589,962b5883579bcbc1d4dcc78df3c3b928,official,lightning_indexer,768,262144,1024,0,0,bfloat16,int32,10,maca_c,pass,,,1198.541,1210.957,0.338577,338.577,405.799,100.0,100.0,
MetaX_C600-U,MetaX C600-U,28,ca1c06d95726808d4e60ab34a09d68ae26286589,962b5883579bcbc1d4dcc78df3c3b928,official,lightning_indexer,768,262144,1024,0,0,bfloat16,int32,10,torch,pass,,,11882.598,11898.598,0.034151,34.151,,10.09,10.18,
MetaX_C600-U,MetaX C600-U,28,ca1c06d95726808d4e60ab34a09d68ae26286589,962b5883579bcbc1d4dcc78df3c3b928,official,lightning_indexer,768,262144,1024,0,0,bfloat16,int32,10,deep_gemm,unsupported,UnsupportedByBackend,"backend 'deep_gemm' ranks float32 scores, and was given torch.bfloat16; 'maca_c' and 'torch' take bfloat16 as well",,,,,,,,
MetaX_C600-U,MetaX C600-U,28,ca1c06d95726808d4e60ab34a09d68ae26286589,962b5883579bcbc1d4dcc78df3c3b928,official,lightning_indexer,768,524288,1024,0,0,bfloat16,int32,10,maca_c,pass,,,1958.835,1969.664,0.412721,412.721,808.452,100.0,100.0,
MetaX_C600-U,MetaX C600-U,28,ca1c06d95726808d4e60ab34a09d68ae26286589,962b5883579bcbc1d4dcc78df3c3b928,official,lightning_indexer,768,524288,1024,0,0,bfloat16,int32,10,torch,pass,,,23003.699,23092.352,0.035144,35.144,,8.52,8.53,
MetaX_C600-U,MetaX C600-U,28,ca1c06d95726808d4e60ab34a09d68ae26286589,962b5883579bcbc1d4dcc78df3c3b928,official,lightning_indexer,768,524288,1024,0,0,bfloat16,int32,10,deep_gemm,unsupported,UnsupportedByBackend,"backend 'deep_gemm' ranks float32 scores, and was given torch.bfloat16; 'maca_c' and 'torch' take bfloat16 as well",,,,,,,,
MetaX_C600-U,MetaX C600-U,28,ca1c06d95726808d4e60ab34a09d68ae26286589,962b5883579bcbc1d4dcc78df3c3b928,official,lightning_indexer,768,1048576,1024,0,0,bfloat16,int32,10,maca_c,pass,,,3475.507,3484.979,0.464323,464.323,1613.758,100.0,100.0,
MetaX_C600-U,MetaX C600-U,28,ca1c06d95726808d4e60ab34a09d68ae26286589,962b5883579bcbc1d4dcc78df3c3b928,official,lightning_indexer,768,1048576,1024,0,0,bfloat16,int32,10,torch,pass,,,45297.638,45409.637,0.035626,35.626,,7.67,7.67,
MetaX_C600-U,MetaX C600-U,28,ca1c06d95726808d4e60ab34a09d68ae26286589,962b5883579bcbc1d4dcc78df3c3b928,official,lightning_indexer,768,1048576,1024,0,0,bfloat16,int32,10,deep_gemm,unsupported,UnsupportedByBackend,"backend 'deep_gemm' ranks float32 scores, and was given torch.bfloat16; 'maca_c' and 'torch' take bfloat16 as well",,,,,,,,
MetaX_C600-U,MetaX C600-U,28,ca1c06d95726808d4e60ab34a09d68ae26286589,962b5883579bcbc1d4dcc78df3c3b928,official,lightning_indexer,4096,256,1024,0,0,bfloat16,int32,10,maca_c,pass,,,34.765,81.203,0.542913,542.913,18.874,100.0,100.0,
MetaX_C600-U,MetaX C600-U,28,ca1c06d95726808d4e60ab34a09d68ae26286589,962b5883579bcbc1d4dcc78df3c3b928,official,lightning_indexer,4096,256,1024,0,0,bfloat16,int32,10,torch,pass,,"not applicable: the reference backend needs vocab_size >= topk, no window, no offset (tests/test.py's own guard)",,,,,,,,
MetaX_C600-U,MetaX C600-U,28,ca1c06d95726808d4e60ab34a09d68ae26286589,962b5883579bcbc1d4dcc78df3c3b928,official,lightning_indexer,4096,256,1024,0,0,bfloat16,int32,10,deep_gemm,unsupported,UnsupportedByBackend,"backend 'deep_gemm' ranks float32 scores, and was given torch.bfloat16; 'maca_c' and 'torch' take bfloat16 as well",,,,,,,,
MetaX_C600-U,MetaX C600-U,28,ca1c06d95726808d4e60ab34a09d68ae26286589,962b5883579bcbc1d4dcc78df3c3b928,official,lightning_indexer,4096,1024,1024,0,0,bfloat16,int32,10,maca_c,pass,,,34.97,81.357,0.71964,719.64,25.166,100.0,100.0,
MetaX_C600-U,MetaX C600-U,28,ca1c06d95726808d4e60ab34a09d68ae26286589,962b5883579bcbc1d4dcc78df3c3b928,official,lightning_indexer,4096,1024,1024,0,0,bfloat16,int32,10,torch,pass,,,666.24,652.237,0.037773,37.773,,5.25,12.47,
MetaX_C600-U,MetaX C600-U,28,ca1c06d95726808d4e60ab34a09d68ae26286589,962b5883579bcbc1d4dcc78df3c3b928,official,lightning_indexer,4096,1024,1024,0,0,bfloat16,int32,10,deep_gemm,unsupported,UnsupportedByBackend,"backend 'deep_gemm' ranks float32 scores, and was given torch.bfloat16; 'maca_c' and 'torch' take bfloat16 as well",,,,,,,,
MetaX_C600-U,MetaX C600-U,28,ca1c06d95726808d4e60ab34a09d68ae26286589,962b5883579bcbc1d4dcc78df3c3b928,official,lightning_indexer,4096,4096,1024,0,0,bfloat16,int32,10,maca_c,pass,,,464.563,473.574,0.108342,108.342,50.332,100.0,100.0,
MetaX_C600-U,MetaX C600-U,28,ca1c06d95726808d4e60ab34a09d68ae26286589,962b5883579bcbc1d4dcc78df3c3b928,official,lightning_indexer,4096,4096,1024,0,0,bfloat16,int32,10,torch,pass,,,1361.254,1348.25,0.036974,36.974,,34.13,35.13,
MetaX_C600-U,MetaX C600-U,28,ca1c06d95726808d4e60ab34a09d68ae26286589,962b5883579bcbc1d4dcc78df3c3b928,official,lightning_indexer,4096,4096,1024,0,0,bfloat16,int32,10,deep_gemm,unsupported,UnsupportedByBackend,"backend 'deep_gemm' ranks float32 scores, and was given torch.bfloat16; 'maca_c' and 'torch' take bfloat16 as well",,,,,,,,
MetaX_C600-U,MetaX C600-U,28,ca1c06d95726808d4e60ab34a09d68ae26286589,962b5883579bcbc1d4dcc78df3c3b928,official,lightning_indexer,4096,16384,1024,0,0,bfloat16,int32,10,maca_c,pass,,,864.256,873.395,0.174711,174.711,150.995,100.0,100.0,
MetaX_C600-U,MetaX C600-U,28,ca1c06d95726808d4e60ab34a09d68ae26286589,962b5883579bcbc1d4dcc78df3c3b928,official,lightning_indexer,4096,16384,1024,0,0,bfloat16,int32,10,torch,pass,,,4240.205,4228.838,0.03561,35.61,,20.38,20.65,
MetaX_C600-U,MetaX C600-U,28,ca1c06d95726808d4e60ab34a09d68ae26286589,962b5883579bcbc1d4dcc78df3c3b928,official,lightning_indexer,4096,16384,1024,0,0,bfloat16,int32,10,deep_gemm,unsupported,UnsupportedByBackend,"backend 'deep_gemm' ranks float32 scores, and was given torch.bfloat16; 'maca_c' and 'torch' take bfloat16 as well",,,,,,,,
MetaX_C600-U,MetaX C600-U,28,ca1c06d95726808d4e60ab34a09d68ae26286589,962b5883579bcbc1d4dcc78df3c3b928,official,lightning_indexer,4096,65536,1024,0,0,bfloat16,int32,10,maca_c,pass,,,2317.466,2327.424,0.238902,238.902,553.648,100.0,100.0,
MetaX_C600-U,MetaX C600-U,28,ca1c06d95726808d4e60ab34a09d68ae26286589,962b5883579bcbc1d4dcc78df3c3b928,official,lightning_indexer,4096,65536,1024,0,0,bfloat16,int32,10,torch,pass,,,17518.822,17567.284,0.031603,31.603,,13.23,13.25,
MetaX_C600-U,MetaX C600-U,28,ca1c06d95726808d4e60ab34a09d68ae26286589,962b5883579bcbc1d4dcc78df3c3b928,official,lightning_indexer,4096,65536,1024,0,0,bfloat16,int32,10,deep_gemm,unsupported,UnsupportedByBackend,"backend 'deep_gemm' ranks float32 scores, and was given torch.bfloat16; 'maca_c' and 'torch' take bfloat16 as well",,,,,,,,
MetaX_C600-U,MetaX C600-U,28,ca1c06d95726808d4e60ab34a09d68ae26286589,962b5883579bcbc1d4dcc78df3c3b928,official,lightning_indexer,4096,131072,1024,0,0,bfloat16,int32,10,maca_c,pass,,,3939.635,3951.155,0.276807,276.807,1090.519,100.0,100.0,
MetaX_C600-U,MetaX C600-U,28,ca1c06d95726808d4e60ab34a09d68ae26286589,962b5883579bcbc1d4dcc78df3c3b928,official,lightning_indexer,4096,131072,1024,0,0,bfloat16,int32,10,torch,pass,,,32590.72,32685.721,0.033461,33.461,,12.09,12.09,
MetaX_C600-U,MetaX C600-U,28,ca1c06d95726808d4e60ab34a09d68ae26286589,962b5883579bcbc1d4dcc78df3c3b928,official,lightning_indexer,4096,131072,1024,0,0,bfloat16,int32,10,deep_gemm,unsupported,UnsupportedByBackend,"backend 'deep_gemm' ranks float32 scores, and was given torch.bfloat16; 'maca_c' and 'torch' take bfloat16 as well",,,,,,,,
MetaX_C600-U,MetaX C600-U,28,ca1c06d95726808d4e60ab34a09d68ae26286589,962b5883579bcbc1d4dcc78df3c3b928,official,lightning_indexer,4096,262144,1024,0,0,bfloat16,int32,10,maca_c,pass,,,6063.846,6073.165,0.356912,356.912,2164.261,100.0,100.0,
MetaX_C600-U,MetaX C600-U,28,ca1c06d95726808d4e60ab34a09d68ae26286589,962b5883579bcbc1d4dcc78df3c3b928,official,lightning_indexer,4096,262144,1024,0,0,bfloat16,int32,10,torch,pass,,,64181.222,64317.847,0.033721,33.721,,9.45,9.44,
MetaX_C600-U,MetaX C600-U,28,ca1c06d95726808d4e60ab34a09d68ae26286589,962b5883579bcbc1d4dcc78df3c3b928,official,lightning_indexer,4096,262144,1024,0,0,bfloat16,int32,10,deep_gemm,unsupported,UnsupportedByBackend,"backend 'deep_gemm' ranks float32 scores, and was given torch.bfloat16; 'maca_c' and 'torch' take bfloat16 as well",,,,,,,,
MetaX_C600-U,MetaX C600-U,28,ca1c06d95726808d4e60ab34a09d68ae26286589,962b5883579bcbc1d4dcc78df3c3b928,official,lightning_indexer,4096,524288,1024,0,0,bfloat16,int32,10,maca_c,pass,,,9954.406,9965.312,0.433149,433.149,4311.745,100.0,100.0,
MetaX_C600-U,MetaX C600-U,28,ca1c06d95726808d4e60ab34a09d68ae26286589,962b5883579bcbc1d4dcc78df3c3b928,official,lightning_indexer,4096,524288,1024,0,0,bfloat16,int32,10,torch,pass,,,128349.901,128445.776,0.033594,33.594,,7.76,7.76,
MetaX_C600-U,MetaX C600-U,28,ca1c06d95726808d4e60ab34a09d68ae26286589,962b5883579bcbc1d4dcc78df3c3b928,official,lightning_indexer,4096,524288,1024,0,0,bfloat16,int32,10,deep_gemm,unsupported,UnsupportedByBackend,"backend 'deep_gemm' ranks float32 scores, and was given torch.bfloat16; 'maca_c' and 'torch' take bfloat16 as well",,,,,,,,
MetaX_C600-U,MetaX C600-U,28,ca1c06d95726808d4e60ab34a09d68ae26286589,962b5883579bcbc1d4dcc78df3c3b928,official,lightning_indexer,4096,1048576,1024,0,0,bfloat16,int32,10,maca_c,pass,,,17727.155,17736.806,0.48551,485.51,8606.712,100.0,100.0,
MetaX_C600-U,MetaX C600-U,28,ca1c06d95726808d4e60ab34a09d68ae26286589,962b5883579bcbc1d4dcc78df3c3b928,official,lightning_indexer,4096,1048576,1024,0,0,bfloat16,int32,10,torch,pass,,,252302.106,252421.655,0.034113,34.113,,7.03,7.03,
MetaX_C600-U,MetaX C600-U,28,ca1c06d95726808d4e60ab34a09d68ae26286589,962b5883579bcbc1d4dcc78df3c3b928,official,lightning_indexer,4096,1048576,1024,0,0,bfloat16,int32,10,deep_gemm,unsupported,UnsupportedByBackend,"backend 'deep_gemm' ranks float32 scores, and was given torch.bfloat16; 'maca_c' and 'torch' take bfloat16 as well",,,,,,,,
MetaX_C600-U,MetaX C600-U,28,ca1c06d95726808d4e60ab34a09d68ae26286589,962b5883579bcbc1d4dcc78df3c3b928,official,lightning_indexer,1,131072,512,0,0,bfloat16,int32,10,maca_c,pass,,,38.886,78.771,0.006794,6.794,0.264,100.0,100.0,
MetaX_C600-U,MetaX C600-U,28,ca1c06d95726808d4e60ab34a09d68ae26286589,962b5883579bcbc1d4dcc78df3c3b928,official,lightning_indexer,1,131072,512,0,0,bfloat16,int32,10,torch,pass,,,129.101,111.642,0.002046,2.046,,30.12,70.56,
MetaX_C600-U,MetaX C600-U,28,ca1c06d95726808d4e60ab34a09d68ae26286589,962b5883579bcbc1d4dcc78df3c3b928,official,lightning_indexer,1,131072,512,0,0,bfloat16,int32,10,deep_gemm,unsupported,UnsupportedByBackend,"backend 'deep_gemm' ranks float32 scores, and was given torch.bfloat16; 'maca_c' and 'torch' take bfloat16 as well",,,,,,,,
MetaX_C600-U,MetaX C600-U,28,ca1c06d95726808d4e60ab34a09d68ae26286589,962b5883579bcbc1d4dcc78df3c3b928,official,lightning_indexer,1,262144,512,0,0,bfloat16,int32,10,maca_c,pass,,,34.355,103.219,0.015321,15.321,0.526,100.0,100.0,
MetaX_C600-U,MetaX C600-U,28,ca1c06d95726808d4e60ab34a09d68ae26286589,962b5883579bcbc1d4dcc78df3c3b928,official,lightning_indexer,1,262144,512,0,0,bfloat16,int32,10,torch,pass,,,144.486,125.005,0.003643,3.643,,23.78,82.57,
MetaX_C600-U,MetaX C600-U,28,ca1c06d95726808d4e60ab34a09d68ae26286589,962b5883579bcbc1d4dcc78df3c3b928,official,lightning_indexer,1,262144,512,0,0,bfloat16,int32,10,deep_gemm,unsupported,UnsupportedByBackend,"backend 'deep_gemm' ranks float32 scores, and was given torch.bfloat16; 'maca_c' and 'torch' take bfloat16 as well",,,,,,,,
MetaX_C600-U,MetaX C600-U,28,ca1c06d95726808d4e60ab34a09d68ae26286589,962b5883579bcbc1d4dcc78df3c3b928,official,lightning_indexer,1,1048576,512,0,0,bfloat16,int32,10,maca_c,pass,,,49.741,106.214,0.042203,42.203,2.099,100.0,100.0,
MetaX_C600-U,MetaX C600-U,28,ca1c06d95726808d4e60ab34a09d68ae26286589,962b5883579bcbc1d4dcc78df3c3b928,official,lightning_indexer,1,1048576,512,0,0,bfloat16,int32,10,torch,pass,,,202.701,185.907,0.010356,10.356,,24.54,57.13,
MetaX_C600-U,MetaX C600-U,28,ca1c06d95726808d4e60ab34a09d68ae26286589,962b5883579bcbc1d4dcc78df3c3b928,official,lightning_indexer,1,1048576,512,0,0,bfloat16,int32,10,deep_gemm,unsupported,UnsupportedByBackend,"backend 'deep_gemm' ranks float32 scores, and was given torch.bfloat16; 'maca_c' and 'torch' take bfloat16 as well",,,,,,,,
MetaX_C600-U,MetaX C600-U,28,ca1c06d95726808d4e60ab34a09d68ae26286589,962b5883579bcbc1d4dcc78df3c3b928,official,lightning_indexer,64,131072,512,0,0,bfloat16,int32,10,maca_c,pass,,,88.166,97.92,0.191778,191.778,16.908,100.0,100.0,
MetaX_C600-U,MetaX C600-U,28,ca1c06d95726808d4e60ab34a09d68ae26286589,962b5883579bcbc1d4dcc78df3c3b928,official,lightning_indexer,64,131072,512,0,0,bfloat16,int32,10,torch,pass,,,710.502,696.09,0.023798,23.798,,12.41,14.07,
MetaX_C600-U,MetaX C600-U,28,ca1c06d95726808d4e60ab34a09d68ae26286589,962b5883579bcbc1d4dcc78df3c3b928,official,lightning_indexer,64,131072,512,0,0,bfloat16,int32,10,deep_gemm,unsupported,UnsupportedByBackend,"backend 'deep_gemm' ranks float32 scores, and was given torch.bfloat16; 'maca_c' and 'torch' take bfloat16 as well",,,,,,,,
MetaX_C600-U,MetaX C600-U,28,ca1c06d95726808d4e60ab34a09d68ae26286589,962b5883579bcbc1d4dcc78df3c3b928,official,lightning_indexer,64,262144,512,0,0,bfloat16,int32,10,maca_c,pass,,,132.838,142.618,0.253583,253.583,33.686,100.0,100.0,
MetaX_C600-U,MetaX C600-U,28,ca1c06d95726808d4e60ab34a09d68ae26286589,962b5883579bcbc1d4dcc78df3c3b928,official,lightning_indexer,64,262144,512,0,0,bfloat16,int32,10,torch,pass,,,1165.619,1144.806,0.028899,28.899,,11.4,12.46,
MetaX_C600-U,MetaX C600-U,28,ca1c06d95726808d4e60ab34a09d68ae26286589,962b5883579bcbc1d4dcc78df3c3b928,official,lightning_indexer,64,262144,512,0,0,bfloat16,int32,10,deep_gemm,unsupported,UnsupportedByBackend,"backend 'deep_gemm' ranks float32 scores, and was given torch.bfloat16; 'maca_c' and 'torch' take bfloat16 as well",,,,,,,,
MetaX_C600-U,MetaX C600-U,28,ca1c06d95726808d4e60ab34a09d68ae26286589,962b5883579bcbc1d4dcc78df3c3b928,official,lightning_indexer,64,1048576,512,0,0,bfloat16,int32,10,maca_c,pass,,,399.667,412.134,0.336152,336.152,134.349,100.0,100.0,
MetaX_C600-U,MetaX C600-U,28,ca1c06d95726808d4e60ab34a09d68ae26286589,962b5883579bcbc1d4dcc78df3c3b928,official,lightning_indexer,64,1048576,512,0,0,bfloat16,int32,10,torch,pass,,,3957.786,3967.565,0.033945,33.945,,10.1,10.39,
MetaX_C600-U,MetaX C600-U,28,ca1c06d95726808d4e60ab34a09d68ae26286589,962b5883579bcbc1d4dcc78df3c3b928,official,lightning_indexer,64,1048576,512,0,0,bfloat16,int32,10,deep_gemm,unsupported,UnsupportedByBackend,"backend 'deep_gemm' ranks float32 scores, and was given torch.bfloat16; 'maca_c' and 'torch' take bfloat16 as well",,,,,,,,
MetaX_C600-U,MetaX C600-U,28,ca1c06d95726808d4e60ab34a09d68ae26286589,962b5883579bcbc1d4dcc78df3c3b928,official,lightning_indexer,128,131072,512,0,0,bfloat16,int32,10,maca_c,pass,,,138.01,148.045,0.24503,245.03,33.817,100.0,100.0,
MetaX_C600-U,MetaX C600-U,28,ca1c06d95726808d4e60ab34a09d68ae26286589,962b5883579bcbc1d4dcc78df3c3b928,official,lightning_indexer,128,131072,512,0,0,bfloat16,int32,10,torch,pass,,,1200.666,1190.042,0.028165,28.165,,11.49,12.44,
MetaX_C600-U,MetaX C600-U,28,ca1c06d95726808d4e60ab34a09d68ae26286589,962b5883579bcbc1d4dcc78df3c3b928,official,lightning_indexer,128,131072,512,0,0,bfloat16,int32,10,deep_gemm,unsupported,UnsupportedByBackend,"backend 'deep_gemm' ranks float32 scores, and was given torch.bfloat16; 'maca_c' and 'torch' take bfloat16 as well",,,,,,,,
MetaX_C600-U,MetaX C600-U,28,ca1c06d95726808d4e60ab34a09d68ae26286589,962b5883579bcbc1d4dcc78df3c3b928,official,lightning_indexer,128,262144,512,0,0,bfloat16,int32,10,maca_c,pass,,,208.922,217.984,0.32247,322.47,67.371,100.0,100.0,
MetaX_C600-U,MetaX C600-U,28,ca1c06d95726808d4e60ab34a09d68ae26286589,962b5883579bcbc1d4dcc78df3c3b928,official,lightning_indexer,128,262144,512,0,0,bfloat16,int32,10,torch,pass,,,2114.918,2113.485,0.031855,31.855,,9.88,10.31,
MetaX_C600-U,MetaX C600-U,28,ca1c06d95726808d4e60ab34a09d68ae26286589,962b5883579bcbc1d4dcc78df3c3b928,official,lightning_indexer,128,262144,512,0,0,bfloat16,int32,10,deep_gemm,unsupported,UnsupportedByBackend,"backend 'deep_gemm' ranks float32 scores, and was given torch.bfloat16; 'maca_c' and 'torch' take bfloat16 as well",,,,,,,,
MetaX_C600-U,MetaX C600-U,28,ca1c06d95726808d4e60ab34a09d68ae26286589,962b5883579bcbc1d4dcc78df3c3b928,official,lightning_indexer,128,1048576,512,0,0,bfloat16,int32,10,maca_c,pass,,,637.005,647.706,0.421814,421.814,268.698,100.0,100.0,
MetaX_C600-U,MetaX C600-U,28,ca1c06d95726808d4e60ab34a09d68ae26286589,962b5883579bcbc1d4dcc78df3c3b928,official,lightning_indexer,128,1048576,512,0,0,bfloat16,int32,10,torch,pass,,,7733.786,7747.993,0.034743,34.743,,8.24,8.36,
MetaX_C600-U,MetaX C600-U,28,ca1c06d95726808d4e60ab34a09d68ae26286589,962b5883579bcbc1d4dcc78df3c3b928,official,lightning_indexer,128,1048576,512,0,0,bfloat16,int32,10,deep_gemm,unsupported,UnsupportedByBackend,"backend 'deep_gemm' ranks float32 scores, and was given torch.bfloat16; 'maca_c' and 'torch' take bfloat16 as well",,,,,,,,
MetaX_C600-U,MetaX C600-U,28,ca1c06d95726808d4e60ab34a09d68ae26286589,962b5883579bcbc1d4dcc78df3c3b928,official,lightning_indexer,1,131072,1024,0,0,bfloat16,int32,10,maca_c,pass,,,46.362,80.486,0.005743,5.743,0.266,100.0,100.0,
MetaX_C600-U,MetaX C600-U,28,ca1c06d95726808d4e60ab34a09d68ae26286589,962b5883579bcbc1d4dcc78df3c3b928,official,lightning_indexer,1,131072,1024,0,0,bfloat16,int32,10,torch,pass,,,128.819,112.128,0.002067,2.067,,35.99,71.78,
MetaX_C600-U,MetaX C600-U,28,ca1c06d95726808d4e60ab34a09d68ae26286589,962b5883579bcbc1d4dcc78df3c3b928,official,lightning_indexer,1,131072,1024,0,0,bfloat16,int32,10,deep_gemm,unsupported,UnsupportedByBackend,"backend 'deep_gemm' ranks float32 scores, and was given torch.bfloat16; 'maca_c' and 'torch' take bfloat16 as well",,,,,,,,
MetaX_C600-U,MetaX C600-U,28,ca1c06d95726808d4e60ab34a09d68ae26286589,962b5883579bcbc1d4dcc78df3c3b928,official,lightning_indexer,1,262144,1024,0,0,bfloat16,int32,10,maca_c,pass,,,40.013,104.192,0.013205,13.205,0.528,100.0,100.0,
MetaX_C600-U,MetaX C600-U,28,ca1c06d95726808d4e60ab34a09d68ae26286589,962b5883579bcbc1d4dcc78df3c3b928,official,lightning_indexer,1,262144,1024,0,0,bfloat16,int32,10,torch,pass,,,145.28,127.872,0.003637,3.637,,27.54,81.48,
MetaX_C600-U,MetaX C600-U,28,ca1c06d95726808d4e60ab34a09d68ae26286589,962b5883579bcbc1d4dcc78df3c3b928,official,lightning_indexer,1,262144,1024,0,0,bfloat16,int32,10,deep_gemm,unsupported,UnsupportedByBackend,"backend 'deep_gemm' ranks float32 scores, and was given torch.bfloat16; 'maca_c' and 'torch' take bfloat16 as well",,,,,,,,
MetaX_C600-U,MetaX C600-U,28,ca1c06d95726808d4e60ab34a09d68ae26286589,962b5883579bcbc1d4dcc78df3c3b928,official,lightning_indexer,1,1048576,1024,0,0,bfloat16,int32,10,maca_c,pass,,,59.366,104.986,0.035395,35.395,2.101,100.0,100.0,
MetaX_C600-U,MetaX C600-U,28,ca1c06d95726808d4e60ab34a09d68ae26286589,962b5883579bcbc1d4dcc78df3c3b928,official,lightning_indexer,1,1048576,1024,0,0,bfloat16,int32,10,torch,pass,,,209.357,190.822,0.010037,10.037,,28.36,55.02,
MetaX_C600-U,MetaX C600-U,28,ca1c06d95726808d4e60ab34a09d68ae26286589,962b5883579bcbc1d4dcc78df3c3b928,official,lightning_indexer,1,1048576,1024,0,0,bfloat16,int32,10,deep_gemm,unsupported,UnsupportedByBackend,"backend 'deep_gemm' ranks float32 scores, and was given torch.bfloat16; 'maca_c' and 'torch' take bfloat16 as well",,,,,,,,
MetaX_C600-U,MetaX C600-U,28,ca1c06d95726808d4e60ab34a09d68ae26286589,962b5883579bcbc1d4dcc78df3c3b928,official,lightning_indexer,64,131072,1024,0,0,bfloat16,int32,10,maca_c,pass,,,108.826,120.653,0.156574,156.574,17.039,100.0,100.0,
MetaX_C600-U,MetaX C600-U,28,ca1c06d95726808d4e60ab34a09d68ae26286589,962b5883579bcbc1d4dcc78df3c3b928,official,lightning_indexer,64,131072,1024,0,0,bfloat16,int32,10,torch,pass,,,721.408,702.925,0.02362,23.62,,15.09,17.16,
MetaX_C600-U,MetaX C600-U,28,ca1c06d95726808d4e60ab34a09d68ae26286589,962b5883579bcbc1d4dcc78df3c3b928,official,lightning_indexer,64,131072,1024,0,0,bfloat16,int32,10,deep_gemm,unsupported,UnsupportedByBackend,"backend 'deep_gemm' ranks float32 scores, and was given torch.bfloat16; 'maca_c' and 'torch' take bfloat16 as well",,,,,,,,
MetaX_C600-U,MetaX C600-U,28,ca1c06d95726808d4e60ab34a09d68ae26286589,962b5883579bcbc1d4dcc78df3c3b928,official,lightning_indexer,64,262144,1024,0,0,bfloat16,int32,10,maca_c,pass,,,160.102,173.491,0.211219,211.219,33.817,100.0,100.0,
MetaX_C600-U,MetaX C600-U,28,ca1c06d95726808d4e60ab34a09d68ae26286589,962b5883579bcbc1d4dcc78df3c3b928,official,lightning_indexer,64,262144,1024,0,0,bfloat16,int32,10,torch,pass,,,1185.075,1166.669,0.028535,28.535,,13.51,14.87,
MetaX_C600-U,MetaX C600-U,28,ca1c06d95726808d4e60ab34a09d68ae26286589,962b5883579bcbc1d4dcc78df3c3b928,official,lightning_indexer,64,262144,1024,0,0,bfloat16,int32,10,deep_gemm,unsupported,UnsupportedByBackend,"backend 'deep_gemm' ranks float32 scores, and was given torch.bfloat16; 'maca_c' and 'torch' take bfloat16 as well",,,,,,,,
MetaX_C600-U,MetaX C600-U,28,ca1c06d95726808d4e60ab34a09d68ae26286589,962b5883579bcbc1d4dcc78df3c3b928,official,lightning_indexer,64,1048576,1024,0,0,bfloat16,int32,10,maca_c,pass,,,429.645,440.627,0.313002,313.002,134.48,100.0,100.0,
MetaX_C600-U,MetaX C600-U,28,ca1c06d95726808d4e60ab34a09d68ae26286589,962b5883579bcbc1d4dcc78df3c3b928,official,lightning_indexer,64,1048576,1024,0,0,bfloat16,int32,10,torch,pass,,,3914.522,3890.662,0.034354,34.354,,10.98,11.33,
MetaX_C600-U,MetaX C600-U,28,ca1c06d95726808d4e60ab34a09d68ae26286589,962b5883579bcbc1d4dcc78df3c3b928,official,lightning_indexer,64,1048576,1024,0,0,bfloat16,int32,10,deep_gemm,unsupported,UnsupportedByBackend,"backend 'deep_gemm' ranks float32 scores, and was given torch.bfloat16; 'maca_c' and 'torch' take bfloat16 as well",,,,,,,,
MetaX_C600-U,MetaX C600-U,28,ca1c06d95726808d4e60ab34a09d68ae26286589,962b5883579bcbc1d4dcc78df3c3b928,official,lightning_indexer,128,131072,1024,0,0,bfloat16,int32,10,maca_c,pass,,,170.65,181.453,0.1997,199.7,34.079,100.0,100.0,
MetaX_C600-U,MetaX C600-U,28,ca1c06d95726808d4e60ab34a09d68ae26286589,962b5883579bcbc1d4dcc78df3c3b928,official,lightning_indexer,128,131072,1024,0,0,bfloat16,int32,10,torch,pass,,,1216.538,1196.442,0.028013,28.013,,14.03,15.17,
MetaX_C600-U,MetaX C600-U,28,ca1c06d95726808d4e60ab34a09d68ae26286589,962b5883579bcbc1d4dcc78df3c3b928,official,lightning_indexer,128,131072,1024,0,0,bfloat16,int32,10,deep_gemm,unsupported,UnsupportedByBackend,"backend 'deep_gemm' ranks float32 scores, and was given torch.bfloat16; 'maca_c' and 'torch' take bfloat16 as well",,,,,,,,
MetaX_C600-U,MetaX C600-U,28,ca1c06d95726808d4e60ab34a09d68ae26286589,962b5883579bcbc1d4dcc78df3c3b928,official,lightning_indexer,128,262144,1024,0,0,bfloat16,int32,10,maca_c,pass,,,252.39,262.426,0.267971,267.971,67.633,100.0,100.0,
MetaX_C600-U,MetaX C600-U,28,ca1c06d95726808d4e60ab34a09d68ae26286589,962b5883579bcbc1d4dcc78df3c3b928,official,lightning_indexer,128,262144,1024,0,0,bfloat16,int32,10,torch,pass,,,2153.37,2142.95,0.031408,31.408,,11.72,12.25,
MetaX_C600-U,MetaX C600-U,28,ca1c06d95726808d4e60ab34a09d68ae26286589,962b5883579bcbc1d4dcc78df3c3b928,official,lightning_indexer,128,262144,1024,0,0,bfloat16,int32,10,deep_gemm,unsupported,UnsupportedByBackend,"backend 'deep_gemm' ranks float32 scores, and was given torch.bfloat16; 'maca_c' and 'torch' take bfloat16 as well",,,,,,,,
MetaX_C600-U,MetaX C600-U,28,ca1c06d95726808d4e60ab34a09d68ae26286589,962b5883579bcbc1d4dcc78df3c3b928,official,lightning_indexer,128,1048576,1024,0,0,bfloat16,int32,10,maca_c,pass,,,681.907,692.966,0.394423,394.423,268.96,100.0,100.0,
MetaX_C600-U,MetaX C600-U,28,ca1c06d95726808d4e60ab34a09d68ae26286589,962b5883579bcbc1d4dcc78df3c3b928,official,lightning_indexer,128,1048576,1024,0,0,bfloat16,int32,10,torch,pass,,,7747.789,7744.691,0.034714,34.714,,8.8,8.95,
MetaX_C600-U,MetaX C600-U,28,ca1c06d95726808d4e60ab34a09d68ae26286589,962b5883579bcbc1d4dcc78df3c3b928,official,lightning_indexer,128,1048576,1024,0,0,bfloat16,int32,10,deep_gemm,unsupported,UnsupportedByBackend,"backend 'deep_gemm' ranks float32 scores, and was given torch.bfloat16; 'maca_c' and 'torch' take bfloat16 as well",,,,,,,,
MetaX_C600-U,MetaX C600-U,28,ca1c06d95726808d4e60ab34a09d68ae26286589,962b5883579bcbc1d4dcc78df3c3b928,official,lightning_indexer,1,131072,2048,0,0,bfloat16,int32,10,maca_c,pass,,,75.136,84.762,0.003598,3.598,0.27,100.0,100.0,
MetaX_C600-U,MetaX C600-U,28,ca1c06d95726808d4e60ab34a09d68ae26286589,962b5883579bcbc1d4dcc78df3c3b928,official,lightning_indexer,1,131072,2048,0,0,bfloat16,int32,10,torch,pass,,,127.642,107.93,0.002118,2.118,,58.86,78.53,
MetaX_C600-U,MetaX C600-U,28,ca1c06d95726808d4e60ab34a09d68ae26286589,962b5883579bcbc1d4dcc78df3c3b928,official,lightning_indexer,1,131072,2048,0,0,bfloat16,int32,10,deep_gemm,unsupported,UnsupportedByBackend,"backend 'deep_gemm' ranks float32 scores, and was given torch.bfloat16; 'maca_c' and 'torch' take bfloat16 as well",,,,,,,,
MetaX_C600-U,MetaX C600-U,28,ca1c06d95726808d4e60ab34a09d68ae26286589,962b5883579bcbc1d4dcc78df3c3b928,official,lightning_indexer,1,262144,2048,0,0,bfloat16,int32,10,maca_c,pass,,,120.115,119.552,0.004433,4.433,0.532,100.0,100.0,
MetaX_C600-U,MetaX C600-U,28,ca1c06d95726808d4e60ab34a09d68ae26286589,962b5883579bcbc1d4dcc78df3c3b928,official,lightning_indexer,1,262144,2048,0,0,bfloat16,int32,10,torch,pass,,,143.616,126.925,0.003708,3.708,,83.64,94.19,
MetaX_C600-U,MetaX C600-U,28,ca1c06d95726808d4e60ab34a09d68ae26286589,962b5883579bcbc1d4dcc78df3c3b928,official,lightning_indexer,1,262144,2048,0,0,bfloat16,int32,10,deep_gemm,unsupported,UnsupportedByBackend,"backend 'deep_gemm' ranks float32 scores, and was given torch.bfloat16; 'maca_c' and 'torch' take bfloat16 as well",,,,,,,,
MetaX_C600-U,MetaX C600-U,28,ca1c06d95726808d4e60ab34a09d68ae26286589,962b5883579bcbc1d4dcc78df3c3b928,official,lightning_indexer,1,1048576,2048,0,0,bfloat16,int32,10,maca_c,pass,,,300.774,301.491,0.007,7.0,2.105,100.0,100.0,
MetaX_C600-U,MetaX C600-U,28,ca1c06d95726808d4e60ab34a09d68ae26286589,962b5883579bcbc1d4dcc78df3c3b928,official,lightning_indexer,1,1048576,2048,0,0,bfloat16,int32,10,torch,pass,,,196.045,180.531,0.010739,10.739,,153.42,167.0,
MetaX_C600-U,MetaX C600-U,28,ca1c06d95726808d4e60ab34a09d68ae26286589,962b5883579bcbc1d4dcc78df3c3b928,official,lightning_indexer,1,1048576,2048,0,0,bfloat16,int32,10,deep_gemm,unsupported,UnsupportedByBackend,"backend 'deep_gemm' ranks float32 scores, and was given torch.bfloat16; 'maca_c' and 'torch' take bfloat16 as well",,,,,,,,
MetaX_C600-U,MetaX C600-U,28,ca1c06d95726808d4e60ab34a09d68ae26286589,962b5883579bcbc1d4dcc78df3c3b928,official,lightning_indexer,64,131072,2048,0,0,bfloat16,int32,10,maca_c,pass,,,124.237,133.581,0.139262,139.262,17.302,100.0,100.0,
MetaX_C600-U,MetaX C600-U,28,ca1c06d95726808d4e60ab34a09d68ae26286589,962b5883579bcbc1d4dcc78df3c3b928,official,lightning_indexer,64,131072,2048,0,0,bfloat16,int32,10,torch,pass,,,722.253,704.179,0.023955,23.955,,17.2,18.97,
MetaX_C600-U,MetaX C600-U,28,ca1c06d95726808d4e60ab34a09d68ae26286589,962b5883579bcbc1d4dcc78df3c3b928,official,lightning_indexer,64,131072,2048,0,0,bfloat16,int32,10,deep_gemm,unsupported,UnsupportedByBackend,"backend 'deep_gemm' ranks float32 scores, and was given torch.bfloat16; 'maca_c' and 'torch' take bfloat16 as well",,,,,,,,
MetaX_C600-U,MetaX C600-U,28,ca1c06d95726808d4e60ab34a09d68ae26286589,962b5883579bcbc1d4dcc78df3c3b928,official,lightning_indexer,64,262144,2048,0,0,bfloat16,int32,10,maca_c,pass,,,209.792,222.643,0.162441,162.441,34.079,100.0,100.0,
MetaX_C600-U,MetaX C600-U,28,ca1c06d95726808d4e60ab34a09d68ae26286589,962b5883579bcbc1d4dcc78df3c3b928,official,lightning_indexer,64,262144,2048,0,0,bfloat16,int32,10,torch,pass,,,1184.768,1174.989,0.028764,28.764,,17.71,18.95,
MetaX_C600-U,MetaX C600-U,28,ca1c06d95726808d4e60ab34a09d68ae26286589,962b5883579bcbc1d4dcc78df3c3b928,official,lightning_indexer,64,262144,2048,0,0,bfloat16,int32,10,deep_gemm,unsupported,UnsupportedByBackend,"backend 'deep_gemm' ranks float32 scores, and was given torch.bfloat16; 'maca_c' and 'torch' take bfloat16 as well",,,,,,,,
MetaX_C600-U,MetaX C600-U,28,ca1c06d95726808d4e60ab34a09d68ae26286589,962b5883579bcbc1d4dcc78df3c3b928,official,lightning_indexer,64,1048576,2048,0,0,bfloat16,int32,10,maca_c,pass,,,537.062,552.09,0.250887,250.887,134.742,100.0,100.0,
MetaX_C600-U,MetaX C600-U,28,ca1c06d95726808d4e60ab34a09d68ae26286589,962b5883579bcbc1d4dcc78df3c3b928,official,lightning_indexer,64,1048576,2048,0,0,bfloat16,int32,10,torch,pass,,,3938.509,3925.529,0.034211,34.211,,13.64,14.06,
MetaX_C600-U,MetaX C600-U,28,ca1c06d95726808d4e60ab34a09d68ae26286589,962b5883579bcbc1d4dcc78df3c3b928,official,lightning_indexer,64,1048576,2048,0,0,bfloat16,int32,10,deep_gemm,unsupported,UnsupportedByBackend,"backend 'deep_gemm' ranks float32 scores, and was given torch.bfloat16; 'maca_c' and 'torch' take bfloat16 as well",,,,,,,,
MetaX_C600-U,MetaX C600-U,28,ca1c06d95726808d4e60ab34a09d68ae26286589,962b5883579bcbc1d4dcc78df3c3b928,official,lightning_indexer,128,131072,2048,0,0,bfloat16,int32,10,maca_c,pass,,,197.427,209.357,0.17527,175.27,34.603,100.0,100.0,
MetaX_C600-U,MetaX C600-U,28,ca1c06d95726808d4e60ab34a09d68ae26286589,962b5883579bcbc1d4dcc78df3c3b928,official,lightning_indexer,128,131072,2048,0,0,bfloat16,int32,10,torch,pass,,,1223.91,1210.496,0.028273,28.273,,16.13,17.3,
MetaX_C600-U,MetaX C600-U,28,ca1c06d95726808d4e60ab34a09d68ae26286589,962b5883579bcbc1d4dcc78df3c3b928,official,lightning_indexer,128,131072,2048,0,0,bfloat16,int32,10,deep_gemm,unsupported,UnsupportedByBackend,"backend 'deep_gemm' ranks float32 scores, and was given torch.bfloat16; 'maca_c' and 'torch' take bfloat16 as well",,,,,,,,
MetaX_C600-U,MetaX C600-U,28,ca1c06d95726808d4e60ab34a09d68ae26286589,962b5883579bcbc1d4dcc78df3c3b928,official,lightning_indexer,128,262144,2048,0,0,bfloat16,int32,10,maca_c,pass,,,324.813,334.669,0.209836,209.836,68.157,100.0,100.0,
MetaX_C600-U,MetaX C600-U,28,ca1c06d95726808d4e60ab34a09d68ae26286589,962b5883579bcbc1d4dcc78df3c3b928,official,lightning_indexer,128,262144,2048,0,0,bfloat16,int32,10,torch,pass,,,2183.219,2177.229,0.031219,31.219,,14.88,15.37,
MetaX_C600-U,MetaX C600-U,28,ca1c06d95726808d4e60ab34a09d68ae26286589,962b5883579bcbc1d4dcc78df3c3b928,official,lightning_indexer,128,262144,2048,0,0,bfloat16,int32,10,deep_gemm,unsupported,UnsupportedByBackend,"backend 'deep_gemm' ranks float32 scores, and was given torch.bfloat16; 'maca_c' and 'torch' take bfloat16 as well",,,,,,,,
MetaX_C600-U,MetaX C600-U,28,ca1c06d95726808d4e60ab34a09d68ae26286589,962b5883579bcbc1d4dcc78df3c3b928,official,lightning_indexer,128,1048576,2048,0,0,bfloat16,int32,10,maca_c,pass,,,826.496,836.352,0.326056,326.056,269.484,100.0,100.0,
MetaX_C600-U,MetaX C600-U,28,ca1c06d95726808d4e60ab34a09d68ae26286589,962b5883579bcbc1d4dcc78df3c3b928,official,lightning_indexer,128,1048576,2048,0,0,bfloat16,int32,10,torch,pass,,,7824.435,7810.995,0.034441,34.441,,10.56,10.71,
MetaX_C600-U,MetaX C600-U,28,ca1c06d95726808d4e60ab34a09d68ae26286589,962b5883579bcbc1d4dcc78df3c3b928,official,lightning_indexer,128,1048576,2048,0,0,bfloat16,int32,10,deep_gemm,unsupported,UnsupportedByBackend,"backend 'deep_gemm' ranks float32 scores, and was given torch.bfloat16; 'maca_c' and 'torch' take bfloat16 as well",,,,,,,,
MetaX_C600-U,MetaX C600-U,28,ca1c06d95726808d4e60ab34a09d68ae26286589,962b5883579bcbc1d4dcc78df3c3b928,official,sampler,6,129280,512,1,1,float32,int64,10,maca_c,pass,,,72.243,131.507,0.043459,43.459,3.14,100.0,100.0,
MetaX_C600-U,MetaX C600-U,28,ca1c06d95726808d4e60ab34a09d68ae26286589,962b5883579bcbc1d4dcc78df3c3b928,official,sampler,6,129280,512,1,1,float32,int64,10,torch,pass,,,260.403,259.482,0.012057,12.057,,27.74,50.68,
MetaX_C600-U,MetaX C600-U,28,ca1c06d95726808d4e60ab34a09d68ae26286589,962b5883579bcbc1d4dcc78df3c3b928,official,sampler,6,129280,512,1,1,float32,int64,10,deep_gemm,unsupported,UnsupportedByBackend,backend 'deep_gemm' returns an unordered selection; `sorted_value`/`sorted_index` need backend 'maca_c',,,,,,,,
MetaX_C600-U,MetaX C600-U,28,ca1c06d95726808d4e60ab34a09d68ae26286589,962b5883579bcbc1d4dcc78df3c3b928,official,sampler,256,129280,512,1,1,float32,int64,10,maca_c,pass,,,451.098,476.237,0.296955,296.955,133.956,100.0,100.0,
MetaX_C600-U,MetaX C600-U,28,ca1c06d95726808d4e60ab34a09d68ae26286589,962b5883579bcbc1d4dcc78df3c3b928,official,sampler,256,129280,512,1,1,float32,int64,10,torch,pass,,,2947.456,3007.539,0.045448,45.448,,15.3,15.83,
MetaX_C600-U,MetaX C600-U,28,ca1c06d95726808d4e60ab34a09d68ae26286589,962b5883579bcbc1d4dcc78df3c3b928,official,sampler,256,129280,512,1,1,float32,int64,10,deep_gemm,unsupported,UnsupportedByBackend,backend 'deep_gemm' returns an unordered selection; `sorted_value`/`sorted_index` need backend 'maca_c',,,,,,,,
MetaX_C600-U,MetaX C600-U,28,ca1c06d95726808d4e60ab34a09d68ae26286589,962b5883579bcbc1d4dcc78df3c3b928,official,sampler,512,129280,512,1,1,float32,int64,10,maca_c,pass,,,819.379,842.598,0.326969,326.969,267.911,100.0,100.0,
MetaX_C600-U,MetaX C600-U,28,ca1c06d95726808d4e60ab34a09d68ae26286589,962b5883579bcbc1d4dcc78df3c3b928,official,sampler,512,129280,512,1,1,float32,int64,10,torch,pass,,,5602.79,5702.246,0.047817,47.817,,14.62,14.78,
MetaX_C600-U,MetaX C600-U,28,ca1c06d95726808d4e60ab34a09d68ae26286589,962b5883579bcbc1d4dcc78df3c3b928,official,sampler,512,129280,512,1,1,float32,int64,10,deep_gemm,unsupported,UnsupportedByBackend,backend 'deep_gemm' returns an unordered selection; `sorted_value`/`sorted_index` need backend 'maca_c',,,,,,,,
MetaX_C600-U,MetaX C600-U,28,ca1c06d95726808d4e60ab34a09d68ae26286589,962b5883579bcbc1d4dcc78df3c3b928,official,sampler,768,129280,512,1,1,float32,int64,10,maca_c,pass,,,1190.17,1218.304,0.337655,337.655,401.867,100.0,100.0,
MetaX_C600-U,MetaX C600-U,28,ca1c06d95726808d4e60ab34a09d68ae26286589,962b5883579bcbc1d4dcc78df3c3b928,official,sampler,768,129280,512,1,1,float32,int64,10,torch,pass,,,8197.376,8379.725,0.049024,49.024,,14.52,14.54,
MetaX_C600-U,MetaX C600-U,28,ca1c06d95726808d4e60ab34a09d68ae26286589,962b5883579bcbc1d4dcc78df3c3b928,official,sampler,768,129280,512,1,1,float32,int64,10,deep_gemm,unsupported,UnsupportedByBackend,backend 'deep_gemm' returns an unordered selection; `sorted_value`/`sorted_index` need backend 'maca_c',,,,,,,,
MetaX_C600-U,MetaX C600-U,28,ca1c06d95726808d4e60ab34a09d68ae26286589,962b5883579bcbc1d4dcc78df3c3b928,official,sampler,4096,129280,512,1,1,float32,int64,10,maca_c,pass,,,6006.63,6029.926,0.356821,356.821,2143.289,100.0,100.0,
MetaX_C600-U,MetaX C600-U,28,ca1c06d95726808d4e60ab34a09d68ae26286589,962b5883579bcbc1d4dcc78df3c3b928,official,sampler,4096,129280,512,1,1,float32,int64,10,torch,pass,,,42704.23,43695.154,0.050189,50.189,,14.07,13.8,
MetaX_C600-U,MetaX C600-U,28,ca1c06d95726808d4e60ab34a09d68ae26286589,962b5883579bcbc1d4dcc78df3c3b928,official,sampler,4096,129280,512,1,1,float32,int64,10,deep_gemm,unsupported,UnsupportedByBackend,backend 'deep_gemm' returns an unordered selection; `sorted_value`/`sorted_index` need backend 'maca_c',,,,,,,,
MetaX_C600-U,MetaX C600-U,28,ca1c06d95726808d4e60ab34a09d68ae26286589,962b5883579bcbc1d4dcc78df3c3b928,deep_gemm_axes,lightning_indexer,1,66551,2048,0,0,float32,int32,10,maca_c,pass,,,58.214,103.552,0.004714,4.714,0.274,100.0,100.0,
MetaX_C600-U,MetaX C600-U,28,ca1c06d95726808d4e60ab34a09d68ae26286589,962b5883579bcbc1d4dcc78df3c3b928,deep_gemm_axes,lightning_indexer,1,66551,2048,0,0,float32,int32,10,torch,pass,,,174.95,147.712,0.001568,1.568,,33.27,70.1,
MetaX_C600-U,MetaX C600-U,28,ca1c06d95726808d4e60ab34a09d68ae26286589,962b5883579bcbc1d4dcc78df3c3b928,deep_gemm_axes,lightning_indexer,1,66551,2048,0,0,float32,int32,10,deep_gemm,pass,,,35.354,500.198,0.007761,7.761,0.274,164.66,20.7,
MetaX_C600-U,MetaX C600-U,28,ca1c06d95726808d4e60ab34a09d68ae26286589,962b5883579bcbc1d4dcc78df3c3b928,deep_gemm_axes,lightning_indexer,16,66551,2048,0,0,float32,int32,10,maca_c,pass,,,59.443,91.93,0.073858,73.858,4.39,100.0,100.0,
MetaX_C600-U,MetaX C600-U,28,ca1c06d95726808d4e60ab34a09d68ae26286589,962b5883579bcbc1d4dcc78df3c3b928,deep_gemm_axes,lightning_indexer,16,66551,2048,0,0,float32,int32,10,torch,pass,,,294.016,295.014,0.014932,14.932,,20.22,31.16,
MetaX_C600-U,MetaX C600-U,28,ca1c06d95726808d4e60ab34a09d68ae26286589,962b5883579bcbc1d4dcc78df3c3b928,deep_gemm_axes,lightning_indexer,16,66551,2048,0,0,float32,int32,10,deep_gemm,pass,,,50.33,569.165,0.087231,87.231,4.39,118.11,16.15,
MetaX_C600-U,MetaX C600-U,28,ca1c06d95726808d4e60ab34a09d68ae26286589,962b5883579bcbc1d4dcc78df3c3b928,deep_gemm_axes,lightning_indexer,132,66551,2048,0,0,float32,int32,10,maca_c,pass,,,145.101,168.55,0.249621,249.621,36.22,100.0,100.0,
MetaX_C600-U,MetaX C600-U,28,ca1c06d95726808d4e60ab34a09d68ae26286589,962b5883579bcbc1d4dcc78df3c3b928,deep_gemm_axes,lightning_indexer,132,66551,2048,0,0,float32,int32,10,torch,pass,,,1003.315,1173.683,0.036101,36.101,,14.46,14.36,
MetaX_C600-U,MetaX C600-U,28,ca1c06d95726808d4e60ab34a09d68ae26286589,962b5883579bcbc1d4dcc78df3c3b928,deep_gemm_axes,lightning_indexer,132,66551,2048,0,0,float32,int32,10,deep_gemm,pass,,,122.547,1155.046,0.295562,295.562,36.22,118.4,14.59,
MetaX_C600-U,MetaX C600-U,28,ca1c06d95726808d4e60ab34a09d68ae26286589,962b5883579bcbc1d4dcc78df3c3b928,deep_gemm_axes,lightning_indexer,512,66551,2048,0,0,float32,int32,10,maca_c,pass,,,470.835,495.718,0.298386,298.386,140.491,100.0,100.0,
MetaX_C600-U,MetaX C600-U,28,ca1c06d95726808d4e60ab34a09d68ae26286589,962b5883579bcbc1d4dcc78df3c3b928,deep_gemm_axes,lightning_indexer,512,66551,2048,0,0,float32,int32,10,torch,pass,,,3015.552,3738.675,0.046589,46.589,,15.61,13.26,
MetaX_C600-U,MetaX C600-U,28,ca1c06d95726808d4e60ab34a09d68ae26286589,962b5883579bcbc1d4dcc78df3c3b928,deep_gemm_axes,lightning_indexer,512,66551,2048,0,0,float32,int32,10,deep_gemm,pass,,,411.878,3459.866,0.341098,341.098,140.491,114.31,14.33,
MetaX_C600-U,MetaX C600-U,28,ca1c06d95726808d4e60ab34a09d68ae26286589,962b5883579bcbc1d4dcc78df3c3b928,deep_gemm_axes,lightning_indexer,1,131072,2048,0,0,float32,int32,10,maca_c,pass,,,95.898,113.434,0.005553,5.553,0.532,100.0,100.0,sglang-bs1-seq2048: that grid declares a window; this ranks the whole row
MetaX_C600-U,MetaX C600-U,28,ca1c06d95726808d4e60ab34a09d68ae26286589,962b5883579bcbc1d4dcc78df3c3b928,deep_gemm_axes,lightning_indexer,1,131072,2048,0,0,float32,int32,10,torch,pass,,,182.605,154.086,0.002916,2.916,,52.52,73.62,sglang-bs1-seq2048: that grid declares a window; this ranks the whole row
MetaX_C600-U,MetaX C600-U,28,ca1c06d95726808d4e60ab34a09d68ae26286589,962b5883579bcbc1d4dcc78df3c3b928,deep_gemm_axes,lightning_indexer,1,131072,2048,0,0,float32,int32,10,deep_gemm,pass,,,43.699,558.182,0.012185,12.185,0.532,219.45,20.32,sglang-bs1-seq2048: that grid declares a window; this ranks the whole row
MetaX_C600-U,MetaX C600-U,28,ca1c06d95726808d4e60ab34a09d68ae26286589,962b5883579bcbc1d4dcc78df3c3b928,deep_gemm_axes,lightning_indexer,1,131072,2048,0,0,float32,int32,10,maca_c,pass,,,94.822,121.805,0.005616,5.616,0.532,100.0,100.0,sglang-bs1-seq4096: that grid declares a window; this ranks the whole row
MetaX_C600-U,MetaX C600-U,28,ca1c06d95726808d4e60ab34a09d68ae26286589,962b5883579bcbc1d4dcc78df3c3b928,deep_gemm_axes,lightning_indexer,1,131072,2048,0,0,float32,int32,10,torch,pass,,,184.934,158.899,0.002879,2.879,,51.27,76.66,sglang-bs1-seq4096: that grid declares a window; this ranks the whole row
MetaX_C600-U,MetaX C600-U,28,ca1c06d95726808d4e60ab34a09d68ae26286589,962b5883579bcbc1d4dcc78df3c3b928,deep_gemm_axes,lightning_indexer,1,131072,2048,0,0,float32,int32,10,deep_gemm,pass,,,41.626,667.955,0.012792,12.792,0.532,227.8,18.24,sglang-bs1-seq4096: that grid declares a window; this ranks the whole row
MetaX_C600-U,MetaX C600-U,28,ca1c06d95726808d4e60ab34a09d68ae26286589,962b5883579bcbc1d4dcc78df3c3b928,deep_gemm_axes,lightning_indexer,1,131072,2048,0,0,float32,int32,10,maca_c,pass,,,96.384,136.781,0.005525,5.525,0.532,100.0,100.0,sglang-bs1-seq16384: that grid declares a window; this ranks the whole row
MetaX_C600-U,MetaX C600-U,28,ca1c06d95726808d4e60ab34a09d68ae26286589,962b5883579bcbc1d4dcc78df3c3b928,deep_gemm_axes,lightning_indexer,1,131072,2048,0,0,float32,int32,10,torch,pass,,,182.144,154.854,0.002923,2.923,,52.92,88.33,sglang-bs1-seq16384: that grid declares a window; this ranks the whole row
MetaX_C600-U,MetaX C600-U,28,ca1c06d95726808d4e60ab34a09d68ae26286589,962b5883579bcbc1d4dcc78df3c3b928,deep_gemm_axes,lightning_indexer,1,131072,2048,0,0,float32,int32,10,deep_gemm,pass,,,41.318,557.491,0.012887,12.887,0.532,233.27,24.54,sglang-bs1-seq16384: that grid declares a window; this ranks the whole row
MetaX_C600-U,MetaX C600-U,28,ca1c06d95726808d4e60ab34a09d68ae26286589,962b5883579bcbc1d4dcc78df3c3b928,deep_gemm_axes,lightning_indexer,1,131072,2048,0,0,float32,int32,10,maca_c,pass,,,102.707,121.062,0.005184,5.184,0.532,100.0,100.0,sglang-bs1-seq65536: that grid declares a window; this ranks the whole row
MetaX_C600-U,MetaX C600-U,28,ca1c06d95726808d4e60ab34a09d68ae26286589,962b5883579bcbc1d4dcc78df3c3b928,deep_gemm_axes,lightning_indexer,1,131072,2048,0,0,float32,int32,10,torch,pass,,,181.325,154.624,0.002937,2.937,,56.64,78.29,sglang-bs1-seq65536: that grid declares a window; this ranks the whole row
MetaX_C600-U,MetaX C600-U,28,ca1c06d95726808d4e60ab34a09d68ae26286589,962b5883579bcbc1d4dcc78df3c3b928,deep_gemm_axes,lightning_indexer,1,131072,2048,0,0,float32,int32,10,deep_gemm,pass,,,42.726,555.494,0.012463,12.463,0.532,240.39,21.79,sglang-bs1-seq65536: that grid declares a window; this ranks the whole row
MetaX_C600-U,MetaX C600-U,28,ca1c06d95726808d4e60ab34a09d68ae26286589,962b5883579bcbc1d4dcc78df3c3b928,deep_gemm_axes,lightning_indexer,132,131072,2048,0,0,float32,int32,10,maca_c,pass,,,256.179,280.038,0.274368,274.368,70.287,100.0,100.0,sglang-bs132-seq2048: that grid declares a window; this ranks the whole row
MetaX_C600-U,MetaX C600-U,28,ca1c06d95726808d4e60ab34a09d68ae26286589,962b5883579bcbc1d4dcc78df3c3b928,deep_gemm_axes,lightning_indexer,132,131072,2048,0,0,float32,int32,10,torch,pass,,,1664.589,1639.757,0.042225,42.225,,15.39,17.08,sglang-bs132-seq2048: that grid declares a window; this ranks the whole row
MetaX_C600-U,MetaX C600-U,28,ca1c06d95726808d4e60ab34a09d68ae26286589,962b5883579bcbc1d4dcc78df3c3b928,deep_gemm_axes,lightning_indexer,132,131072,2048,0,0,float32,int32,10,deep_gemm,pass,,,224.307,1175.168,0.313353,313.353,70.287,114.21,23.83,sglang-bs132-seq2048: that grid declares a window; this ranks the whole row
MetaX_C600-U,MetaX C600-U,28,ca1c06d95726808d4e60ab34a09d68ae26286589,962b5883579bcbc1d4dcc78df3c3b928,deep_gemm_axes,lightning_indexer,132,131072,2048,0,0,float32,int32,10,maca_c,pass,,,256.41,280.422,0.274121,274.121,70.287,100.0,100.0,sglang-bs132-seq4096: that grid declares a window; this ranks the whole row
MetaX_C600-U,MetaX C600-U,28,ca1c06d95726808d4e60ab34a09d68ae26286589,962b5883579bcbc1d4dcc78df3c3b928,deep_gemm_axes,lightning_indexer,132,131072,2048,0,0,float32,int32,10,torch,pass,,,1649.101,1633.536,0.042622,42.622,,15.55,17.17,sglang-bs132-seq4096: that grid declares a window; this ranks the whole row
MetaX_C600-U,MetaX C600-U,28,ca1c06d95726808d4e60ab34a09d68ae26286589,962b5883579bcbc1d4dcc78df3c3b928,deep_gemm_axes,lightning_indexer,132,131072,2048,0,0,float32,int32,10,deep_gemm,pass,,,225.126,1529.062,0.312213,312.213,70.287,113.9,18.34,sglang-bs132-seq4096: that grid declares a window; this ranks the whole row
MetaX_C600-U,MetaX C600-U,28,ca1c06d95726808d4e60ab34a09d68ae26286589,962b5883579bcbc1d4dcc78df3c3b928,deep_gemm_axes,lightning_indexer,132,131072,2048,0,0,float32,int32,10,maca_c,pass,,,256.154,281.139,0.274395,274.395,70.287,100.0,100.0,sglang-bs132-seq16384: that grid declares a window; this ranks the whole row
MetaX_C600-U,MetaX C600-U,28,ca1c06d95726808d4e60ab34a09d68ae26286589,962b5883579bcbc1d4dcc78df3c3b928,deep_gemm_axes,lightning_indexer,132,131072,2048,0,0,float32,int32,10,torch,pass,,,1674.547,1654.451,0.041974,41.974,,15.3,16.99,sglang-bs132-seq16384: that grid declares a window; this ranks the whole row
MetaX_C600-U,MetaX C600-U,28,ca1c06d95726808d4e60ab34a09d68ae26286589,962b5883579bcbc1d4dcc78df3c3b928,deep_gemm_axes,lightning_indexer,132,131072,2048,0,0,float32,int32,10,deep_gemm,pass,,,225.254,1161.498,0.312036,312.036,70.287,113.72,24.2,sglang-bs132-seq16384: that grid declares a window; this ranks the whole row
MetaX_C600-U,MetaX C600-U,28,ca1c06d95726808d4e60ab34a09d68ae26286589,962b5883579bcbc1d4dcc78df3c3b928,deep_gemm_axes,lightning_indexer,132,131072,2048,0,0,float32,int32,10,maca_c,pass,,,255.462,280.32,0.275138,275.138,70.287,100.0,100.0,sglang-bs132-seq65536: that grid declares a window; this ranks the whole row
MetaX_C600-U,MetaX C600-U,28,ca1c06d95726808d4e60ab34a09d68ae26286589,962b5883579bcbc1d4dcc78df3c3b928,deep_gemm_axes,lightning_indexer,132,131072,2048,0,0,float32,int32,10,torch,pass,,,1675.264,1652.685,0.041956,41.956,,15.25,16.96,sglang-bs132-seq65536: that grid declares a window; this ranks the whole row
MetaX_C600-U,MetaX C600-U,28,ca1c06d95726808d4e60ab34a09d68ae26286589,962b5883579bcbc1d4dcc78df3c3b928,deep_gemm_axes,lightning_indexer,132,131072,2048,0,0,float32,int32,10,deep_gemm,pass,,,223.949,1168.282,0.313854,313.854,70.287,114.07,23.99,sglang-bs132-seq65536: that grid declares a window; this ranks the whole row
MetaX_C600-U,MetaX C600-U,28,ca1c06d95726808d4e60ab34a09d68ae26286589,962b5883579bcbc1d4dcc78df3c3b928,deep_gemm_axes,lightning_indexer,256,131072,2048,0,0,float32,int32,10,maca_c,pass,,,466.534,491.597,0.292186,292.186,136.315,100.0,100.0,sglang-bs256-seq2048: that grid declares a window; this ranks the whole row
MetaX_C600-U,MetaX C600-U,28,ca1c06d95726808d4e60ab34a09d68ae26286589,962b5883579bcbc1d4dcc78df3c3b928,deep_gemm_axes,lightning_indexer,256,131072,2048,0,0,float32,int32,10,torch,pass,,,3001.37,2993.408,0.045418,45.418,,15.54,16.42,sglang-bs256-seq2048: that grid declares a window; this ranks the whole row
MetaX_C600-U,MetaX C600-U,28,ca1c06d95726808d4e60ab34a09d68ae26286589,962b5883579bcbc1d4dcc78df3c3b928,deep_gemm_axes,lightning_indexer,256,131072,2048,0,0,float32,int32,10,deep_gemm,pass,,,421.632,2014.131,0.323303,323.303,136.315,110.65,24.41,sglang-bs256-seq2048: that grid declares a window; this ranks the whole row
MetaX_C600-U,MetaX C600-U,28,ca1c06d95726808d4e60ab34a09d68ae26286589,962b5883579bcbc1d4dcc78df3c3b928,deep_gemm_axes,lightning_indexer,256,131072,2048,0,0,float32,int32,10,maca_c,pass,,,467.2,490.368,0.29177,291.77,136.315,100.0,100.0,sglang-bs256-seq4096: that grid declares a window; this ranks the whole row
MetaX_C600-U,MetaX C600-U,28,ca1c06d95726808d4e60ab34a09d68ae26286589,962b5883579bcbc1d4dcc78df3c3b928,deep_gemm_axes,lightning_indexer,256,131072,2048,0,0,float32,int32,10,torch,pass,,,3000.115,2965.35,0.045437,45.437,,15.57,16.54,sglang-bs256-seq4096: that grid declares a window; this ranks the whole row
MetaX_C600-U,MetaX C600-U,28,ca1c06d95726808d4e60ab34a09d68ae26286589,962b5883579bcbc1d4dcc78df3c3b928,deep_gemm_axes,lightning_indexer,256,131072,2048,0,0,float32,int32,10,deep_gemm,pass,,,419.2,2018.406,0.325179,325.179,136.315,111.45,24.29,sglang-bs256-seq4096: that grid declares a window; this ranks the whole row
MetaX_C600-U,MetaX C600-U,28,ca1c06d95726808d4e60ab34a09d68ae26286589,962b5883579bcbc1d4dcc78df3c3b928,deep_gemm_axes,lightning_indexer,256,131072,2048,0,0,float32,int32,10,maca_c,pass,,,467.328,493.184,0.29169,291.69,136.315,100.0,100.0,sglang-bs256-seq16384: that grid declares a window; this ranks the whole row
MetaX_C600-U,MetaX C600-U,28,ca1c06d95726808d4e60ab34a09d68ae26286589,962b5883579bcbc1d4dcc78df3c3b928,deep_gemm_axes,lightning_indexer,256,131072,2048,0,0,float32,int32,10,torch,pass,,,2993.843,2983.245,0.045532,45.532,,15.61,16.53,sglang-bs256-seq16384: that grid declares a window; this ranks the whole row
MetaX_C600-U,MetaX C600-U,28,ca1c06d95726808d4e60ab34a09d68ae26286589,962b5883579bcbc1d4dcc78df3c3b928,deep_gemm_axes,lightning_indexer,256,131072,2048,0,0,float32,int32,10,deep_gemm,pass,,,417.946,2008.832,0.326154,326.154,136.315,111.82,24.55,sglang-bs256-seq16384: that grid declares a window; this ranks the whole row
MetaX_C600-U,MetaX C600-U,28,ca1c06d95726808d4e60ab34a09d68ae26286589,962b5883579bcbc1d4dcc78df3c3b928,deep_gemm_axes,lightning_indexer,256,131072,2048,0,0,float32,int32,10,maca_c,pass,,,466.15,487.68,0.292427,292.427,136.315,100.0,100.0,sglang-bs256-seq65536: that grid declares a window; this ranks the whole row
MetaX_C600-U,MetaX C600-U,28,ca1c06d95726808d4e60ab34a09d68ae26286589,962b5883579bcbc1d4dcc78df3c3b928,deep_gemm_axes,lightning_indexer,256,131072,2048,0,0,float32,int32,10,torch,pass,,,2980.326,2968.448,0.045738,45.738,,15.64,16.43,sglang-bs256-seq65536: that grid declares a window; this ranks the whole row
MetaX_C600-U,MetaX C600-U,28,ca1c06d95726808d4e60ab34a09d68ae26286589,962b5883579bcbc1d4dcc78df3c3b928,deep_gemm_axes,lightning_indexer,256,131072,2048,0,0,float32,int32,10,deep_gemm,pass,,,416.538,2017.152,0.327257,327.257,136.315,111.91,24.18,sglang-bs256-seq65536: that grid declares a window; this ranks the whole row
MetaX_C600-U,MetaX C600-U,28,ca1c06d95726808d4e60ab34a09d68ae26286589,962b5883579bcbc1d4dcc78df3c3b928,deep_gemm_axes,lightning_indexer,4096,131072,2048,0,0,float32,int32,10,maca_c,pass,,,6155.418,6181.145,0.354328,354.328,2181.038,100.0,100.0,sglang-bs4096-seq2048: that grid declares a window; this ranks the whole row
MetaX_C600-U,MetaX C600-U,28,ca1c06d95726808d4e60ab34a09d68ae26286589,962b5883579bcbc1d4dcc78df3c3b928,deep_gemm_axes,lightning_indexer,4096,131072,2048,0,0,float32,int32,10,torch,pass,,,43447.962,43708.978,0.050199,50.199,,14.17,14.14,sglang-bs4096-seq2048: that grid declares a window; this ranks the whole row
MetaX_C600-U,MetaX C600-U,28,ca1c06d95726808d4e60ab34a09d68ae26286589,962b5883579bcbc1d4dcc78df3c3b928,deep_gemm_axes,lightning_indexer,4096,131072,2048,0,0,float32,int32,10,deep_gemm,pass,,,5556.045,25558.452,0.392552,392.552,2181.038,110.79,24.18,sglang-bs4096-seq2048: that grid declares a window; this ranks the whole row
MetaX_C600-U,MetaX C600-U,28,ca1c06d95726808d4e60ab34a09d68ae26286589,962b5883579bcbc1d4dcc78df3c3b928,deep_gemm_axes,lightning_indexer,4096,131072,2048,0,0,float32,int32,10,maca_c,pass,,,6141.798,6160.614,0.355114,355.114,2181.038,100.0,100.0,sglang-bs4096-seq4096: that grid declares a window; this ranks the whole row
MetaX_C600-U,MetaX C600-U,28,ca1c06d95726808d4e60ab34a09d68ae26286589,962b5883579bcbc1d4dcc78df3c3b928,deep_gemm_axes,lightning_indexer,4096,131072,2048,0,0,float32,int32,10,torch,pass,,,43450.982,43683.096,0.050195,50.195,,14.14,14.1,sglang-bs4096-seq4096: that grid declares a window; this ranks the whole row
MetaX_C600-U,MetaX C600-U,28,ca1c06d95726808d4e60ab34a09d68ae26286589,962b5883579bcbc1d4dcc78df3c3b928,deep_gemm_axes,lightning_indexer,4096,131072,2048,0,0,float32,int32,10,deep_gemm,pass,,,5548.186,25596.211,0.393108,393.108,2181.038,110.7,24.07,sglang-bs4096-seq4096: that grid declares a window; this ranks the whole row
MetaX_C600-U,MetaX C600-U,28,ca1c06d95726808d4e60ab34a09d68ae26286589,962b5883579bcbc1d4dcc78df3c3b928,deep_gemm_axes,lightning_indexer,4096,131072,2048,0,0,float32,int32,10,maca_c,pass,,,6140.57,6169.216,0.355185,355.185,2181.038,100.0,100.0,sglang-bs4096-seq16384: that grid declares a window; this ranks the whole row
MetaX_C600-U,MetaX C600-U,28,ca1c06d95726808d4e60ab34a09d68ae26286589,962b5883579bcbc1d4dcc78df3c3b928,deep_gemm_axes,lightning_indexer,4096,131072,2048,0,0,float32,int32,10,torch,pass,,,43476.096,43659.982,0.050166,50.166,,14.12,14.13,sglang-bs4096-seq16384: that grid declares a window; this ranks the whole row
MetaX_C600-U,MetaX C600-U,28,ca1c06d95726808d4e60ab34a09d68ae26286589,962b5883579bcbc1d4dcc78df3c3b928,deep_gemm_axes,lightning_indexer,4096,131072,2048,0,0,float32,int32,10,deep_gemm,pass,,,5570.816,25621.915,0.391511,391.511,2181.038,110.23,24.08,sglang-bs4096-seq16384: that grid declares a window; this ranks the whole row
MetaX_C600-U,MetaX C600-U,28,ca1c06d95726808d4e60ab34a09d68ae26286589,962b5883579bcbc1d4dcc78df3c3b928,deep_gemm_axes,lightning_indexer,4096,131072,2048,0,0,float32,int32,10,maca_c,pass,,,6155.059,6180.557,0.354349,354.349,2181.038,100.0,100.0,sglang-bs4096-seq65536: that grid declares a window; this ranks the whole row
MetaX_C600-U,MetaX C600-U,28,ca1c06d95726808d4e60ab34a09d68ae26286589,962b5883579bcbc1d4dcc78df3c3b928,deep_gemm_axes,lightning_indexer,4096,131072,2048,0,0,float32,int32,10,torch,pass,,,43565.235,43768.729,0.050064,50.064,,14.13,14.12,sglang-bs4096-seq65536: that grid declares a window; this ranks the whole row
MetaX_C600-U,MetaX C600-U,28,ca1c06d95726808d4e60ab34a09d68ae26286589,962b5883579bcbc1d4dcc78df3c3b928,deep_gemm_axes,lightning_indexer,4096,131072,2048,0,0,float32,int32,10,deep_gemm,pass,,,5570.893,25627.393,0.391506,391.506,2181.038,110.49,24.12,sglang-bs4096-seq65536: that grid declares a window; this ranks the whole row
MetaX_C600-U,MetaX C600-U,28,ca1c06d95726808d4e60ab34a09d68ae26286589,962b5883579bcbc1d4dcc78df3c3b928,deep_gemm_axes,lightning_indexer,1,107520,2048,0,0,float32,int32,10,maca_c,pass,,,111.258,130.125,0.003939,3.939,0.438,100.0,100.0,
MetaX_C600-U,MetaX C600-U,28,ca1c06d95726808d4e60ab34a09d68ae26286589,962b5883579bcbc1d4dcc78df3c3b928,deep_gemm_axes,lightning_indexer,1,107520,2048,0,0,float32,int32,10,torch,pass,,,183.04,156.109,0.002394,2.394,,60.78,83.36,
MetaX_C600-U,MetaX C600-U,28,ca1c06d95726808d4e60ab34a09d68ae26286589,962b5883579bcbc1d4dcc78df3c3b928,deep_gemm_axes,lightning_indexer,1,107520,2048,0,0,float32,int32,10,deep_gemm,pass,,,41.011,549.734,0.010687,10.687,0.438,271.29,23.67,
MetaX_C600-U,MetaX C600-U,28,ca1c06d95726808d4e60ab34a09d68ae26286589,962b5883579bcbc1d4dcc78df3c3b928,deep_gemm_axes,lightning_indexer,16,66551,2048,0,0,float32,int32,10,maca_c,pass,,,59.878,96.077,0.073321,73.321,4.39,100.0,100.0,
MetaX_C600-U,MetaX C600-U,28,ca1c06d95726808d4e60ab34a09d68ae26286589,962b5883579bcbc1d4dcc78df3c3b928,deep_gemm_axes,lightning_indexer,16,66551,2048,0,0,float32,int32,10,torch,pass,,,294.4,296.883,0.014913,14.913,,20.34,32.36,
MetaX_C600-U,MetaX C600-U,28,ca1c06d95726808d4e60ab34a09d68ae26286589,962b5883579bcbc1d4dcc78df3c3b928,deep_gemm_axes,lightning_indexer,16,66551,2048,0,0,float32,int32,10,deep_gemm,pass,,,51.277,626.688,0.08562,85.62,4.39,116.77,15.33,
MetaX_C600-U,MetaX C600-U,28,ca1c06d95726808d4e60ab34a09d68ae26286589,962b5883579bcbc1d4dcc78df3c3b928,deep_gemm_axes,lightning_indexer,132,107520,2048,0,0,float32,int32,10,maca_c,pass,,,216.346,240.563,0.267405,267.405,57.852,100.0,100.0,
MetaX_C600-U,MetaX C600-U,28,ca1c06d95726808d4e60ab34a09d68ae26286589,962b5883579bcbc1d4dcc78df3c3b928,deep_gemm_axes,lightning_indexer,132,107520,2048,0,0,float32,int32,10,torch,pass,,,1404.8,1384.141,0.041182,41.182,,15.4,17.38,
MetaX_C600-U,MetaX C600-U,28,ca1c06d95726808d4e60ab34a09d68ae26286589,962b5883579bcbc1d4dcc78df3c3b928,deep_gemm_axes,lightning_indexer,132,107520,2048,0,0,float32,int32,10,deep_gemm,pass,,,186.47,1099.315,0.310248,310.248,57.852,116.02,21.88,
MetaX_C600-U,MetaX C600-U,28,ca1c06d95726808d4e60ab34a09d68ae26286589,962b5883579bcbc1d4dcc78df3c3b928,deep_gemm_axes,lightning_indexer,256,107520,2048,0,0,float32,int32,10,maca_c,pass,,,392.218,419.533,0.286059,286.059,112.198,100.0,100.0,
MetaX_C600-U,MetaX C600-U,28,ca1c06d95726808d4e60ab34a09d68ae26286589,962b5883579bcbc1d4dcc78df3c3b928,deep_gemm_axes,lightning_indexer,256,107520,2048,0,0,float32,int32,10,torch,pass,,,2475.648,2448.333,0.045321,45.321,,15.84,17.14,
MetaX_C600-U,MetaX C600-U,28,ca1c06d95726808d4e60ab34a09d68ae26286589,962b5883579bcbc1d4dcc78df3c3b928,deep_gemm_axes,lightning_indexer,256,107520,2048,0,0,float32,int32,10,deep_gemm,pass,,,350.054,1746.918,0.320515,320.515,112.198,112.04,24.02,
MetaX_C600-U,MetaX C600-U,28,ca1c06d95726808d4e60ab34a09d68ae26286589,962b5883579bcbc1d4dcc78df3c3b928,deep_gemm_axes,lightning_indexer,4096,107520,2048,0,0,float32,int32,10,maca_c,pass,,,5199.642,5222.63,0.345247,345.247,1795.162,100.0,100.0,
MetaX_C600-U,MetaX C600-U,28,ca1c06d95726808d4e60ab34a09d68ae26286589,962b5883579bcbc1d4dcc78df3c3b928,deep_gemm_axes,lightning_indexer,4096,107520,2048,0,0,float32,int32,10,torch,pass,,,34604.877,34800.946,0.051876,51.876,,15.03,15.01,
MetaX_C600-U,MetaX C600-U,28,ca1c06d95726808d4e60ab34a09d68ae26286589,962b5883579bcbc1d4dcc78df3c3b928,deep_gemm_axes,lightning_indexer,4096,107520,2048,0,0,float32,int32,10,deep_gemm,pass,,,4711.526,21358.157,0.381015,381.015,1795.162,110.36,24.45,
