chip,device_name,sm_count,git_commit,extension_md5,case_source,family,n_rows,n_cols,top_k,sorted_value,return_value,input_dtype,index_dtype,num_runs,backend,status,error_type,error_message,time(us),wall_us,throughput(TB/s),bandwidth(GB/s),Byte(MB),relative_pct_vs_maca_c,wall_relative_pct_vs_maca_c,note
MetaX_C600-U,MetaX C600-U,28,9eb62be58cd60422ff6de02df5aab9e8ca4f64aa,51f6d57875fd37351cbbc48397d797e4,official,lightning_indexer,6,256,512,0,0,bfloat16,int32,10,maca_c,pass,,,2.304,85.325,0.006667,6.667,0.015,100.0,100.0,
MetaX_C600-U,MetaX C600-U,28,9eb62be58cd60422ff6de02df5aab9e8ca4f64aa,51f6d57875fd37351cbbc48397d797e4,official,lightning_indexer,6,256,512,0,0,bfloat16,int32,10,torch,pass,,"not applicable: the reference backend needs vocab_size >= topk, no window, no offset (tests/test.py's own guard)",,,,,,,,
MetaX_C600-U,MetaX C600-U,28,9eb62be58cd60422ff6de02df5aab9e8ca4f64aa,51f6d57875fd37351cbbc48397d797e4,official,lightning_indexer,6,256,512,0,0,bfloat16,int32,10,deep_gemm,unsupported,UnsupportedByBackend,"backend 'deep_gemm' ranks float32 scores, and was given torch.bfloat16; 'maca_c' and 'torch' take bfloat16 as well",,,,,,,,
MetaX_C600-U,MetaX C600-U,28,9eb62be58cd60422ff6de02df5aab9e8ca4f64aa,51f6d57875fd37351cbbc48397d797e4,official,lightning_indexer,6,1024,512,0,0,bfloat16,int32,10,maca_c,pass,,,10.214,88.653,0.002406,2.406,0.025,100.0,100.0,
MetaX_C600-U,MetaX C600-U,28,9eb62be58cd60422ff6de02df5aab9e8ca4f64aa,51f6d57875fd37351cbbc48397d797e4,official,lightning_indexer,6,1024,512,0,0,bfloat16,int32,10,torch,pass,,,22.784,24.115,0.001079,1.079,,44.83,367.63,
MetaX_C600-U,MetaX C600-U,28,9eb62be58cd60422ff6de02df5aab9e8ca4f64aa,51f6d57875fd37351cbbc48397d797e4,official,lightning_indexer,6,1024,512,0,0,bfloat16,int32,10,deep_gemm,unsupported,UnsupportedByBackend,"backend 'deep_gemm' ranks float32 scores, and was given torch.bfloat16; 'maca_c' and 'torch' take bfloat16 as well",,,,,,,,
MetaX_C600-U,MetaX C600-U,28,9eb62be58cd60422ff6de02df5aab9e8ca4f64aa,51f6d57875fd37351cbbc48397d797e4,official,lightning_indexer,6,4096,512,0,0,bfloat16,int32,10,maca_c,pass,,,11.008,82.714,0.005581,5.581,0.061,100.0,100.0,
MetaX_C600-U,MetaX C600-U,28,9eb62be58cd60422ff6de02df5aab9e8ca4f64aa,51f6d57875fd37351cbbc48397d797e4,official,lightning_indexer,6,4096,512,0,0,bfloat16,int32,10,torch,pass,,,37.453,36.506,0.00164,1.64,,29.39,226.58,
MetaX_C600-U,MetaX C600-U,28,9eb62be58cd60422ff6de02df5aab9e8ca4f64aa,51f6d57875fd37351cbbc48397d797e4,official,lightning_indexer,6,4096,512,0,0,bfloat16,int32,10,deep_gemm,unsupported,UnsupportedByBackend,"backend 'deep_gemm' ranks float32 scores, and was given torch.bfloat16; 'maca_c' and 'torch' take bfloat16 as well",,,,,,,,
MetaX_C600-U,MetaX C600-U,28,9eb62be58cd60422ff6de02df5aab9e8ca4f64aa,51f6d57875fd37351cbbc48397d797e4,official,lightning_indexer,6,16384,512,0,0,bfloat16,int32,10,maca_c,pass,,,16.486,82.202,0.012671,12.671,0.209,100.0,100.0,
MetaX_C600-U,MetaX C600-U,28,9eb62be58cd60422ff6de02df5aab9e8ca4f64aa,51f6d57875fd37351cbbc48397d797e4,official,lightning_indexer,6,16384,512,0,0,bfloat16,int32,10,torch,pass,,,92.262,90.547,0.002264,2.264,,17.87,90.78,
MetaX_C600-U,MetaX C600-U,28,9eb62be58cd60422ff6de02df5aab9e8ca4f64aa,51f6d57875fd37351cbbc48397d797e4,official,lightning_indexer,6,16384,512,0,0,bfloat16,int32,10,deep_gemm,unsupported,UnsupportedByBackend,"backend 'deep_gemm' ranks float32 scores, and was given torch.bfloat16; 'maca_c' and 'torch' take bfloat16 as well",,,,,,,,
MetaX_C600-U,MetaX C600-U,28,9eb62be58cd60422ff6de02df5aab9e8ca4f64aa,51f6d57875fd37351cbbc48397d797e4,official,lightning_indexer,6,65536,512,0,0,bfloat16,int32,10,maca_c,pass,,,29.235,90.01,0.027321,27.321,0.799,100.0,100.0,
MetaX_C600-U,MetaX C600-U,28,9eb62be58cd60422ff6de02df5aab9e8ca4f64aa,51f6d57875fd37351cbbc48397d797e4,official,lightning_indexer,6,65536,512,0,0,bfloat16,int32,10,torch,pass,,,150.118,136.986,0.005321,5.321,,19.47,65.71,
MetaX_C600-U,MetaX C600-U,28,9eb62be58cd60422ff6de02df5aab9e8ca4f64aa,51f6d57875fd37351cbbc48397d797e4,official,lightning_indexer,6,65536,512,0,0,bfloat16,int32,10,deep_gemm,unsupported,UnsupportedByBackend,"backend 'deep_gemm' ranks float32 scores, and was given torch.bfloat16; 'maca_c' and 'torch' take bfloat16 as well",,,,,,,,
MetaX_C600-U,MetaX C600-U,28,9eb62be58cd60422ff6de02df5aab9e8ca4f64aa,51f6d57875fd37351cbbc48397d797e4,official,lightning_indexer,6,131072,512,0,0,bfloat16,int32,10,maca_c,pass,,,41.037,84.531,0.038627,38.627,1.585,100.0,100.0,
MetaX_C600-U,MetaX C600-U,28,9eb62be58cd60422ff6de02df5aab9e8ca4f64aa,51f6d57875fd37351cbbc48397d797e4,official,lightning_indexer,6,131072,512,0,0,bfloat16,int32,10,torch,pass,,,182.272,165.76,0.008697,8.697,,22.51,51.0,
MetaX_C600-U,MetaX C600-U,28,9eb62be58cd60422ff6de02df5aab9e8ca4f64aa,51f6d57875fd37351cbbc48397d797e4,official,lightning_indexer,6,131072,512,0,0,bfloat16,int32,10,deep_gemm,unsupported,UnsupportedByBackend,"backend 'deep_gemm' ranks float32 scores, and was given torch.bfloat16; 'maca_c' and 'torch' take bfloat16 as well",,,,,,,,
MetaX_C600-U,MetaX C600-U,28,9eb62be58cd60422ff6de02df5aab9e8ca4f64aa,51f6d57875fd37351cbbc48397d797e4,official,lightning_indexer,6,262144,512,0,0,bfloat16,int32,10,maca_c,pass,,,54.861,117.222,0.057564,57.564,3.158,100.0,100.0,
MetaX_C600-U,MetaX C600-U,28,9eb62be58cd60422ff6de02df5aab9e8ca4f64aa,51f6d57875fd37351cbbc48397d797e4,official,lightning_indexer,6,262144,512,0,0,bfloat16,int32,10,torch,pass,,,246.502,230.298,0.012811,12.811,,22.26,50.9,
MetaX_C600-U,MetaX C600-U,28,9eb62be58cd60422ff6de02df5aab9e8ca4f64aa,51f6d57875fd37351cbbc48397d797e4,official,lightning_indexer,6,262144,512,0,0,bfloat16,int32,10,deep_gemm,unsupported,UnsupportedByBackend,"backend 'deep_gemm' ranks float32 scores, and was given torch.bfloat16; 'maca_c' and 'torch' take bfloat16 as well",,,,,,,,
MetaX_C600-U,MetaX C600-U,28,9eb62be58cd60422ff6de02df5aab9e8ca4f64aa,51f6d57875fd37351cbbc48397d797e4,official,lightning_indexer,6,524288,512,0,0,bfloat16,int32,10,maca_c,pass,,,72.166,115.994,0.087351,87.351,6.304,100.0,100.0,
MetaX_C600-U,MetaX C600-U,28,9eb62be58cd60422ff6de02df5aab9e8ca4f64aa,51f6d57875fd37351cbbc48397d797e4,official,lightning_indexer,6,524288,512,0,0,bfloat16,int32,10,torch,pass,,,342.118,325.018,0.018426,18.426,,21.09,35.69,
MetaX_C600-U,MetaX C600-U,28,9eb62be58cd60422ff6de02df5aab9e8ca4f64aa,51f6d57875fd37351cbbc48397d797e4,official,lightning_indexer,6,524288,512,0,0,bfloat16,int32,10,deep_gemm,unsupported,UnsupportedByBackend,"backend 'deep_gemm' ranks float32 scores, and was given torch.bfloat16; 'maca_c' and 'torch' take bfloat16 as well",,,,,,,,
MetaX_C600-U,MetaX C600-U,28,9eb62be58cd60422ff6de02df5aab9e8ca4f64aa,51f6d57875fd37351cbbc48397d797e4,official,lightning_indexer,6,1048576,512,0,0,bfloat16,int32,10,maca_c,pass,,,96.973,120.602,0.129884,129.884,12.595,100.0,100.0,
MetaX_C600-U,MetaX C600-U,28,9eb62be58cd60422ff6de02df5aab9e8ca4f64aa,51f6d57875fd37351cbbc48397d797e4,official,lightning_indexer,6,1048576,512,0,0,bfloat16,int32,10,torch,pass,,,514.048,496.845,0.024502,24.502,,18.86,24.27,
MetaX_C600-U,MetaX C600-U,28,9eb62be58cd60422ff6de02df5aab9e8ca4f64aa,51f6d57875fd37351cbbc48397d797e4,official,lightning_indexer,6,1048576,512,0,0,bfloat16,int32,10,deep_gemm,unsupported,UnsupportedByBackend,"backend 'deep_gemm' ranks float32 scores, and was given torch.bfloat16; 'maca_c' and 'torch' take bfloat16 as well",,,,,,,,
MetaX_C600-U,MetaX C600-U,28,9eb62be58cd60422ff6de02df5aab9e8ca4f64aa,51f6d57875fd37351cbbc48397d797e4,official,lightning_indexer,256,256,512,0,0,bfloat16,int32,10,maca_c,pass,,,4.429,86.349,0.14797,147.97,0.655,100.0,100.0,
MetaX_C600-U,MetaX C600-U,28,9eb62be58cd60422ff6de02df5aab9e8ca4f64aa,51f6d57875fd37351cbbc48397d797e4,official,lightning_indexer,256,256,512,0,0,bfloat16,int32,10,torch,pass,,"not applicable: the reference backend needs vocab_size >= topk, no window, no offset (tests/test.py's own guard)",,,,,,,,
MetaX_C600-U,MetaX C600-U,28,9eb62be58cd60422ff6de02df5aab9e8ca4f64aa,51f6d57875fd37351cbbc48397d797e4,official,lightning_indexer,256,256,512,0,0,bfloat16,int32,10,deep_gemm,unsupported,UnsupportedByBackend,"backend 'deep_gemm' ranks float32 scores, and was given torch.bfloat16; 'maca_c' and 'torch' take bfloat16 as well",,,,,,,,
MetaX_C600-U,MetaX C600-U,28,9eb62be58cd60422ff6de02df5aab9e8ca4f64aa,51f6d57875fd37351cbbc48397d797e4,official,lightning_indexer,256,1024,512,0,0,bfloat16,int32,10,maca_c,pass,,,25.037,84.07,0.041881,41.881,1.049,100.0,100.0,
MetaX_C600-U,MetaX C600-U,28,9eb62be58cd60422ff6de02df5aab9e8ca4f64aa,51f6d57875fd37351cbbc48397d797e4,official,lightning_indexer,256,1024,512,0,0,bfloat16,int32,10,torch,pass,,,151.962,154.624,0.0069,6.9,,16.48,54.37,
MetaX_C600-U,MetaX C600-U,28,9eb62be58cd60422ff6de02df5aab9e8ca4f64aa,51f6d57875fd37351cbbc48397d797e4,official,lightning_indexer,256,1024,512,0,0,bfloat16,int32,10,deep_gemm,unsupported,UnsupportedByBackend,"backend 'deep_gemm' ranks float32 scores, and was given torch.bfloat16; 'maca_c' and 'torch' take bfloat16 as well",,,,,,,,
MetaX_C600-U,MetaX C600-U,28,9eb62be58cd60422ff6de02df5aab9e8ca4f64aa,51f6d57875fd37351cbbc48397d797e4,official,lightning_indexer,256,4096,512,0,0,bfloat16,int32,10,maca_c,pass,,,34.842,83.968,0.075238,75.238,2.621,100.0,100.0,
MetaX_C600-U,MetaX C600-U,28,9eb62be58cd60422ff6de02df5aab9e8ca4f64aa,51f6d57875fd37351cbbc48397d797e4,official,lightning_indexer,256,4096,512,0,0,bfloat16,int32,10,torch,pass,,,264.934,248.013,0.009895,9.895,,13.15,33.86,
MetaX_C600-U,MetaX C600-U,28,9eb62be58cd60422ff6de02df5aab9e8ca4f64aa,51f6d57875fd37351cbbc48397d797e4,official,lightning_indexer,256,4096,512,0,0,bfloat16,int32,10,deep_gemm,unsupported,UnsupportedByBackend,"backend 'deep_gemm' ranks float32 scores, and was given torch.bfloat16; 'maca_c' and 'torch' take bfloat16 as well",,,,,,,,
MetaX_C600-U,MetaX C600-U,28,9eb62be58cd60422ff6de02df5aab9e8ca4f64aa,51f6d57875fd37351cbbc48397d797e4,official,lightning_indexer,256,16384,512,0,0,bfloat16,int32,10,maca_c,pass,,,62.899,86.298,0.141702,141.702,8.913,100.0,100.0,
MetaX_C600-U,MetaX C600-U,28,9eb62be58cd60422ff6de02df5aab9e8ca4f64aa,51f6d57875fd37351cbbc48397d797e4,official,lightning_indexer,256,16384,512,0,0,bfloat16,int32,10,torch,pass,,,584.422,564.813,0.015251,15.251,,10.76,15.28,
MetaX_C600-U,MetaX C600-U,28,9eb62be58cd60422ff6de02df5aab9e8ca4f64aa,51f6d57875fd37351cbbc48397d797e4,official,lightning_indexer,256,16384,512,0,0,bfloat16,int32,10,deep_gemm,unsupported,UnsupportedByBackend,"backend 'deep_gemm' ranks float32 scores, and was given torch.bfloat16; 'maca_c' and 'torch' take bfloat16 as well",,,,,,,,
MetaX_C600-U,MetaX C600-U,28,9eb62be58cd60422ff6de02df5aab9e8ca4f64aa,51f6d57875fd37351cbbc48397d797e4,official,lightning_indexer,256,65536,512,0,0,bfloat16,int32,10,maca_c,pass,,,166.426,176.384,0.204768,204.768,34.079,100.0,100.0,
MetaX_C600-U,MetaX C600-U,28,9eb62be58cd60422ff6de02df5aab9e8ca4f64aa,51f6d57875fd37351cbbc48397d797e4,official,lightning_indexer,256,65536,512,0,0,bfloat16,int32,10,torch,pass,,,1274.906,1261.875,0.02673,26.73,,13.05,13.98,
MetaX_C600-U,MetaX C600-U,28,9eb62be58cd60422ff6de02df5aab9e8ca4f64aa,51f6d57875fd37351cbbc48397d797e4,official,lightning_indexer,256,65536,512,0,0,bfloat16,int32,10,deep_gemm,unsupported,UnsupportedByBackend,"backend 'deep_gemm' ranks float32 scores, and was given torch.bfloat16; 'maca_c' and 'torch' take bfloat16 as well",,,,,,,,
MetaX_C600-U,MetaX C600-U,28,9eb62be58cd60422ff6de02df5aab9e8ca4f64aa,51f6d57875fd37351cbbc48397d797e4,official,lightning_indexer,256,131072,512,0,0,bfloat16,int32,10,maca_c,pass,,,251.29,261.171,0.269144,269.144,67.633,100.0,100.0,
MetaX_C600-U,MetaX C600-U,28,9eb62be58cd60422ff6de02df5aab9e8ca4f64aa,51f6d57875fd37351cbbc48397d797e4,official,lightning_indexer,256,131072,512,0,0,bfloat16,int32,10,torch,pass,,,2203.443,2190.822,0.030694,30.694,,11.4,11.92,
MetaX_C600-U,MetaX C600-U,28,9eb62be58cd60422ff6de02df5aab9e8ca4f64aa,51f6d57875fd37351cbbc48397d797e4,official,lightning_indexer,256,131072,512,0,0,bfloat16,int32,10,deep_gemm,unsupported,UnsupportedByBackend,"backend 'deep_gemm' ranks float32 scores, and was given torch.bfloat16; 'maca_c' and 'torch' take bfloat16 as well",,,,,,,,
MetaX_C600-U,MetaX C600-U,28,9eb62be58cd60422ff6de02df5aab9e8ca4f64aa,51f6d57875fd37351cbbc48397d797e4,official,lightning_indexer,256,262144,512,0,0,bfloat16,int32,10,maca_c,pass,,,404.454,415.642,0.333145,333.145,134.742,100.0,100.0,
MetaX_C600-U,MetaX C600-U,28,9eb62be58cd60422ff6de02df5aab9e8ca4f64aa,51f6d57875fd37351cbbc48397d797e4,official,lightning_indexer,256,262144,512,0,0,bfloat16,int32,10,torch,pass,,,4080.23,4078.951,0.033023,33.023,,9.91,10.19,
MetaX_C600-U,MetaX C600-U,28,9eb62be58cd60422ff6de02df5aab9e8ca4f64aa,51f6d57875fd37351cbbc48397d797e4,official,lightning_indexer,256,262144,512,0,0,bfloat16,int32,10,deep_gemm,unsupported,UnsupportedByBackend,"backend 'deep_gemm' ranks float32 scores, and was given torch.bfloat16; 'maca_c' and 'torch' take bfloat16 as well",,,,,,,,
MetaX_C600-U,MetaX C600-U,28,9eb62be58cd60422ff6de02df5aab9e8ca4f64aa,51f6d57875fd37351cbbc48397d797e4,official,lightning_indexer,256,524288,512,0,0,bfloat16,int32,10,maca_c,pass,,,707.149,716.57,0.380344,380.344,268.96,100.0,100.0,
MetaX_C600-U,MetaX C600-U,28,9eb62be58cd60422ff6de02df5aab9e8ca4f64aa,51f6d57875fd37351cbbc48397d797e4,official,lightning_indexer,256,524288,512,0,0,bfloat16,int32,10,torch,pass,,,7816.986,7813.555,0.034407,34.407,,9.05,9.17,
MetaX_C600-U,MetaX C600-U,28,9eb62be58cd60422ff6de02df5aab9e8ca4f64aa,51f6d57875fd37351cbbc48397d797e4,official,lightning_indexer,256,524288,512,0,0,bfloat16,int32,10,deep_gemm,unsupported,UnsupportedByBackend,"backend 'deep_gemm' ranks float32 scores, and was given torch.bfloat16; 'maca_c' and 'torch' take bfloat16 as well",,,,,,,,
MetaX_C600-U,MetaX C600-U,28,9eb62be58cd60422ff6de02df5aab9e8ca4f64aa,51f6d57875fd37351cbbc48397d797e4,official,lightning_indexer,256,1048576,512,0,0,bfloat16,int32,10,maca_c,pass,,,1310.925,1321.83,0.409936,409.936,537.395,100.0,100.0,
MetaX_C600-U,MetaX C600-U,28,9eb62be58cd60422ff6de02df5aab9e8ca4f64aa,51f6d57875fd37351cbbc48397d797e4,official,lightning_indexer,256,1048576,512,0,0,bfloat16,int32,10,torch,pass,,,15301.555,15325.056,0.03512,35.12,,8.57,8.63,
MetaX_C600-U,MetaX C600-U,28,9eb62be58cd60422ff6de02df5aab9e8ca4f64aa,51f6d57875fd37351cbbc48397d797e4,official,lightning_indexer,256,1048576,512,0,0,bfloat16,int32,10,deep_gemm,unsupported,UnsupportedByBackend,"backend 'deep_gemm' ranks float32 scores, and was given torch.bfloat16; 'maca_c' and 'torch' take bfloat16 as well",,,,,,,,
MetaX_C600-U,MetaX C600-U,28,9eb62be58cd60422ff6de02df5aab9e8ca4f64aa,51f6d57875fd37351cbbc48397d797e4,official,lightning_indexer,512,256,512,0,0,bfloat16,int32,10,maca_c,pass,,,6.17,80.794,0.212434,212.434,1.311,100.0,100.0,
MetaX_C600-U,MetaX C600-U,28,9eb62be58cd60422ff6de02df5aab9e8ca4f64aa,51f6d57875fd37351cbbc48397d797e4,official,lightning_indexer,512,256,512,0,0,bfloat16,int32,10,torch,pass,,"not applicable: the reference backend needs vocab_size >= topk, no window, no offset (tests/test.py's own guard)",,,,,,,,
MetaX_C600-U,MetaX C600-U,28,9eb62be58cd60422ff6de02df5aab9e8ca4f64aa,51f6d57875fd37351cbbc48397d797e4,official,lightning_indexer,512,256,512,0,0,bfloat16,int32,10,deep_gemm,unsupported,UnsupportedByBackend,"backend 'deep_gemm' ranks float32 scores, and was given torch.bfloat16; 'maca_c' and 'torch' take bfloat16 as well",,,,,,,,
MetaX_C600-U,MetaX C600-U,28,9eb62be58cd60422ff6de02df5aab9e8ca4f64aa,51f6d57875fd37351cbbc48397d797e4,official,lightning_indexer,512,1024,512,0,0,bfloat16,int32,10,maca_c,pass,,,43.11,82.893,0.048647,48.647,2.097,100.0,100.0,
MetaX_C600-U,MetaX C600-U,28,9eb62be58cd60422ff6de02df5aab9e8ca4f64aa,51f6d57875fd37351cbbc48397d797e4,official,lightning_indexer,512,1024,512,0,0,bfloat16,int32,10,torch,pass,,,294.323,296.883,0.007125,7.125,,14.65,27.92,
MetaX_C600-U,MetaX C600-U,28,9eb62be58cd60422ff6de02df5aab9e8ca4f64aa,51f6d57875fd37351cbbc48397d797e4,official,lightning_indexer,512,1024,512,0,0,bfloat16,int32,10,deep_gemm,unsupported,UnsupportedByBackend,"backend 'deep_gemm' ranks float32 scores, and was given torch.bfloat16; 'maca_c' and 'torch' take bfloat16 as well",,,,,,,,
MetaX_C600-U,MetaX C600-U,28,9eb62be58cd60422ff6de02df5aab9e8ca4f64aa,51f6d57875fd37351cbbc48397d797e4,official,lightning_indexer,512,4096,512,0,0,bfloat16,int32,10,maca_c,pass,,,60.365,84.506,0.086853,86.853,5.243,100.0,100.0,
MetaX_C600-U,MetaX C600-U,28,9eb62be58cd60422ff6de02df5aab9e8ca4f64aa,51f6d57875fd37351cbbc48397d797e4,official,lightning_indexer,512,4096,512,0,0,bfloat16,int32,10,torch,pass,,,289.638,275.277,0.018101,18.101,,20.84,30.7,
MetaX_C600-U,MetaX C600-U,28,9eb62be58cd60422ff6de02df5aab9e8ca4f64aa,51f6d57875fd37351cbbc48397d797e4,official,lightning_indexer,512,4096,512,0,0,bfloat16,int32,10,deep_gemm,unsupported,UnsupportedByBackend,"backend 'deep_gemm' ranks float32 scores, and was given torch.bfloat16; 'maca_c' and 'torch' take bfloat16 as well",,,,,,,,
MetaX_C600-U,MetaX C600-U,28,9eb62be58cd60422ff6de02df5aab9e8ca4f64aa,51f6d57875fd37351cbbc48397d797e4,official,lightning_indexer,512,16384,512,0,0,bfloat16,int32,10,maca_c,pass,,,110.874,120.678,0.160775,160.775,17.826,100.0,100.0,
MetaX_C600-U,MetaX C600-U,28,9eb62be58cd60422ff6de02df5aab9e8ca4f64aa,51f6d57875fd37351cbbc48397d797e4,official,lightning_indexer,512,16384,512,0,0,bfloat16,int32,10,torch,pass,,,708.864,694.195,0.025147,25.147,,15.64,17.38,
MetaX_C600-U,MetaX C600-U,28,9eb62be58cd60422ff6de02df5aab9e8ca4f64aa,51f6d57875fd37351cbbc48397d797e4,official,lightning_indexer,512,16384,512,0,0,bfloat16,int32,10,deep_gemm,unsupported,UnsupportedByBackend,"backend 'deep_gemm' ranks float32 scores, and was given torch.bfloat16; 'maca_c' and 'torch' take bfloat16 as well",,,,,,,,
MetaX_C600-U,MetaX C600-U,28,9eb62be58cd60422ff6de02df5aab9e8ca4f64aa,51f6d57875fd37351cbbc48397d797e4,official,lightning_indexer,512,65536,512,0,0,bfloat16,int32,10,maca_c,pass,,,298.061,309.427,0.228669,228.669,68.157,100.0,100.0,
MetaX_C600-U,MetaX C600-U,28,9eb62be58cd60422ff6de02df5aab9e8ca4f64aa,51f6d57875fd37351cbbc48397d797e4,official,lightning_indexer,512,65536,512,0,0,bfloat16,int32,10,torch,pass,,,2349.67,2336.768,0.029007,29.007,,12.69,13.24,
MetaX_C600-U,MetaX C600-U,28,9eb62be58cd60422ff6de02df5aab9e8ca4f64aa,51f6d57875fd37351cbbc48397d797e4,official,lightning_indexer,512,65536,512,0,0,bfloat16,int32,10,deep_gemm,unsupported,UnsupportedByBackend,"backend 'deep_gemm' ranks float32 scores, and was given torch.bfloat16; 'maca_c' and 'torch' take bfloat16 as well",,,,,,,,
MetaX_C600-U,MetaX C600-U,28,9eb62be58cd60422ff6de02df5aab9e8ca4f64aa,51f6d57875fd37351cbbc48397d797e4,official,lightning_indexer,512,131072,512,0,0,bfloat16,int32,10,maca_c,pass,,,451.072,462.336,0.299877,299.877,135.266,100.0,100.0,
MetaX_C600-U,MetaX C600-U,28,9eb62be58cd60422ff6de02df5aab9e8ca4f64aa,51f6d57875fd37351cbbc48397d797e4,official,lightning_indexer,512,131072,512,0,0,bfloat16,int32,10,torch,pass,,,4216.038,4204.979,0.032084,32.084,,10.7,10.99,
MetaX_C600-U,MetaX C600-U,28,9eb62be58cd60422ff6de02df5aab9e8ca4f64aa,51f6d57875fd37351cbbc48397d797e4,official,lightning_indexer,512,131072,512,0,0,bfloat16,int32,10,deep_gemm,unsupported,UnsupportedByBackend,"backend 'deep_gemm' ranks float32 scores, and was given torch.bfloat16; 'maca_c' and 'torch' take bfloat16 as well",,,,,,,,
MetaX_C600-U,MetaX C600-U,28,9eb62be58cd60422ff6de02df5aab9e8ca4f64aa,51f6d57875fd37351cbbc48397d797e4,official,lightning_indexer,512,262144,512,0,0,bfloat16,int32,10,maca_c,pass,,,734.054,743.68,0.367117,367.117,269.484,100.0,100.0,
MetaX_C600-U,MetaX C600-U,28,9eb62be58cd60422ff6de02df5aab9e8ca4f64aa,51f6d57875fd37351cbbc48397d797e4,official,lightning_indexer,512,262144,512,0,0,bfloat16,int32,10,torch,pass,,,7951.667,7953.357,0.03389,33.89,,9.23,9.35,
MetaX_C600-U,MetaX C600-U,28,9eb62be58cd60422ff6de02df5aab9e8ca4f64aa,51f6d57875fd37351cbbc48397d797e4,official,lightning_indexer,512,262144,512,0,0,bfloat16,int32,10,deep_gemm,unsupported,UnsupportedByBackend,"backend 'deep_gemm' ranks float32 scores, and was given torch.bfloat16; 'maca_c' and 'torch' take bfloat16 as well",,,,,,,,
MetaX_C600-U,MetaX C600-U,28,9eb62be58cd60422ff6de02df5aab9e8ca4f64aa,51f6d57875fd37351cbbc48397d797e4,official,lightning_indexer,512,524288,512,0,0,bfloat16,int32,10,maca_c,pass,,,1289.37,1299.251,0.417196,417.196,537.919,100.0,100.0,
MetaX_C600-U,MetaX C600-U,28,9eb62be58cd60422ff6de02df5aab9e8ca4f64aa,51f6d57875fd37351cbbc48397d797e4,official,lightning_indexer,512,524288,512,0,0,bfloat16,int32,10,torch,pass,,,15342.541,15382.886,0.035061,35.061,,8.4,8.45,
MetaX_C600-U,MetaX C600-U,28,9eb62be58cd60422ff6de02df5aab9e8ca4f64aa,51f6d57875fd37351cbbc48397d797e4,official,lightning_indexer,512,524288,512,0,0,bfloat16,int32,10,deep_gemm,unsupported,UnsupportedByBackend,"backend 'deep_gemm' ranks float32 scores, and was given torch.bfloat16; 'maca_c' and 'torch' take bfloat16 as well",,,,,,,,
MetaX_C600-U,MetaX C600-U,28,9eb62be58cd60422ff6de02df5aab9e8ca4f64aa,51f6d57875fd37351cbbc48397d797e4,official,lightning_indexer,512,1048576,512,0,0,bfloat16,int32,10,maca_c,pass,,,2397.03,2406.579,0.448384,448.384,1074.79,100.0,100.0,
MetaX_C600-U,MetaX C600-U,28,9eb62be58cd60422ff6de02df5aab9e8ca4f64aa,51f6d57875fd37351cbbc48397d797e4,official,lightning_indexer,512,1048576,512,0,0,bfloat16,int32,10,torch,pass,,,30284.262,30353.125,0.03549,35.49,,7.92,7.93,
MetaX_C600-U,MetaX C600-U,28,9eb62be58cd60422ff6de02df5aab9e8ca4f64aa,51f6d57875fd37351cbbc48397d797e4,official,lightning_indexer,512,1048576,512,0,0,bfloat16,int32,10,deep_gemm,unsupported,UnsupportedByBackend,"backend 'deep_gemm' ranks float32 scores, and was given torch.bfloat16; 'maca_c' and 'torch' take bfloat16 as well",,,,,,,,
MetaX_C600-U,MetaX C600-U,28,9eb62be58cd60422ff6de02df5aab9e8ca4f64aa,51f6d57875fd37351cbbc48397d797e4,official,lightning_indexer,768,256,512,0,0,bfloat16,int32,10,maca_c,pass,,,8.038,80.666,0.244598,244.598,1.966,100.0,100.0,
MetaX_C600-U,MetaX C600-U,28,9eb62be58cd60422ff6de02df5aab9e8ca4f64aa,51f6d57875fd37351cbbc48397d797e4,official,lightning_indexer,768,256,512,0,0,bfloat16,int32,10,torch,pass,,"not applicable: the reference backend needs vocab_size >= topk, no window, no offset (tests/test.py's own guard)",,,,,,,,
MetaX_C600-U,MetaX C600-U,28,9eb62be58cd60422ff6de02df5aab9e8ca4f64aa,51f6d57875fd37351cbbc48397d797e4,official,lightning_indexer,768,256,512,0,0,bfloat16,int32,10,deep_gemm,unsupported,UnsupportedByBackend,"backend 'deep_gemm' ranks float32 scores, and was given torch.bfloat16; 'maca_c' and 'torch' take bfloat16 as well",,,,,,,,
MetaX_C600-U,MetaX C600-U,28,9eb62be58cd60422ff6de02df5aab9e8ca4f64aa,51f6d57875fd37351cbbc48397d797e4,official,lightning_indexer,768,1024,512,0,0,bfloat16,int32,10,maca_c,pass,,,60.723,84.634,0.051805,51.805,3.146,100.0,100.0,
MetaX_C600-U,MetaX C600-U,28,9eb62be58cd60422ff6de02df5aab9e8ca4f64aa,51f6d57875fd37351cbbc48397d797e4,official,lightning_indexer,768,1024,512,0,0,bfloat16,int32,10,torch,pass,,,433.715,436.506,0.007253,7.253,,14.0,19.39,
MetaX_C600-U,MetaX C600-U,28,9eb62be58cd60422ff6de02df5aab9e8ca4f64aa,51f6d57875fd37351cbbc48397d797e4,official,lightning_indexer,768,1024,512,0,0,bfloat16,int32,10,deep_gemm,unsupported,UnsupportedByBackend,"backend 'deep_gemm' ranks float32 scores, and was given torch.bfloat16; 'maca_c' and 'torch' take bfloat16 as well",,,,,,,,
MetaX_C600-U,MetaX C600-U,28,9eb62be58cd60422ff6de02df5aab9e8ca4f64aa,51f6d57875fd37351cbbc48397d797e4,official,lightning_indexer,768,4096,512,0,0,bfloat16,int32,10,maca_c,pass,,,86.477,95.821,0.090941,90.941,7.864,100.0,100.0,
MetaX_C600-U,MetaX C600-U,28,9eb62be58cd60422ff6de02df5aab9e8ca4f64aa,51f6d57875fd37351cbbc48397d797e4,official,lightning_indexer,768,4096,512,0,0,bfloat16,int32,10,torch,pass,,,364.365,349.901,0.021584,21.584,,23.73,27.39,
MetaX_C600-U,MetaX C600-U,28,9eb62be58cd60422ff6de02df5aab9e8ca4f64aa,51f6d57875fd37351cbbc48397d797e4,official,lightning_indexer,768,4096,512,0,0,bfloat16,int32,10,deep_gemm,unsupported,UnsupportedByBackend,"backend 'deep_gemm' ranks float32 scores, and was given torch.bfloat16; 'maca_c' and 'torch' take bfloat16 as well",,,,,,,,
MetaX_C600-U,MetaX C600-U,28,9eb62be58cd60422ff6de02df5aab9e8ca4f64aa,51f6d57875fd37351cbbc48397d797e4,official,lightning_indexer,768,16384,512,0,0,bfloat16,int32,10,maca_c,pass,,,158.925,168.704,0.168247,168.247,26.739,100.0,100.0,
MetaX_C600-U,MetaX C600-U,28,9eb62be58cd60422ff6de02df5aab9e8ca4f64aa,51f6d57875fd37351cbbc48397d797e4,official,lightning_indexer,768,16384,512,0,0,bfloat16,int32,10,torch,pass,,,958.131,942.72,0.027907,27.907,,16.59,17.9,
MetaX_C600-U,MetaX C600-U,28,9eb62be58cd60422ff6de02df5aab9e8ca4f64aa,51f6d57875fd37351cbbc48397d797e4,official,lightning_indexer,768,16384,512,0,0,bfloat16,int32,10,deep_gemm,unsupported,UnsupportedByBackend,"backend 'deep_gemm' ranks float32 scores, and was given torch.bfloat16; 'maca_c' and 'torch' take bfloat16 as well",,,,,,,,
MetaX_C600-U,MetaX C600-U,28,9eb62be58cd60422ff6de02df5aab9e8ca4f64aa,51f6d57875fd37351cbbc48397d797e4,official,lightning_indexer,768,65536,512,0,0,bfloat16,int32,10,maca_c,pass,,,428.544,437.837,0.238566,238.566,102.236,100.0,100.0,
MetaX_C600-U,MetaX C600-U,28,9eb62be58cd60422ff6de02df5aab9e8ca4f64aa,51f6d57875fd37351cbbc48397d797e4,official,lightning_indexer,768,65536,512,0,0,bfloat16,int32,10,torch,pass,,,3409.101,3399.398,0.029989,29.989,,12.57,12.88,
MetaX_C600-U,MetaX C600-U,28,9eb62be58cd60422ff6de02df5aab9e8ca4f64aa,51f6d57875fd37351cbbc48397d797e4,official,lightning_indexer,768,65536,512,0,0,bfloat16,int32,10,deep_gemm,unsupported,UnsupportedByBackend,"backend 'deep_gemm' ranks float32 scores, and was given torch.bfloat16; 'maca_c' and 'torch' take bfloat16 as well",,,,,,,,
MetaX_C600-U,MetaX C600-U,28,9eb62be58cd60422ff6de02df5aab9e8ca4f64aa,51f6d57875fd37351cbbc48397d797e4,official,lightning_indexer,768,131072,512,0,0,bfloat16,int32,10,maca_c,pass,,,650.982,662.118,0.311682,311.682,202.899,100.0,100.0,
MetaX_C600-U,MetaX C600-U,28,9eb62be58cd60422ff6de02df5aab9e8ca4f64aa,51f6d57875fd37351cbbc48397d797e4,official,lightning_indexer,768,131072,512,0,0,bfloat16,int32,10,torch,pass,,,6225.741,6229.786,0.03259,32.59,,10.46,10.63,
MetaX_C600-U,MetaX C600-U,28,9eb62be58cd60422ff6de02df5aab9e8ca4f64aa,51f6d57875fd37351cbbc48397d797e4,official,lightning_indexer,768,131072,512,0,0,bfloat16,int32,10,deep_gemm,unsupported,UnsupportedByBackend,"backend 'deep_gemm' ranks float32 scores, and was given torch.bfloat16; 'maca_c' and 'torch' take bfloat16 as well",,,,,,,,
MetaX_C600-U,MetaX C600-U,28,9eb62be58cd60422ff6de02df5aab9e8ca4f64aa,51f6d57875fd37351cbbc48397d797e4,official,lightning_indexer,768,262144,512,0,0,bfloat16,int32,10,maca_c,pass,,,1065.19,1075.354,0.379487,379.487,404.226,100.0,100.0,
MetaX_C600-U,MetaX C600-U,28,9eb62be58cd60422ff6de02df5aab9e8ca4f64aa,51f6d57875fd37351cbbc48397d797e4,official,lightning_indexer,768,262144,512,0,0,bfloat16,int32,10,torch,pass,,,11812.224,11825.715,0.034221,34.221,,9.02,9.09,
MetaX_C600-U,MetaX C600-U,28,9eb62be58cd60422ff6de02df5aab9e8ca4f64aa,51f6d57875fd37351cbbc48397d797e4,official,lightning_indexer,768,262144,512,0,0,bfloat16,int32,10,deep_gemm,unsupported,UnsupportedByBackend,"backend 'deep_gemm' ranks float32 scores, and was given torch.bfloat16; 'maca_c' and 'torch' take bfloat16 as well",,,,,,,,
MetaX_C600-U,MetaX C600-U,28,9eb62be58cd60422ff6de02df5aab9e8ca4f64aa,51f6d57875fd37351cbbc48397d797e4,official,lightning_indexer,768,524288,512,0,0,bfloat16,int32,10,maca_c,pass,,,1870.515,1879.834,0.431367,431.367,806.879,100.0,100.0,
MetaX_C600-U,MetaX C600-U,28,9eb62be58cd60422ff6de02df5aab9e8ca4f64aa,51f6d57875fd37351cbbc48397d797e4,official,lightning_indexer,768,524288,512,0,0,bfloat16,int32,10,torch,pass,,,22921.83,23011.046,0.035201,35.201,,8.16,8.17,
MetaX_C600-U,MetaX C600-U,28,9eb62be58cd60422ff6de02df5aab9e8ca4f64aa,51f6d57875fd37351cbbc48397d797e4,official,lightning_indexer,768,524288,512,0,0,bfloat16,int32,10,deep_gemm,unsupported,UnsupportedByBackend,"backend 'deep_gemm' ranks float32 scores, and was given torch.bfloat16; 'maca_c' and 'torch' take bfloat16 as well",,,,,,,,
MetaX_C600-U,MetaX C600-U,28,9eb62be58cd60422ff6de02df5aab9e8ca4f64aa,51f6d57875fd37351cbbc48397d797e4,official,lightning_indexer,768,1048576,512,0,0,bfloat16,int32,10,maca_c,pass,,,3482.906,3491.277,0.462885,462.885,1612.186,100.0,100.0,
MetaX_C600-U,MetaX C600-U,28,9eb62be58cd60422ff6de02df5aab9e8ca4f64aa,51f6d57875fd37351cbbc48397d797e4,official,lightning_indexer,768,1048576,512,0,0,bfloat16,int32,10,torch,pass,,,45035.008,45132.8,0.035798,35.798,,7.73,7.74,
MetaX_C600-U,MetaX C600-U,28,9eb62be58cd60422ff6de02df5aab9e8ca4f64aa,51f6d57875fd37351cbbc48397d797e4,official,lightning_indexer,768,1048576,512,0,0,bfloat16,int32,10,deep_gemm,unsupported,UnsupportedByBackend,"backend 'deep_gemm' ranks float32 scores, and was given torch.bfloat16; 'maca_c' and 'torch' take bfloat16 as well",,,,,,,,
MetaX_C600-U,MetaX C600-U,28,9eb62be58cd60422ff6de02df5aab9e8ca4f64aa,51f6d57875fd37351cbbc48397d797e4,official,lightning_indexer,4096,256,512,0,0,bfloat16,int32,10,maca_c,pass,,,31.59,82.048,0.331933,331.933,10.486,100.0,100.0,
MetaX_C600-U,MetaX C600-U,28,9eb62be58cd60422ff6de02df5aab9e8ca4f64aa,51f6d57875fd37351cbbc48397d797e4,official,lightning_indexer,4096,256,512,0,0,bfloat16,int32,10,torch,pass,,"not applicable: the reference backend needs vocab_size >= topk, no window, no offset (tests/test.py's own guard)",,,,,,,,
MetaX_C600-U,MetaX C600-U,28,9eb62be58cd60422ff6de02df5aab9e8ca4f64aa,51f6d57875fd37351cbbc48397d797e4,official,lightning_indexer,4096,256,512,0,0,bfloat16,int32,10,deep_gemm,unsupported,UnsupportedByBackend,"backend 'deep_gemm' ranks float32 scores, and was given torch.bfloat16; 'maca_c' and 'torch' take bfloat16 as well",,,,,,,,
MetaX_C600-U,MetaX C600-U,28,9eb62be58cd60422ff6de02df5aab9e8ca4f64aa,51f6d57875fd37351cbbc48397d797e4,official,lightning_indexer,4096,1024,512,0,0,bfloat16,int32,10,maca_c,pass,,,295.219,305.459,0.05683,56.83,16.777,100.0,100.0,
MetaX_C600-U,MetaX C600-U,28,9eb62be58cd60422ff6de02df5aab9e8ca4f64aa,51f6d57875fd37351cbbc48397d797e4,official,lightning_indexer,4096,1024,512,0,0,bfloat16,int32,10,torch,pass,,,667.085,652.621,0.02515,25.15,,44.26,46.8,
MetaX_C600-U,MetaX C600-U,28,9eb62be58cd60422ff6de02df5aab9e8ca4f64aa,51f6d57875fd37351cbbc48397d797e4,official,lightning_indexer,4096,1024,512,0,0,bfloat16,int32,10,deep_gemm,unsupported,UnsupportedByBackend,"backend 'deep_gemm' ranks float32 scores, and was given torch.bfloat16; 'maca_c' and 'torch' take bfloat16 as well",,,,,,,,
MetaX_C600-U,MetaX C600-U,28,9eb62be58cd60422ff6de02df5aab9e8ca4f64aa,51f6d57875fd37351cbbc48397d797e4,official,lightning_indexer,4096,4096,512,0,0,bfloat16,int32,10,maca_c,pass,,,426.547,436.403,0.098332,98.332,41.943,100.0,100.0,
MetaX_C600-U,MetaX C600-U,28,9eb62be58cd60422ff6de02df5aab9e8ca4f64aa,51f6d57875fd37351cbbc48397d797e4,official,lightning_indexer,4096,4096,512,0,0,bfloat16,int32,10,torch,pass,,,1355.034,1343.898,0.030953,30.953,,31.48,32.47,
MetaX_C600-U,MetaX C600-U,28,9eb62be58cd60422ff6de02df5aab9e8ca4f64aa,51f6d57875fd37351cbbc48397d797e4,official,lightning_indexer,4096,4096,512,0,0,bfloat16,int32,10,deep_gemm,unsupported,UnsupportedByBackend,"backend 'deep_gemm' ranks float32 scores, and was given torch.bfloat16; 'maca_c' and 'torch' take bfloat16 as well",,,,,,,,
MetaX_C600-U,MetaX C600-U,28,9eb62be58cd60422ff6de02df5aab9e8ca4f64aa,51f6d57875fd37351cbbc48397d797e4,official,lightning_indexer,4096,16384,512,0,0,bfloat16,int32,10,maca_c,pass,,,788.531,797.85,0.180851,180.851,142.606,100.0,100.0,
MetaX_C600-U,MetaX C600-U,28,9eb62be58cd60422ff6de02df5aab9e8ca4f64aa,51f6d57875fd37351cbbc48397d797e4,official,lightning_indexer,4096,16384,512,0,0,bfloat16,int32,10,torch,pass,,,4201.421,4201.191,0.033942,33.942,,18.77,18.99,
MetaX_C600-U,MetaX C600-U,28,9eb62be58cd60422ff6de02df5aab9e8ca4f64aa,51f6d57875fd37351cbbc48397d797e4,official,lightning_indexer,4096,16384,512,0,0,bfloat16,int32,10,deep_gemm,unsupported,UnsupportedByBackend,"backend 'deep_gemm' ranks float32 scores, and was given torch.bfloat16; 'maca_c' and 'torch' take bfloat16 as well",,,,,,,,
MetaX_C600-U,MetaX C600-U,28,9eb62be58cd60422ff6de02df5aab9e8ca4f64aa,51f6d57875fd37351cbbc48397d797e4,official,lightning_indexer,4096,65536,512,0,0,bfloat16,int32,10,maca_c,pass,,,2156.698,2168.141,0.252821,252.821,545.26,100.0,100.0,
MetaX_C600-U,MetaX C600-U,28,9eb62be58cd60422ff6de02df5aab9e8ca4f64aa,51f6d57875fd37351cbbc48397d797e4,official,lightning_indexer,4096,65536,512,0,0,bfloat16,int32,10,torch,pass,,,17279.795,17318.707,0.031555,31.555,,12.48,12.52,
MetaX_C600-U,MetaX C600-U,28,9eb62be58cd60422ff6de02df5aab9e8ca4f64aa,51f6d57875fd37351cbbc48397d797e4,official,lightning_indexer,4096,65536,512,0,0,bfloat16,int32,10,deep_gemm,unsupported,UnsupportedByBackend,"backend 'deep_gemm' ranks float32 scores, and was given torch.bfloat16; 'maca_c' and 'torch' take bfloat16 as well",,,,,,,,
MetaX_C600-U,MetaX C600-U,28,9eb62be58cd60422ff6de02df5aab9e8ca4f64aa,51f6d57875fd37351cbbc48397d797e4,official,lightning_indexer,4096,131072,512,0,0,bfloat16,int32,10,maca_c,pass,,,3289.498,3297.869,0.328965,328.965,1082.13,100.0,100.0,
MetaX_C600-U,MetaX C600-U,28,9eb62be58cd60422ff6de02df5aab9e8ca4f64aa,51f6d57875fd37351cbbc48397d797e4,official,lightning_indexer,4096,131072,512,0,0,bfloat16,int32,10,torch,pass,,,32227.584,32352.026,0.033578,33.578,,10.21,10.19,
MetaX_C600-U,MetaX C600-U,28,9eb62be58cd60422ff6de02df5aab9e8ca4f64aa,51f6d57875fd37351cbbc48397d797e4,official,lightning_indexer,4096,131072,512,0,0,bfloat16,int32,10,deep_gemm,unsupported,UnsupportedByBackend,"backend 'deep_gemm' ranks float32 scores, and was given torch.bfloat16; 'maca_c' and 'torch' take bfloat16 as well",,,,,,,,
MetaX_C600-U,MetaX C600-U,28,9eb62be58cd60422ff6de02df5aab9e8ca4f64aa,51f6d57875fd37351cbbc48397d797e4,official,lightning_indexer,4096,262144,512,0,0,bfloat16,int32,10,maca_c,pass,,,5402.829,5411.635,0.399027,399.027,2155.872,100.0,100.0,
MetaX_C600-U,MetaX C600-U,28,9eb62be58cd60422ff6de02df5aab9e8ca4f64aa,51f6d57875fd37351cbbc48397d797e4,official,lightning_indexer,4096,262144,512,0,0,bfloat16,int32,10,torch,pass,,,63629.542,63751.373,0.033882,33.882,,8.49,8.49,
MetaX_C600-U,MetaX C600-U,28,9eb62be58cd60422ff6de02df5aab9e8ca4f64aa,51f6d57875fd37351cbbc48397d797e4,official,lightning_indexer,4096,262144,512,0,0,bfloat16,int32,10,deep_gemm,unsupported,UnsupportedByBackend,"backend 'deep_gemm' ranks float32 scores, and was given torch.bfloat16; 'maca_c' and 'torch' take bfloat16 as well",,,,,,,,
MetaX_C600-U,MetaX C600-U,28,9eb62be58cd60422ff6de02df5aab9e8ca4f64aa,51f6d57875fd37351cbbc48397d797e4,official,lightning_indexer,4096,524288,512,0,0,bfloat16,int32,10,maca_c,pass,,,9563.674,9574.451,0.449969,449.969,4303.356,100.0,100.0,
MetaX_C600-U,MetaX C600-U,28,9eb62be58cd60422ff6de02df5aab9e8ca4f64aa,51f6d57875fd37351cbbc48397d797e4,official,lightning_indexer,4096,524288,512,0,0,bfloat16,int32,10,torch,pass,,,127185.408,127292.139,0.033835,33.835,,7.52,7.52,
MetaX_C600-U,MetaX C600-U,28,9eb62be58cd60422ff6de02df5aab9e8ca4f64aa,51f6d57875fd37351cbbc48397d797e4,official,lightning_indexer,4096,524288,512,0,0,bfloat16,int32,10,deep_gemm,unsupported,UnsupportedByBackend,"backend 'deep_gemm' ranks float32 scores, and was given torch.bfloat16; 'maca_c' and 'torch' take bfloat16 as well",,,,,,,,
MetaX_C600-U,MetaX C600-U,28,9eb62be58cd60422ff6de02df5aab9e8ca4f64aa,51f6d57875fd37351cbbc48397d797e4,official,lightning_indexer,4096,1048576,512,0,0,bfloat16,int32,10,maca_c,pass,,,17855.488,17863.373,0.481551,481.551,8598.323,100.0,100.0,
MetaX_C600-U,MetaX C600-U,28,9eb62be58cd60422ff6de02df5aab9e8ca4f64aa,51f6d57875fd37351cbbc48397d797e4,official,lightning_indexer,4096,1048576,512,0,0,bfloat16,int32,10,torch,pass,,,251183.386,251266.772,0.034231,34.231,,7.11,7.11,
MetaX_C600-U,MetaX C600-U,28,9eb62be58cd60422ff6de02df5aab9e8ca4f64aa,51f6d57875fd37351cbbc48397d797e4,official,lightning_indexer,4096,1048576,512,0,0,bfloat16,int32,10,deep_gemm,unsupported,UnsupportedByBackend,"backend 'deep_gemm' ranks float32 scores, and was given torch.bfloat16; 'maca_c' and 'torch' take bfloat16 as well",,,,,,,,
MetaX_C600-U,MetaX C600-U,28,9eb62be58cd60422ff6de02df5aab9e8ca4f64aa,51f6d57875fd37351cbbc48397d797e4,official,lightning_indexer,6,256,1024,0,0,bfloat16,int32,10,maca_c,pass,,,2.406,81.024,0.011491,11.491,0.028,100.0,100.0,
MetaX_C600-U,MetaX C600-U,28,9eb62be58cd60422ff6de02df5aab9e8ca4f64aa,51f6d57875fd37351cbbc48397d797e4,official,lightning_indexer,6,256,1024,0,0,bfloat16,int32,10,torch,pass,,"not applicable: the reference backend needs vocab_size >= topk, no window, no offset (tests/test.py's own guard)",,,,,,,,
MetaX_C600-U,MetaX C600-U,28,9eb62be58cd60422ff6de02df5aab9e8ca4f64aa,51f6d57875fd37351cbbc48397d797e4,official,lightning_indexer,6,256,1024,0,0,bfloat16,int32,10,deep_gemm,unsupported,UnsupportedByBackend,"backend 'deep_gemm' ranks float32 scores, and was given torch.bfloat16; 'maca_c' and 'torch' take bfloat16 as well",,,,,,,,
MetaX_C600-U,MetaX C600-U,28,9eb62be58cd60422ff6de02df5aab9e8ca4f64aa,51f6d57875fd37351cbbc48397d797e4,official,lightning_indexer,6,1024,1024,0,0,bfloat16,int32,10,maca_c,pass,,,2.355,80.691,0.015654,15.654,0.037,100.0,100.0,
MetaX_C600-U,MetaX C600-U,28,9eb62be58cd60422ff6de02df5aab9e8ca4f64aa,51f6d57875fd37351cbbc48397d797e4,official,lightning_indexer,6,1024,1024,0,0,bfloat16,int32,10,torch,pass,,,21.248,27.904,0.001735,1.735,,11.08,289.17,
MetaX_C600-U,MetaX C600-U,28,9eb62be58cd60422ff6de02df5aab9e8ca4f64aa,51f6d57875fd37351cbbc48397d797e4,official,lightning_indexer,6,1024,1024,0,0,bfloat16,int32,10,deep_gemm,unsupported,UnsupportedByBackend,"backend 'deep_gemm' ranks float32 scores, and was given torch.bfloat16; 'maca_c' and 'torch' take bfloat16 as well",,,,,,,,
MetaX_C600-U,MetaX C600-U,28,9eb62be58cd60422ff6de02df5aab9e8ca4f64aa,51f6d57875fd37351cbbc48397d797e4,official,lightning_indexer,6,4096,1024,0,0,bfloat16,int32,10,maca_c,pass,,,11.392,83.354,0.006472,6.472,0.074,100.0,100.0,
MetaX_C600-U,MetaX C600-U,28,9eb62be58cd60422ff6de02df5aab9e8ca4f64aa,51f6d57875fd37351cbbc48397d797e4,official,lightning_indexer,6,4096,1024,0,0,bfloat16,int32,10,torch,pass,,,36.096,35.482,0.002043,2.043,,31.56,234.92,
MetaX_C600-U,MetaX C600-U,28,9eb62be58cd60422ff6de02df5aab9e8ca4f64aa,51f6d57875fd37351cbbc48397d797e4,official,lightning_indexer,6,4096,1024,0,0,bfloat16,int32,10,deep_gemm,unsupported,UnsupportedByBackend,"backend 'deep_gemm' ranks float32 scores, and was given torch.bfloat16; 'maca_c' and 'torch' take bfloat16 as well",,,,,,,,
MetaX_C600-U,MetaX C600-U,28,9eb62be58cd60422ff6de02df5aab9e8ca4f64aa,51f6d57875fd37351cbbc48397d797e4,official,lightning_indexer,6,16384,1024,0,0,bfloat16,int32,10,maca_c,pass,,,17.229,84.352,0.012838,12.838,0.221,100.0,100.0,
MetaX_C600-U,MetaX C600-U,28,9eb62be58cd60422ff6de02df5aab9e8ca4f64aa,51f6d57875fd37351cbbc48397d797e4,official,lightning_indexer,6,16384,1024,0,0,bfloat16,int32,10,torch,pass,,,91.93,89.216,0.002406,2.406,,18.74,94.55,
MetaX_C600-U,MetaX C600-U,28,9eb62be58cd60422ff6de02df5aab9e8ca4f64aa,51f6d57875fd37351cbbc48397d797e4,official,lightning_indexer,6,16384,1024,0,0,bfloat16,int32,10,deep_gemm,unsupported,UnsupportedByBackend,"backend 'deep_gemm' ranks float32 scores, and was given torch.bfloat16; 'maca_c' and 'torch' take bfloat16 as well",,,,,,,,
MetaX_C600-U,MetaX C600-U,28,9eb62be58cd60422ff6de02df5aab9e8ca4f64aa,51f6d57875fd37351cbbc48397d797e4,official,lightning_indexer,6,65536,1024,0,0,bfloat16,int32,10,maca_c,pass,,,31.872,81.997,0.025446,25.446,0.811,100.0,100.0,
MetaX_C600-U,MetaX C600-U,28,9eb62be58cd60422ff6de02df5aab9e8ca4f64aa,51f6d57875fd37351cbbc48397d797e4,official,lightning_indexer,6,65536,1024,0,0,bfloat16,int32,10,torch,pass,,,153.933,136.525,0.005269,5.269,,20.71,60.06,
MetaX_C600-U,MetaX C600-U,28,9eb62be58cd60422ff6de02df5aab9e8ca4f64aa,51f6d57875fd37351cbbc48397d797e4,official,lightning_indexer,6,65536,1024,0,0,bfloat16,int32,10,deep_gemm,unsupported,UnsupportedByBackend,"backend 'deep_gemm' ranks float32 scores, and was given torch.bfloat16; 'maca_c' and 'torch' take bfloat16 as well",,,,,,,,
MetaX_C600-U,MetaX C600-U,28,9eb62be58cd60422ff6de02df5aab9e8ca4f64aa,51f6d57875fd37351cbbc48397d797e4,official,lightning_indexer,6,131072,1024,0,0,bfloat16,int32,10,maca_c,pass,,,50.381,84.992,0.031707,31.707,1.597,100.0,100.0,
MetaX_C600-U,MetaX C600-U,28,9eb62be58cd60422ff6de02df5aab9e8ca4f64aa,51f6d57875fd37351cbbc48397d797e4,official,lightning_indexer,6,131072,1024,0,0,bfloat16,int32,10,torch,pass,,,180.378,161.946,0.008856,8.856,,27.93,52.48,
MetaX_C600-U,MetaX C600-U,28,9eb62be58cd60422ff6de02df5aab9e8ca4f64aa,51f6d57875fd37351cbbc48397d797e4,official,lightning_indexer,6,131072,1024,0,0,bfloat16,int32,10,deep_gemm,unsupported,UnsupportedByBackend,"backend 'deep_gemm' ranks float32 scores, and was given torch.bfloat16; 'maca_c' and 'torch' take bfloat16 as well",,,,,,,,
MetaX_C600-U,MetaX C600-U,28,9eb62be58cd60422ff6de02df5aab9e8ca4f64aa,51f6d57875fd37351cbbc48397d797e4,official,lightning_indexer,6,262144,1024,0,0,bfloat16,int32,10,maca_c,pass,,,62.899,113.715,0.050403,50.403,3.17,100.0,100.0,
MetaX_C600-U,MetaX C600-U,28,9eb62be58cd60422ff6de02df5aab9e8ca4f64aa,51f6d57875fd37351cbbc48397d797e4,official,lightning_indexer,6,262144,1024,0,0,bfloat16,int32,10,torch,pass,,,246.451,231.603,0.012864,12.864,,25.52,49.1,
MetaX_C600-U,MetaX C600-U,28,9eb62be58cd60422ff6de02df5aab9e8ca4f64aa,51f6d57875fd37351cbbc48397d797e4,official,lightning_indexer,6,262144,1024,0,0,bfloat16,int32,10,deep_gemm,unsupported,UnsupportedByBackend,"backend 'deep_gemm' ranks float32 scores, and was given torch.bfloat16; 'maca_c' and 'torch' take bfloat16 as well",,,,,,,,
MetaX_C600-U,MetaX C600-U,28,9eb62be58cd60422ff6de02df5aab9e8ca4f64aa,51f6d57875fd37351cbbc48397d797e4,official,lightning_indexer,6,524288,1024,0,0,bfloat16,int32,10,maca_c,pass,,,80.0,115.661,0.07895,78.95,6.316,100.0,100.0,
MetaX_C600-U,MetaX C600-U,28,9eb62be58cd60422ff6de02df5aab9e8ca4f64aa,51f6d57875fd37351cbbc48397d797e4,official,lightning_indexer,6,524288,1024,0,0,bfloat16,int32,10,torch,pass,,,357.146,340.378,0.017685,17.685,,22.4,33.98,
MetaX_C600-U,MetaX C600-U,28,9eb62be58cd60422ff6de02df5aab9e8ca4f64aa,51f6d57875fd37351cbbc48397d797e4,official,lightning_indexer,6,524288,1024,0,0,bfloat16,int32,10,deep_gemm,unsupported,UnsupportedByBackend,"backend 'deep_gemm' ranks float32 scores, and was given torch.bfloat16; 'maca_c' and 'torch' take bfloat16 as well",,,,,,,,
MetaX_C600-U,MetaX C600-U,28,9eb62be58cd60422ff6de02df5aab9e8ca4f64aa,51f6d57875fd37351cbbc48397d797e4,official,lightning_indexer,6,1048576,1024,0,0,bfloat16,int32,10,maca_c,pass,,,115.482,135.731,0.109173,109.173,12.607,100.0,100.0,
MetaX_C600-U,MetaX C600-U,28,9eb62be58cd60422ff6de02df5aab9e8ca4f64aa,51f6d57875fd37351cbbc48397d797e4,official,lightning_indexer,6,1048576,1024,0,0,bfloat16,int32,10,torch,pass,,,542.157,524.877,0.023254,23.254,,21.3,25.86,
MetaX_C600-U,MetaX C600-U,28,9eb62be58cd60422ff6de02df5aab9e8ca4f64aa,51f6d57875fd37351cbbc48397d797e4,official,lightning_indexer,6,1048576,1024,0,0,bfloat16,int32,10,deep_gemm,unsupported,UnsupportedByBackend,"backend 'deep_gemm' ranks float32 scores, and was given torch.bfloat16; 'maca_c' and 'torch' take bfloat16 as well",,,,,,,,
MetaX_C600-U,MetaX C600-U,28,9eb62be58cd60422ff6de02df5aab9e8ca4f64aa,51f6d57875fd37351cbbc48397d797e4,official,lightning_indexer,256,256,1024,0,0,bfloat16,int32,10,maca_c,pass,,,4.608,81.28,0.256,256.0,1.18,100.0,100.0,
MetaX_C600-U,MetaX C600-U,28,9eb62be58cd60422ff6de02df5aab9e8ca4f64aa,51f6d57875fd37351cbbc48397d797e4,official,lightning_indexer,256,256,1024,0,0,bfloat16,int32,10,torch,pass,,"not applicable: the reference backend needs vocab_size >= topk, no window, no offset (tests/test.py's own guard)",,,,,,,,
MetaX_C600-U,MetaX C600-U,28,9eb62be58cd60422ff6de02df5aab9e8ca4f64aa,51f6d57875fd37351cbbc48397d797e4,official,lightning_indexer,256,256,1024,0,0,bfloat16,int32,10,deep_gemm,unsupported,UnsupportedByBackend,"backend 'deep_gemm' ranks float32 scores, and was given torch.bfloat16; 'maca_c' and 'torch' take bfloat16 as well",,,,,,,,
MetaX_C600-U,MetaX C600-U,28,9eb62be58cd60422ff6de02df5aab9e8ca4f64aa,51f6d57875fd37351cbbc48397d797e4,official,lightning_indexer,256,1024,1024,0,0,bfloat16,int32,10,maca_c,pass,,,4.454,81.306,0.353135,353.135,1.573,100.0,100.0,
MetaX_C600-U,MetaX C600-U,28,9eb62be58cd60422ff6de02df5aab9e8ca4f64aa,51f6d57875fd37351cbbc48397d797e4,official,lightning_indexer,256,1024,1024,0,0,bfloat16,int32,10,torch,pass,,,134.4,136.883,0.011703,11.703,,3.31,59.4,
MetaX_C600-U,MetaX C600-U,28,9eb62be58cd60422ff6de02df5aab9e8ca4f64aa,51f6d57875fd37351cbbc48397d797e4,official,lightning_indexer,256,1024,1024,0,0,bfloat16,int32,10,deep_gemm,unsupported,UnsupportedByBackend,"backend 'deep_gemm' ranks float32 scores, and was given torch.bfloat16; 'maca_c' and 'torch' take bfloat16 as well",,,,,,,,
MetaX_C600-U,MetaX C600-U,28,9eb62be58cd60422ff6de02df5aab9e8ca4f64aa,51f6d57875fd37351cbbc48397d797e4,official,lightning_indexer,256,4096,1024,0,0,bfloat16,int32,10,maca_c,pass,,,36.864,83.2,0.085333,85.333,3.146,100.0,100.0,
MetaX_C600-U,MetaX C600-U,28,9eb62be58cd60422ff6de02df5aab9e8ca4f64aa,51f6d57875fd37351cbbc48397d797e4,official,lightning_indexer,256,4096,1024,0,0,bfloat16,int32,10,torch,pass,,,263.475,248.09,0.011939,11.939,,13.99,33.54,
MetaX_C600-U,MetaX C600-U,28,9eb62be58cd60422ff6de02df5aab9e8ca4f64aa,51f6d57875fd37351cbbc48397d797e4,official,lightning_indexer,256,4096,1024,0,0,bfloat16,int32,10,deep_gemm,unsupported,UnsupportedByBackend,"backend 'deep_gemm' ranks float32 scores, and was given torch.bfloat16; 'maca_c' and 'torch' take bfloat16 as well",,,,,,,,
MetaX_C600-U,MetaX C600-U,28,9eb62be58cd60422ff6de02df5aab9e8ca4f64aa,51f6d57875fd37351cbbc48397d797e4,official,lightning_indexer,256,16384,1024,0,0,bfloat16,int32,10,maca_c,pass,,,67.84,86.221,0.139109,139.109,9.437,100.0,100.0,
MetaX_C600-U,MetaX C600-U,28,9eb62be58cd60422ff6de02df5aab9e8ca4f64aa,51f6d57875fd37351cbbc48397d797e4,official,lightning_indexer,256,16384,1024,0,0,bfloat16,int32,10,torch,pass,,,594.432,580.71,0.015876,15.876,,11.41,14.85,
MetaX_C600-U,MetaX C600-U,28,9eb62be58cd60422ff6de02df5aab9e8ca4f64aa,51f6d57875fd37351cbbc48397d797e4,official,lightning_indexer,256,16384,1024,0,0,bfloat16,int32,10,deep_gemm,unsupported,UnsupportedByBackend,"backend 'deep_gemm' ranks float32 scores, and was given torch.bfloat16; 'maca_c' and 'torch' take bfloat16 as well",,,,,,,,
MetaX_C600-U,MetaX C600-U,28,9eb62be58cd60422ff6de02df5aab9e8ca4f64aa,51f6d57875fd37351cbbc48397d797e4,official,lightning_indexer,256,65536,1024,0,0,bfloat16,int32,10,maca_c,pass,,,181.35,191.411,0.190808,190.808,34.603,100.0,100.0,
MetaX_C600-U,MetaX C600-U,28,9eb62be58cd60422ff6de02df5aab9e8ca4f64aa,51f6d57875fd37351cbbc48397d797e4,official,lightning_indexer,256,65536,1024,0,0,bfloat16,int32,10,torch,pass,,,1276.16,1264.384,0.027115,27.115,,14.21,15.14,
MetaX_C600-U,MetaX C600-U,28,9eb62be58cd60422ff6de02df5aab9e8ca4f64aa,51f6d57875fd37351cbbc48397d797e4,official,lightning_indexer,256,65536,1024,0,0,bfloat16,int32,10,deep_gemm,unsupported,UnsupportedByBackend,"backend 'deep_gemm' ranks float32 scores, and was given torch.bfloat16; 'maca_c' and 'torch' take bfloat16 as well",,,,,,,,
MetaX_C600-U,MetaX C600-U,28,9eb62be58cd60422ff6de02df5aab9e8ca4f64aa,51f6d57875fd37351cbbc48397d797e4,official,lightning_indexer,256,131072,1024,0,0,bfloat16,int32,10,maca_c,pass,,,306.176,318.182,0.222609,222.609,68.157,100.0,100.0,
MetaX_C600-U,MetaX C600-U,28,9eb62be58cd60422ff6de02df5aab9e8ca4f64aa,51f6d57875fd37351cbbc48397d797e4,official,lightning_indexer,256,131072,1024,0,0,bfloat16,int32,10,torch,pass,,,2220.826,2214.426,0.03069,30.69,,13.79,14.37,
MetaX_C600-U,MetaX C600-U,28,9eb62be58cd60422ff6de02df5aab9e8ca4f64aa,51f6d57875fd37351cbbc48397d797e4,official,lightning_indexer,256,131072,1024,0,0,bfloat16,int32,10,deep_gemm,unsupported,UnsupportedByBackend,"backend 'deep_gemm' ranks float32 scores, and was given torch.bfloat16; 'maca_c' and 'torch' take bfloat16 as well",,,,,,,,
MetaX_C600-U,MetaX C600-U,28,9eb62be58cd60422ff6de02df5aab9e8ca4f64aa,51f6d57875fd37351cbbc48397d797e4,official,lightning_indexer,256,262144,1024,0,0,bfloat16,int32,10,maca_c,pass,,,475.238,488.09,0.284629,284.629,135.266,100.0,100.0,
MetaX_C600-U,MetaX C600-U,28,9eb62be58cd60422ff6de02df5aab9e8ca4f64aa,51f6d57875fd37351cbbc48397d797e4,official,lightning_indexer,256,262144,1024,0,0,bfloat16,int32,10,torch,pass,,,4087.066,4074.137,0.033096,33.096,,11.63,11.98,
MetaX_C600-U,MetaX C600-U,28,9eb62be58cd60422ff6de02df5aab9e8ca4f64aa,51f6d57875fd37351cbbc48397d797e4,official,lightning_indexer,256,262144,1024,0,0,bfloat16,int32,10,deep_gemm,unsupported,UnsupportedByBackend,"backend 'deep_gemm' ranks float32 scores, and was given torch.bfloat16; 'maca_c' and 'torch' take bfloat16 as well",,,,,,,,
MetaX_C600-U,MetaX C600-U,28,9eb62be58cd60422ff6de02df5aab9e8ca4f64aa,51f6d57875fd37351cbbc48397d797e4,official,lightning_indexer,256,524288,1024,0,0,bfloat16,int32,10,maca_c,pass,,,788.173,801.92,0.34191,341.91,269.484,100.0,100.0,
MetaX_C600-U,MetaX C600-U,28,9eb62be58cd60422ff6de02df5aab9e8ca4f64aa,51f6d57875fd37351cbbc48397d797e4,official,lightning_indexer,256,524288,1024,0,0,bfloat16,int32,10,torch,pass,,,7850.726,7855.412,0.034326,34.326,,10.04,10.21,
MetaX_C600-U,MetaX C600-U,28,9eb62be58cd60422ff6de02df5aab9e8ca4f64aa,51f6d57875fd37351cbbc48397d797e4,official,lightning_indexer,256,524288,1024,0,0,bfloat16,int32,10,deep_gemm,unsupported,UnsupportedByBackend,"backend 'deep_gemm' ranks float32 scores, and was given torch.bfloat16; 'maca_c' and 'torch' take bfloat16 as well",,,,,,,,
MetaX_C600-U,MetaX C600-U,28,9eb62be58cd60422ff6de02df5aab9e8ca4f64aa,51f6d57875fd37351cbbc48397d797e4,official,lightning_indexer,256,1048576,1024,0,0,bfloat16,int32,10,maca_c,pass,,,1394.304,1403.776,0.385798,385.798,537.919,100.0,100.0,
MetaX_C600-U,MetaX C600-U,28,9eb62be58cd60422ff6de02df5aab9e8ca4f64aa,51f6d57875fd37351cbbc48397d797e4,official,lightning_indexer,256,1048576,1024,0,0,bfloat16,int32,10,torch,pass,,,15210.982,15248.154,0.035364,35.364,,9.17,9.21,
MetaX_C600-U,MetaX C600-U,28,9eb62be58cd60422ff6de02df5aab9e8ca4f64aa,51f6d57875fd37351cbbc48397d797e4,official,lightning_indexer,256,1048576,1024,0,0,bfloat16,int32,10,deep_gemm,unsupported,UnsupportedByBackend,"backend 'deep_gemm' ranks float32 scores, and was given torch.bfloat16; 'maca_c' and 'torch' take bfloat16 as well",,,,,,,,
MetaX_C600-U,MetaX C600-U,28,9eb62be58cd60422ff6de02df5aab9e8ca4f64aa,51f6d57875fd37351cbbc48397d797e4,official,lightning_indexer,512,256,1024,0,0,bfloat16,int32,10,maca_c,pass,,,6.502,83.046,0.362857,362.857,2.359,100.0,100.0,
MetaX_C600-U,MetaX C600-U,28,9eb62be58cd60422ff6de02df5aab9e8ca4f64aa,51f6d57875fd37351cbbc48397d797e4,official,lightning_indexer,512,256,1024,0,0,bfloat16,int32,10,torch,pass,,"not applicable: the reference backend needs vocab_size >= topk, no window, no offset (tests/test.py's own guard)",,,,,,,,
MetaX_C600-U,MetaX C600-U,28,9eb62be58cd60422ff6de02df5aab9e8ca4f64aa,51f6d57875fd37351cbbc48397d797e4,official,lightning_indexer,512,256,1024,0,0,bfloat16,int32,10,deep_gemm,unsupported,UnsupportedByBackend,"backend 'deep_gemm' ranks float32 scores, and was given torch.bfloat16; 'maca_c' and 'torch' take bfloat16 as well",,,,,,,,
MetaX_C600-U,MetaX C600-U,28,9eb62be58cd60422ff6de02df5aab9e8ca4f64aa,51f6d57875fd37351cbbc48397d797e4,official,lightning_indexer,512,1024,1024,0,0,bfloat16,int32,10,maca_c,pass,,,6.528,80.691,0.481882,481.882,3.146,100.0,100.0,
MetaX_C600-U,MetaX C600-U,28,9eb62be58cd60422ff6de02df5aab9e8ca4f64aa,51f6d57875fd37351cbbc48397d797e4,official,lightning_indexer,512,1024,1024,0,0,bfloat16,int32,10,torch,pass,,,257.766,260.531,0.012204,12.204,,2.53,30.97,
MetaX_C600-U,MetaX C600-U,28,9eb62be58cd60422ff6de02df5aab9e8ca4f64aa,51f6d57875fd37351cbbc48397d797e4,official,lightning_indexer,512,1024,1024,0,0,bfloat16,int32,10,deep_gemm,unsupported,UnsupportedByBackend,"backend 'deep_gemm' ranks float32 scores, and was given torch.bfloat16; 'maca_c' and 'torch' take bfloat16 as well",,,,,,,,
MetaX_C600-U,MetaX C600-U,28,9eb62be58cd60422ff6de02df5aab9e8ca4f64aa,51f6d57875fd37351cbbc48397d797e4,official,lightning_indexer,512,4096,1024,0,0,bfloat16,int32,10,maca_c,pass,,,64.691,86.323,0.097254,97.254,6.291,100.0,100.0,
MetaX_C600-U,MetaX C600-U,28,9eb62be58cd60422ff6de02df5aab9e8ca4f64aa,51f6d57875fd37351cbbc48397d797e4,official,lightning_indexer,512,4096,1024,0,0,bfloat16,int32,10,torch,pass,,,289.587,275.43,0.021726,21.726,,22.34,31.34,
MetaX_C600-U,MetaX C600-U,28,9eb62be58cd60422ff6de02df5aab9e8ca4f64aa,51f6d57875fd37351cbbc48397d797e4,official,lightning_indexer,512,4096,1024,0,0,bfloat16,int32,10,deep_gemm,unsupported,UnsupportedByBackend,"backend 'deep_gemm' ranks float32 scores, and was given torch.bfloat16; 'maca_c' and 'torch' take bfloat16 as well",,,,,,,,
MetaX_C600-U,MetaX C600-U,28,9eb62be58cd60422ff6de02df5aab9e8ca4f64aa,51f6d57875fd37351cbbc48397d797e4,official,lightning_indexer,512,16384,1024,0,0,bfloat16,int32,10,maca_c,pass,,,120.474,130.714,0.156668,156.668,18.874,100.0,100.0,
MetaX_C600-U,MetaX C600-U,28,9eb62be58cd60422ff6de02df5aab9e8ca4f64aa,51f6d57875fd37351cbbc48397d797e4,official,lightning_indexer,512,16384,1024,0,0,bfloat16,int32,10,torch,pass,,,721.408,699.981,0.026163,26.163,,16.7,18.67,
MetaX_C600-U,MetaX C600-U,28,9eb62be58cd60422ff6de02df5aab9e8ca4f64aa,51f6d57875fd37351cbbc48397d797e4,official,lightning_indexer,512,16384,1024,0,0,bfloat16,int32,10,deep_gemm,unsupported,UnsupportedByBackend,"backend 'deep_gemm' ranks float32 scores, and was given torch.bfloat16; 'maca_c' and 'torch' take bfloat16 as well",,,,,,,,
MetaX_C600-U,MetaX C600-U,28,9eb62be58cd60422ff6de02df5aab9e8ca4f64aa,51f6d57875fd37351cbbc48397d797e4,official,lightning_indexer,512,65536,1024,0,0,bfloat16,int32,10,maca_c,pass,,,323.251,339.661,0.214094,214.094,69.206,100.0,100.0,
MetaX_C600-U,MetaX C600-U,28,9eb62be58cd60422ff6de02df5aab9e8ca4f64aa,51f6d57875fd37351cbbc48397d797e4,official,lightning_indexer,512,65536,1024,0,0,bfloat16,int32,10,torch,pass,,,2367.334,2360.909,0.029234,29.234,,13.65,14.39,
MetaX_C600-U,MetaX C600-U,28,9eb62be58cd60422ff6de02df5aab9e8ca4f64aa,51f6d57875fd37351cbbc48397d797e4,official,lightning_indexer,512,65536,1024,0,0,bfloat16,int32,10,deep_gemm,unsupported,UnsupportedByBackend,"backend 'deep_gemm' ranks float32 scores, and was given torch.bfloat16; 'maca_c' and 'torch' take bfloat16 as well",,,,,,,,
MetaX_C600-U,MetaX C600-U,28,9eb62be58cd60422ff6de02df5aab9e8ca4f64aa,51f6d57875fd37351cbbc48397d797e4,official,lightning_indexer,512,131072,1024,0,0,bfloat16,int32,10,maca_c,pass,,,551.091,563.354,0.247355,247.355,136.315,100.0,100.0,
MetaX_C600-U,MetaX C600-U,28,9eb62be58cd60422ff6de02df5aab9e8ca4f64aa,51f6d57875fd37351cbbc48397d797e4,official,lightning_indexer,512,131072,1024,0,0,bfloat16,int32,10,torch,pass,,,4238.541,4225.792,0.032161,32.161,,13.0,13.33,
MetaX_C600-U,MetaX C600-U,28,9eb62be58cd60422ff6de02df5aab9e8ca4f64aa,51f6d57875fd37351cbbc48397d797e4,official,lightning_indexer,512,131072,1024,0,0,bfloat16,int32,10,deep_gemm,unsupported,UnsupportedByBackend,"backend 'deep_gemm' ranks float32 scores, and was given torch.bfloat16; 'maca_c' and 'torch' take bfloat16 as well",,,,,,,,
MetaX_C600-U,MetaX C600-U,28,9eb62be58cd60422ff6de02df5aab9e8ca4f64aa,51f6d57875fd37351cbbc48397d797e4,official,lightning_indexer,512,262144,1024,0,0,bfloat16,int32,10,maca_c,pass,,,861.773,873.907,0.313926,313.926,270.533,100.0,100.0,
MetaX_C600-U,MetaX C600-U,28,9eb62be58cd60422ff6de02df5aab9e8ca4f64aa,51f6d57875fd37351cbbc48397d797e4,official,lightning_indexer,512,262144,1024,0,0,bfloat16,int32,10,torch,pass,,,7947.008,7954.124,0.034042,34.042,,10.84,10.99,
MetaX_C600-U,MetaX C600-U,28,9eb62be58cd60422ff6de02df5aab9e8ca4f64aa,51f6d57875fd37351cbbc48397d797e4,official,lightning_indexer,512,262144,1024,0,0,bfloat16,int32,10,deep_gemm,unsupported,UnsupportedByBackend,"backend 'deep_gemm' ranks float32 scores, and was given torch.bfloat16; 'maca_c' and 'torch' take bfloat16 as well",,,,,,,,
MetaX_C600-U,MetaX C600-U,28,9eb62be58cd60422ff6de02df5aab9e8ca4f64aa,51f6d57875fd37351cbbc48397d797e4,official,lightning_indexer,512,524288,1024,0,0,bfloat16,int32,10,maca_c,pass,,,1432.55,1447.629,0.37623,376.23,538.968,100.0,100.0,
MetaX_C600-U,MetaX C600-U,28,9eb62be58cd60422ff6de02df5aab9e8ca4f64aa,51f6d57875fd37351cbbc48397d797e4,official,lightning_indexer,512,524288,1024,0,0,bfloat16,int32,10,torch,pass,,,15439.258,15490.868,0.034909,34.909,,9.28,9.35,
MetaX_C600-U,MetaX C600-U,28,9eb62be58cd60422ff6de02df5aab9e8ca4f64aa,51f6d57875fd37351cbbc48397d797e4,official,lightning_indexer,512,524288,1024,0,0,bfloat16,int32,10,deep_gemm,unsupported,UnsupportedByBackend,"backend 'deep_gemm' ranks float32 scores, and was given torch.bfloat16; 'maca_c' and 'torch' take bfloat16 as well",,,,,,,,
MetaX_C600-U,MetaX C600-U,28,9eb62be58cd60422ff6de02df5aab9e8ca4f64aa,51f6d57875fd37351cbbc48397d797e4,official,lightning_indexer,512,1048576,1024,0,0,bfloat16,int32,10,maca_c,pass,,,2543.898,2557.261,0.42291,422.91,1075.839,100.0,100.0,
MetaX_C600-U,MetaX C600-U,28,9eb62be58cd60422ff6de02df5aab9e8ca4f64aa,51f6d57875fd37351cbbc48397d797e4,official,lightning_indexer,512,1048576,1024,0,0,bfloat16,int32,10,torch,pass,,,30697.139,30814.105,0.035047,35.047,,8.29,8.3,
MetaX_C600-U,MetaX C600-U,28,9eb62be58cd60422ff6de02df5aab9e8ca4f64aa,51f6d57875fd37351cbbc48397d797e4,official,lightning_indexer,512,1048576,1024,0,0,bfloat16,int32,10,deep_gemm,unsupported,UnsupportedByBackend,"backend 'deep_gemm' ranks float32 scores, and was given torch.bfloat16; 'maca_c' and 'torch' take bfloat16 as well",,,,,,,,
MetaX_C600-U,MetaX C600-U,28,9eb62be58cd60422ff6de02df5aab9e8ca4f64aa,51f6d57875fd37351cbbc48397d797e4,official,lightning_indexer,768,256,1024,0,0,bfloat16,int32,10,maca_c,pass,,,8.576,85.222,0.412657,412.657,3.539,100.0,100.0,
MetaX_C600-U,MetaX C600-U,28,9eb62be58cd60422ff6de02df5aab9e8ca4f64aa,51f6d57875fd37351cbbc48397d797e4,official,lightning_indexer,768,256,1024,0,0,bfloat16,int32,10,torch,pass,,"not applicable: the reference backend needs vocab_size >= topk, no window, no offset (tests/test.py's own guard)",,,,,,,,
MetaX_C600-U,MetaX C600-U,28,9eb62be58cd60422ff6de02df5aab9e8ca4f64aa,51f6d57875fd37351cbbc48397d797e4,official,lightning_indexer,768,256,1024,0,0,bfloat16,int32,10,deep_gemm,unsupported,UnsupportedByBackend,"backend 'deep_gemm' ranks float32 scores, and was given torch.bfloat16; 'maca_c' and 'torch' take bfloat16 as well",,,,,,,,
MetaX_C600-U,MetaX C600-U,28,9eb62be58cd60422ff6de02df5aab9e8ca4f64aa,51f6d57875fd37351cbbc48397d797e4,official,lightning_indexer,768,1024,1024,0,0,bfloat16,int32,10,maca_c,pass,,,8.627,92.365,0.546956,546.956,4.719,100.0,100.0,
MetaX_C600-U,MetaX C600-U,28,9eb62be58cd60422ff6de02df5aab9e8ca4f64aa,51f6d57875fd37351cbbc48397d797e4,official,lightning_indexer,768,1024,1024,0,0,bfloat16,int32,10,torch,pass,,,380.262,383.539,0.012409,12.409,,2.27,24.08,
MetaX_C600-U,MetaX C600-U,28,9eb62be58cd60422ff6de02df5aab9e8ca4f64aa,51f6d57875fd37351cbbc48397d797e4,official,lightning_indexer,768,1024,1024,0,0,bfloat16,int32,10,deep_gemm,unsupported,UnsupportedByBackend,"backend 'deep_gemm' ranks float32 scores, and was given torch.bfloat16; 'maca_c' and 'torch' take bfloat16 as well",,,,,,,,
MetaX_C600-U,MetaX C600-U,28,9eb62be58cd60422ff6de02df5aab9e8ca4f64aa,51f6d57875fd37351cbbc48397d797e4,official,lightning_indexer,768,4096,1024,0,0,bfloat16,int32,10,maca_c,pass,,,92.979,105.318,0.101498,101.498,9.437,100.0,100.0,
MetaX_C600-U,MetaX C600-U,28,9eb62be58cd60422ff6de02df5aab9e8ca4f64aa,51f6d57875fd37351cbbc48397d797e4,official,lightning_indexer,768,4096,1024,0,0,bfloat16,int32,10,torch,pass,,,365.005,349.619,0.025855,25.855,,25.47,30.12,
MetaX_C600-U,MetaX C600-U,28,9eb62be58cd60422ff6de02df5aab9e8ca4f64aa,51f6d57875fd37351cbbc48397d797e4,official,lightning_indexer,768,4096,1024,0,0,bfloat16,int32,10,deep_gemm,unsupported,UnsupportedByBackend,"backend 'deep_gemm' ranks float32 scores, and was given torch.bfloat16; 'maca_c' and 'torch' take bfloat16 as well",,,,,,,,
MetaX_C600-U,MetaX C600-U,28,9eb62be58cd60422ff6de02df5aab9e8ca4f64aa,51f6d57875fd37351cbbc48397d797e4,official,lightning_indexer,768,16384,1024,0,0,bfloat16,int32,10,maca_c,pass,,,173.747,184.781,0.162947,162.947,28.312,100.0,100.0,
MetaX_C600-U,MetaX C600-U,28,9eb62be58cd60422ff6de02df5aab9e8ca4f64aa,51f6d57875fd37351cbbc48397d797e4,official,lightning_indexer,768,16384,1024,0,0,bfloat16,int32,10,torch,pass,,,960.41,945.562,0.029479,29.479,,18.09,19.54,
MetaX_C600-U,MetaX C600-U,28,9eb62be58cd60422ff6de02df5aab9e8ca4f64aa,51f6d57875fd37351cbbc48397d797e4,official,lightning_indexer,768,16384,1024,0,0,bfloat16,int32,10,deep_gemm,unsupported,UnsupportedByBackend,"backend 'deep_gemm' ranks float32 scores, and was given torch.bfloat16; 'maca_c' and 'torch' take bfloat16 as well",,,,,,,,
MetaX_C600-U,MetaX C600-U,28,9eb62be58cd60422ff6de02df5aab9e8ca4f64aa,51f6d57875fd37351cbbc48397d797e4,official,lightning_indexer,768,65536,1024,0,0,bfloat16,int32,10,maca_c,pass,,,465.101,478.003,0.223197,223.197,103.809,100.0,100.0,
MetaX_C600-U,MetaX C600-U,28,9eb62be58cd60422ff6de02df5aab9e8ca4f64aa,51f6d57875fd37351cbbc48397d797e4,official,lightning_indexer,768,65536,1024,0,0,bfloat16,int32,10,torch,pass,,,3460.557,3451.853,0.029998,29.998,,13.44,13.85,
MetaX_C600-U,MetaX C600-U,28,9eb62be58cd60422ff6de02df5aab9e8ca4f64aa,51f6d57875fd37351cbbc48397d797e4,official,lightning_indexer,768,65536,1024,0,0,bfloat16,int32,10,deep_gemm,unsupported,UnsupportedByBackend,"backend 'deep_gemm' ranks float32 scores, and was given torch.bfloat16; 'maca_c' and 'torch' take bfloat16 as well",,,,,,,,
MetaX_C600-U,MetaX C600-U,28,9eb62be58cd60422ff6de02df5aab9e8ca4f64aa,51f6d57875fd37351cbbc48397d797e4,official,lightning_indexer,768,131072,1024,0,0,bfloat16,int32,10,maca_c,pass,,,796.672,808.909,0.256658,256.658,204.472,100.0,100.0,
MetaX_C600-U,MetaX C600-U,28,9eb62be58cd60422ff6de02df5aab9e8ca4f64aa,51f6d57875fd37351cbbc48397d797e4,official,lightning_indexer,768,131072,1024,0,0,bfloat16,int32,10,torch,pass,,,6257.075,6250.547,0.032679,32.679,,12.73,12.94,
MetaX_C600-U,MetaX C600-U,28,9eb62be58cd60422ff6de02df5aab9e8ca4f64aa,51f6d57875fd37351cbbc48397d797e4,official,lightning_indexer,768,131072,1024,0,0,bfloat16,int32,10,deep_gemm,unsupported,UnsupportedByBackend,"backend 'deep_gemm' ranks float32 scores, and was given torch.bfloat16; 'maca_c' and 'torch' take bfloat16 as well",,,,,,,,
MetaX_C600-U,MetaX C600-U,28,9eb62be58cd60422ff6de02df5aab9e8ca4f64aa,51f6d57875fd37351cbbc48397d797e4,official,lightning_indexer,768,262144,1024,0,0,bfloat16,int32,10,maca_c,pass,,,1247.795,1257.754,0.325213,325.213,405.799,100.0,100.0,
MetaX_C600-U,MetaX C600-U,28,9eb62be58cd60422ff6de02df5aab9e8ca4f64aa,51f6d57875fd37351cbbc48397d797e4,official,lightning_indexer,768,262144,1024,0,0,bfloat16,int32,10,torch,pass,,,11866.522,11911.449,0.034197,34.197,,10.52,10.56,
MetaX_C600-U,MetaX C600-U,28,9eb62be58cd60422ff6de02df5aab9e8ca4f64aa,51f6d57875fd37351cbbc48397d797e4,official,lightning_indexer,768,262144,1024,0,0,bfloat16,int32,10,deep_gemm,unsupported,UnsupportedByBackend,"backend 'deep_gemm' ranks float32 scores, and was given torch.bfloat16; 'maca_c' and 'torch' take bfloat16 as well",,,,,,,,
MetaX_C600-U,MetaX C600-U,28,9eb62be58cd60422ff6de02df5aab9e8ca4f64aa,51f6d57875fd37351cbbc48397d797e4,official,lightning_indexer,768,524288,1024,0,0,bfloat16,int32,10,maca_c,pass,,,2075.315,2091.699,0.389556,389.556,808.452,100.0,100.0,
MetaX_C600-U,MetaX C600-U,28,9eb62be58cd60422ff6de02df5aab9e8ca4f64aa,51f6d57875fd37351cbbc48397d797e4,official,lightning_indexer,768,524288,1024,0,0,bfloat16,int32,10,torch,pass,,,22999.014,23086.848,0.035152,35.152,,9.02,9.06,
MetaX_C600-U,MetaX C600-U,28,9eb62be58cd60422ff6de02df5aab9e8ca4f64aa,51f6d57875fd37351cbbc48397d797e4,official,lightning_indexer,768,524288,1024,0,0,bfloat16,int32,10,deep_gemm,unsupported,UnsupportedByBackend,"backend 'deep_gemm' ranks float32 scores, and was given torch.bfloat16; 'maca_c' and 'torch' take bfloat16 as well",,,,,,,,
MetaX_C600-U,MetaX C600-U,28,9eb62be58cd60422ff6de02df5aab9e8ca4f64aa,51f6d57875fd37351cbbc48397d797e4,official,lightning_indexer,768,1048576,1024,0,0,bfloat16,int32,10,maca_c,pass,,,3693.03,3703.143,0.436974,436.974,1613.758,100.0,100.0,
MetaX_C600-U,MetaX C600-U,28,9eb62be58cd60422ff6de02df5aab9e8ca4f64aa,51f6d57875fd37351cbbc48397d797e4,official,lightning_indexer,768,1048576,1024,0,0,bfloat16,int32,10,torch,pass,,,45314.586,45416.833,0.035612,35.612,,8.15,8.15,
MetaX_C600-U,MetaX C600-U,28,9eb62be58cd60422ff6de02df5aab9e8ca4f64aa,51f6d57875fd37351cbbc48397d797e4,official,lightning_indexer,768,1048576,1024,0,0,bfloat16,int32,10,deep_gemm,unsupported,UnsupportedByBackend,"backend 'deep_gemm' ranks float32 scores, and was given torch.bfloat16; 'maca_c' and 'torch' take bfloat16 as well",,,,,,,,
MetaX_C600-U,MetaX C600-U,28,9eb62be58cd60422ff6de02df5aab9e8ca4f64aa,51f6d57875fd37351cbbc48397d797e4,official,lightning_indexer,4096,256,1024,0,0,bfloat16,int32,10,maca_c,pass,,,34.79,84.096,0.542523,542.523,18.874,100.0,100.0,
MetaX_C600-U,MetaX C600-U,28,9eb62be58cd60422ff6de02df5aab9e8ca4f64aa,51f6d57875fd37351cbbc48397d797e4,official,lightning_indexer,4096,256,1024,0,0,bfloat16,int32,10,torch,pass,,"not applicable: the reference backend needs vocab_size >= topk, no window, no offset (tests/test.py's own guard)",,,,,,,,
MetaX_C600-U,MetaX C600-U,28,9eb62be58cd60422ff6de02df5aab9e8ca4f64aa,51f6d57875fd37351cbbc48397d797e4,official,lightning_indexer,4096,256,1024,0,0,bfloat16,int32,10,deep_gemm,unsupported,UnsupportedByBackend,"backend 'deep_gemm' ranks float32 scores, and was given torch.bfloat16; 'maca_c' and 'torch' take bfloat16 as well",,,,,,,,
MetaX_C600-U,MetaX C600-U,28,9eb62be58cd60422ff6de02df5aab9e8ca4f64aa,51f6d57875fd37351cbbc48397d797e4,official,lightning_indexer,4096,1024,1024,0,0,bfloat16,int32,10,maca_c,pass,,,34.842,106.854,0.722284,722.284,25.166,100.0,100.0,
MetaX_C600-U,MetaX C600-U,28,9eb62be58cd60422ff6de02df5aab9e8ca4f64aa,51f6d57875fd37351cbbc48397d797e4,official,lightning_indexer,4096,1024,1024,0,0,bfloat16,int32,10,torch,pass,,,667.187,650.419,0.037719,37.719,,5.22,16.43,
MetaX_C600-U,MetaX C600-U,28,9eb62be58cd60422ff6de02df5aab9e8ca4f64aa,51f6d57875fd37351cbbc48397d797e4,official,lightning_indexer,4096,1024,1024,0,0,bfloat16,int32,10,deep_gemm,unsupported,UnsupportedByBackend,"backend 'deep_gemm' ranks float32 scores, and was given torch.bfloat16; 'maca_c' and 'torch' take bfloat16 as well",,,,,,,,
MetaX_C600-U,MetaX C600-U,28,9eb62be58cd60422ff6de02df5aab9e8ca4f64aa,51f6d57875fd37351cbbc48397d797e4,official,lightning_indexer,4096,4096,1024,0,0,bfloat16,int32,10,maca_c,pass,,,465.562,475.443,0.108109,108.109,50.332,100.0,100.0,
MetaX_C600-U,MetaX C600-U,28,9eb62be58cd60422ff6de02df5aab9e8ca4f64aa,51f6d57875fd37351cbbc48397d797e4,official,lightning_indexer,4096,4096,1024,0,0,bfloat16,int32,10,torch,pass,,,1363.891,1349.606,0.036903,36.903,,34.13,35.23,
MetaX_C600-U,MetaX C600-U,28,9eb62be58cd60422ff6de02df5aab9e8ca4f64aa,51f6d57875fd37351cbbc48397d797e4,official,lightning_indexer,4096,4096,1024,0,0,bfloat16,int32,10,deep_gemm,unsupported,UnsupportedByBackend,"backend 'deep_gemm' ranks float32 scores, and was given torch.bfloat16; 'maca_c' and 'torch' take bfloat16 as well",,,,,,,,
MetaX_C600-U,MetaX C600-U,28,9eb62be58cd60422ff6de02df5aab9e8ca4f64aa,51f6d57875fd37351cbbc48397d797e4,official,lightning_indexer,4096,16384,1024,0,0,bfloat16,int32,10,maca_c,pass,,,866.867,879.59,0.174185,174.185,150.995,100.0,100.0,
MetaX_C600-U,MetaX C600-U,28,9eb62be58cd60422ff6de02df5aab9e8ca4f64aa,51f6d57875fd37351cbbc48397d797e4,official,lightning_indexer,4096,16384,1024,0,0,bfloat16,int32,10,torch,pass,,,4237.824,4220.518,0.03563,35.63,,20.46,20.84,
MetaX_C600-U,MetaX C600-U,28,9eb62be58cd60422ff6de02df5aab9e8ca4f64aa,51f6d57875fd37351cbbc48397d797e4,official,lightning_indexer,4096,16384,1024,0,0,bfloat16,int32,10,deep_gemm,unsupported,UnsupportedByBackend,"backend 'deep_gemm' ranks float32 scores, and was given torch.bfloat16; 'maca_c' and 'torch' take bfloat16 as well",,,,,,,,
MetaX_C600-U,MetaX C600-U,28,9eb62be58cd60422ff6de02df5aab9e8ca4f64aa,51f6d57875fd37351cbbc48397d797e4,official,lightning_indexer,4096,65536,1024,0,0,bfloat16,int32,10,maca_c,pass,,,2324.762,2336.102,0.238153,238.153,553.648,100.0,100.0,
MetaX_C600-U,MetaX C600-U,28,9eb62be58cd60422ff6de02df5aab9e8ca4f64aa,51f6d57875fd37351cbbc48397d797e4,official,lightning_indexer,4096,65536,1024,0,0,bfloat16,int32,10,torch,pass,,,17518.746,17559.68,0.031603,31.603,,13.27,13.3,
MetaX_C600-U,MetaX C600-U,28,9eb62be58cd60422ff6de02df5aab9e8ca4f64aa,51f6d57875fd37351cbbc48397d797e4,official,lightning_indexer,4096,65536,1024,0,0,bfloat16,int32,10,deep_gemm,unsupported,UnsupportedByBackend,"backend 'deep_gemm' ranks float32 scores, and was given torch.bfloat16; 'maca_c' and 'torch' take bfloat16 as well",,,,,,,,
MetaX_C600-U,MetaX C600-U,28,9eb62be58cd60422ff6de02df5aab9e8ca4f64aa,51f6d57875fd37351cbbc48397d797e4,official,lightning_indexer,4096,131072,1024,0,0,bfloat16,int32,10,maca_c,pass,,,4015.616,4025.6,0.27157,271.57,1090.519,100.0,100.0,
MetaX_C600-U,MetaX C600-U,28,9eb62be58cd60422ff6de02df5aab9e8ca4f64aa,51f6d57875fd37351cbbc48397d797e4,official,lightning_indexer,4096,131072,1024,0,0,bfloat16,int32,10,torch,pass,,,32584.192,32685.696,0.033468,33.468,,12.32,12.32,
MetaX_C600-U,MetaX C600-U,28,9eb62be58cd60422ff6de02df5aab9e8ca4f64aa,51f6d57875fd37351cbbc48397d797e4,official,lightning_indexer,4096,131072,1024,0,0,bfloat16,int32,10,deep_gemm,unsupported,UnsupportedByBackend,"backend 'deep_gemm' ranks float32 scores, and was given torch.bfloat16; 'maca_c' and 'torch' take bfloat16 as well",,,,,,,,
MetaX_C600-U,MetaX C600-U,28,9eb62be58cd60422ff6de02df5aab9e8ca4f64aa,51f6d57875fd37351cbbc48397d797e4,official,lightning_indexer,4096,262144,1024,0,0,bfloat16,int32,10,maca_c,pass,,,6299.827,6310.144,0.343543,343.543,2164.261,100.0,100.0,
MetaX_C600-U,MetaX C600-U,28,9eb62be58cd60422ff6de02df5aab9e8ca4f64aa,51f6d57875fd37351cbbc48397d797e4,official,lightning_indexer,4096,262144,1024,0,0,bfloat16,int32,10,torch,pass,,,64199.578,64313.782,0.033711,33.711,,9.81,9.81,
MetaX_C600-U,MetaX C600-U,28,9eb62be58cd60422ff6de02df5aab9e8ca4f64aa,51f6d57875fd37351cbbc48397d797e4,official,lightning_indexer,4096,262144,1024,0,0,bfloat16,int32,10,deep_gemm,unsupported,UnsupportedByBackend,"backend 'deep_gemm' ranks float32 scores, and was given torch.bfloat16; 'maca_c' and 'torch' take bfloat16 as well",,,,,,,,
MetaX_C600-U,MetaX C600-U,28,9eb62be58cd60422ff6de02df5aab9e8ca4f64aa,51f6d57875fd37351cbbc48397d797e4,official,lightning_indexer,4096,524288,1024,0,0,bfloat16,int32,10,maca_c,pass,,,10547.226,10556.313,0.408804,408.804,4311.745,100.0,100.0,
MetaX_C600-U,MetaX C600-U,28,9eb62be58cd60422ff6de02df5aab9e8ca4f64aa,51f6d57875fd37351cbbc48397d797e4,official,lightning_indexer,4096,524288,1024,0,0,bfloat16,int32,10,torch,pass,,,128326.861,128443.591,0.0336,33.6,,8.22,8.22,
MetaX_C600-U,MetaX C600-U,28,9eb62be58cd60422ff6de02df5aab9e8ca4f64aa,51f6d57875fd37351cbbc48397d797e4,official,lightning_indexer,4096,524288,1024,0,0,bfloat16,int32,10,deep_gemm,unsupported,UnsupportedByBackend,"backend 'deep_gemm' ranks float32 scores, and was given torch.bfloat16; 'maca_c' and 'torch' take bfloat16 as well",,,,,,,,
MetaX_C600-U,MetaX C600-U,28,9eb62be58cd60422ff6de02df5aab9e8ca4f64aa,51f6d57875fd37351cbbc48397d797e4,official,lightning_indexer,4096,1048576,1024,0,0,bfloat16,int32,10,maca_c,pass,,,18831.462,18847.667,0.457039,457.039,8606.712,100.0,100.0,
MetaX_C600-U,MetaX C600-U,28,9eb62be58cd60422ff6de02df5aab9e8ca4f64aa,51f6d57875fd37351cbbc48397d797e4,official,lightning_indexer,4096,1048576,1024,0,0,bfloat16,int32,10,torch,pass,,,252279.91,252383.447,0.034116,34.116,,7.46,7.47,
MetaX_C600-U,MetaX C600-U,28,9eb62be58cd60422ff6de02df5aab9e8ca4f64aa,51f6d57875fd37351cbbc48397d797e4,official,lightning_indexer,4096,1048576,1024,0,0,bfloat16,int32,10,deep_gemm,unsupported,UnsupportedByBackend,"backend 'deep_gemm' ranks float32 scores, and was given torch.bfloat16; 'maca_c' and 'torch' take bfloat16 as well",,,,,,,,
MetaX_C600-U,MetaX C600-U,28,9eb62be58cd60422ff6de02df5aab9e8ca4f64aa,51f6d57875fd37351cbbc48397d797e4,official,lightning_indexer,1,131072,512,0,0,bfloat16,int32,10,maca_c,pass,,,41.011,109.414,0.006442,6.442,0.264,100.0,100.0,
MetaX_C600-U,MetaX C600-U,28,9eb62be58cd60422ff6de02df5aab9e8ca4f64aa,51f6d57875fd37351cbbc48397d797e4,official,lightning_indexer,1,131072,512,0,0,bfloat16,int32,10,torch,pass,,,128.896,113.638,0.00205,2.05,,31.82,96.28,
MetaX_C600-U,MetaX C600-U,28,9eb62be58cd60422ff6de02df5aab9e8ca4f64aa,51f6d57875fd37351cbbc48397d797e4,official,lightning_indexer,1,131072,512,0,0,bfloat16,int32,10,deep_gemm,unsupported,UnsupportedByBackend,"backend 'deep_gemm' ranks float32 scores, and was given torch.bfloat16; 'maca_c' and 'torch' take bfloat16 as well",,,,,,,,
MetaX_C600-U,MetaX C600-U,28,9eb62be58cd60422ff6de02df5aab9e8ca4f64aa,51f6d57875fd37351cbbc48397d797e4,official,lightning_indexer,1,262144,512,0,0,bfloat16,int32,10,maca_c,pass,,,34.048,103.68,0.015459,15.459,0.526,100.0,100.0,
MetaX_C600-U,MetaX C600-U,28,9eb62be58cd60422ff6de02df5aab9e8ca4f64aa,51f6d57875fd37351cbbc48397d797e4,official,lightning_indexer,1,262144,512,0,0,bfloat16,int32,10,torch,pass,,,144.998,127.539,0.00363,3.63,,23.48,81.29,
MetaX_C600-U,MetaX C600-U,28,9eb62be58cd60422ff6de02df5aab9e8ca4f64aa,51f6d57875fd37351cbbc48397d797e4,official,lightning_indexer,1,262144,512,0,0,bfloat16,int32,10,deep_gemm,unsupported,UnsupportedByBackend,"backend 'deep_gemm' ranks float32 scores, and was given torch.bfloat16; 'maca_c' and 'torch' take bfloat16 as well",,,,,,,,
MetaX_C600-U,MetaX C600-U,28,9eb62be58cd60422ff6de02df5aab9e8ca4f64aa,51f6d57875fd37351cbbc48397d797e4,official,lightning_indexer,1,1048576,512,0,0,bfloat16,int32,10,maca_c,pass,,,49.229,163.61,0.042642,42.642,2.099,100.0,100.0,
MetaX_C600-U,MetaX C600-U,28,9eb62be58cd60422ff6de02df5aab9e8ca4f64aa,51f6d57875fd37351cbbc48397d797e4,official,lightning_indexer,1,1048576,512,0,0,bfloat16,int32,10,torch,pass,,,202.419,186.086,0.010371,10.371,,24.32,87.92,
MetaX_C600-U,MetaX C600-U,28,9eb62be58cd60422ff6de02df5aab9e8ca4f64aa,51f6d57875fd37351cbbc48397d797e4,official,lightning_indexer,1,1048576,512,0,0,bfloat16,int32,10,deep_gemm,unsupported,UnsupportedByBackend,"backend 'deep_gemm' ranks float32 scores, and was given torch.bfloat16; 'maca_c' and 'torch' take bfloat16 as well",,,,,,,,
MetaX_C600-U,MetaX C600-U,28,9eb62be58cd60422ff6de02df5aab9e8ca4f64aa,51f6d57875fd37351cbbc48397d797e4,official,lightning_indexer,64,131072,512,0,0,bfloat16,int32,10,maca_c,pass,,,91.085,117.99,0.185632,185.632,16.908,100.0,100.0,
MetaX_C600-U,MetaX C600-U,28,9eb62be58cd60422ff6de02df5aab9e8ca4f64aa,51f6d57875fd37351cbbc48397d797e4,official,lightning_indexer,64,131072,512,0,0,bfloat16,int32,10,torch,pass,,,696.115,694.349,0.02429,24.29,,13.08,16.99,
MetaX_C600-U,MetaX C600-U,28,9eb62be58cd60422ff6de02df5aab9e8ca4f64aa,51f6d57875fd37351cbbc48397d797e4,official,lightning_indexer,64,131072,512,0,0,bfloat16,int32,10,deep_gemm,unsupported,UnsupportedByBackend,"backend 'deep_gemm' ranks float32 scores, and was given torch.bfloat16; 'maca_c' and 'torch' take bfloat16 as well",,,,,,,,
MetaX_C600-U,MetaX C600-U,28,9eb62be58cd60422ff6de02df5aab9e8ca4f64aa,51f6d57875fd37351cbbc48397d797e4,official,lightning_indexer,64,262144,512,0,0,bfloat16,int32,10,maca_c,pass,,,138.445,154.291,0.243313,243.313,33.686,100.0,100.0,
MetaX_C600-U,MetaX C600-U,28,9eb62be58cd60422ff6de02df5aab9e8ca4f64aa,51f6d57875fd37351cbbc48397d797e4,official,lightning_indexer,64,262144,512,0,0,bfloat16,int32,10,torch,pass,,,1161.882,1147.213,0.028992,28.992,,11.92,13.45,
MetaX_C600-U,MetaX C600-U,28,9eb62be58cd60422ff6de02df5aab9e8ca4f64aa,51f6d57875fd37351cbbc48397d797e4,official,lightning_indexer,64,262144,512,0,0,bfloat16,int32,10,deep_gemm,unsupported,UnsupportedByBackend,"backend 'deep_gemm' ranks float32 scores, and was given torch.bfloat16; 'maca_c' and 'torch' take bfloat16 as well",,,,,,,,
MetaX_C600-U,MetaX C600-U,28,9eb62be58cd60422ff6de02df5aab9e8ca4f64aa,51f6d57875fd37351cbbc48397d797e4,official,lightning_indexer,64,1048576,512,0,0,bfloat16,int32,10,maca_c,pass,,,426.01,437.376,0.315365,315.365,134.349,100.0,100.0,
MetaX_C600-U,MetaX C600-U,28,9eb62be58cd60422ff6de02df5aab9e8ca4f64aa,51f6d57875fd37351cbbc48397d797e4,official,lightning_indexer,64,1048576,512,0,0,bfloat16,int32,10,torch,pass,,,3988.096,3964.442,0.033687,33.687,,10.68,11.03,
MetaX_C600-U,MetaX C600-U,28,9eb62be58cd60422ff6de02df5aab9e8ca4f64aa,51f6d57875fd37351cbbc48397d797e4,official,lightning_indexer,64,1048576,512,0,0,bfloat16,int32,10,deep_gemm,unsupported,UnsupportedByBackend,"backend 'deep_gemm' ranks float32 scores, and was given torch.bfloat16; 'maca_c' and 'torch' take bfloat16 as well",,,,,,,,
MetaX_C600-U,MetaX C600-U,28,9eb62be58cd60422ff6de02df5aab9e8ca4f64aa,51f6d57875fd37351cbbc48397d797e4,official,lightning_indexer,128,131072,512,0,0,bfloat16,int32,10,maca_c,pass,,,142.797,153.318,0.236816,236.816,33.817,100.0,100.0,
MetaX_C600-U,MetaX C600-U,28,9eb62be58cd60422ff6de02df5aab9e8ca4f64aa,51f6d57875fd37351cbbc48397d797e4,official,lightning_indexer,128,131072,512,0,0,bfloat16,int32,10,torch,pass,,,1201.869,1190.298,0.028137,28.137,,11.88,12.88,
MetaX_C600-U,MetaX C600-U,28,9eb62be58cd60422ff6de02df5aab9e8ca4f64aa,51f6d57875fd37351cbbc48397d797e4,official,lightning_indexer,128,131072,512,0,0,bfloat16,int32,10,deep_gemm,unsupported,UnsupportedByBackend,"backend 'deep_gemm' ranks float32 scores, and was given torch.bfloat16; 'maca_c' and 'torch' take bfloat16 as well",,,,,,,,
MetaX_C600-U,MetaX C600-U,28,9eb62be58cd60422ff6de02df5aab9e8ca4f64aa,51f6d57875fd37351cbbc48397d797e4,official,lightning_indexer,128,262144,512,0,0,bfloat16,int32,10,maca_c,pass,,,219.315,232.166,0.307188,307.188,67.371,100.0,100.0,
MetaX_C600-U,MetaX C600-U,28,9eb62be58cd60422ff6de02df5aab9e8ca4f64aa,51f6d57875fd37351cbbc48397d797e4,official,lightning_indexer,128,262144,512,0,0,bfloat16,int32,10,torch,pass,,,2123.034,2105.702,0.031733,31.733,,10.33,11.03,
MetaX_C600-U,MetaX C600-U,28,9eb62be58cd60422ff6de02df5aab9e8ca4f64aa,51f6d57875fd37351cbbc48397d797e4,official,lightning_indexer,128,262144,512,0,0,bfloat16,int32,10,deep_gemm,unsupported,UnsupportedByBackend,"backend 'deep_gemm' ranks float32 scores, and was given torch.bfloat16; 'maca_c' and 'torch' take bfloat16 as well",,,,,,,,
MetaX_C600-U,MetaX C600-U,28,9eb62be58cd60422ff6de02df5aab9e8ca4f64aa,51f6d57875fd37351cbbc48397d797e4,official,lightning_indexer,128,1048576,512,0,0,bfloat16,int32,10,maca_c,pass,,,679.501,702.899,0.395434,395.434,268.698,100.0,100.0,
MetaX_C600-U,MetaX C600-U,28,9eb62be58cd60422ff6de02df5aab9e8ca4f64aa,51f6d57875fd37351cbbc48397d797e4,official,lightning_indexer,128,1048576,512,0,0,bfloat16,int32,10,torch,pass,,,7736.422,7757.414,0.034732,34.732,,8.78,9.06,
MetaX_C600-U,MetaX C600-U,28,9eb62be58cd60422ff6de02df5aab9e8ca4f64aa,51f6d57875fd37351cbbc48397d797e4,official,lightning_indexer,128,1048576,512,0,0,bfloat16,int32,10,deep_gemm,unsupported,UnsupportedByBackend,"backend 'deep_gemm' ranks float32 scores, and was given torch.bfloat16; 'maca_c' and 'torch' take bfloat16 as well",,,,,,,,
MetaX_C600-U,MetaX C600-U,28,9eb62be58cd60422ff6de02df5aab9e8ca4f64aa,51f6d57875fd37351cbbc48397d797e4,official,lightning_indexer,1,131072,1024,0,0,bfloat16,int32,10,maca_c,pass,,,48.205,85.35,0.005523,5.523,0.266,100.0,100.0,
MetaX_C600-U,MetaX C600-U,28,9eb62be58cd60422ff6de02df5aab9e8ca4f64aa,51f6d57875fd37351cbbc48397d797e4,official,lightning_indexer,1,131072,1024,0,0,bfloat16,int32,10,torch,pass,,,122.624,125.312,0.002171,2.171,,39.31,68.11,
MetaX_C600-U,MetaX C600-U,28,9eb62be58cd60422ff6de02df5aab9e8ca4f64aa,51f6d57875fd37351cbbc48397d797e4,official,lightning_indexer,1,131072,1024,0,0,bfloat16,int32,10,deep_gemm,unsupported,UnsupportedByBackend,"backend 'deep_gemm' ranks float32 scores, and was given torch.bfloat16; 'maca_c' and 'torch' take bfloat16 as well",,,,,,,,
MetaX_C600-U,MetaX C600-U,28,9eb62be58cd60422ff6de02df5aab9e8ca4f64aa,51f6d57875fd37351cbbc48397d797e4,official,lightning_indexer,1,262144,1024,0,0,bfloat16,int32,10,maca_c,pass,,,39.629,104.141,0.013333,13.333,0.528,100.0,100.0,
MetaX_C600-U,MetaX C600-U,28,9eb62be58cd60422ff6de02df5aab9e8ca4f64aa,51f6d57875fd37351cbbc48397d797e4,official,lightning_indexer,1,262144,1024,0,0,bfloat16,int32,10,torch,pass,,,145.024,128.691,0.003643,3.643,,27.33,80.92,
MetaX_C600-U,MetaX C600-U,28,9eb62be58cd60422ff6de02df5aab9e8ca4f64aa,51f6d57875fd37351cbbc48397d797e4,official,lightning_indexer,1,262144,1024,0,0,bfloat16,int32,10,deep_gemm,unsupported,UnsupportedByBackend,"backend 'deep_gemm' ranks float32 scores, and was given torch.bfloat16; 'maca_c' and 'torch' take bfloat16 as well",,,,,,,,
MetaX_C600-U,MetaX C600-U,28,9eb62be58cd60422ff6de02df5aab9e8ca4f64aa,51f6d57875fd37351cbbc48397d797e4,official,lightning_indexer,1,1048576,1024,0,0,bfloat16,int32,10,maca_c,pass,,,58.931,107.776,0.035656,35.656,2.101,100.0,100.0,
MetaX_C600-U,MetaX C600-U,28,9eb62be58cd60422ff6de02df5aab9e8ca4f64aa,51f6d57875fd37351cbbc48397d797e4,official,lightning_indexer,1,1048576,1024,0,0,bfloat16,int32,10,torch,pass,,,209.613,192.512,0.010024,10.024,,28.11,55.98,
MetaX_C600-U,MetaX C600-U,28,9eb62be58cd60422ff6de02df5aab9e8ca4f64aa,51f6d57875fd37351cbbc48397d797e4,official,lightning_indexer,1,1048576,1024,0,0,bfloat16,int32,10,deep_gemm,unsupported,UnsupportedByBackend,"backend 'deep_gemm' ranks float32 scores, and was given torch.bfloat16; 'maca_c' and 'torch' take bfloat16 as well",,,,,,,,
MetaX_C600-U,MetaX C600-U,28,9eb62be58cd60422ff6de02df5aab9e8ca4f64aa,51f6d57875fd37351cbbc48397d797e4,official,lightning_indexer,64,131072,1024,0,0,bfloat16,int32,10,maca_c,pass,,,112.077,122.163,0.152033,152.033,17.039,100.0,100.0,
MetaX_C600-U,MetaX C600-U,28,9eb62be58cd60422ff6de02df5aab9e8ca4f64aa,51f6d57875fd37351cbbc48397d797e4,official,lightning_indexer,64,131072,1024,0,0,bfloat16,int32,10,torch,pass,,,714.291,702.95,0.023855,23.855,,15.69,17.38,
MetaX_C600-U,MetaX C600-U,28,9eb62be58cd60422ff6de02df5aab9e8ca4f64aa,51f6d57875fd37351cbbc48397d797e4,official,lightning_indexer,64,131072,1024,0,0,bfloat16,int32,10,deep_gemm,unsupported,UnsupportedByBackend,"backend 'deep_gemm' ranks float32 scores, and was given torch.bfloat16; 'maca_c' and 'torch' take bfloat16 as well",,,,,,,,
MetaX_C600-U,MetaX C600-U,28,9eb62be58cd60422ff6de02df5aab9e8ca4f64aa,51f6d57875fd37351cbbc48397d797e4,official,lightning_indexer,64,262144,1024,0,0,bfloat16,int32,10,maca_c,pass,,,166.272,176.973,0.203381,203.381,33.817,100.0,100.0,
MetaX_C600-U,MetaX C600-U,28,9eb62be58cd60422ff6de02df5aab9e8ca4f64aa,51f6d57875fd37351cbbc48397d797e4,official,lightning_indexer,64,262144,1024,0,0,bfloat16,int32,10,torch,pass,,,1166.925,1166.746,0.028979,28.979,,14.25,15.17,
MetaX_C600-U,MetaX C600-U,28,9eb62be58cd60422ff6de02df5aab9e8ca4f64aa,51f6d57875fd37351cbbc48397d797e4,official,lightning_indexer,64,262144,1024,0,0,bfloat16,int32,10,deep_gemm,unsupported,UnsupportedByBackend,"backend 'deep_gemm' ranks float32 scores, and was given torch.bfloat16; 'maca_c' and 'torch' take bfloat16 as well",,,,,,,,
MetaX_C600-U,MetaX C600-U,28,9eb62be58cd60422ff6de02df5aab9e8ca4f64aa,51f6d57875fd37351cbbc48397d797e4,official,lightning_indexer,64,1048576,1024,0,0,bfloat16,int32,10,maca_c,pass,,,455.731,465.971,0.295086,295.086,134.48,100.0,100.0,
MetaX_C600-U,MetaX C600-U,28,9eb62be58cd60422ff6de02df5aab9e8ca4f64aa,51f6d57875fd37351cbbc48397d797e4,official,lightning_indexer,64,1048576,1024,0,0,bfloat16,int32,10,torch,pass,,,3908.89,3898.957,0.034404,34.404,,11.66,11.95,
MetaX_C600-U,MetaX C600-U,28,9eb62be58cd60422ff6de02df5aab9e8ca4f64aa,51f6d57875fd37351cbbc48397d797e4,official,lightning_indexer,64,1048576,1024,0,0,bfloat16,int32,10,deep_gemm,unsupported,UnsupportedByBackend,"backend 'deep_gemm' ranks float32 scores, and was given torch.bfloat16; 'maca_c' and 'torch' take bfloat16 as well",,,,,,,,
MetaX_C600-U,MetaX C600-U,28,9eb62be58cd60422ff6de02df5aab9e8ca4f64aa,51f6d57875fd37351cbbc48397d797e4,official,lightning_indexer,128,131072,1024,0,0,bfloat16,int32,10,maca_c,pass,,,176.23,186.189,0.193376,193.376,34.079,100.0,100.0,
MetaX_C600-U,MetaX C600-U,28,9eb62be58cd60422ff6de02df5aab9e8ca4f64aa,51f6d57875fd37351cbbc48397d797e4,official,lightning_indexer,128,131072,1024,0,0,bfloat16,int32,10,torch,pass,,,1196.8,1207.347,0.028475,28.475,,14.73,15.42,
MetaX_C600-U,MetaX C600-U,28,9eb62be58cd60422ff6de02df5aab9e8ca4f64aa,51f6d57875fd37351cbbc48397d797e4,official,lightning_indexer,128,131072,1024,0,0,bfloat16,int32,10,deep_gemm,unsupported,UnsupportedByBackend,"backend 'deep_gemm' ranks float32 scores, and was given torch.bfloat16; 'maca_c' and 'torch' take bfloat16 as well",,,,,,,,
MetaX_C600-U,MetaX C600-U,28,9eb62be58cd60422ff6de02df5aab9e8ca4f64aa,51f6d57875fd37351cbbc48397d797e4,official,lightning_indexer,128,262144,1024,0,0,bfloat16,int32,10,maca_c,pass,,,262.118,273.024,0.258026,258.026,67.633,100.0,100.0,
MetaX_C600-U,MetaX C600-U,28,9eb62be58cd60422ff6de02df5aab9e8ca4f64aa,51f6d57875fd37351cbbc48397d797e4,official,lightning_indexer,128,262144,1024,0,0,bfloat16,int32,10,torch,pass,,,2152.09,2143.437,0.031427,31.427,,12.18,12.74,
MetaX_C600-U,MetaX C600-U,28,9eb62be58cd60422ff6de02df5aab9e8ca4f64aa,51f6d57875fd37351cbbc48397d797e4,official,lightning_indexer,128,262144,1024,0,0,bfloat16,int32,10,deep_gemm,unsupported,UnsupportedByBackend,"backend 'deep_gemm' ranks float32 scores, and was given torch.bfloat16; 'maca_c' and 'torch' take bfloat16 as well",,,,,,,,
MetaX_C600-U,MetaX C600-U,28,9eb62be58cd60422ff6de02df5aab9e8ca4f64aa,51f6d57875fd37351cbbc48397d797e4,official,lightning_indexer,128,1048576,1024,0,0,bfloat16,int32,10,maca_c,pass,,,724.608,735.898,0.37118,371.18,268.96,100.0,100.0,
MetaX_C600-U,MetaX C600-U,28,9eb62be58cd60422ff6de02df5aab9e8ca4f64aa,51f6d57875fd37351cbbc48397d797e4,official,lightning_indexer,128,1048576,1024,0,0,bfloat16,int32,10,torch,pass,,,7743.206,7730.355,0.034735,34.735,,9.36,9.52,
MetaX_C600-U,MetaX C600-U,28,9eb62be58cd60422ff6de02df5aab9e8ca4f64aa,51f6d57875fd37351cbbc48397d797e4,official,lightning_indexer,128,1048576,1024,0,0,bfloat16,int32,10,deep_gemm,unsupported,UnsupportedByBackend,"backend 'deep_gemm' ranks float32 scores, and was given torch.bfloat16; 'maca_c' and 'torch' take bfloat16 as well",,,,,,,,
MetaX_C600-U,MetaX C600-U,28,9eb62be58cd60422ff6de02df5aab9e8ca4f64aa,51f6d57875fd37351cbbc48397d797e4,official,lightning_indexer,1,131072,2048,0,0,bfloat16,int32,10,maca_c,pass,,,74.803,84.122,0.003614,3.614,0.27,100.0,100.0,
MetaX_C600-U,MetaX C600-U,28,9eb62be58cd60422ff6de02df5aab9e8ca4f64aa,51f6d57875fd37351cbbc48397d797e4,official,lightning_indexer,1,131072,2048,0,0,bfloat16,int32,10,torch,pass,,,127.104,111.13,0.002127,2.127,,58.85,75.7,
MetaX_C600-U,MetaX C600-U,28,9eb62be58cd60422ff6de02df5aab9e8ca4f64aa,51f6d57875fd37351cbbc48397d797e4,official,lightning_indexer,1,131072,2048,0,0,bfloat16,int32,10,deep_gemm,unsupported,UnsupportedByBackend,"backend 'deep_gemm' ranks float32 scores, and was given torch.bfloat16; 'maca_c' and 'torch' take bfloat16 as well",,,,,,,,
MetaX_C600-U,MetaX C600-U,28,9eb62be58cd60422ff6de02df5aab9e8ca4f64aa,51f6d57875fd37351cbbc48397d797e4,official,lightning_indexer,1,262144,2048,0,0,bfloat16,int32,10,maca_c,pass,,,120.73,119.936,0.004411,4.411,0.532,100.0,100.0,
MetaX_C600-U,MetaX C600-U,28,9eb62be58cd60422ff6de02df5aab9e8ca4f64aa,51f6d57875fd37351cbbc48397d797e4,official,lightning_indexer,1,262144,2048,0,0,bfloat16,int32,10,torch,pass,,,143.821,127.181,0.003702,3.702,,83.94,94.3,
MetaX_C600-U,MetaX C600-U,28,9eb62be58cd60422ff6de02df5aab9e8ca4f64aa,51f6d57875fd37351cbbc48397d797e4,official,lightning_indexer,1,262144,2048,0,0,bfloat16,int32,10,deep_gemm,unsupported,UnsupportedByBackend,"backend 'deep_gemm' ranks float32 scores, and was given torch.bfloat16; 'maca_c' and 'torch' take bfloat16 as well",,,,,,,,
MetaX_C600-U,MetaX C600-U,28,9eb62be58cd60422ff6de02df5aab9e8ca4f64aa,51f6d57875fd37351cbbc48397d797e4,official,lightning_indexer,1,1048576,2048,0,0,bfloat16,int32,10,maca_c,pass,,,305.229,310.272,0.006898,6.898,2.105,100.0,100.0,
MetaX_C600-U,MetaX C600-U,28,9eb62be58cd60422ff6de02df5aab9e8ca4f64aa,51f6d57875fd37351cbbc48397d797e4,official,lightning_indexer,1,1048576,2048,0,0,bfloat16,int32,10,torch,pass,,,196.531,177.741,0.010713,10.713,,155.31,174.56,
MetaX_C600-U,MetaX C600-U,28,9eb62be58cd60422ff6de02df5aab9e8ca4f64aa,51f6d57875fd37351cbbc48397d797e4,official,lightning_indexer,1,1048576,2048,0,0,bfloat16,int32,10,deep_gemm,unsupported,UnsupportedByBackend,"backend 'deep_gemm' ranks float32 scores, and was given torch.bfloat16; 'maca_c' and 'torch' take bfloat16 as well",,,,,,,,
MetaX_C600-U,MetaX C600-U,28,9eb62be58cd60422ff6de02df5aab9e8ca4f64aa,51f6d57875fd37351cbbc48397d797e4,official,lightning_indexer,64,131072,2048,0,0,bfloat16,int32,10,maca_c,pass,,,124.211,133.453,0.139291,139.291,17.302,100.0,100.0,
MetaX_C600-U,MetaX C600-U,28,9eb62be58cd60422ff6de02df5aab9e8ca4f64aa,51f6d57875fd37351cbbc48397d797e4,official,lightning_indexer,64,131072,2048,0,0,bfloat16,int32,10,torch,pass,,,710.682,706.688,0.024345,24.345,,17.48,18.88,
MetaX_C600-U,MetaX C600-U,28,9eb62be58cd60422ff6de02df5aab9e8ca4f64aa,51f6d57875fd37351cbbc48397d797e4,official,lightning_indexer,64,131072,2048,0,0,bfloat16,int32,10,deep_gemm,unsupported,UnsupportedByBackend,"backend 'deep_gemm' ranks float32 scores, and was given torch.bfloat16; 'maca_c' and 'torch' take bfloat16 as well",,,,,,,,
MetaX_C600-U,MetaX C600-U,28,9eb62be58cd60422ff6de02df5aab9e8ca4f64aa,51f6d57875fd37351cbbc48397d797e4,official,lightning_indexer,64,262144,2048,0,0,bfloat16,int32,10,maca_c,pass,,,217.037,235.853,0.157018,157.018,34.079,100.0,100.0,
MetaX_C600-U,MetaX C600-U,28,9eb62be58cd60422ff6de02df5aab9e8ca4f64aa,51f6d57875fd37351cbbc48397d797e4,official,lightning_indexer,64,262144,2048,0,0,bfloat16,int32,10,torch,pass,,,1177.19,1176.499,0.028949,28.949,,18.44,20.05,
MetaX_C600-U,MetaX C600-U,28,9eb62be58cd60422ff6de02df5aab9e8ca4f64aa,51f6d57875fd37351cbbc48397d797e4,official,lightning_indexer,64,262144,2048,0,0,bfloat16,int32,10,deep_gemm,unsupported,UnsupportedByBackend,"backend 'deep_gemm' ranks float32 scores, and was given torch.bfloat16; 'maca_c' and 'torch' take bfloat16 as well",,,,,,,,
MetaX_C600-U,MetaX C600-U,28,9eb62be58cd60422ff6de02df5aab9e8ca4f64aa,51f6d57875fd37351cbbc48397d797e4,official,lightning_indexer,64,1048576,2048,0,0,bfloat16,int32,10,maca_c,pass,,,566.682,579.251,0.237774,237.774,134.742,100.0,100.0,
MetaX_C600-U,MetaX C600-U,28,9eb62be58cd60422ff6de02df5aab9e8ca4f64aa,51f6d57875fd37351cbbc48397d797e4,official,lightning_indexer,64,1048576,2048,0,0,bfloat16,int32,10,torch,pass,,,3908.787,3919.693,0.034472,34.472,,14.5,14.78,
MetaX_C600-U,MetaX C600-U,28,9eb62be58cd60422ff6de02df5aab9e8ca4f64aa,51f6d57875fd37351cbbc48397d797e4,official,lightning_indexer,64,1048576,2048,0,0,bfloat16,int32,10,deep_gemm,unsupported,UnsupportedByBackend,"backend 'deep_gemm' ranks float32 scores, and was given torch.bfloat16; 'maca_c' and 'torch' take bfloat16 as well",,,,,,,,
MetaX_C600-U,MetaX C600-U,28,9eb62be58cd60422ff6de02df5aab9e8ca4f64aa,51f6d57875fd37351cbbc48397d797e4,official,lightning_indexer,128,131072,2048,0,0,bfloat16,int32,10,maca_c,pass,,,197.837,215.245,0.174907,174.907,34.603,100.0,100.0,
MetaX_C600-U,MetaX C600-U,28,9eb62be58cd60422ff6de02df5aab9e8ca4f64aa,51f6d57875fd37351cbbc48397d797e4,official,lightning_indexer,128,131072,2048,0,0,bfloat16,int32,10,torch,pass,,,1220.096,1212.723,0.028361,28.361,,16.21,17.75,
MetaX_C600-U,MetaX C600-U,28,9eb62be58cd60422ff6de02df5aab9e8ca4f64aa,51f6d57875fd37351cbbc48397d797e4,official,lightning_indexer,128,131072,2048,0,0,bfloat16,int32,10,deep_gemm,unsupported,UnsupportedByBackend,"backend 'deep_gemm' ranks float32 scores, and was given torch.bfloat16; 'maca_c' and 'torch' take bfloat16 as well",,,,,,,,
MetaX_C600-U,MetaX C600-U,28,9eb62be58cd60422ff6de02df5aab9e8ca4f64aa,51f6d57875fd37351cbbc48397d797e4,official,lightning_indexer,128,262144,2048,0,0,bfloat16,int32,10,maca_c,pass,,,328.115,338.432,0.207724,207.724,68.157,100.0,100.0,
MetaX_C600-U,MetaX C600-U,28,9eb62be58cd60422ff6de02df5aab9e8ca4f64aa,51f6d57875fd37351cbbc48397d797e4,official,lightning_indexer,128,262144,2048,0,0,bfloat16,int32,10,torch,pass,,,2174.387,2173.491,0.031346,31.346,,15.09,15.57,
MetaX_C600-U,MetaX C600-U,28,9eb62be58cd60422ff6de02df5aab9e8ca4f64aa,51f6d57875fd37351cbbc48397d797e4,official,lightning_indexer,128,262144,2048,0,0,bfloat16,int32,10,deep_gemm,unsupported,UnsupportedByBackend,"backend 'deep_gemm' ranks float32 scores, and was given torch.bfloat16; 'maca_c' and 'torch' take bfloat16 as well",,,,,,,,
MetaX_C600-U,MetaX C600-U,28,9eb62be58cd60422ff6de02df5aab9e8ca4f64aa,51f6d57875fd37351cbbc48397d797e4,official,lightning_indexer,128,1048576,2048,0,0,bfloat16,int32,10,maca_c,pass,,,858.752,869.146,0.313809,313.809,269.484,100.0,100.0,
MetaX_C600-U,MetaX C600-U,28,9eb62be58cd60422ff6de02df5aab9e8ca4f64aa,51f6d57875fd37351cbbc48397d797e4,official,lightning_indexer,128,1048576,2048,0,0,bfloat16,int32,10,torch,pass,,,7811.302,7800.832,0.034499,34.499,,10.99,11.14,
MetaX_C600-U,MetaX C600-U,28,9eb62be58cd60422ff6de02df5aab9e8ca4f64aa,51f6d57875fd37351cbbc48397d797e4,official,lightning_indexer,128,1048576,2048,0,0,bfloat16,int32,10,deep_gemm,unsupported,UnsupportedByBackend,"backend 'deep_gemm' ranks float32 scores, and was given torch.bfloat16; 'maca_c' and 'torch' take bfloat16 as well",,,,,,,,
MetaX_C600-U,MetaX C600-U,28,9eb62be58cd60422ff6de02df5aab9e8ca4f64aa,51f6d57875fd37351cbbc48397d797e4,official,sampler,6,129280,512,1,1,float32,int64,10,maca_c,pass,,,72.269,124.595,0.043443,43.443,3.14,100.0,100.0,
MetaX_C600-U,MetaX C600-U,28,9eb62be58cd60422ff6de02df5aab9e8ca4f64aa,51f6d57875fd37351cbbc48397d797e4,official,sampler,6,129280,512,1,1,float32,int64,10,torch,pass,,,260.454,260.147,0.012054,12.054,,27.75,47.89,
MetaX_C600-U,MetaX C600-U,28,9eb62be58cd60422ff6de02df5aab9e8ca4f64aa,51f6d57875fd37351cbbc48397d797e4,official,sampler,6,129280,512,1,1,float32,int64,10,deep_gemm,unsupported,UnsupportedByBackend,backend 'deep_gemm' returns an unordered selection; `sorted_value`/`sorted_index` need backend 'maca_c',,,,,,,,
MetaX_C600-U,MetaX C600-U,28,9eb62be58cd60422ff6de02df5aab9e8ca4f64aa,51f6d57875fd37351cbbc48397d797e4,official,sampler,256,129280,512,1,1,float32,int64,10,maca_c,pass,,,450.816,477.184,0.29714,297.14,133.956,100.0,100.0,
MetaX_C600-U,MetaX C600-U,28,9eb62be58cd60422ff6de02df5aab9e8ca4f64aa,51f6d57875fd37351cbbc48397d797e4,official,sampler,256,129280,512,1,1,float32,int64,10,torch,pass,,,2951.322,3003.469,0.045388,45.388,,15.28,15.89,
MetaX_C600-U,MetaX C600-U,28,9eb62be58cd60422ff6de02df5aab9e8ca4f64aa,51f6d57875fd37351cbbc48397d797e4,official,sampler,256,129280,512,1,1,float32,int64,10,deep_gemm,unsupported,UnsupportedByBackend,backend 'deep_gemm' returns an unordered selection; `sorted_value`/`sorted_index` need backend 'maca_c',,,,,,,,
MetaX_C600-U,MetaX C600-U,28,9eb62be58cd60422ff6de02df5aab9e8ca4f64aa,51f6d57875fd37351cbbc48397d797e4,official,sampler,512,129280,512,1,1,float32,int64,10,maca_c,pass,,,813.338,843.213,0.329397,329.397,267.911,100.0,100.0,
MetaX_C600-U,MetaX C600-U,28,9eb62be58cd60422ff6de02df5aab9e8ca4f64aa,51f6d57875fd37351cbbc48397d797e4,official,sampler,512,129280,512,1,1,float32,int64,10,torch,pass,,,5601.894,5693.594,0.047825,47.825,,14.52,14.81,
MetaX_C600-U,MetaX C600-U,28,9eb62be58cd60422ff6de02df5aab9e8ca4f64aa,51f6d57875fd37351cbbc48397d797e4,official,sampler,512,129280,512,1,1,float32,int64,10,deep_gemm,unsupported,UnsupportedByBackend,backend 'deep_gemm' returns an unordered selection; `sorted_value`/`sorted_index` need backend 'maca_c',,,,,,,,
MetaX_C600-U,MetaX C600-U,28,9eb62be58cd60422ff6de02df5aab9e8ca4f64aa,51f6d57875fd37351cbbc48397d797e4,official,sampler,768,129280,512,1,1,float32,int64,10,maca_c,pass,,,1181.389,1211.264,0.340165,340.165,401.867,100.0,100.0,
MetaX_C600-U,MetaX C600-U,28,9eb62be58cd60422ff6de02df5aab9e8ca4f64aa,51f6d57875fd37351cbbc48397d797e4,official,sampler,768,129280,512,1,1,float32,int64,10,torch,pass,,,8206.234,8378.931,0.048971,48.971,,14.4,14.46,
MetaX_C600-U,MetaX C600-U,28,9eb62be58cd60422ff6de02df5aab9e8ca4f64aa,51f6d57875fd37351cbbc48397d797e4,official,sampler,768,129280,512,1,1,float32,int64,10,deep_gemm,unsupported,UnsupportedByBackend,backend 'deep_gemm' returns an unordered selection; `sorted_value`/`sorted_index` need backend 'maca_c',,,,,,,,
MetaX_C600-U,MetaX C600-U,28,9eb62be58cd60422ff6de02df5aab9e8ca4f64aa,51f6d57875fd37351cbbc48397d797e4,official,sampler,4096,129280,512,1,1,float32,int64,10,maca_c,pass,,,6013.03,6034.201,0.356441,356.441,2143.289,100.0,100.0,
MetaX_C600-U,MetaX C600-U,28,9eb62be58cd60422ff6de02df5aab9e8ca4f64aa,51f6d57875fd37351cbbc48397d797e4,official,sampler,4096,129280,512,1,1,float32,int64,10,torch,pass,,,42726.349,43698.227,0.050163,50.163,,14.07,13.81,
MetaX_C600-U,MetaX C600-U,28,9eb62be58cd60422ff6de02df5aab9e8ca4f64aa,51f6d57875fd37351cbbc48397d797e4,official,sampler,4096,129280,512,1,1,float32,int64,10,deep_gemm,unsupported,UnsupportedByBackend,backend 'deep_gemm' returns an unordered selection; `sorted_value`/`sorted_index` need backend 'maca_c',,,,,,,,
MetaX_C600-U,MetaX C600-U,28,9eb62be58cd60422ff6de02df5aab9e8ca4f64aa,51f6d57875fd37351cbbc48397d797e4,deep_gemm_axes,lightning_indexer,1,66551,2048,0,0,float32,int32,10,maca_c,pass,,,58.24,98.842,0.004711,4.711,0.274,100.0,100.0,
MetaX_C600-U,MetaX C600-U,28,9eb62be58cd60422ff6de02df5aab9e8ca4f64aa,51f6d57875fd37351cbbc48397d797e4,deep_gemm_axes,lightning_indexer,1,66551,2048,0,0,float32,int32,10,torch,pass,,,173.67,146.56,0.00158,1.58,,33.53,67.44,
MetaX_C600-U,MetaX C600-U,28,9eb62be58cd60422ff6de02df5aab9e8ca4f64aa,51f6d57875fd37351cbbc48397d797e4,deep_gemm_axes,lightning_indexer,1,66551,2048,0,0,float32,int32,10,deep_gemm,pass,,,38.093,556.595,0.007203,7.203,0.274,152.89,17.76,
MetaX_C600-U,MetaX C600-U,28,9eb62be58cd60422ff6de02df5aab9e8ca4f64aa,51f6d57875fd37351cbbc48397d797e4,deep_gemm_axes,lightning_indexer,16,66551,2048,0,0,float32,int32,10,maca_c,pass,,,59.494,97.434,0.073795,73.795,4.39,100.0,100.0,
MetaX_C600-U,MetaX C600-U,28,9eb62be58cd60422ff6de02df5aab9e8ca4f64aa,51f6d57875fd37351cbbc48397d797e4,deep_gemm_axes,lightning_indexer,16,66551,2048,0,0,float32,int32,10,torch,pass,,,293.709,292.608,0.014948,14.948,,20.26,33.3,
MetaX_C600-U,MetaX C600-U,28,9eb62be58cd60422ff6de02df5aab9e8ca4f64aa,51f6d57875fd37351cbbc48397d797e4,deep_gemm_axes,lightning_indexer,16,66551,2048,0,0,float32,int32,10,deep_gemm,pass,,,52.506,628.122,0.083616,83.616,4.39,113.31,15.51,
MetaX_C600-U,MetaX C600-U,28,9eb62be58cd60422ff6de02df5aab9e8ca4f64aa,51f6d57875fd37351cbbc48397d797e4,deep_gemm_axes,lightning_indexer,132,66551,2048,0,0,float32,int32,10,maca_c,pass,,,144.64,167.731,0.250417,250.417,36.22,100.0,100.0,
MetaX_C600-U,MetaX C600-U,28,9eb62be58cd60422ff6de02df5aab9e8ca4f64aa,51f6d57875fd37351cbbc48397d797e4,deep_gemm_axes,lightning_indexer,132,66551,2048,0,0,float32,int32,10,torch,pass,,,1003.597,1170.918,0.03609,36.09,,14.41,14.32,
MetaX_C600-U,MetaX C600-U,28,9eb62be58cd60422ff6de02df5aab9e8ca4f64aa,51f6d57875fd37351cbbc48397d797e4,deep_gemm_axes,lightning_indexer,132,66551,2048,0,0,float32,int32,10,deep_gemm,pass,,,122.47,1214.797,0.295748,295.748,36.22,118.1,13.81,
MetaX_C600-U,MetaX C600-U,28,9eb62be58cd60422ff6de02df5aab9e8ca4f64aa,51f6d57875fd37351cbbc48397d797e4,deep_gemm_axes,lightning_indexer,512,66551,2048,0,0,float32,int32,10,maca_c,pass,,,471.066,494.413,0.29824,298.24,140.491,100.0,100.0,
MetaX_C600-U,MetaX C600-U,28,9eb62be58cd60422ff6de02df5aab9e8ca4f64aa,51f6d57875fd37351cbbc48397d797e4,deep_gemm_axes,lightning_indexer,512,66551,2048,0,0,float32,int32,10,torch,pass,,,2998.861,3733.99,0.046848,46.848,,15.71,13.24,
MetaX_C600-U,MetaX C600-U,28,9eb62be58cd60422ff6de02df5aab9e8ca4f64aa,51f6d57875fd37351cbbc48397d797e4,deep_gemm_axes,lightning_indexer,512,66551,2048,0,0,float32,int32,10,deep_gemm,pass,,,410.547,3511.987,0.342204,342.204,140.491,114.74,14.08,
MetaX_C600-U,MetaX C600-U,28,9eb62be58cd60422ff6de02df5aab9e8ca4f64aa,51f6d57875fd37351cbbc48397d797e4,deep_gemm_axes,lightning_indexer,1,131072,2048,0,0,float32,int32,10,maca_c,pass,,,95.36,114.509,0.005584,5.584,0.532,100.0,100.0,sglang-bs1-seq2048: that grid declares a window; this ranks the whole row
MetaX_C600-U,MetaX C600-U,28,9eb62be58cd60422ff6de02df5aab9e8ca4f64aa,51f6d57875fd37351cbbc48397d797e4,deep_gemm_axes,lightning_indexer,1,131072,2048,0,0,float32,int32,10,torch,pass,,,174.874,154.394,0.003045,3.045,,54.53,74.17,sglang-bs1-seq2048: that grid declares a window; this ranks the whole row
MetaX_C600-U,MetaX C600-U,28,9eb62be58cd60422ff6de02df5aab9e8ca4f64aa,51f6d57875fd37351cbbc48397d797e4,deep_gemm_axes,lightning_indexer,1,131072,2048,0,0,float32,int32,10,deep_gemm,pass,,,42.342,556.979,0.012576,12.576,0.532,225.21,20.56,sglang-bs1-seq2048: that grid declares a window; this ranks the whole row
MetaX_C600-U,MetaX C600-U,28,9eb62be58cd60422ff6de02df5aab9e8ca4f64aa,51f6d57875fd37351cbbc48397d797e4,deep_gemm_axes,lightning_indexer,1,131072,2048,0,0,float32,int32,10,maca_c,pass,,,95.181,116.045,0.005594,5.594,0.532,100.0,100.0,sglang-bs1-seq4096: that grid declares a window; this ranks the whole row
MetaX_C600-U,MetaX C600-U,28,9eb62be58cd60422ff6de02df5aab9e8ca4f64aa,51f6d57875fd37351cbbc48397d797e4,deep_gemm_axes,lightning_indexer,1,131072,2048,0,0,float32,int32,10,torch,pass,,,184.013,156.493,0.002894,2.894,,51.73,74.15,sglang-bs1-seq4096: that grid declares a window; this ranks the whole row
MetaX_C600-U,MetaX C600-U,28,9eb62be58cd60422ff6de02df5aab9e8ca4f64aa,51f6d57875fd37351cbbc48397d797e4,deep_gemm_axes,lightning_indexer,1,131072,2048,0,0,float32,int32,10,deep_gemm,pass,,,41.37,9128.371,0.012871,12.871,0.532,230.07,1.27,sglang-bs1-seq4096: that grid declares a window; this ranks the whole row
MetaX_C600-U,MetaX C600-U,28,9eb62be58cd60422ff6de02df5aab9e8ca4f64aa,51f6d57875fd37351cbbc48397d797e4,deep_gemm_axes,lightning_indexer,1,131072,2048,0,0,float32,int32,10,maca_c,pass,,,96.922,115.917,0.005494,5.494,0.532,100.0,100.0,sglang-bs1-seq16384: that grid declares a window; this ranks the whole row
MetaX_C600-U,MetaX C600-U,28,9eb62be58cd60422ff6de02df5aab9e8ca4f64aa,51f6d57875fd37351cbbc48397d797e4,deep_gemm_axes,lightning_indexer,1,131072,2048,0,0,float32,int32,10,torch,pass,,,180.634,154.138,0.002948,2.948,,53.66,75.2,sglang-bs1-seq16384: that grid declares a window; this ranks the whole row
MetaX_C600-U,MetaX C600-U,28,9eb62be58cd60422ff6de02df5aab9e8ca4f64aa,51f6d57875fd37351cbbc48397d797e4,deep_gemm_axes,lightning_indexer,1,131072,2048,0,0,float32,int32,10,deep_gemm,pass,,,42.291,558.182,0.012591,12.591,0.532,229.18,20.77,sglang-bs1-seq16384: that grid declares a window; this ranks the whole row
MetaX_C600-U,MetaX C600-U,28,9eb62be58cd60422ff6de02df5aab9e8ca4f64aa,51f6d57875fd37351cbbc48397d797e4,deep_gemm_axes,lightning_indexer,1,131072,2048,0,0,float32,int32,10,maca_c,pass,,,102.272,120.806,0.005207,5.207,0.532,100.0,100.0,sglang-bs1-seq65536: that grid declares a window; this ranks the whole row
MetaX_C600-U,MetaX C600-U,28,9eb62be58cd60422ff6de02df5aab9e8ca4f64aa,51f6d57875fd37351cbbc48397d797e4,deep_gemm_axes,lightning_indexer,1,131072,2048,0,0,float32,int32,10,torch,pass,,,181.248,153.805,0.002938,2.938,,56.43,78.54,sglang-bs1-seq65536: that grid declares a window; this ranks the whole row
MetaX_C600-U,MetaX C600-U,28,9eb62be58cd60422ff6de02df5aab9e8ca4f64aa,51f6d57875fd37351cbbc48397d797e4,deep_gemm_axes,lightning_indexer,1,131072,2048,0,0,float32,int32,10,deep_gemm,pass,,,42.214,551.68,0.012614,12.614,0.532,242.27,21.9,sglang-bs1-seq65536: that grid declares a window; this ranks the whole row
MetaX_C600-U,MetaX C600-U,28,9eb62be58cd60422ff6de02df5aab9e8ca4f64aa,51f6d57875fd37351cbbc48397d797e4,deep_gemm_axes,lightning_indexer,132,131072,2048,0,0,float32,int32,10,maca_c,pass,,,255.718,278.323,0.274863,274.863,70.287,100.0,100.0,sglang-bs132-seq2048: that grid declares a window; this ranks the whole row
MetaX_C600-U,MetaX C600-U,28,9eb62be58cd60422ff6de02df5aab9e8ca4f64aa,51f6d57875fd37351cbbc48397d797e4,deep_gemm_axes,lightning_indexer,132,131072,2048,0,0,float32,int32,10,torch,pass,,,1655.219,1638.451,0.042464,42.464,,15.45,16.99,sglang-bs132-seq2048: that grid declares a window; this ranks the whole row
MetaX_C600-U,MetaX C600-U,28,9eb62be58cd60422ff6de02df5aab9e8ca4f64aa,51f6d57875fd37351cbbc48397d797e4,deep_gemm_axes,lightning_indexer,132,131072,2048,0,0,float32,int32,10,deep_gemm,pass,,,224.973,1166.72,0.312426,312.426,70.287,113.67,23.86,sglang-bs132-seq2048: that grid declares a window; this ranks the whole row
MetaX_C600-U,MetaX C600-U,28,9eb62be58cd60422ff6de02df5aab9e8ca4f64aa,51f6d57875fd37351cbbc48397d797e4,deep_gemm_axes,lightning_indexer,132,131072,2048,0,0,float32,int32,10,maca_c,pass,,,257.05,282.982,0.273438,273.438,70.287,100.0,100.0,sglang-bs132-seq4096: that grid declares a window; this ranks the whole row
MetaX_C600-U,MetaX C600-U,28,9eb62be58cd60422ff6de02df5aab9e8ca4f64aa,51f6d57875fd37351cbbc48397d797e4,deep_gemm_axes,lightning_indexer,132,131072,2048,0,0,float32,int32,10,torch,pass,,,1663.334,1641.114,0.042257,42.257,,15.45,17.24,sglang-bs132-seq4096: that grid declares a window; this ranks the whole row
MetaX_C600-U,MetaX C600-U,28,9eb62be58cd60422ff6de02df5aab9e8ca4f64aa,51f6d57875fd37351cbbc48397d797e4,deep_gemm_axes,lightning_indexer,132,131072,2048,0,0,float32,int32,10,deep_gemm,pass,,,224.077,1180.826,0.313675,313.675,70.287,114.72,23.96,sglang-bs132-seq4096: that grid declares a window; this ranks the whole row
MetaX_C600-U,MetaX C600-U,28,9eb62be58cd60422ff6de02df5aab9e8ca4f64aa,51f6d57875fd37351cbbc48397d797e4,deep_gemm_axes,lightning_indexer,132,131072,2048,0,0,float32,int32,10,maca_c,pass,,,256.845,280.781,0.273657,273.657,70.287,100.0,100.0,sglang-bs132-seq16384: that grid declares a window; this ranks the whole row
MetaX_C600-U,MetaX C600-U,28,9eb62be58cd60422ff6de02df5aab9e8ca4f64aa,51f6d57875fd37351cbbc48397d797e4,deep_gemm_axes,lightning_indexer,132,131072,2048,0,0,float32,int32,10,torch,pass,,,1683.482,1663.923,0.041751,41.751,,15.26,16.87,sglang-bs132-seq16384: that grid declares a window; this ranks the whole row
MetaX_C600-U,MetaX C600-U,28,9eb62be58cd60422ff6de02df5aab9e8ca4f64aa,51f6d57875fd37351cbbc48397d797e4,deep_gemm_axes,lightning_indexer,132,131072,2048,0,0,float32,int32,10,deep_gemm,pass,,,225.357,1191.885,0.311893,311.893,70.287,113.97,23.56,sglang-bs132-seq16384: that grid declares a window; this ranks the whole row
MetaX_C600-U,MetaX C600-U,28,9eb62be58cd60422ff6de02df5aab9e8ca4f64aa,51f6d57875fd37351cbbc48397d797e4,deep_gemm_axes,lightning_indexer,132,131072,2048,0,0,float32,int32,10,maca_c,pass,,,256.333,279.168,0.274203,274.203,70.287,100.0,100.0,sglang-bs132-seq65536: that grid declares a window; this ranks the whole row
MetaX_C600-U,MetaX C600-U,28,9eb62be58cd60422ff6de02df5aab9e8ca4f64aa,51f6d57875fd37351cbbc48397d797e4,deep_gemm_axes,lightning_indexer,132,131072,2048,0,0,float32,int32,10,torch,pass,,,1677.414,1660.851,0.041902,41.902,,15.28,16.81,sglang-bs132-seq65536: that grid declares a window; this ranks the whole row
MetaX_C600-U,MetaX C600-U,28,9eb62be58cd60422ff6de02df5aab9e8ca4f64aa,51f6d57875fd37351cbbc48397d797e4,deep_gemm_axes,lightning_indexer,132,131072,2048,0,0,float32,int32,10,deep_gemm,pass,,,224.896,1167.744,0.312533,312.533,70.287,113.98,23.91,sglang-bs132-seq65536: that grid declares a window; this ranks the whole row
MetaX_C600-U,MetaX C600-U,28,9eb62be58cd60422ff6de02df5aab9e8ca4f64aa,51f6d57875fd37351cbbc48397d797e4,deep_gemm_axes,lightning_indexer,256,131072,2048,0,0,float32,int32,10,maca_c,pass,,,467.994,492.365,0.291275,291.275,136.315,100.0,100.0,sglang-bs256-seq2048: that grid declares a window; this ranks the whole row
MetaX_C600-U,MetaX C600-U,28,9eb62be58cd60422ff6de02df5aab9e8ca4f64aa,51f6d57875fd37351cbbc48397d797e4,deep_gemm_axes,lightning_indexer,256,131072,2048,0,0,float32,int32,10,torch,pass,,,3016.678,2989.85,0.045187,45.187,,15.51,16.47,sglang-bs256-seq2048: that grid declares a window; this ranks the whole row
MetaX_C600-U,MetaX C600-U,28,9eb62be58cd60422ff6de02df5aab9e8ca4f64aa,51f6d57875fd37351cbbc48397d797e4,deep_gemm_axes,lightning_indexer,256,131072,2048,0,0,float32,int32,10,deep_gemm,pass,,,419.635,2020.941,0.324842,324.842,136.315,111.52,24.36,sglang-bs256-seq2048: that grid declares a window; this ranks the whole row
MetaX_C600-U,MetaX C600-U,28,9eb62be58cd60422ff6de02df5aab9e8ca4f64aa,51f6d57875fd37351cbbc48397d797e4,deep_gemm_axes,lightning_indexer,256,131072,2048,0,0,float32,int32,10,maca_c,pass,,,466.79,487.859,0.292026,292.026,136.315,100.0,100.0,sglang-bs256-seq4096: that grid declares a window; this ranks the whole row
MetaX_C600-U,MetaX C600-U,28,9eb62be58cd60422ff6de02df5aab9e8ca4f64aa,51f6d57875fd37351cbbc48397d797e4,deep_gemm_axes,lightning_indexer,256,131072,2048,0,0,float32,int32,10,torch,pass,,,2991.923,2977.306,0.045561,45.561,,15.6,16.39,sglang-bs256-seq4096: that grid declares a window; this ranks the whole row
MetaX_C600-U,MetaX C600-U,28,9eb62be58cd60422ff6de02df5aab9e8ca4f64aa,51f6d57875fd37351cbbc48397d797e4,deep_gemm_axes,lightning_indexer,256,131072,2048,0,0,float32,int32,10,deep_gemm,pass,,,420.25,2010.112,0.324366,324.366,136.315,111.07,24.27,sglang-bs256-seq4096: that grid declares a window; this ranks the whole row
MetaX_C600-U,MetaX C600-U,28,9eb62be58cd60422ff6de02df5aab9e8ca4f64aa,51f6d57875fd37351cbbc48397d797e4,deep_gemm_axes,lightning_indexer,256,131072,2048,0,0,float32,int32,10,maca_c,pass,,,466.458,487.168,0.292234,292.234,136.315,100.0,100.0,sglang-bs256-seq16384: that grid declares a window; this ranks the whole row
MetaX_C600-U,MetaX C600-U,28,9eb62be58cd60422ff6de02df5aab9e8ca4f64aa,51f6d57875fd37351cbbc48397d797e4,deep_gemm_axes,lightning_indexer,256,131072,2048,0,0,float32,int32,10,torch,pass,,,3014.451,2980.224,0.04522,45.22,,15.47,16.35,sglang-bs256-seq16384: that grid declares a window; this ranks the whole row
MetaX_C600-U,MetaX C600-U,28,9eb62be58cd60422ff6de02df5aab9e8ca4f64aa,51f6d57875fd37351cbbc48397d797e4,deep_gemm_axes,lightning_indexer,256,131072,2048,0,0,float32,int32,10,deep_gemm,pass,,,419.456,2070.221,0.32498,324.98,136.315,111.21,23.53,sglang-bs256-seq16384: that grid declares a window; this ranks the whole row
MetaX_C600-U,MetaX C600-U,28,9eb62be58cd60422ff6de02df5aab9e8ca4f64aa,51f6d57875fd37351cbbc48397d797e4,deep_gemm_axes,lightning_indexer,256,131072,2048,0,0,float32,int32,10,maca_c,pass,,,466.586,1063.834,0.292154,292.154,136.315,100.0,100.0,sglang-bs256-seq65536: that grid declares a window; this ranks the whole row
MetaX_C600-U,MetaX C600-U,28,9eb62be58cd60422ff6de02df5aab9e8ca4f64aa,51f6d57875fd37351cbbc48397d797e4,deep_gemm_axes,lightning_indexer,256,131072,2048,0,0,float32,int32,10,torch,pass,,,2981.35,2966.016,0.045723,45.723,,15.65,35.87,sglang-bs256-seq65536: that grid declares a window; this ranks the whole row
MetaX_C600-U,MetaX C600-U,28,9eb62be58cd60422ff6de02df5aab9e8ca4f64aa,51f6d57875fd37351cbbc48397d797e4,deep_gemm_axes,lightning_indexer,256,131072,2048,0,0,float32,int32,10,deep_gemm,pass,,,418.022,2012.646,0.326095,326.095,136.315,111.62,52.86,sglang-bs256-seq65536: that grid declares a window; this ranks the whole row
MetaX_C600-U,MetaX C600-U,28,9eb62be58cd60422ff6de02df5aab9e8ca4f64aa,51f6d57875fd37351cbbc48397d797e4,deep_gemm_axes,lightning_indexer,4096,131072,2048,0,0,float32,int32,10,maca_c,pass,,,6165.222,6190.746,0.353765,353.765,2181.038,100.0,100.0,sglang-bs4096-seq2048: that grid declares a window; this ranks the whole row
MetaX_C600-U,MetaX C600-U,28,9eb62be58cd60422ff6de02df5aab9e8ca4f64aa,51f6d57875fd37351cbbc48397d797e4,deep_gemm_axes,lightning_indexer,4096,131072,2048,0,0,float32,int32,10,torch,pass,,,43538.278,43722.162,0.050095,50.095,,14.16,14.16,sglang-bs4096-seq2048: that grid declares a window; this ranks the whole row
MetaX_C600-U,MetaX C600-U,28,9eb62be58cd60422ff6de02df5aab9e8ca4f64aa,51f6d57875fd37351cbbc48397d797e4,deep_gemm_axes,lightning_indexer,4096,131072,2048,0,0,float32,int32,10,deep_gemm,pass,,,5580.16,25646.286,0.390856,390.856,2181.038,110.48,24.14,sglang-bs4096-seq2048: that grid declares a window; this ranks the whole row
MetaX_C600-U,MetaX C600-U,28,9eb62be58cd60422ff6de02df5aab9e8ca4f64aa,51f6d57875fd37351cbbc48397d797e4,deep_gemm_axes,lightning_indexer,4096,131072,2048,0,0,float32,int32,10,maca_c,pass,,,6157.747,6171.853,0.354194,354.194,2181.038,100.0,100.0,sglang-bs4096-seq4096: that grid declares a window; this ranks the whole row
MetaX_C600-U,MetaX C600-U,28,9eb62be58cd60422ff6de02df5aab9e8ca4f64aa,51f6d57875fd37351cbbc48397d797e4,deep_gemm_axes,lightning_indexer,4096,131072,2048,0,0,float32,int32,10,torch,pass,,,43394.406,43666.202,0.050261,50.261,,14.19,14.13,sglang-bs4096-seq4096: that grid declares a window; this ranks the whole row
MetaX_C600-U,MetaX C600-U,28,9eb62be58cd60422ff6de02df5aab9e8ca4f64aa,51f6d57875fd37351cbbc48397d797e4,deep_gemm_axes,lightning_indexer,4096,131072,2048,0,0,float32,int32,10,deep_gemm,pass,,,5570.253,25615.564,0.391551,391.551,2181.038,110.55,24.09,sglang-bs4096-seq4096: that grid declares a window; this ranks the whole row
MetaX_C600-U,MetaX C600-U,28,9eb62be58cd60422ff6de02df5aab9e8ca4f64aa,51f6d57875fd37351cbbc48397d797e4,deep_gemm_axes,lightning_indexer,4096,131072,2048,0,0,float32,int32,10,maca_c,pass,,,6153.062,6175.642,0.354464,354.464,2181.038,100.0,100.0,sglang-bs4096-seq16384: that grid declares a window; this ranks the whole row
MetaX_C600-U,MetaX C600-U,28,9eb62be58cd60422ff6de02df5aab9e8ca4f64aa,51f6d57875fd37351cbbc48397d797e4,deep_gemm_axes,lightning_indexer,4096,131072,2048,0,0,float32,int32,10,torch,pass,,,43482.266,43710.822,0.050159,50.159,,14.15,14.13,sglang-bs4096-seq16384: that grid declares a window; this ranks the whole row
MetaX_C600-U,MetaX C600-U,28,9eb62be58cd60422ff6de02df5aab9e8ca4f64aa,51f6d57875fd37351cbbc48397d797e4,deep_gemm_axes,lightning_indexer,4096,131072,2048,0,0,float32,int32,10,deep_gemm,pass,,,5577.882,25628.903,0.391015,391.015,2181.038,110.31,24.1,sglang-bs4096-seq16384: that grid declares a window; this ranks the whole row
MetaX_C600-U,MetaX C600-U,28,9eb62be58cd60422ff6de02df5aab9e8ca4f64aa,51f6d57875fd37351cbbc48397d797e4,deep_gemm_axes,lightning_indexer,4096,131072,2048,0,0,float32,int32,10,maca_c,pass,,,6154.189,6173.901,0.354399,354.399,2181.038,100.0,100.0,sglang-bs4096-seq65536: that grid declares a window; this ranks the whole row
MetaX_C600-U,MetaX C600-U,28,9eb62be58cd60422ff6de02df5aab9e8ca4f64aa,51f6d57875fd37351cbbc48397d797e4,deep_gemm_axes,lightning_indexer,4096,131072,2048,0,0,float32,int32,10,torch,pass,,,43527.245,43764.172,0.050107,50.107,,14.14,14.11,sglang-bs4096-seq65536: that grid declares a window; this ranks the whole row
MetaX_C600-U,MetaX C600-U,28,9eb62be58cd60422ff6de02df5aab9e8ca4f64aa,51f6d57875fd37351cbbc48397d797e4,deep_gemm_axes,lightning_indexer,4096,131072,2048,0,0,float32,int32,10,deep_gemm,pass,,,5527.885,25517.722,0.394552,394.552,2181.038,111.33,24.19,sglang-bs4096-seq65536: that grid declares a window; this ranks the whole row
MetaX_C600-U,MetaX C600-U,28,9eb62be58cd60422ff6de02df5aab9e8ca4f64aa,51f6d57875fd37351cbbc48397d797e4,deep_gemm_axes,lightning_indexer,1,107520,2048,0,0,float32,int32,10,maca_c,pass,,,111.718,129.485,0.003923,3.923,0.438,100.0,100.0,
MetaX_C600-U,MetaX C600-U,28,9eb62be58cd60422ff6de02df5aab9e8ca4f64aa,51f6d57875fd37351cbbc48397d797e4,deep_gemm_axes,lightning_indexer,1,107520,2048,0,0,float32,int32,10,torch,pass,,,181.658,154.522,0.002413,2.413,,61.5,83.8,
MetaX_C600-U,MetaX C600-U,28,9eb62be58cd60422ff6de02df5aab9e8ca4f64aa,51f6d57875fd37351cbbc48397d797e4,deep_gemm_axes,lightning_indexer,1,107520,2048,0,0,float32,int32,10,deep_gemm,pass,,,40.627,543.565,0.010788,10.788,0.438,274.98,23.82,
MetaX_C600-U,MetaX C600-U,28,9eb62be58cd60422ff6de02df5aab9e8ca4f64aa,51f6d57875fd37351cbbc48397d797e4,deep_gemm_axes,lightning_indexer,16,66551,2048,0,0,float32,int32,10,maca_c,pass,,,59.162,98.099,0.074209,74.209,4.39,100.0,100.0,
MetaX_C600-U,MetaX C600-U,28,9eb62be58cd60422ff6de02df5aab9e8ca4f64aa,51f6d57875fd37351cbbc48397d797e4,deep_gemm_axes,lightning_indexer,16,66551,2048,0,0,float32,int32,10,torch,pass,,,294.579,293.53,0.014904,14.904,,20.08,33.42,
MetaX_C600-U,MetaX C600-U,28,9eb62be58cd60422ff6de02df5aab9e8ca4f64aa,51f6d57875fd37351cbbc48397d797e4,deep_gemm_axes,lightning_indexer,16,66551,2048,0,0,float32,int32,10,deep_gemm,pass,,,53.171,621.21,0.08257,82.57,4.39,111.27,15.79,
MetaX_C600-U,MetaX C600-U,28,9eb62be58cd60422ff6de02df5aab9e8ca4f64aa,51f6d57875fd37351cbbc48397d797e4,deep_gemm_axes,lightning_indexer,132,107520,2048,0,0,float32,int32,10,maca_c,pass,,,215.091,239.232,0.268965,268.965,57.852,100.0,100.0,
MetaX_C600-U,MetaX C600-U,28,9eb62be58cd60422ff6de02df5aab9e8ca4f64aa,51f6d57875fd37351cbbc48397d797e4,deep_gemm_axes,lightning_indexer,132,107520,2048,0,0,float32,int32,10,torch,pass,,,1401.139,1378.432,0.041289,41.289,,15.35,17.36,
MetaX_C600-U,MetaX C600-U,28,9eb62be58cd60422ff6de02df5aab9e8ca4f64aa,51f6d57875fd37351cbbc48397d797e4,deep_gemm_axes,lightning_indexer,132,107520,2048,0,0,float32,int32,10,deep_gemm,pass,,,185.6,1019.648,0.311702,311.702,57.852,115.89,23.46,
MetaX_C600-U,MetaX C600-U,28,9eb62be58cd60422ff6de02df5aab9e8ca4f64aa,51f6d57875fd37351cbbc48397d797e4,deep_gemm_axes,lightning_indexer,256,107520,2048,0,0,float32,int32,10,maca_c,pass,,,389.683,414.49,0.28792,287.92,112.198,100.0,100.0,
MetaX_C600-U,MetaX C600-U,28,9eb62be58cd60422ff6de02df5aab9e8ca4f64aa,51f6d57875fd37351cbbc48397d797e4,deep_gemm_axes,lightning_indexer,256,107520,2048,0,0,float32,int32,10,torch,pass,,,2467.072,2450.253,0.045478,45.478,,15.8,16.92,
MetaX_C600-U,MetaX C600-U,28,9eb62be58cd60422ff6de02df5aab9e8ca4f64aa,51f6d57875fd37351cbbc48397d797e4,deep_gemm_axes,lightning_indexer,256,107520,2048,0,0,float32,int32,10,deep_gemm,pass,,,346.931,1738.829,0.3234,323.4,112.198,112.32,23.84,
MetaX_C600-U,MetaX C600-U,28,9eb62be58cd60422ff6de02df5aab9e8ca4f64aa,51f6d57875fd37351cbbc48397d797e4,deep_gemm_axes,lightning_indexer,4096,107520,2048,0,0,float32,int32,10,maca_c,pass,,,5157.606,5186.79,0.348061,348.061,1795.162,100.0,100.0,
MetaX_C600-U,MetaX C600-U,28,9eb62be58cd60422ff6de02df5aab9e8ca4f64aa,51f6d57875fd37351cbbc48397d797e4,deep_gemm_axes,lightning_indexer,4096,107520,2048,0,0,float32,int32,10,torch,pass,,,34608.0,34769.357,0.051871,51.871,,14.9,14.92,
MetaX_C600-U,MetaX C600-U,28,9eb62be58cd60422ff6de02df5aab9e8ca4f64aa,51f6d57875fd37351cbbc48397d797e4,deep_gemm_axes,lightning_indexer,4096,107520,2048,0,0,float32,int32,10,deep_gemm,pass,,,4660.531,21272.141,0.385184,385.184,1795.162,110.67,24.38,
