chip,device_name,sm_count,git_commit,extension_md5,case_source,family,n_rows,n_cols,top_k,sorted_value,return_value,input_dtype,index_dtype,num_runs,backend,status,error_type,error_message,time(us),wall_us,throughput(TB/s),bandwidth(GB/s),Byte(MB),relative_pct_vs_maca_c,wall_relative_pct_vs_maca_c,note
MetaX_C500,MetaX C500,104,b7202b1185e17ed9024ae08c0368b80b4eacf973,126e99697a40c1de301e9c85660e3cae,official,lightning_indexer,6,256,512,0,0,bfloat16,int32,10,maca_c,pass,,,3.482,41.626,0.004411,4.411,0.015,100.0,100.0,
MetaX_C500,MetaX C500,104,b7202b1185e17ed9024ae08c0368b80b4eacf973,126e99697a40c1de301e9c85660e3cae,official,lightning_indexer,6,256,512,0,0,bfloat16,int32,10,torch,pass,,"not applicable: the reference backend needs vocab_size >= topk, no window, no offset (tests/test.py's own guard)",,,,,,,,
MetaX_C500,MetaX C500,104,b7202b1185e17ed9024ae08c0368b80b4eacf973,126e99697a40c1de301e9c85660e3cae,official,lightning_indexer,6,256,512,0,0,bfloat16,int32,10,deep_gemm,unsupported,UnsupportedByBackend,"backend 'deep_gemm' ranks float32 scores, and was given torch.bfloat16; 'maca_c' and 'torch' take bfloat16 as well",,,,,,,,
MetaX_C500,MetaX C500,104,b7202b1185e17ed9024ae08c0368b80b4eacf973,126e99697a40c1de301e9c85660e3cae,official,lightning_indexer,6,1024,512,0,0,bfloat16,int32,10,maca_c,pass,,,15.565,42.752,0.001579,1.579,0.025,100.0,100.0,
MetaX_C500,MetaX C500,104,b7202b1185e17ed9024ae08c0368b80b4eacf973,126e99697a40c1de301e9c85660e3cae,official,lightning_indexer,6,1024,512,0,0,bfloat16,int32,10,torch,pass,,,26.189,26.598,0.000938,0.938,,59.43,160.73,
MetaX_C500,MetaX C500,104,b7202b1185e17ed9024ae08c0368b80b4eacf973,126e99697a40c1de301e9c85660e3cae,official,lightning_indexer,6,1024,512,0,0,bfloat16,int32,10,deep_gemm,unsupported,UnsupportedByBackend,"backend 'deep_gemm' ranks float32 scores, and was given torch.bfloat16; 'maca_c' and 'torch' take bfloat16 as well",,,,,,,,
MetaX_C500,MetaX C500,104,b7202b1185e17ed9024ae08c0368b80b4eacf973,126e99697a40c1de301e9c85660e3cae,official,lightning_indexer,6,4096,512,0,0,bfloat16,int32,10,maca_c,pass,,,17.331,39.27,0.003545,3.545,0.061,100.0,100.0,
MetaX_C500,MetaX C500,104,b7202b1185e17ed9024ae08c0368b80b4eacf973,126e99697a40c1de301e9c85660e3cae,official,lightning_indexer,6,4096,512,0,0,bfloat16,int32,10,torch,pass,,,51.405,51.328,0.001195,1.195,,33.71,76.51,
MetaX_C500,MetaX C500,104,b7202b1185e17ed9024ae08c0368b80b4eacf973,126e99697a40c1de301e9c85660e3cae,official,lightning_indexer,6,4096,512,0,0,bfloat16,int32,10,deep_gemm,unsupported,UnsupportedByBackend,"backend 'deep_gemm' ranks float32 scores, and was given torch.bfloat16; 'maca_c' and 'torch' take bfloat16 as well",,,,,,,,
MetaX_C500,MetaX C500,104,b7202b1185e17ed9024ae08c0368b80b4eacf973,126e99697a40c1de301e9c85660e3cae,official,lightning_indexer,6,16384,512,0,0,bfloat16,int32,10,maca_c,pass,,,27.648,40.115,0.007556,7.556,0.209,100.0,100.0,
MetaX_C500,MetaX C500,104,b7202b1185e17ed9024ae08c0368b80b4eacf973,126e99697a40c1de301e9c85660e3cae,official,lightning_indexer,6,16384,512,0,0,bfloat16,int32,10,torch,pass,,,140.544,140.006,0.001486,1.486,,19.67,28.65,
MetaX_C500,MetaX C500,104,b7202b1185e17ed9024ae08c0368b80b4eacf973,126e99697a40c1de301e9c85660e3cae,official,lightning_indexer,6,16384,512,0,0,bfloat16,int32,10,deep_gemm,unsupported,UnsupportedByBackend,"backend 'deep_gemm' ranks float32 scores, and was given torch.bfloat16; 'maca_c' and 'torch' take bfloat16 as well",,,,,,,,
MetaX_C500,MetaX C500,104,b7202b1185e17ed9024ae08c0368b80b4eacf973,126e99697a40c1de301e9c85660e3cae,official,lightning_indexer,6,65536,512,0,0,bfloat16,int32,10,maca_c,pass,,,49.51,52.71,0.016132,16.132,0.799,100.0,100.0,
MetaX_C500,MetaX C500,104,b7202b1185e17ed9024ae08c0368b80b4eacf973,126e99697a40c1de301e9c85660e3cae,official,lightning_indexer,6,65536,512,0,0,bfloat16,int32,10,torch,pass,,,180.557,156.698,0.004424,4.424,,27.42,33.64,
MetaX_C500,MetaX C500,104,b7202b1185e17ed9024ae08c0368b80b4eacf973,126e99697a40c1de301e9c85660e3cae,official,lightning_indexer,6,65536,512,0,0,bfloat16,int32,10,deep_gemm,unsupported,UnsupportedByBackend,"backend 'deep_gemm' ranks float32 scores, and was given torch.bfloat16; 'maca_c' and 'torch' take bfloat16 as well",,,,,,,,
MetaX_C500,MetaX C500,104,b7202b1185e17ed9024ae08c0368b80b4eacf973,126e99697a40c1de301e9c85660e3cae,official,lightning_indexer,6,131072,512,0,0,bfloat16,int32,10,maca_c,pass,,,76.954,79.232,0.020599,20.599,1.585,100.0,100.0,
MetaX_C500,MetaX C500,104,b7202b1185e17ed9024ae08c0368b80b4eacf973,126e99697a40c1de301e9c85660e3cae,official,lightning_indexer,6,131072,512,0,0,bfloat16,int32,10,torch,pass,,,224.077,200.09,0.007074,7.074,,34.34,39.6,
MetaX_C500,MetaX C500,104,b7202b1185e17ed9024ae08c0368b80b4eacf973,126e99697a40c1de301e9c85660e3cae,official,lightning_indexer,6,131072,512,0,0,bfloat16,int32,10,deep_gemm,unsupported,UnsupportedByBackend,"backend 'deep_gemm' ranks float32 scores, and was given torch.bfloat16; 'maca_c' and 'torch' take bfloat16 as well",,,,,,,,
MetaX_C500,MetaX C500,104,b7202b1185e17ed9024ae08c0368b80b4eacf973,126e99697a40c1de301e9c85660e3cae,official,lightning_indexer,6,262144,512,0,0,bfloat16,int32,10,maca_c,pass,,,81.894,115.251,0.038562,38.562,3.158,100.0,100.0,
MetaX_C500,MetaX C500,104,b7202b1185e17ed9024ae08c0368b80b4eacf973,126e99697a40c1de301e9c85660e3cae,official,lightning_indexer,6,262144,512,0,0,bfloat16,int32,10,torch,pass,,,265.677,244.25,0.011887,11.887,,30.82,47.19,
MetaX_C500,MetaX C500,104,b7202b1185e17ed9024ae08c0368b80b4eacf973,126e99697a40c1de301e9c85660e3cae,official,lightning_indexer,6,262144,512,0,0,bfloat16,int32,10,deep_gemm,unsupported,UnsupportedByBackend,"backend 'deep_gemm' ranks float32 scores, and was given torch.bfloat16; 'maca_c' and 'torch' take bfloat16 as well",,,,,,,,
MetaX_C500,MetaX C500,104,b7202b1185e17ed9024ae08c0368b80b4eacf973,126e99697a40c1de301e9c85660e3cae,official,lightning_indexer,6,524288,512,0,0,bfloat16,int32,10,maca_c,pass,,,81.126,120.141,0.077703,77.703,6.304,100.0,100.0,
MetaX_C500,MetaX C500,104,b7202b1185e17ed9024ae08c0368b80b4eacf973,126e99697a40c1de301e9c85660e3cae,official,lightning_indexer,6,524288,512,0,0,bfloat16,int32,10,torch,pass,,,300.134,280.806,0.021003,21.003,,27.03,42.78,
MetaX_C500,MetaX C500,104,b7202b1185e17ed9024ae08c0368b80b4eacf973,126e99697a40c1de301e9c85660e3cae,official,lightning_indexer,6,524288,512,0,0,bfloat16,int32,10,deep_gemm,unsupported,UnsupportedByBackend,"backend 'deep_gemm' ranks float32 scores, and was given torch.bfloat16; 'maca_c' and 'torch' take bfloat16 as well",,,,,,,,
MetaX_C500,MetaX C500,104,b7202b1185e17ed9024ae08c0368b80b4eacf973,126e99697a40c1de301e9c85660e3cae,official,lightning_indexer,6,1048576,512,0,0,bfloat16,int32,10,maca_c,pass,,,109.926,161.229,0.114579,114.579,12.595,100.0,100.0,
MetaX_C500,MetaX C500,104,b7202b1185e17ed9024ae08c0368b80b4eacf973,126e99697a40c1de301e9c85660e3cae,official,lightning_indexer,6,1048576,512,0,0,bfloat16,int32,10,torch,pass,,,376.038,354.765,0.033494,33.494,,29.23,45.45,
MetaX_C500,MetaX C500,104,b7202b1185e17ed9024ae08c0368b80b4eacf973,126e99697a40c1de301e9c85660e3cae,official,lightning_indexer,6,1048576,512,0,0,bfloat16,int32,10,deep_gemm,unsupported,UnsupportedByBackend,"backend 'deep_gemm' ranks float32 scores, and was given torch.bfloat16; 'maca_c' and 'torch' take bfloat16 as well",,,,,,,,
MetaX_C500,MetaX C500,104,b7202b1185e17ed9024ae08c0368b80b4eacf973,126e99697a40c1de301e9c85660e3cae,official,lightning_indexer,256,256,512,0,0,bfloat16,int32,10,maca_c,pass,,,5.939,38.349,0.110349,110.349,0.655,100.0,100.0,
MetaX_C500,MetaX C500,104,b7202b1185e17ed9024ae08c0368b80b4eacf973,126e99697a40c1de301e9c85660e3cae,official,lightning_indexer,256,256,512,0,0,bfloat16,int32,10,torch,pass,,"not applicable: the reference backend needs vocab_size >= topk, no window, no offset (tests/test.py's own guard)",,,,,,,,
MetaX_C500,MetaX C500,104,b7202b1185e17ed9024ae08c0368b80b4eacf973,126e99697a40c1de301e9c85660e3cae,official,lightning_indexer,256,256,512,0,0,bfloat16,int32,10,deep_gemm,unsupported,UnsupportedByBackend,"backend 'deep_gemm' ranks float32 scores, and was given torch.bfloat16; 'maca_c' and 'torch' take bfloat16 as well",,,,,,,,
MetaX_C500,MetaX C500,104,b7202b1185e17ed9024ae08c0368b80b4eacf973,126e99697a40c1de301e9c85660e3cae,official,lightning_indexer,256,1024,512,0,0,bfloat16,int32,10,maca_c,pass,,,25.805,41.421,0.040635,40.635,1.049,100.0,100.0,
MetaX_C500,MetaX C500,104,b7202b1185e17ed9024ae08c0368b80b4eacf973,126e99697a40c1de301e9c85660e3cae,official,lightning_indexer,256,1024,512,0,0,bfloat16,int32,10,torch,pass,,,61.261,59.571,0.017117,17.117,,42.12,69.53,
MetaX_C500,MetaX C500,104,b7202b1185e17ed9024ae08c0368b80b4eacf973,126e99697a40c1de301e9c85660e3cae,official,lightning_indexer,256,1024,512,0,0,bfloat16,int32,10,deep_gemm,unsupported,UnsupportedByBackend,"backend 'deep_gemm' ranks float32 scores, and was given torch.bfloat16; 'maca_c' and 'torch' take bfloat16 as well",,,,,,,,
MetaX_C500,MetaX C500,104,b7202b1185e17ed9024ae08c0368b80b4eacf973,126e99697a40c1de301e9c85660e3cae,official,lightning_indexer,256,4096,512,0,0,bfloat16,int32,10,maca_c,pass,,,35.814,43.469,0.073196,73.196,2.621,100.0,100.0,
MetaX_C500,MetaX C500,104,b7202b1185e17ed9024ae08c0368b80b4eacf973,126e99697a40c1de301e9c85660e3cae,official,lightning_indexer,256,4096,512,0,0,bfloat16,int32,10,torch,pass,,,212.352,198.118,0.012345,12.345,,16.87,21.94,
MetaX_C500,MetaX C500,104,b7202b1185e17ed9024ae08c0368b80b4eacf973,126e99697a40c1de301e9c85660e3cae,official,lightning_indexer,256,4096,512,0,0,bfloat16,int32,10,deep_gemm,unsupported,UnsupportedByBackend,"backend 'deep_gemm' ranks float32 scores, and was given torch.bfloat16; 'maca_c' and 'torch' take bfloat16 as well",,,,,,,,
MetaX_C500,MetaX C500,104,b7202b1185e17ed9024ae08c0368b80b4eacf973,126e99697a40c1de301e9c85660e3cae,official,lightning_indexer,256,16384,512,0,0,bfloat16,int32,10,maca_c,pass,,,57.907,56.602,0.153917,153.917,8.913,100.0,100.0,
MetaX_C500,MetaX C500,104,b7202b1185e17ed9024ae08c0368b80b4eacf973,126e99697a40c1de301e9c85660e3cae,official,lightning_indexer,256,16384,512,0,0,bfloat16,int32,10,torch,pass,,,316.902,307.661,0.028125,28.125,,18.27,18.4,
MetaX_C500,MetaX C500,104,b7202b1185e17ed9024ae08c0368b80b4eacf973,126e99697a40c1de301e9c85660e3cae,official,lightning_indexer,256,16384,512,0,0,bfloat16,int32,10,deep_gemm,unsupported,UnsupportedByBackend,"backend 'deep_gemm' ranks float32 scores, and was given torch.bfloat16; 'maca_c' and 'torch' take bfloat16 as well",,,,,,,,
MetaX_C500,MetaX C500,104,b7202b1185e17ed9024ae08c0368b80b4eacf973,126e99697a40c1de301e9c85660e3cae,official,lightning_indexer,256,65536,512,0,0,bfloat16,int32,10,maca_c,pass,,,149.325,149.248,0.228218,228.218,34.079,100.0,100.0,
MetaX_C500,MetaX C500,104,b7202b1185e17ed9024ae08c0368b80b4eacf973,126e99697a40c1de301e9c85660e3cae,official,lightning_indexer,256,65536,512,0,0,bfloat16,int32,10,torch,pass,,,704.794,699.034,0.048353,48.353,,21.19,21.35,
MetaX_C500,MetaX C500,104,b7202b1185e17ed9024ae08c0368b80b4eacf973,126e99697a40c1de301e9c85660e3cae,official,lightning_indexer,256,65536,512,0,0,bfloat16,int32,10,deep_gemm,unsupported,UnsupportedByBackend,"backend 'deep_gemm' ranks float32 scores, and was given torch.bfloat16; 'maca_c' and 'torch' take bfloat16 as well",,,,,,,,
MetaX_C500,MetaX C500,104,b7202b1185e17ed9024ae08c0368b80b4eacf973,126e99697a40c1de301e9c85660e3cae,official,lightning_indexer,256,131072,512,0,0,bfloat16,int32,10,maca_c,pass,,,239.642,240.896,0.282226,282.226,67.633,100.0,100.0,
MetaX_C500,MetaX C500,104,b7202b1185e17ed9024ae08c0368b80b4eacf973,126e99697a40c1de301e9c85660e3cae,official,lightning_indexer,256,131072,512,0,0,bfloat16,int32,10,torch,pass,,,1211.699,1202.688,0.055817,55.817,,19.78,20.03,
MetaX_C500,MetaX C500,104,b7202b1185e17ed9024ae08c0368b80b4eacf973,126e99697a40c1de301e9c85660e3cae,official,lightning_indexer,256,131072,512,0,0,bfloat16,int32,10,deep_gemm,unsupported,UnsupportedByBackend,"backend 'deep_gemm' ranks float32 scores, and was given torch.bfloat16; 'maca_c' and 'torch' take bfloat16 as well",,,,,,,,
MetaX_C500,MetaX C500,104,b7202b1185e17ed9024ae08c0368b80b4eacf973,126e99697a40c1de301e9c85660e3cae,official,lightning_indexer,256,262144,512,0,0,bfloat16,int32,10,maca_c,pass,,,413.491,414.259,0.325864,325.864,134.742,100.0,100.0,
MetaX_C500,MetaX C500,104,b7202b1185e17ed9024ae08c0368b80b4eacf973,126e99697a40c1de301e9c85660e3cae,official,lightning_indexer,256,262144,512,0,0,bfloat16,int32,10,torch,pass,,,2044.877,2031.59,0.065892,65.892,,20.22,20.39,
MetaX_C500,MetaX C500,104,b7202b1185e17ed9024ae08c0368b80b4eacf973,126e99697a40c1de301e9c85660e3cae,official,lightning_indexer,256,262144,512,0,0,bfloat16,int32,10,deep_gemm,unsupported,UnsupportedByBackend,"backend 'deep_gemm' ranks float32 scores, and was given torch.bfloat16; 'maca_c' and 'torch' take bfloat16 as well",,,,,,,,
MetaX_C500,MetaX C500,104,b7202b1185e17ed9024ae08c0368b80b4eacf973,126e99697a40c1de301e9c85660e3cae,official,lightning_indexer,256,524288,512,0,0,bfloat16,int32,10,maca_c,pass,,,753.69,756.48,0.356857,356.857,268.96,100.0,100.0,
MetaX_C500,MetaX C500,104,b7202b1185e17ed9024ae08c0368b80b4eacf973,126e99697a40c1de301e9c85660e3cae,official,lightning_indexer,256,524288,512,0,0,bfloat16,int32,10,torch,pass,,,3691.085,3688.32,0.072867,72.867,,20.42,20.51,
MetaX_C500,MetaX C500,104,b7202b1185e17ed9024ae08c0368b80b4eacf973,126e99697a40c1de301e9c85660e3cae,official,lightning_indexer,256,524288,512,0,0,bfloat16,int32,10,deep_gemm,unsupported,UnsupportedByBackend,"backend 'deep_gemm' ranks float32 scores, and was given torch.bfloat16; 'maca_c' and 'torch' take bfloat16 as well",,,,,,,,
MetaX_C500,MetaX C500,104,b7202b1185e17ed9024ae08c0368b80b4eacf973,126e99697a40c1de301e9c85660e3cae,official,lightning_indexer,256,1048576,512,0,0,bfloat16,int32,10,maca_c,pass,,,1439.744,1444.25,0.373257,373.257,537.395,100.0,100.0,
MetaX_C500,MetaX C500,104,b7202b1185e17ed9024ae08c0368b80b4eacf973,126e99697a40c1de301e9c85660e3cae,official,lightning_indexer,256,1048576,512,0,0,bfloat16,int32,10,torch,pass,,,6971.853,6975.77,0.077081,77.081,,20.65,20.7,
MetaX_C500,MetaX C500,104,b7202b1185e17ed9024ae08c0368b80b4eacf973,126e99697a40c1de301e9c85660e3cae,official,lightning_indexer,256,1048576,512,0,0,bfloat16,int32,10,deep_gemm,unsupported,UnsupportedByBackend,"backend 'deep_gemm' ranks float32 scores, and was given torch.bfloat16; 'maca_c' and 'torch' take bfloat16 as well",,,,,,,,
MetaX_C500,MetaX C500,104,b7202b1185e17ed9024ae08c0368b80b4eacf973,126e99697a40c1de301e9c85660e3cae,official,lightning_indexer,512,256,512,0,0,bfloat16,int32,10,maca_c,pass,,,7.117,41.933,0.184167,184.167,1.311,100.0,100.0,
MetaX_C500,MetaX C500,104,b7202b1185e17ed9024ae08c0368b80b4eacf973,126e99697a40c1de301e9c85660e3cae,official,lightning_indexer,512,256,512,0,0,bfloat16,int32,10,torch,pass,,"not applicable: the reference backend needs vocab_size >= topk, no window, no offset (tests/test.py's own guard)",,,,,,,,
MetaX_C500,MetaX C500,104,b7202b1185e17ed9024ae08c0368b80b4eacf973,126e99697a40c1de301e9c85660e3cae,official,lightning_indexer,512,256,512,0,0,bfloat16,int32,10,deep_gemm,unsupported,UnsupportedByBackend,"backend 'deep_gemm' ranks float32 scores, and was given torch.bfloat16; 'maca_c' and 'torch' take bfloat16 as well",,,,,,,,
MetaX_C500,MetaX C500,104,b7202b1185e17ed9024ae08c0368b80b4eacf973,126e99697a40c1de301e9c85660e3cae,official,lightning_indexer,512,1024,512,0,0,bfloat16,int32,10,maca_c,pass,,,37.248,41.651,0.056302,56.302,2.097,100.0,100.0,
MetaX_C500,MetaX C500,104,b7202b1185e17ed9024ae08c0368b80b4eacf973,126e99697a40c1de301e9c85660e3cae,official,lightning_indexer,512,1024,512,0,0,bfloat16,int32,10,torch,pass,,,92.083,92.954,0.022775,22.775,,40.45,44.81,
MetaX_C500,MetaX C500,104,b7202b1185e17ed9024ae08c0368b80b4eacf973,126e99697a40c1de301e9c85660e3cae,official,lightning_indexer,512,1024,512,0,0,bfloat16,int32,10,deep_gemm,unsupported,UnsupportedByBackend,"backend 'deep_gemm' ranks float32 scores, and was given torch.bfloat16; 'maca_c' and 'torch' take bfloat16 as well",,,,,,,,
MetaX_C500,MetaX C500,104,b7202b1185e17ed9024ae08c0368b80b4eacf973,126e99697a40c1de301e9c85660e3cae,official,lightning_indexer,512,4096,512,0,0,bfloat16,int32,10,maca_c,pass,,,49.715,48.794,0.105459,105.459,5.243,100.0,100.0,
MetaX_C500,MetaX C500,104,b7202b1185e17ed9024ae08c0368b80b4eacf973,126e99697a40c1de301e9c85660e3cae,official,lightning_indexer,512,4096,512,0,0,bfloat16,int32,10,torch,pass,,,252.672,240.538,0.02075,20.75,,19.68,20.29,
MetaX_C500,MetaX C500,104,b7202b1185e17ed9024ae08c0368b80b4eacf973,126e99697a40c1de301e9c85660e3cae,official,lightning_indexer,512,4096,512,0,0,bfloat16,int32,10,deep_gemm,unsupported,UnsupportedByBackend,"backend 'deep_gemm' ranks float32 scores, and was given torch.bfloat16; 'maca_c' and 'torch' take bfloat16 as well",,,,,,,,
MetaX_C500,MetaX C500,104,b7202b1185e17ed9024ae08c0368b80b4eacf973,126e99697a40c1de301e9c85660e3cae,official,lightning_indexer,512,16384,512,0,0,bfloat16,int32,10,maca_c,pass,,,85.53,85.043,0.208416,208.416,17.826,100.0,100.0,
MetaX_C500,MetaX C500,104,b7202b1185e17ed9024ae08c0368b80b4eacf973,126e99697a40c1de301e9c85660e3cae,official,lightning_indexer,512,16384,512,0,0,bfloat16,int32,10,torch,pass,,,464.845,451.584,0.038348,38.348,,18.4,18.83,
MetaX_C500,MetaX C500,104,b7202b1185e17ed9024ae08c0368b80b4eacf973,126e99697a40c1de301e9c85660e3cae,official,lightning_indexer,512,16384,512,0,0,bfloat16,int32,10,deep_gemm,unsupported,UnsupportedByBackend,"backend 'deep_gemm' ranks float32 scores, and was given torch.bfloat16; 'maca_c' and 'torch' take bfloat16 as well",,,,,,,,
MetaX_C500,MetaX C500,104,b7202b1185e17ed9024ae08c0368b80b4eacf973,126e99697a40c1de301e9c85660e3cae,official,lightning_indexer,512,65536,512,0,0,bfloat16,int32,10,maca_c,pass,,,247.219,247.808,0.275697,275.697,68.157,100.0,100.0,
MetaX_C500,MetaX C500,104,b7202b1185e17ed9024ae08c0368b80b4eacf973,126e99697a40c1de301e9c85660e3cae,official,lightning_indexer,512,65536,512,0,0,bfloat16,int32,10,torch,pass,,,1205.35,1192.627,0.056546,56.546,,20.51,20.78,
MetaX_C500,MetaX C500,104,b7202b1185e17ed9024ae08c0368b80b4eacf973,126e99697a40c1de301e9c85660e3cae,official,lightning_indexer,512,65536,512,0,0,bfloat16,int32,10,deep_gemm,unsupported,UnsupportedByBackend,"backend 'deep_gemm' ranks float32 scores, and was given torch.bfloat16; 'maca_c' and 'torch' take bfloat16 as well",,,,,,,,
MetaX_C500,MetaX C500,104,b7202b1185e17ed9024ae08c0368b80b4eacf973,126e99697a40c1de301e9c85660e3cae,official,lightning_indexer,512,131072,512,0,0,bfloat16,int32,10,maca_c,pass,,,398.464,399.283,0.339469,339.469,135.266,100.0,100.0,
MetaX_C500,MetaX C500,104,b7202b1185e17ed9024ae08c0368b80b4eacf973,126e99697a40c1de301e9c85660e3cae,official,lightning_indexer,512,131072,512,0,0,bfloat16,int32,10,torch,pass,,,2151.962,2142.694,0.062857,62.857,,18.52,18.63,
MetaX_C500,MetaX C500,104,b7202b1185e17ed9024ae08c0368b80b4eacf973,126e99697a40c1de301e9c85660e3cae,official,lightning_indexer,512,131072,512,0,0,bfloat16,int32,10,deep_gemm,unsupported,UnsupportedByBackend,"backend 'deep_gemm' ranks float32 scores, and was given torch.bfloat16; 'maca_c' and 'torch' take bfloat16 as well",,,,,,,,
MetaX_C500,MetaX C500,104,b7202b1185e17ed9024ae08c0368b80b4eacf973,126e99697a40c1de301e9c85660e3cae,official,lightning_indexer,512,262144,512,0,0,bfloat16,int32,10,maca_c,pass,,,690.637,690.688,0.390196,390.196,269.484,100.0,100.0,
MetaX_C500,MetaX C500,104,b7202b1185e17ed9024ae08c0368b80b4eacf973,126e99697a40c1de301e9c85660e3cae,official,lightning_indexer,512,262144,512,0,0,bfloat16,int32,10,torch,pass,,,3790.592,3782.426,0.071093,71.093,,18.22,18.26,
MetaX_C500,MetaX C500,104,b7202b1185e17ed9024ae08c0368b80b4eacf973,126e99697a40c1de301e9c85660e3cae,official,lightning_indexer,512,262144,512,0,0,bfloat16,int32,10,deep_gemm,unsupported,UnsupportedByBackend,"backend 'deep_gemm' ranks float32 scores, and was given torch.bfloat16; 'maca_c' and 'torch' take bfloat16 as well",,,,,,,,
MetaX_C500,MetaX C500,104,b7202b1185e17ed9024ae08c0368b80b4eacf973,126e99697a40c1de301e9c85660e3cae,official,lightning_indexer,512,524288,512,0,0,bfloat16,int32,10,maca_c,pass,,,1266.662,1269.811,0.424675,424.675,537.919,100.0,100.0,
MetaX_C500,MetaX C500,104,b7202b1185e17ed9024ae08c0368b80b4eacf973,126e99697a40c1de301e9c85660e3cae,official,lightning_indexer,512,524288,512,0,0,bfloat16,int32,10,torch,pass,,,7051.059,7053.568,0.076289,76.289,,17.96,18.0,
MetaX_C500,MetaX C500,104,b7202b1185e17ed9024ae08c0368b80b4eacf973,126e99697a40c1de301e9c85660e3cae,official,lightning_indexer,512,524288,512,0,0,bfloat16,int32,10,deep_gemm,unsupported,UnsupportedByBackend,"backend 'deep_gemm' ranks float32 scores, and was given torch.bfloat16; 'maca_c' and 'torch' take bfloat16 as well",,,,,,,,
MetaX_C500,MetaX C500,104,b7202b1185e17ed9024ae08c0368b80b4eacf973,126e99697a40c1de301e9c85660e3cae,official,lightning_indexer,512,1048576,512,0,0,bfloat16,int32,10,maca_c,pass,,,2419.226,2424.141,0.44427,444.27,1074.79,100.0,100.0,
MetaX_C500,MetaX C500,104,b7202b1185e17ed9024ae08c0368b80b4eacf973,126e99697a40c1de301e9c85660e3cae,official,lightning_indexer,512,1048576,512,0,0,bfloat16,int32,10,torch,pass,,,13632.947,13647.462,0.078838,78.838,,17.75,17.76,
MetaX_C500,MetaX C500,104,b7202b1185e17ed9024ae08c0368b80b4eacf973,126e99697a40c1de301e9c85660e3cae,official,lightning_indexer,512,1048576,512,0,0,bfloat16,int32,10,deep_gemm,unsupported,UnsupportedByBackend,"backend 'deep_gemm' ranks float32 scores, and was given torch.bfloat16; 'maca_c' and 'torch' take bfloat16 as well",,,,,,,,
MetaX_C500,MetaX C500,104,b7202b1185e17ed9024ae08c0368b80b4eacf973,126e99697a40c1de301e9c85660e3cae,official,lightning_indexer,768,256,512,0,0,bfloat16,int32,10,maca_c,pass,,,9.037,41.702,0.217559,217.559,1.966,100.0,100.0,
MetaX_C500,MetaX C500,104,b7202b1185e17ed9024ae08c0368b80b4eacf973,126e99697a40c1de301e9c85660e3cae,official,lightning_indexer,768,256,512,0,0,bfloat16,int32,10,torch,pass,,"not applicable: the reference backend needs vocab_size >= topk, no window, no offset (tests/test.py's own guard)",,,,,,,,
MetaX_C500,MetaX C500,104,b7202b1185e17ed9024ae08c0368b80b4eacf973,126e99697a40c1de301e9c85660e3cae,official,lightning_indexer,768,256,512,0,0,bfloat16,int32,10,deep_gemm,unsupported,UnsupportedByBackend,"backend 'deep_gemm' ranks float32 scores, and was given torch.bfloat16; 'maca_c' and 'torch' take bfloat16 as well",,,,,,,,
MetaX_C500,MetaX C500,104,b7202b1185e17ed9024ae08c0368b80b4eacf973,126e99697a40c1de301e9c85660e3cae,official,lightning_indexer,768,1024,512,0,0,bfloat16,int32,10,maca_c,pass,,,49.254,51.2,0.063867,63.867,3.146,100.0,100.0,
MetaX_C500,MetaX C500,104,b7202b1185e17ed9024ae08c0368b80b4eacf973,126e99697a40c1de301e9c85660e3cae,official,lightning_indexer,768,1024,512,0,0,bfloat16,int32,10,torch,pass,,,126.669,126.541,0.024834,24.834,,38.88,40.46,
MetaX_C500,MetaX C500,104,b7202b1185e17ed9024ae08c0368b80b4eacf973,126e99697a40c1de301e9c85660e3cae,official,lightning_indexer,768,1024,512,0,0,bfloat16,int32,10,deep_gemm,unsupported,UnsupportedByBackend,"backend 'deep_gemm' ranks float32 scores, and was given torch.bfloat16; 'maca_c' and 'torch' take bfloat16 as well",,,,,,,,
MetaX_C500,MetaX C500,104,b7202b1185e17ed9024ae08c0368b80b4eacf973,126e99697a40c1de301e9c85660e3cae,official,lightning_indexer,768,4096,512,0,0,bfloat16,int32,10,maca_c,pass,,,66.278,67.584,0.118657,118.657,7.864,100.0,100.0,
MetaX_C500,MetaX C500,104,b7202b1185e17ed9024ae08c0368b80b4eacf973,126e99697a40c1de301e9c85660e3cae,official,lightning_indexer,768,4096,512,0,0,bfloat16,int32,10,torch,pass,,,307.277,298.547,0.025594,25.594,,21.57,22.64,
MetaX_C500,MetaX C500,104,b7202b1185e17ed9024ae08c0368b80b4eacf973,126e99697a40c1de301e9c85660e3cae,official,lightning_indexer,768,4096,512,0,0,bfloat16,int32,10,deep_gemm,unsupported,UnsupportedByBackend,"backend 'deep_gemm' ranks float32 scores, and was given torch.bfloat16; 'maca_c' and 'torch' take bfloat16 as well",,,,,,,,
MetaX_C500,MetaX C500,104,b7202b1185e17ed9024ae08c0368b80b4eacf973,126e99697a40c1de301e9c85660e3cae,official,lightning_indexer,768,16384,512,0,0,bfloat16,int32,10,maca_c,pass,,,120.858,121.318,0.221241,221.241,26.739,100.0,100.0,
MetaX_C500,MetaX C500,104,b7202b1185e17ed9024ae08c0368b80b4eacf973,126e99697a40c1de301e9c85660e3cae,official,lightning_indexer,768,16384,512,0,0,bfloat16,int32,10,torch,pass,,,686.362,673.536,0.038957,38.957,,17.61,18.01,
MetaX_C500,MetaX C500,104,b7202b1185e17ed9024ae08c0368b80b4eacf973,126e99697a40c1de301e9c85660e3cae,official,lightning_indexer,768,16384,512,0,0,bfloat16,int32,10,deep_gemm,unsupported,UnsupportedByBackend,"backend 'deep_gemm' ranks float32 scores, and was given torch.bfloat16; 'maca_c' and 'torch' take bfloat16 as well",,,,,,,,
MetaX_C500,MetaX C500,104,b7202b1185e17ed9024ae08c0368b80b4eacf973,126e99697a40c1de301e9c85660e3cae,official,lightning_indexer,768,65536,512,0,0,bfloat16,int32,10,maca_c,pass,,,386.918,386.893,0.264232,264.232,102.236,100.0,100.0,
MetaX_C500,MetaX C500,104,b7202b1185e17ed9024ae08c0368b80b4eacf973,126e99697a40c1de301e9c85660e3cae,official,lightning_indexer,768,65536,512,0,0,bfloat16,int32,10,torch,pass,,,1679.974,1671.347,0.060856,60.856,,23.03,23.15,
MetaX_C500,MetaX C500,104,b7202b1185e17ed9024ae08c0368b80b4eacf973,126e99697a40c1de301e9c85660e3cae,official,lightning_indexer,768,65536,512,0,0,bfloat16,int32,10,deep_gemm,unsupported,UnsupportedByBackend,"backend 'deep_gemm' ranks float32 scores, and was given torch.bfloat16; 'maca_c' and 'torch' take bfloat16 as well",,,,,,,,
MetaX_C500,MetaX C500,104,b7202b1185e17ed9024ae08c0368b80b4eacf973,126e99697a40c1de301e9c85660e3cae,official,lightning_indexer,768,131072,512,0,0,bfloat16,int32,10,maca_c,pass,,,628.019,628.557,0.323079,323.079,202.899,100.0,100.0,
MetaX_C500,MetaX C500,104,b7202b1185e17ed9024ae08c0368b80b4eacf973,126e99697a40c1de301e9c85660e3cae,official,lightning_indexer,768,131072,512,0,0,bfloat16,int32,10,torch,pass,,,3083.571,3074.586,0.0658,65.8,,20.37,20.44,
MetaX_C500,MetaX C500,104,b7202b1185e17ed9024ae08c0368b80b4eacf973,126e99697a40c1de301e9c85660e3cae,official,lightning_indexer,768,131072,512,0,0,bfloat16,int32,10,deep_gemm,unsupported,UnsupportedByBackend,"backend 'deep_gemm' ranks float32 scores, and was given torch.bfloat16; 'maca_c' and 'torch' take bfloat16 as well",,,,,,,,
MetaX_C500,MetaX C500,104,b7202b1185e17ed9024ae08c0368b80b4eacf973,126e99697a40c1de301e9c85660e3cae,official,lightning_indexer,768,262144,512,0,0,bfloat16,int32,10,maca_c,pass,,,1091.994,1092.48,0.370172,370.172,404.226,100.0,100.0,
MetaX_C500,MetaX C500,104,b7202b1185e17ed9024ae08c0368b80b4eacf973,126e99697a40c1de301e9c85660e3cae,official,lightning_indexer,768,262144,512,0,0,bfloat16,int32,10,torch,pass,,,5556.25,5556.941,0.072752,72.752,,19.65,19.66,
MetaX_C500,MetaX C500,104,b7202b1185e17ed9024ae08c0368b80b4eacf973,126e99697a40c1de301e9c85660e3cae,official,lightning_indexer,768,262144,512,0,0,bfloat16,int32,10,deep_gemm,unsupported,UnsupportedByBackend,"backend 'deep_gemm' ranks float32 scores, and was given torch.bfloat16; 'maca_c' and 'torch' take bfloat16 as well",,,,,,,,
MetaX_C500,MetaX C500,104,b7202b1185e17ed9024ae08c0368b80b4eacf973,126e99697a40c1de301e9c85660e3cae,official,lightning_indexer,768,524288,512,0,0,bfloat16,int32,10,maca_c,pass,,,2008.653,2011.034,0.401702,401.702,806.879,100.0,100.0,
MetaX_C500,MetaX C500,104,b7202b1185e17ed9024ae08c0368b80b4eacf973,126e99697a40c1de301e9c85660e3cae,official,lightning_indexer,768,524288,512,0,0,bfloat16,int32,10,torch,pass,,,10393.882,10402.944,0.07763,77.63,,19.33,19.33,
MetaX_C500,MetaX C500,104,b7202b1185e17ed9024ae08c0368b80b4eacf973,126e99697a40c1de301e9c85660e3cae,official,lightning_indexer,768,524288,512,0,0,bfloat16,int32,10,deep_gemm,unsupported,UnsupportedByBackend,"backend 'deep_gemm' ranks float32 scores, and was given torch.bfloat16; 'maca_c' and 'torch' take bfloat16 as well",,,,,,,,
MetaX_C500,MetaX C500,104,b7202b1185e17ed9024ae08c0368b80b4eacf973,126e99697a40c1de301e9c85660e3cae,official,lightning_indexer,768,1048576,512,0,0,bfloat16,int32,10,maca_c,pass,,,3845.274,3851.571,0.419264,419.264,1612.186,100.0,100.0,
MetaX_C500,MetaX C500,104,b7202b1185e17ed9024ae08c0368b80b4eacf973,126e99697a40c1de301e9c85660e3cae,official,lightning_indexer,768,1048576,512,0,0,bfloat16,int32,10,torch,pass,,,20117.76,20133.247,0.080137,80.137,,19.11,19.13,
MetaX_C500,MetaX C500,104,b7202b1185e17ed9024ae08c0368b80b4eacf973,126e99697a40c1de301e9c85660e3cae,official,lightning_indexer,768,1048576,512,0,0,bfloat16,int32,10,deep_gemm,unsupported,UnsupportedByBackend,"backend 'deep_gemm' ranks float32 scores, and was given torch.bfloat16; 'maca_c' and 'torch' take bfloat16 as well",,,,,,,,
MetaX_C500,MetaX C500,104,b7202b1185e17ed9024ae08c0368b80b4eacf973,126e99697a40c1de301e9c85660e3cae,official,lightning_indexer,4096,256,512,0,0,bfloat16,int32,10,maca_c,pass,,,31.206,40.09,0.336017,336.017,10.486,100.0,100.0,
MetaX_C500,MetaX C500,104,b7202b1185e17ed9024ae08c0368b80b4eacf973,126e99697a40c1de301e9c85660e3cae,official,lightning_indexer,4096,256,512,0,0,bfloat16,int32,10,torch,pass,,"not applicable: the reference backend needs vocab_size >= topk, no window, no offset (tests/test.py's own guard)",,,,,,,,
MetaX_C500,MetaX C500,104,b7202b1185e17ed9024ae08c0368b80b4eacf973,126e99697a40c1de301e9c85660e3cae,official,lightning_indexer,4096,256,512,0,0,bfloat16,int32,10,deep_gemm,unsupported,UnsupportedByBackend,"backend 'deep_gemm' ranks float32 scores, and was given torch.bfloat16; 'maca_c' and 'torch' take bfloat16 as well",,,,,,,,
MetaX_C500,MetaX C500,104,b7202b1185e17ed9024ae08c0368b80b4eacf973,126e99697a40c1de301e9c85660e3cae,official,lightning_indexer,4096,1024,512,0,0,bfloat16,int32,10,maca_c,pass,,,206.694,209.971,0.081169,81.169,16.777,100.0,100.0,
MetaX_C500,MetaX C500,104,b7202b1185e17ed9024ae08c0368b80b4eacf973,126e99697a40c1de301e9c85660e3cae,official,lightning_indexer,4096,1024,512,0,0,bfloat16,int32,10,torch,pass,,,383.13,374.042,0.04379,43.79,,53.95,56.14,
MetaX_C500,MetaX C500,104,b7202b1185e17ed9024ae08c0368b80b4eacf973,126e99697a40c1de301e9c85660e3cae,official,lightning_indexer,4096,1024,512,0,0,bfloat16,int32,10,deep_gemm,unsupported,UnsupportedByBackend,"backend 'deep_gemm' ranks float32 scores, and was given torch.bfloat16; 'maca_c' and 'torch' take bfloat16 as well",,,,,,,,
MetaX_C500,MetaX C500,104,b7202b1185e17ed9024ae08c0368b80b4eacf973,126e99697a40c1de301e9c85660e3cae,official,lightning_indexer,4096,4096,512,0,0,bfloat16,int32,10,maca_c,pass,,,299.11,301.542,0.140226,140.226,41.943,100.0,100.0,
MetaX_C500,MetaX C500,104,b7202b1185e17ed9024ae08c0368b80b4eacf973,126e99697a40c1de301e9c85660e3cae,official,lightning_indexer,4096,4096,512,0,0,bfloat16,int32,10,torch,pass,,,706.97,698.061,0.059328,59.328,,42.31,43.2,
MetaX_C500,MetaX C500,104,b7202b1185e17ed9024ae08c0368b80b4eacf973,126e99697a40c1de301e9c85660e3cae,official,lightning_indexer,4096,4096,512,0,0,bfloat16,int32,10,deep_gemm,unsupported,UnsupportedByBackend,"backend 'deep_gemm' ranks float32 scores, and was given torch.bfloat16; 'maca_c' and 'torch' take bfloat16 as well",,,,,,,,
MetaX_C500,MetaX C500,104,b7202b1185e17ed9024ae08c0368b80b4eacf973,126e99697a40c1de301e9c85660e3cae,official,lightning_indexer,4096,16384,512,0,0,bfloat16,int32,10,maca_c,pass,,,564.608,566.195,0.252576,252.576,142.606,100.0,100.0,
MetaX_C500,MetaX C500,104,b7202b1185e17ed9024ae08c0368b80b4eacf973,126e99697a40c1de301e9c85660e3cae,official,lightning_indexer,4096,16384,512,0,0,bfloat16,int32,10,torch,pass,,,2010.982,2004.659,0.070914,70.914,,28.08,28.24,
MetaX_C500,MetaX C500,104,b7202b1185e17ed9024ae08c0368b80b4eacf973,126e99697a40c1de301e9c85660e3cae,official,lightning_indexer,4096,16384,512,0,0,bfloat16,int32,10,deep_gemm,unsupported,UnsupportedByBackend,"backend 'deep_gemm' ranks float32 scores, and was given torch.bfloat16; 'maca_c' and 'torch' take bfloat16 as well",,,,,,,,
MetaX_C500,MetaX C500,104,b7202b1185e17ed9024ae08c0368b80b4eacf973,126e99697a40c1de301e9c85660e3cae,official,lightning_indexer,4096,65536,512,0,0,bfloat16,int32,10,maca_c,pass,,,1911.757,1913.523,0.285214,285.214,545.26,100.0,100.0,
MetaX_C500,MetaX C500,104,b7202b1185e17ed9024ae08c0368b80b4eacf973,126e99697a40c1de301e9c85660e3cae,official,lightning_indexer,4096,65536,512,0,0,bfloat16,int32,10,torch,pass,,,7795.072,7798.144,0.069949,69.949,,24.53,24.54,
MetaX_C500,MetaX C500,104,b7202b1185e17ed9024ae08c0368b80b4eacf973,126e99697a40c1de301e9c85660e3cae,official,lightning_indexer,4096,65536,512,0,0,bfloat16,int32,10,deep_gemm,unsupported,UnsupportedByBackend,"backend 'deep_gemm' ranks float32 scores, and was given torch.bfloat16; 'maca_c' and 'torch' take bfloat16 as well",,,,,,,,
MetaX_C500,MetaX C500,104,b7202b1185e17ed9024ae08c0368b80b4eacf973,126e99697a40c1de301e9c85660e3cae,official,lightning_indexer,4096,131072,512,0,0,bfloat16,int32,10,maca_c,pass,,,3114.496,3115.699,0.34745,347.45,1082.13,100.0,100.0,
MetaX_C500,MetaX C500,104,b7202b1185e17ed9024ae08c0368b80b4eacf973,126e99697a40c1de301e9c85660e3cae,official,lightning_indexer,4096,131072,512,0,0,bfloat16,int32,10,torch,pass,,,15377.587,15392.665,0.070371,70.371,,20.25,20.24,
MetaX_C500,MetaX C500,104,b7202b1185e17ed9024ae08c0368b80b4eacf973,126e99697a40c1de301e9c85660e3cae,official,lightning_indexer,4096,131072,512,0,0,bfloat16,int32,10,deep_gemm,unsupported,UnsupportedByBackend,"backend 'deep_gemm' ranks float32 scores, and was given torch.bfloat16; 'maca_c' and 'torch' take bfloat16 as well",,,,,,,,
MetaX_C500,MetaX C500,104,b7202b1185e17ed9024ae08c0368b80b4eacf973,126e99697a40c1de301e9c85660e3cae,official,lightning_indexer,4096,262144,512,0,0,bfloat16,int32,10,maca_c,pass,,,5450.189,5466.726,0.395559,395.559,2155.872,100.0,100.0,
MetaX_C500,MetaX C500,104,b7202b1185e17ed9024ae08c0368b80b4eacf973,126e99697a40c1de301e9c85660e3cae,official,lightning_indexer,4096,262144,512,0,0,bfloat16,int32,10,torch,pass,,,29507.405,29539.456,0.073062,73.062,,18.47,18.51,
MetaX_C500,MetaX C500,104,b7202b1185e17ed9024ae08c0368b80b4eacf973,126e99697a40c1de301e9c85660e3cae,official,lightning_indexer,4096,262144,512,0,0,bfloat16,int32,10,deep_gemm,unsupported,UnsupportedByBackend,"backend 'deep_gemm' ranks float32 scores, and was given torch.bfloat16; 'maca_c' and 'torch' take bfloat16 as well",,,,,,,,
MetaX_C500,MetaX C500,104,b7202b1185e17ed9024ae08c0368b80b4eacf973,126e99697a40c1de301e9c85660e3cae,official,lightning_indexer,4096,524288,512,0,0,bfloat16,int32,10,maca_c,pass,,,10053.402,10069.581,0.42805,428.05,4303.356,100.0,100.0,
MetaX_C500,MetaX C500,104,b7202b1185e17ed9024ae08c0368b80b4eacf973,126e99697a40c1de301e9c85660e3cae,official,lightning_indexer,4096,524288,512,0,0,bfloat16,int32,10,torch,pass,,,57708.109,57748.248,0.074571,74.571,,17.42,17.44,
MetaX_C500,MetaX C500,104,b7202b1185e17ed9024ae08c0368b80b4eacf973,126e99697a40c1de301e9c85660e3cae,official,lightning_indexer,4096,524288,512,0,0,bfloat16,int32,10,deep_gemm,unsupported,UnsupportedByBackend,"backend 'deep_gemm' ranks float32 scores, and was given torch.bfloat16; 'maca_c' and 'torch' take bfloat16 as well",,,,,,,,
MetaX_C500,MetaX C500,104,b7202b1185e17ed9024ae08c0368b80b4eacf973,126e99697a40c1de301e9c85660e3cae,official,lightning_indexer,4096,1048576,512,0,0,bfloat16,int32,10,maca_c,pass,,,19274.189,19291.597,0.446106,446.106,8598.323,100.0,100.0,
MetaX_C500,MetaX C500,104,b7202b1185e17ed9024ae08c0368b80b4eacf973,126e99697a40c1de301e9c85660e3cae,official,lightning_indexer,4096,1048576,512,0,0,bfloat16,int32,10,torch,pass,,,111886.899,111961.755,0.076848,76.848,,17.23,17.23,
MetaX_C500,MetaX C500,104,b7202b1185e17ed9024ae08c0368b80b4eacf973,126e99697a40c1de301e9c85660e3cae,official,lightning_indexer,4096,1048576,512,0,0,bfloat16,int32,10,deep_gemm,unsupported,UnsupportedByBackend,"backend 'deep_gemm' ranks float32 scores, and was given torch.bfloat16; 'maca_c' and 'torch' take bfloat16 as well",,,,,,,,
MetaX_C500,MetaX C500,104,b7202b1185e17ed9024ae08c0368b80b4eacf973,126e99697a40c1de301e9c85660e3cae,official,lightning_indexer,6,256,1024,0,0,bfloat16,int32,10,maca_c,pass,,,3.558,37.914,0.007771,7.771,0.028,100.0,100.0,
MetaX_C500,MetaX C500,104,b7202b1185e17ed9024ae08c0368b80b4eacf973,126e99697a40c1de301e9c85660e3cae,official,lightning_indexer,6,256,1024,0,0,bfloat16,int32,10,torch,pass,,"not applicable: the reference backend needs vocab_size >= topk, no window, no offset (tests/test.py's own guard)",,,,,,,,
MetaX_C500,MetaX C500,104,b7202b1185e17ed9024ae08c0368b80b4eacf973,126e99697a40c1de301e9c85660e3cae,official,lightning_indexer,6,256,1024,0,0,bfloat16,int32,10,deep_gemm,unsupported,UnsupportedByBackend,"backend 'deep_gemm' ranks float32 scores, and was given torch.bfloat16; 'maca_c' and 'torch' take bfloat16 as well",,,,,,,,
MetaX_C500,MetaX C500,104,b7202b1185e17ed9024ae08c0368b80b4eacf973,126e99697a40c1de301e9c85660e3cae,official,lightning_indexer,6,1024,1024,0,0,bfloat16,int32,10,maca_c,pass,,,3.482,38.4,0.010587,10.587,0.037,100.0,100.0,
MetaX_C500,MetaX C500,104,b7202b1185e17ed9024ae08c0368b80b4eacf973,126e99697a40c1de301e9c85660e3cae,official,lightning_indexer,6,1024,1024,0,0,bfloat16,int32,10,torch,pass,,,25.011,25.19,0.001474,1.474,,13.92,152.44,
MetaX_C500,MetaX C500,104,b7202b1185e17ed9024ae08c0368b80b4eacf973,126e99697a40c1de301e9c85660e3cae,official,lightning_indexer,6,1024,1024,0,0,bfloat16,int32,10,deep_gemm,unsupported,UnsupportedByBackend,"backend 'deep_gemm' ranks float32 scores, and was given torch.bfloat16; 'maca_c' and 'torch' take bfloat16 as well",,,,,,,,
MetaX_C500,MetaX C500,104,b7202b1185e17ed9024ae08c0368b80b4eacf973,126e99697a40c1de301e9c85660e3cae,official,lightning_indexer,6,4096,1024,0,0,bfloat16,int32,10,maca_c,pass,,,17.971,42.189,0.004103,4.103,0.074,100.0,100.0,
MetaX_C500,MetaX C500,104,b7202b1185e17ed9024ae08c0368b80b4eacf973,126e99697a40c1de301e9c85660e3cae,official,lightning_indexer,6,4096,1024,0,0,bfloat16,int32,10,torch,pass,,,50.893,51.046,0.001449,1.449,,35.31,82.65,
MetaX_C500,MetaX C500,104,b7202b1185e17ed9024ae08c0368b80b4eacf973,126e99697a40c1de301e9c85660e3cae,official,lightning_indexer,6,4096,1024,0,0,bfloat16,int32,10,deep_gemm,unsupported,UnsupportedByBackend,"backend 'deep_gemm' ranks float32 scores, and was given torch.bfloat16; 'maca_c' and 'torch' take bfloat16 as well",,,,,,,,
MetaX_C500,MetaX C500,104,b7202b1185e17ed9024ae08c0368b80b4eacf973,126e99697a40c1de301e9c85660e3cae,official,lightning_indexer,6,16384,1024,0,0,bfloat16,int32,10,maca_c,pass,,,28.979,41.728,0.007633,7.633,0.221,100.0,100.0,
MetaX_C500,MetaX C500,104,b7202b1185e17ed9024ae08c0368b80b4eacf973,126e99697a40c1de301e9c85660e3cae,official,lightning_indexer,6,16384,1024,0,0,bfloat16,int32,10,torch,pass,,,144.307,143.821,0.001533,1.533,,20.08,29.01,
MetaX_C500,MetaX C500,104,b7202b1185e17ed9024ae08c0368b80b4eacf973,126e99697a40c1de301e9c85660e3cae,official,lightning_indexer,6,16384,1024,0,0,bfloat16,int32,10,deep_gemm,unsupported,UnsupportedByBackend,"backend 'deep_gemm' ranks float32 scores, and was given torch.bfloat16; 'maca_c' and 'torch' take bfloat16 as well",,,,,,,,
MetaX_C500,MetaX C500,104,b7202b1185e17ed9024ae08c0368b80b4eacf973,126e99697a40c1de301e9c85660e3cae,official,lightning_indexer,6,65536,1024,0,0,bfloat16,int32,10,maca_c,pass,,,53.299,55.962,0.015216,15.216,0.811,100.0,100.0,
MetaX_C500,MetaX C500,104,b7202b1185e17ed9024ae08c0368b80b4eacf973,126e99697a40c1de301e9c85660e3cae,official,lightning_indexer,6,65536,1024,0,0,bfloat16,int32,10,torch,pass,,,180.173,157.286,0.004501,4.501,,29.58,35.58,
MetaX_C500,MetaX C500,104,b7202b1185e17ed9024ae08c0368b80b4eacf973,126e99697a40c1de301e9c85660e3cae,official,lightning_indexer,6,65536,1024,0,0,bfloat16,int32,10,deep_gemm,unsupported,UnsupportedByBackend,"backend 'deep_gemm' ranks float32 scores, and was given torch.bfloat16; 'maca_c' and 'torch' take bfloat16 as well",,,,,,,,
MetaX_C500,MetaX C500,104,b7202b1185e17ed9024ae08c0368b80b4eacf973,126e99697a40c1de301e9c85660e3cae,official,lightning_indexer,6,131072,1024,0,0,bfloat16,int32,10,maca_c,pass,,,83.174,85.504,0.019206,19.206,1.597,100.0,100.0,
MetaX_C500,MetaX C500,104,b7202b1185e17ed9024ae08c0368b80b4eacf973,126e99697a40c1de301e9c85660e3cae,official,lightning_indexer,6,131072,1024,0,0,bfloat16,int32,10,torch,pass,,,223.744,200.218,0.00714,7.14,,37.17,42.71,
MetaX_C500,MetaX C500,104,b7202b1185e17ed9024ae08c0368b80b4eacf973,126e99697a40c1de301e9c85660e3cae,official,lightning_indexer,6,131072,1024,0,0,bfloat16,int32,10,deep_gemm,unsupported,UnsupportedByBackend,"backend 'deep_gemm' ranks float32 scores, and was given torch.bfloat16; 'maca_c' and 'torch' take bfloat16 as well",,,,,,,,
MetaX_C500,MetaX C500,104,b7202b1185e17ed9024ae08c0368b80b4eacf973,126e99697a40c1de301e9c85660e3cae,official,lightning_indexer,6,262144,1024,0,0,bfloat16,int32,10,maca_c,pass,,,97.971,131.686,0.03236,32.36,3.17,100.0,100.0,
MetaX_C500,MetaX C500,104,b7202b1185e17ed9024ae08c0368b80b4eacf973,126e99697a40c1de301e9c85660e3cae,official,lightning_indexer,6,262144,1024,0,0,bfloat16,int32,10,torch,pass,,,263.859,246.656,0.012015,12.015,,37.13,53.39,
MetaX_C500,MetaX C500,104,b7202b1185e17ed9024ae08c0368b80b4eacf973,126e99697a40c1de301e9c85660e3cae,official,lightning_indexer,6,262144,1024,0,0,bfloat16,int32,10,deep_gemm,unsupported,UnsupportedByBackend,"backend 'deep_gemm' ranks float32 scores, and was given torch.bfloat16; 'maca_c' and 'torch' take bfloat16 as well",,,,,,,,
MetaX_C500,MetaX C500,104,b7202b1185e17ed9024ae08c0368b80b4eacf973,126e99697a40c1de301e9c85660e3cae,official,lightning_indexer,6,524288,1024,0,0,bfloat16,int32,10,maca_c,pass,,,141.184,181.683,0.044736,44.736,6.316,100.0,100.0,
MetaX_C500,MetaX C500,104,b7202b1185e17ed9024ae08c0368b80b4eacf973,126e99697a40c1de301e9c85660e3cae,official,lightning_indexer,6,524288,1024,0,0,bfloat16,int32,10,torch,pass,,,300.339,280.986,0.02103,21.03,,47.01,64.66,
MetaX_C500,MetaX C500,104,b7202b1185e17ed9024ae08c0368b80b4eacf973,126e99697a40c1de301e9c85660e3cae,official,lightning_indexer,6,524288,1024,0,0,bfloat16,int32,10,deep_gemm,unsupported,UnsupportedByBackend,"backend 'deep_gemm' ranks float32 scores, and was given torch.bfloat16; 'maca_c' and 'torch' take bfloat16 as well",,,,,,,,
MetaX_C500,MetaX C500,104,b7202b1185e17ed9024ae08c0368b80b4eacf973,126e99697a40c1de301e9c85660e3cae,official,lightning_indexer,6,1048576,1024,0,0,bfloat16,int32,10,maca_c,pass,,,136.269,188.544,0.092519,92.519,12.607,100.0,100.0,
MetaX_C500,MetaX C500,104,b7202b1185e17ed9024ae08c0368b80b4eacf973,126e99697a40c1de301e9c85660e3cae,official,lightning_indexer,6,1048576,1024,0,0,bfloat16,int32,10,torch,pass,,,375.834,355.174,0.033545,33.545,,36.26,53.08,
MetaX_C500,MetaX C500,104,b7202b1185e17ed9024ae08c0368b80b4eacf973,126e99697a40c1de301e9c85660e3cae,official,lightning_indexer,6,1048576,1024,0,0,bfloat16,int32,10,deep_gemm,unsupported,UnsupportedByBackend,"backend 'deep_gemm' ranks float32 scores, and was given torch.bfloat16; 'maca_c' and 'torch' take bfloat16 as well",,,,,,,,
MetaX_C500,MetaX C500,104,b7202b1185e17ed9024ae08c0368b80b4eacf973,126e99697a40c1de301e9c85660e3cae,official,lightning_indexer,256,256,1024,0,0,bfloat16,int32,10,maca_c,pass,,,5.018,41.421,0.235083,235.083,1.18,100.0,100.0,
MetaX_C500,MetaX C500,104,b7202b1185e17ed9024ae08c0368b80b4eacf973,126e99697a40c1de301e9c85660e3cae,official,lightning_indexer,256,256,1024,0,0,bfloat16,int32,10,torch,pass,,"not applicable: the reference backend needs vocab_size >= topk, no window, no offset (tests/test.py's own guard)",,,,,,,,
MetaX_C500,MetaX C500,104,b7202b1185e17ed9024ae08c0368b80b4eacf973,126e99697a40c1de301e9c85660e3cae,official,lightning_indexer,256,256,1024,0,0,bfloat16,int32,10,deep_gemm,unsupported,UnsupportedByBackend,"backend 'deep_gemm' ranks float32 scores, and was given torch.bfloat16; 'maca_c' and 'torch' take bfloat16 as well",,,,,,,,
MetaX_C500,MetaX C500,104,b7202b1185e17ed9024ae08c0368b80b4eacf973,126e99697a40c1de301e9c85660e3cae,official,lightning_indexer,256,1024,1024,0,0,bfloat16,int32,10,maca_c,pass,,,5.12,39.398,0.3072,307.2,1.573,100.0,100.0,
MetaX_C500,MetaX C500,104,b7202b1185e17ed9024ae08c0368b80b4eacf973,126e99697a40c1de301e9c85660e3cae,official,lightning_indexer,256,1024,1024,0,0,bfloat16,int32,10,torch,pass,,,56.09,55.347,0.028042,28.042,,9.13,71.18,
MetaX_C500,MetaX C500,104,b7202b1185e17ed9024ae08c0368b80b4eacf973,126e99697a40c1de301e9c85660e3cae,official,lightning_indexer,256,1024,1024,0,0,bfloat16,int32,10,deep_gemm,unsupported,UnsupportedByBackend,"backend 'deep_gemm' ranks float32 scores, and was given torch.bfloat16; 'maca_c' and 'torch' take bfloat16 as well",,,,,,,,
MetaX_C500,MetaX C500,104,b7202b1185e17ed9024ae08c0368b80b4eacf973,126e99697a40c1de301e9c85660e3cae,official,lightning_indexer,256,4096,1024,0,0,bfloat16,int32,10,maca_c,pass,,,37.581,41.062,0.083705,83.705,3.146,100.0,100.0,
MetaX_C500,MetaX C500,104,b7202b1185e17ed9024ae08c0368b80b4eacf973,126e99697a40c1de301e9c85660e3cae,official,lightning_indexer,256,4096,1024,0,0,bfloat16,int32,10,torch,pass,,,216.474,198.195,0.014532,14.532,,17.36,20.72,
MetaX_C500,MetaX C500,104,b7202b1185e17ed9024ae08c0368b80b4eacf973,126e99697a40c1de301e9c85660e3cae,official,lightning_indexer,256,4096,1024,0,0,bfloat16,int32,10,deep_gemm,unsupported,UnsupportedByBackend,"backend 'deep_gemm' ranks float32 scores, and was given torch.bfloat16; 'maca_c' and 'torch' take bfloat16 as well",,,,,,,,
MetaX_C500,MetaX C500,104,b7202b1185e17ed9024ae08c0368b80b4eacf973,126e99697a40c1de301e9c85660e3cae,official,lightning_indexer,256,16384,1024,0,0,bfloat16,int32,10,maca_c,pass,,,61.312,60.288,0.153921,153.921,9.437,100.0,100.0,
MetaX_C500,MetaX C500,104,b7202b1185e17ed9024ae08c0368b80b4eacf973,126e99697a40c1de301e9c85660e3cae,official,lightning_indexer,256,16384,1024,0,0,bfloat16,int32,10,torch,pass,,,321.971,311.117,0.029311,29.311,,19.04,19.38,
MetaX_C500,MetaX C500,104,b7202b1185e17ed9024ae08c0368b80b4eacf973,126e99697a40c1de301e9c85660e3cae,official,lightning_indexer,256,16384,1024,0,0,bfloat16,int32,10,deep_gemm,unsupported,UnsupportedByBackend,"backend 'deep_gemm' ranks float32 scores, and was given torch.bfloat16; 'maca_c' and 'torch' take bfloat16 as well",,,,,,,,
MetaX_C500,MetaX C500,104,b7202b1185e17ed9024ae08c0368b80b4eacf973,126e99697a40c1de301e9c85660e3cae,official,lightning_indexer,256,65536,1024,0,0,bfloat16,int32,10,maca_c,pass,,,164.147,163.686,0.210805,210.805,34.603,100.0,100.0,
MetaX_C500,MetaX C500,104,b7202b1185e17ed9024ae08c0368b80b4eacf973,126e99697a40c1de301e9c85660e3cae,official,lightning_indexer,256,65536,1024,0,0,bfloat16,int32,10,torch,pass,,,721.638,714.445,0.047951,47.951,,22.75,22.91,
MetaX_C500,MetaX C500,104,b7202b1185e17ed9024ae08c0368b80b4eacf973,126e99697a40c1de301e9c85660e3cae,official,lightning_indexer,256,65536,1024,0,0,bfloat16,int32,10,deep_gemm,unsupported,UnsupportedByBackend,"backend 'deep_gemm' ranks float32 scores, and was given torch.bfloat16; 'maca_c' and 'torch' take bfloat16 as well",,,,,,,,
MetaX_C500,MetaX C500,104,b7202b1185e17ed9024ae08c0368b80b4eacf973,126e99697a40c1de301e9c85660e3cae,official,lightning_indexer,256,131072,1024,0,0,bfloat16,int32,10,maca_c,pass,,,262.886,262.963,0.259266,259.266,68.157,100.0,100.0,
MetaX_C500,MetaX C500,104,b7202b1185e17ed9024ae08c0368b80b4eacf973,126e99697a40c1de301e9c85660e3cae,official,lightning_indexer,256,131072,1024,0,0,bfloat16,int32,10,torch,pass,,,1216.768,1205.427,0.056015,56.015,,21.61,21.81,
MetaX_C500,MetaX C500,104,b7202b1185e17ed9024ae08c0368b80b4eacf973,126e99697a40c1de301e9c85660e3cae,official,lightning_indexer,256,131072,1024,0,0,bfloat16,int32,10,deep_gemm,unsupported,UnsupportedByBackend,"backend 'deep_gemm' ranks float32 scores, and was given torch.bfloat16; 'maca_c' and 'torch' take bfloat16 as well",,,,,,,,
MetaX_C500,MetaX C500,104,b7202b1185e17ed9024ae08c0368b80b4eacf973,126e99697a40c1de301e9c85660e3cae,official,lightning_indexer,256,262144,1024,0,0,bfloat16,int32,10,maca_c,pass,,,441.728,442.496,0.306221,306.221,135.266,100.0,100.0,
MetaX_C500,MetaX C500,104,b7202b1185e17ed9024ae08c0368b80b4eacf973,126e99697a40c1de301e9c85660e3cae,official,lightning_indexer,256,262144,1024,0,0,bfloat16,int32,10,torch,pass,,,2041.856,2037.376,0.066247,66.247,,21.63,21.72,
MetaX_C500,MetaX C500,104,b7202b1185e17ed9024ae08c0368b80b4eacf973,126e99697a40c1de301e9c85660e3cae,official,lightning_indexer,256,262144,1024,0,0,bfloat16,int32,10,deep_gemm,unsupported,UnsupportedByBackend,"backend 'deep_gemm' ranks float32 scores, and was given torch.bfloat16; 'maca_c' and 'torch' take bfloat16 as well",,,,,,,,
MetaX_C500,MetaX C500,104,b7202b1185e17ed9024ae08c0368b80b4eacf973,126e99697a40c1de301e9c85660e3cae,official,lightning_indexer,256,524288,1024,0,0,bfloat16,int32,10,maca_c,pass,,,785.562,786.944,0.343046,343.046,269.484,100.0,100.0,
MetaX_C500,MetaX C500,104,b7202b1185e17ed9024ae08c0368b80b4eacf973,126e99697a40c1de301e9c85660e3cae,official,lightning_indexer,256,524288,1024,0,0,bfloat16,int32,10,torch,pass,,,3679.283,3676.646,0.073244,73.244,,21.35,21.4,
MetaX_C500,MetaX C500,104,b7202b1185e17ed9024ae08c0368b80b4eacf973,126e99697a40c1de301e9c85660e3cae,official,lightning_indexer,256,524288,1024,0,0,bfloat16,int32,10,deep_gemm,unsupported,UnsupportedByBackend,"backend 'deep_gemm' ranks float32 scores, and was given torch.bfloat16; 'maca_c' and 'torch' take bfloat16 as well",,,,,,,,
MetaX_C500,MetaX C500,104,b7202b1185e17ed9024ae08c0368b80b4eacf973,126e99697a40c1de301e9c85660e3cae,official,lightning_indexer,256,1048576,1024,0,0,bfloat16,int32,10,maca_c,pass,,,1469.414,1473.613,0.366078,366.078,537.919,100.0,100.0,
MetaX_C500,MetaX C500,104,b7202b1185e17ed9024ae08c0368b80b4eacf973,126e99697a40c1de301e9c85660e3cae,official,lightning_indexer,256,1048576,1024,0,0,bfloat16,int32,10,torch,pass,,,6954.291,6953.011,0.077351,77.351,,21.13,21.19,
MetaX_C500,MetaX C500,104,b7202b1185e17ed9024ae08c0368b80b4eacf973,126e99697a40c1de301e9c85660e3cae,official,lightning_indexer,256,1048576,1024,0,0,bfloat16,int32,10,deep_gemm,unsupported,UnsupportedByBackend,"backend 'deep_gemm' ranks float32 scores, and was given torch.bfloat16; 'maca_c' and 'torch' take bfloat16 as well",,,,,,,,
MetaX_C500,MetaX C500,104,b7202b1185e17ed9024ae08c0368b80b4eacf973,126e99697a40c1de301e9c85660e3cae,official,lightning_indexer,512,256,1024,0,0,bfloat16,int32,10,maca_c,pass,,,7.731,38.861,0.305173,305.173,2.359,100.0,100.0,
MetaX_C500,MetaX C500,104,b7202b1185e17ed9024ae08c0368b80b4eacf973,126e99697a40c1de301e9c85660e3cae,official,lightning_indexer,512,256,1024,0,0,bfloat16,int32,10,torch,pass,,"not applicable: the reference backend needs vocab_size >= topk, no window, no offset (tests/test.py's own guard)",,,,,,,,
MetaX_C500,MetaX C500,104,b7202b1185e17ed9024ae08c0368b80b4eacf973,126e99697a40c1de301e9c85660e3cae,official,lightning_indexer,512,256,1024,0,0,bfloat16,int32,10,deep_gemm,unsupported,UnsupportedByBackend,"backend 'deep_gemm' ranks float32 scores, and was given torch.bfloat16; 'maca_c' and 'torch' take bfloat16 as well",,,,,,,,
MetaX_C500,MetaX C500,104,b7202b1185e17ed9024ae08c0368b80b4eacf973,126e99697a40c1de301e9c85660e3cae,official,lightning_indexer,512,1024,1024,0,0,bfloat16,int32,10,maca_c,pass,,,7.552,39.578,0.416542,416.542,3.146,100.0,100.0,
MetaX_C500,MetaX C500,104,b7202b1185e17ed9024ae08c0368b80b4eacf973,126e99697a40c1de301e9c85660e3cae,official,lightning_indexer,512,1024,1024,0,0,bfloat16,int32,10,torch,pass,,,86.886,87.629,0.036205,36.205,,8.69,45.17,
MetaX_C500,MetaX C500,104,b7202b1185e17ed9024ae08c0368b80b4eacf973,126e99697a40c1de301e9c85660e3cae,official,lightning_indexer,512,1024,1024,0,0,bfloat16,int32,10,deep_gemm,unsupported,UnsupportedByBackend,"backend 'deep_gemm' ranks float32 scores, and was given torch.bfloat16; 'maca_c' and 'torch' take bfloat16 as well",,,,,,,,
MetaX_C500,MetaX C500,104,b7202b1185e17ed9024ae08c0368b80b4eacf973,126e99697a40c1de301e9c85660e3cae,official,lightning_indexer,512,4096,1024,0,0,bfloat16,int32,10,maca_c,pass,,,52.992,51.635,0.118725,118.725,6.291,100.0,100.0,
MetaX_C500,MetaX C500,104,b7202b1185e17ed9024ae08c0368b80b4eacf973,126e99697a40c1de301e9c85660e3cae,official,lightning_indexer,512,4096,1024,0,0,bfloat16,int32,10,torch,pass,,,255.974,243.789,0.024578,24.578,,20.7,21.18,
MetaX_C500,MetaX C500,104,b7202b1185e17ed9024ae08c0368b80b4eacf973,126e99697a40c1de301e9c85660e3cae,official,lightning_indexer,512,4096,1024,0,0,bfloat16,int32,10,deep_gemm,unsupported,UnsupportedByBackend,"backend 'deep_gemm' ranks float32 scores, and was given torch.bfloat16; 'maca_c' and 'torch' take bfloat16 as well",,,,,,,,
MetaX_C500,MetaX C500,104,b7202b1185e17ed9024ae08c0368b80b4eacf973,126e99697a40c1de301e9c85660e3cae,official,lightning_indexer,512,16384,1024,0,0,bfloat16,int32,10,maca_c,pass,,,91.776,91.136,0.205657,205.657,18.874,100.0,100.0,
MetaX_C500,MetaX C500,104,b7202b1185e17ed9024ae08c0368b80b4eacf973,126e99697a40c1de301e9c85660e3cae,official,lightning_indexer,512,16384,1024,0,0,bfloat16,int32,10,torch,pass,,,471.322,455.68,0.040046,40.046,,19.47,20.0,
MetaX_C500,MetaX C500,104,b7202b1185e17ed9024ae08c0368b80b4eacf973,126e99697a40c1de301e9c85660e3cae,official,lightning_indexer,512,16384,1024,0,0,bfloat16,int32,10,deep_gemm,unsupported,UnsupportedByBackend,"backend 'deep_gemm' ranks float32 scores, and was given torch.bfloat16; 'maca_c' and 'torch' take bfloat16 as well",,,,,,,,
MetaX_C500,MetaX C500,104,b7202b1185e17ed9024ae08c0368b80b4eacf973,126e99697a40c1de301e9c85660e3cae,official,lightning_indexer,512,65536,1024,0,0,bfloat16,int32,10,maca_c,pass,,,272.307,272.41,0.254147,254.147,69.206,100.0,100.0,
MetaX_C500,MetaX C500,104,b7202b1185e17ed9024ae08c0368b80b4eacf973,126e99697a40c1de301e9c85660e3cae,official,lightning_indexer,512,65536,1024,0,0,bfloat16,int32,10,torch,pass,,,1225.421,1217.126,0.056475,56.475,,22.22,22.38,
MetaX_C500,MetaX C500,104,b7202b1185e17ed9024ae08c0368b80b4eacf973,126e99697a40c1de301e9c85660e3cae,official,lightning_indexer,512,65536,1024,0,0,bfloat16,int32,10,deep_gemm,unsupported,UnsupportedByBackend,"backend 'deep_gemm' ranks float32 scores, and was given torch.bfloat16; 'maca_c' and 'torch' take bfloat16 as well",,,,,,,,
MetaX_C500,MetaX C500,104,b7202b1185e17ed9024ae08c0368b80b4eacf973,126e99697a40c1de301e9c85660e3cae,official,lightning_indexer,512,131072,1024,0,0,bfloat16,int32,10,maca_c,pass,,,436.326,436.685,0.312415,312.415,136.315,100.0,100.0,
MetaX_C500,MetaX C500,104,b7202b1185e17ed9024ae08c0368b80b4eacf973,126e99697a40c1de301e9c85660e3cae,official,lightning_indexer,512,131072,1024,0,0,bfloat16,int32,10,torch,pass,,,2166.989,2166.912,0.062905,62.905,,20.14,20.15,
MetaX_C500,MetaX C500,104,b7202b1185e17ed9024ae08c0368b80b4eacf973,126e99697a40c1de301e9c85660e3cae,official,lightning_indexer,512,131072,1024,0,0,bfloat16,int32,10,deep_gemm,unsupported,UnsupportedByBackend,"backend 'deep_gemm' ranks float32 scores, and was given torch.bfloat16; 'maca_c' and 'torch' take bfloat16 as well",,,,,,,,
MetaX_C500,MetaX C500,104,b7202b1185e17ed9024ae08c0368b80b4eacf973,126e99697a40c1de301e9c85660e3cae,official,lightning_indexer,512,262144,1024,0,0,bfloat16,int32,10,maca_c,pass,,,737.69,738.509,0.366729,366.729,270.533,100.0,100.0,
MetaX_C500,MetaX C500,104,b7202b1185e17ed9024ae08c0368b80b4eacf973,126e99697a40c1de301e9c85660e3cae,official,lightning_indexer,512,262144,1024,0,0,bfloat16,int32,10,torch,pass,,,3857.92,3844.762,0.070124,70.124,,19.12,19.21,
MetaX_C500,MetaX C500,104,b7202b1185e17ed9024ae08c0368b80b4eacf973,126e99697a40c1de301e9c85660e3cae,official,lightning_indexer,512,262144,1024,0,0,bfloat16,int32,10,deep_gemm,unsupported,UnsupportedByBackend,"backend 'deep_gemm' ranks float32 scores, and was given torch.bfloat16; 'maca_c' and 'torch' take bfloat16 as well",,,,,,,,
MetaX_C500,MetaX C500,104,b7202b1185e17ed9024ae08c0368b80b4eacf973,126e99697a40c1de301e9c85660e3cae,official,lightning_indexer,512,524288,1024,0,0,bfloat16,int32,10,maca_c,pass,,,1317.274,1319.014,0.409154,409.154,538.968,100.0,100.0,
MetaX_C500,MetaX C500,104,b7202b1185e17ed9024ae08c0368b80b4eacf973,126e99697a40c1de301e9c85660e3cae,official,lightning_indexer,512,524288,1024,0,0,bfloat16,int32,10,torch,pass,,,7122.022,7120.691,0.075676,75.676,,18.5,18.52,
MetaX_C500,MetaX C500,104,b7202b1185e17ed9024ae08c0368b80b4eacf973,126e99697a40c1de301e9c85660e3cae,official,lightning_indexer,512,524288,1024,0,0,bfloat16,int32,10,deep_gemm,unsupported,UnsupportedByBackend,"backend 'deep_gemm' ranks float32 scores, and was given torch.bfloat16; 'maca_c' and 'torch' take bfloat16 as well",,,,,,,,
MetaX_C500,MetaX C500,104,b7202b1185e17ed9024ae08c0368b80b4eacf973,126e99697a40c1de301e9c85660e3cae,official,lightning_indexer,512,1048576,1024,0,0,bfloat16,int32,10,maca_c,pass,,,2469.043,2471.373,0.435731,435.731,1075.839,100.0,100.0,
MetaX_C500,MetaX C500,104,b7202b1185e17ed9024ae08c0368b80b4eacf973,126e99697a40c1de301e9c85660e3cae,official,lightning_indexer,512,1048576,1024,0,0,bfloat16,int32,10,torch,pass,,,13622.298,13623.987,0.078976,78.976,,18.13,18.14,
MetaX_C500,MetaX C500,104,b7202b1185e17ed9024ae08c0368b80b4eacf973,126e99697a40c1de301e9c85660e3cae,official,lightning_indexer,512,1048576,1024,0,0,bfloat16,int32,10,deep_gemm,unsupported,UnsupportedByBackend,"backend 'deep_gemm' ranks float32 scores, and was given torch.bfloat16; 'maca_c' and 'torch' take bfloat16 as well",,,,,,,,
MetaX_C500,MetaX C500,104,b7202b1185e17ed9024ae08c0368b80b4eacf973,126e99697a40c1de301e9c85660e3cae,official,lightning_indexer,768,256,1024,0,0,bfloat16,int32,10,maca_c,pass,,,8.422,38.81,0.420202,420.202,3.539,100.0,100.0,
MetaX_C500,MetaX C500,104,b7202b1185e17ed9024ae08c0368b80b4eacf973,126e99697a40c1de301e9c85660e3cae,official,lightning_indexer,768,256,1024,0,0,bfloat16,int32,10,torch,pass,,"not applicable: the reference backend needs vocab_size >= topk, no window, no offset (tests/test.py's own guard)",,,,,,,,
MetaX_C500,MetaX C500,104,b7202b1185e17ed9024ae08c0368b80b4eacf973,126e99697a40c1de301e9c85660e3cae,official,lightning_indexer,768,256,1024,0,0,bfloat16,int32,10,deep_gemm,unsupported,UnsupportedByBackend,"backend 'deep_gemm' ranks float32 scores, and was given torch.bfloat16; 'maca_c' and 'torch' take bfloat16 as well",,,,,,,,
MetaX_C500,MetaX C500,104,b7202b1185e17ed9024ae08c0368b80b4eacf973,126e99697a40c1de301e9c85660e3cae,official,lightning_indexer,768,1024,1024,0,0,bfloat16,int32,10,maca_c,pass,,,9.395,40.986,0.502245,502.245,4.719,100.0,100.0,
MetaX_C500,MetaX C500,104,b7202b1185e17ed9024ae08c0368b80b4eacf973,126e99697a40c1de301e9c85660e3cae,official,lightning_indexer,768,1024,1024,0,0,bfloat16,int32,10,torch,pass,,,117.376,117.76,0.040201,40.201,,8.0,34.8,
MetaX_C500,MetaX C500,104,b7202b1185e17ed9024ae08c0368b80b4eacf973,126e99697a40c1de301e9c85660e3cae,official,lightning_indexer,768,1024,1024,0,0,bfloat16,int32,10,deep_gemm,unsupported,UnsupportedByBackend,"backend 'deep_gemm' ranks float32 scores, and was given torch.bfloat16; 'maca_c' and 'torch' take bfloat16 as well",,,,,,,,
MetaX_C500,MetaX C500,104,b7202b1185e17ed9024ae08c0368b80b4eacf973,126e99697a40c1de301e9c85660e3cae,official,lightning_indexer,768,4096,1024,0,0,bfloat16,int32,10,maca_c,pass,,,69.965,70.886,0.134884,134.884,9.437,100.0,100.0,
MetaX_C500,MetaX C500,104,b7202b1185e17ed9024ae08c0368b80b4eacf973,126e99697a40c1de301e9c85660e3cae,official,lightning_indexer,768,4096,1024,0,0,bfloat16,int32,10,torch,pass,,,309.939,300.826,0.030449,30.449,,22.57,23.56,
MetaX_C500,MetaX C500,104,b7202b1185e17ed9024ae08c0368b80b4eacf973,126e99697a40c1de301e9c85660e3cae,official,lightning_indexer,768,4096,1024,0,0,bfloat16,int32,10,deep_gemm,unsupported,UnsupportedByBackend,"backend 'deep_gemm' ranks float32 scores, and was given torch.bfloat16; 'maca_c' and 'torch' take bfloat16 as well",,,,,,,,
MetaX_C500,MetaX C500,104,b7202b1185e17ed9024ae08c0368b80b4eacf973,126e99697a40c1de301e9c85660e3cae,official,lightning_indexer,768,16384,1024,0,0,bfloat16,int32,10,maca_c,pass,,,130.227,130.816,0.217402,217.402,28.312,100.0,100.0,
MetaX_C500,MetaX C500,104,b7202b1185e17ed9024ae08c0368b80b4eacf973,126e99697a40c1de301e9c85660e3cae,official,lightning_indexer,768,16384,1024,0,0,bfloat16,int32,10,torch,pass,,,678.349,669.107,0.041736,41.736,,19.2,19.55,
MetaX_C500,MetaX C500,104,b7202b1185e17ed9024ae08c0368b80b4eacf973,126e99697a40c1de301e9c85660e3cae,official,lightning_indexer,768,16384,1024,0,0,bfloat16,int32,10,deep_gemm,unsupported,UnsupportedByBackend,"backend 'deep_gemm' ranks float32 scores, and was given torch.bfloat16; 'maca_c' and 'torch' take bfloat16 as well",,,,,,,,
MetaX_C500,MetaX C500,104,b7202b1185e17ed9024ae08c0368b80b4eacf973,126e99697a40c1de301e9c85660e3cae,official,lightning_indexer,768,65536,1024,0,0,bfloat16,int32,10,maca_c,pass,,,424.627,424.627,0.244471,244.471,103.809,100.0,100.0,
MetaX_C500,MetaX C500,104,b7202b1185e17ed9024ae08c0368b80b4eacf973,126e99697a40c1de301e9c85660e3cae,official,lightning_indexer,768,65536,1024,0,0,bfloat16,int32,10,torch,pass,,,1701.274,1700.326,0.061018,61.018,,24.96,24.97,
MetaX_C500,MetaX C500,104,b7202b1185e17ed9024ae08c0368b80b4eacf973,126e99697a40c1de301e9c85660e3cae,official,lightning_indexer,768,65536,1024,0,0,bfloat16,int32,10,deep_gemm,unsupported,UnsupportedByBackend,"backend 'deep_gemm' ranks float32 scores, and was given torch.bfloat16; 'maca_c' and 'torch' take bfloat16 as well",,,,,,,,
MetaX_C500,MetaX C500,104,b7202b1185e17ed9024ae08c0368b80b4eacf973,126e99697a40c1de301e9c85660e3cae,official,lightning_indexer,768,131072,1024,0,0,bfloat16,int32,10,maca_c,pass,,,686.029,686.054,0.298052,298.052,204.472,100.0,100.0,
MetaX_C500,MetaX C500,104,b7202b1185e17ed9024ae08c0368b80b4eacf973,126e99697a40c1de301e9c85660e3cae,official,lightning_indexer,768,131072,1024,0,0,bfloat16,int32,10,torch,pass,,,3119.642,3115.494,0.065544,65.544,,21.99,22.02,
MetaX_C500,MetaX C500,104,b7202b1185e17ed9024ae08c0368b80b4eacf973,126e99697a40c1de301e9c85660e3cae,official,lightning_indexer,768,131072,1024,0,0,bfloat16,int32,10,deep_gemm,unsupported,UnsupportedByBackend,"backend 'deep_gemm' ranks float32 scores, and was given torch.bfloat16; 'maca_c' and 'torch' take bfloat16 as well",,,,,,,,
MetaX_C500,MetaX C500,104,b7202b1185e17ed9024ae08c0368b80b4eacf973,126e99697a40c1de301e9c85660e3cae,official,lightning_indexer,768,262144,1024,0,0,bfloat16,int32,10,maca_c,pass,,,1164.8,1164.211,0.348385,348.385,405.799,100.0,100.0,
MetaX_C500,MetaX C500,104,b7202b1185e17ed9024ae08c0368b80b4eacf973,126e99697a40c1de301e9c85660e3cae,official,lightning_indexer,768,262144,1024,0,0,bfloat16,int32,10,torch,pass,,,5606.886,5596.365,0.072375,72.375,,20.77,20.8,
MetaX_C500,MetaX C500,104,b7202b1185e17ed9024ae08c0368b80b4eacf973,126e99697a40c1de301e9c85660e3cae,official,lightning_indexer,768,262144,1024,0,0,bfloat16,int32,10,deep_gemm,unsupported,UnsupportedByBackend,"backend 'deep_gemm' ranks float32 scores, and was given torch.bfloat16; 'maca_c' and 'torch' take bfloat16 as well",,,,,,,,
MetaX_C500,MetaX C500,104,b7202b1185e17ed9024ae08c0368b80b4eacf973,126e99697a40c1de301e9c85660e3cae,official,lightning_indexer,768,524288,1024,0,0,bfloat16,int32,10,maca_c,pass,,,2087.373,2089.907,0.387306,387.306,808.452,100.0,100.0,
MetaX_C500,MetaX C500,104,b7202b1185e17ed9024ae08c0368b80b4eacf973,126e99697a40c1de301e9c85660e3cae,official,lightning_indexer,768,524288,1024,0,0,bfloat16,int32,10,torch,pass,,,10475.597,10482.125,0.077175,77.175,,19.93,19.94,
MetaX_C500,MetaX C500,104,b7202b1185e17ed9024ae08c0368b80b4eacf973,126e99697a40c1de301e9c85660e3cae,official,lightning_indexer,768,524288,1024,0,0,bfloat16,int32,10,deep_gemm,unsupported,UnsupportedByBackend,"backend 'deep_gemm' ranks float32 scores, and was given torch.bfloat16; 'maca_c' and 'torch' take bfloat16 as well",,,,,,,,
MetaX_C500,MetaX C500,104,b7202b1185e17ed9024ae08c0368b80b4eacf973,126e99697a40c1de301e9c85660e3cae,official,lightning_indexer,768,1048576,1024,0,0,bfloat16,int32,10,maca_c,pass,,,3923.789,3930.522,0.411276,411.276,1613.758,100.0,100.0,
MetaX_C500,MetaX C500,104,b7202b1185e17ed9024ae08c0368b80b4eacf973,126e99697a40c1de301e9c85660e3cae,official,lightning_indexer,768,1048576,1024,0,0,bfloat16,int32,10,torch,pass,,,20253.824,20276.991,0.079677,79.677,,19.37,19.38,
MetaX_C500,MetaX C500,104,b7202b1185e17ed9024ae08c0368b80b4eacf973,126e99697a40c1de301e9c85660e3cae,official,lightning_indexer,768,1048576,1024,0,0,bfloat16,int32,10,deep_gemm,unsupported,UnsupportedByBackend,"backend 'deep_gemm' ranks float32 scores, and was given torch.bfloat16; 'maca_c' and 'torch' take bfloat16 as well",,,,,,,,
MetaX_C500,MetaX C500,104,b7202b1185e17ed9024ae08c0368b80b4eacf973,126e99697a40c1de301e9c85660e3cae,official,lightning_indexer,4096,256,1024,0,0,bfloat16,int32,10,maca_c,pass,,,31.718,40.218,0.595068,595.068,18.874,100.0,100.0,
MetaX_C500,MetaX C500,104,b7202b1185e17ed9024ae08c0368b80b4eacf973,126e99697a40c1de301e9c85660e3cae,official,lightning_indexer,4096,256,1024,0,0,bfloat16,int32,10,torch,pass,,"not applicable: the reference backend needs vocab_size >= topk, no window, no offset (tests/test.py's own guard)",,,,,,,,
MetaX_C500,MetaX C500,104,b7202b1185e17ed9024ae08c0368b80b4eacf973,126e99697a40c1de301e9c85660e3cae,official,lightning_indexer,4096,256,1024,0,0,bfloat16,int32,10,deep_gemm,unsupported,UnsupportedByBackend,"backend 'deep_gemm' ranks float32 scores, and was given torch.bfloat16; 'maca_c' and 'torch' take bfloat16 as well",,,,,,,,
MetaX_C500,MetaX C500,104,b7202b1185e17ed9024ae08c0368b80b4eacf973,126e99697a40c1de301e9c85660e3cae,official,lightning_indexer,4096,1024,1024,0,0,bfloat16,int32,10,maca_c,pass,,,31.155,40.525,0.807762,807.762,25.166,100.0,100.0,
MetaX_C500,MetaX C500,104,b7202b1185e17ed9024ae08c0368b80b4eacf973,126e99697a40c1de301e9c85660e3cae,official,lightning_indexer,4096,1024,1024,0,0,bfloat16,int32,10,torch,pass,,,383.462,374.81,0.065628,65.628,,8.12,10.81,
MetaX_C500,MetaX C500,104,b7202b1185e17ed9024ae08c0368b80b4eacf973,126e99697a40c1de301e9c85660e3cae,official,lightning_indexer,4096,1024,1024,0,0,bfloat16,int32,10,deep_gemm,unsupported,UnsupportedByBackend,"backend 'deep_gemm' ranks float32 scores, and was given torch.bfloat16; 'maca_c' and 'torch' take bfloat16 as well",,,,,,,,
MetaX_C500,MetaX C500,104,b7202b1185e17ed9024ae08c0368b80b4eacf973,126e99697a40c1de301e9c85660e3cae,official,lightning_indexer,4096,4096,1024,0,0,bfloat16,int32,10,maca_c,pass,,,320.128,322.176,0.157224,157.224,50.332,100.0,100.0,
MetaX_C500,MetaX C500,104,b7202b1185e17ed9024ae08c0368b80b4eacf973,126e99697a40c1de301e9c85660e3cae,official,lightning_indexer,4096,4096,1024,0,0,bfloat16,int32,10,torch,pass,,,715.213,704.282,0.070373,70.373,,44.76,45.75,
MetaX_C500,MetaX C500,104,b7202b1185e17ed9024ae08c0368b80b4eacf973,126e99697a40c1de301e9c85660e3cae,official,lightning_indexer,4096,4096,1024,0,0,bfloat16,int32,10,deep_gemm,unsupported,UnsupportedByBackend,"backend 'deep_gemm' ranks float32 scores, and was given torch.bfloat16; 'maca_c' and 'torch' take bfloat16 as well",,,,,,,,
MetaX_C500,MetaX C500,104,b7202b1185e17ed9024ae08c0368b80b4eacf973,126e99697a40c1de301e9c85660e3cae,official,lightning_indexer,4096,16384,1024,0,0,bfloat16,int32,10,maca_c,pass,,,607.667,609.894,0.248483,248.483,150.995,100.0,100.0,
MetaX_C500,MetaX C500,104,b7202b1185e17ed9024ae08c0368b80b4eacf973,126e99697a40c1de301e9c85660e3cae,official,lightning_indexer,4096,16384,1024,0,0,bfloat16,int32,10,torch,pass,,,2022.81,2016.512,0.074646,74.646,,30.04,30.24,
MetaX_C500,MetaX C500,104,b7202b1185e17ed9024ae08c0368b80b4eacf973,126e99697a40c1de301e9c85660e3cae,official,lightning_indexer,4096,16384,1024,0,0,bfloat16,int32,10,deep_gemm,unsupported,UnsupportedByBackend,"backend 'deep_gemm' ranks float32 scores, and was given torch.bfloat16; 'maca_c' and 'torch' take bfloat16 as well",,,,,,,,
MetaX_C500,MetaX C500,104,b7202b1185e17ed9024ae08c0368b80b4eacf973,126e99697a40c1de301e9c85660e3cae,official,lightning_indexer,4096,65536,1024,0,0,bfloat16,int32,10,maca_c,pass,,,2093.03,2093.645,0.26452,264.52,553.648,100.0,100.0,
MetaX_C500,MetaX C500,104,b7202b1185e17ed9024ae08c0368b80b4eacf973,126e99697a40c1de301e9c85660e3cae,official,lightning_indexer,4096,65536,1024,0,0,bfloat16,int32,10,torch,pass,,,7890.304,7903.847,0.070168,70.168,,26.53,26.49,
MetaX_C500,MetaX C500,104,b7202b1185e17ed9024ae08c0368b80b4eacf973,126e99697a40c1de301e9c85660e3cae,official,lightning_indexer,4096,65536,1024,0,0,bfloat16,int32,10,deep_gemm,unsupported,UnsupportedByBackend,"backend 'deep_gemm' ranks float32 scores, and was given torch.bfloat16; 'maca_c' and 'torch' take bfloat16 as well",,,,,,,,
MetaX_C500,MetaX C500,104,b7202b1185e17ed9024ae08c0368b80b4eacf973,126e99697a40c1de301e9c85660e3cae,official,lightning_indexer,4096,131072,1024,0,0,bfloat16,int32,10,maca_c,pass,,,3393.306,3394.381,0.321374,321.374,1090.519,100.0,100.0,
MetaX_C500,MetaX C500,104,b7202b1185e17ed9024ae08c0368b80b4eacf973,126e99697a40c1de301e9c85660e3cae,official,lightning_indexer,4096,131072,1024,0,0,bfloat16,int32,10,torch,pass,,,15569.664,15585.587,0.070041,70.041,,21.79,21.78,
MetaX_C500,MetaX C500,104,b7202b1185e17ed9024ae08c0368b80b4eacf973,126e99697a40c1de301e9c85660e3cae,official,lightning_indexer,4096,131072,1024,0,0,bfloat16,int32,10,deep_gemm,unsupported,UnsupportedByBackend,"backend 'deep_gemm' ranks float32 scores, and was given torch.bfloat16; 'maca_c' and 'torch' take bfloat16 as well",,,,,,,,
MetaX_C500,MetaX C500,104,b7202b1185e17ed9024ae08c0368b80b4eacf973,126e99697a40c1de301e9c85660e3cae,official,lightning_indexer,4096,262144,1024,0,0,bfloat16,int32,10,maca_c,pass,,,5798.451,5815.475,0.373248,373.248,2164.261,100.0,100.0,
MetaX_C500,MetaX C500,104,b7202b1185e17ed9024ae08c0368b80b4eacf973,126e99697a40c1de301e9c85660e3cae,official,lightning_indexer,4096,262144,1024,0,0,bfloat16,int32,10,torch,pass,,,29708.109,29741.183,0.072851,72.851,,19.52,19.55,
MetaX_C500,MetaX C500,104,b7202b1185e17ed9024ae08c0368b80b4eacf973,126e99697a40c1de301e9c85660e3cae,official,lightning_indexer,4096,262144,1024,0,0,bfloat16,int32,10,deep_gemm,unsupported,UnsupportedByBackend,"backend 'deep_gemm' ranks float32 scores, and was given torch.bfloat16; 'maca_c' and 'torch' take bfloat16 as well",,,,,,,,
MetaX_C500,MetaX C500,104,b7202b1185e17ed9024ae08c0368b80b4eacf973,126e99697a40c1de301e9c85660e3cae,official,lightning_indexer,4096,524288,1024,0,0,bfloat16,int32,10,maca_c,pass,,,10441.626,10457.882,0.412938,412.938,4311.745,100.0,100.0,
MetaX_C500,MetaX C500,104,b7202b1185e17ed9024ae08c0368b80b4eacf973,126e99697a40c1de301e9c85660e3cae,official,lightning_indexer,4096,524288,1024,0,0,bfloat16,int32,10,torch,pass,,,58257.792,58309.784,0.074011,74.011,,17.92,17.94,
MetaX_C500,MetaX C500,104,b7202b1185e17ed9024ae08c0368b80b4eacf973,126e99697a40c1de301e9c85660e3cae,official,lightning_indexer,4096,524288,1024,0,0,bfloat16,int32,10,deep_gemm,unsupported,UnsupportedByBackend,"backend 'deep_gemm' ranks float32 scores, and was given torch.bfloat16; 'maca_c' and 'torch' take bfloat16 as well",,,,,,,,
MetaX_C500,MetaX C500,104,b7202b1185e17ed9024ae08c0368b80b4eacf973,126e99697a40c1de301e9c85660e3cae,official,lightning_indexer,4096,1048576,1024,0,0,bfloat16,int32,10,maca_c,pass,,,19659.341,19674.829,0.437792,437.792,8606.712,100.0,100.0,
MetaX_C500,MetaX C500,104,b7202b1185e17ed9024ae08c0368b80b4eacf973,126e99697a40c1de301e9c85660e3cae,official,lightning_indexer,4096,1048576,1024,0,0,bfloat16,int32,10,torch,pass,,,112120.397,112188.037,0.076763,76.763,,17.53,17.54,
MetaX_C500,MetaX C500,104,b7202b1185e17ed9024ae08c0368b80b4eacf973,126e99697a40c1de301e9c85660e3cae,official,lightning_indexer,4096,1048576,1024,0,0,bfloat16,int32,10,deep_gemm,unsupported,UnsupportedByBackend,"backend 'deep_gemm' ranks float32 scores, and was given torch.bfloat16; 'maca_c' and 'torch' take bfloat16 as well",,,,,,,,
MetaX_C500,MetaX C500,104,b7202b1185e17ed9024ae08c0368b80b4eacf973,126e99697a40c1de301e9c85660e3cae,official,lightning_indexer,1,131072,512,0,0,bfloat16,int32,10,maca_c,pass,,,76.058,77.466,0.003474,3.474,0.264,100.0,100.0,
MetaX_C500,MetaX C500,104,b7202b1185e17ed9024ae08c0368b80b4eacf973,126e99697a40c1de301e9c85660e3cae,official,lightning_indexer,1,131072,512,0,0,bfloat16,int32,10,torch,pass,,,170.854,148.07,0.001546,1.546,,44.52,52.32,
MetaX_C500,MetaX C500,104,b7202b1185e17ed9024ae08c0368b80b4eacf973,126e99697a40c1de301e9c85660e3cae,official,lightning_indexer,1,131072,512,0,0,bfloat16,int32,10,deep_gemm,unsupported,UnsupportedByBackend,"backend 'deep_gemm' ranks float32 scores, and was given torch.bfloat16; 'maca_c' and 'torch' take bfloat16 as well",,,,,,,,
MetaX_C500,MetaX C500,104,b7202b1185e17ed9024ae08c0368b80b4eacf973,126e99697a40c1de301e9c85660e3cae,official,lightning_indexer,1,262144,512,0,0,bfloat16,int32,10,maca_c,pass,,,82.125,106.726,0.006409,6.409,0.526,100.0,100.0,
MetaX_C500,MetaX C500,104,b7202b1185e17ed9024ae08c0368b80b4eacf973,126e99697a40c1de301e9c85660e3cae,official,lightning_indexer,1,262144,512,0,0,bfloat16,int32,10,torch,pass,,,188.851,166.349,0.002787,2.787,,43.49,64.16,
MetaX_C500,MetaX C500,104,b7202b1185e17ed9024ae08c0368b80b4eacf973,126e99697a40c1de301e9c85660e3cae,official,lightning_indexer,1,262144,512,0,0,bfloat16,int32,10,deep_gemm,unsupported,UnsupportedByBackend,"backend 'deep_gemm' ranks float32 scores, and was given torch.bfloat16; 'maca_c' and 'torch' take bfloat16 as well",,,,,,,,
MetaX_C500,MetaX C500,104,b7202b1185e17ed9024ae08c0368b80b4eacf973,126e99697a40c1de301e9c85660e3cae,official,lightning_indexer,1,1048576,512,0,0,bfloat16,int32,10,maca_c,pass,,,106.01,145.485,0.019802,19.802,2.099,100.0,100.0,
MetaX_C500,MetaX C500,104,b7202b1185e17ed9024ae08c0368b80b4eacf973,126e99697a40c1de301e9c85660e3cae,official,lightning_indexer,1,1048576,512,0,0,bfloat16,int32,10,torch,pass,,,296.934,274.714,0.00707,7.07,,35.7,52.96,
MetaX_C500,MetaX C500,104,b7202b1185e17ed9024ae08c0368b80b4eacf973,126e99697a40c1de301e9c85660e3cae,official,lightning_indexer,1,1048576,512,0,0,bfloat16,int32,10,deep_gemm,unsupported,UnsupportedByBackend,"backend 'deep_gemm' ranks float32 scores, and was given torch.bfloat16; 'maca_c' and 'torch' take bfloat16 as well",,,,,,,,
MetaX_C500,MetaX C500,104,b7202b1185e17ed9024ae08c0368b80b4eacf973,126e99697a40c1de301e9c85660e3cae,official,lightning_indexer,64,131072,512,0,0,bfloat16,int32,10,maca_c,pass,,,83.2,85.427,0.203225,203.225,16.908,100.0,100.0,
MetaX_C500,MetaX C500,104,b7202b1185e17ed9024ae08c0368b80b4eacf973,126e99697a40c1de301e9c85660e3cae,official,lightning_indexer,64,131072,512,0,0,bfloat16,int32,10,torch,pass,,,440.038,425.984,0.038425,38.425,,18.91,20.05,
MetaX_C500,MetaX C500,104,b7202b1185e17ed9024ae08c0368b80b4eacf973,126e99697a40c1de301e9c85660e3cae,official,lightning_indexer,64,131072,512,0,0,bfloat16,int32,10,deep_gemm,unsupported,UnsupportedByBackend,"backend 'deep_gemm' ranks float32 scores, and was given torch.bfloat16; 'maca_c' and 'torch' take bfloat16 as well",,,,,,,,
MetaX_C500,MetaX C500,104,b7202b1185e17ed9024ae08c0368b80b4eacf973,126e99697a40c1de301e9c85660e3cae,official,lightning_indexer,64,262144,512,0,0,bfloat16,int32,10,maca_c,pass,,,140.826,144.128,0.239199,239.199,33.686,100.0,100.0,
MetaX_C500,MetaX C500,104,b7202b1185e17ed9024ae08c0368b80b4eacf973,126e99697a40c1de301e9c85660e3cae,official,lightning_indexer,64,262144,512,0,0,bfloat16,int32,10,torch,pass,,,702.182,687.59,0.047973,47.973,,20.06,20.96,
MetaX_C500,MetaX C500,104,b7202b1185e17ed9024ae08c0368b80b4eacf973,126e99697a40c1de301e9c85660e3cae,official,lightning_indexer,64,262144,512,0,0,bfloat16,int32,10,deep_gemm,unsupported,UnsupportedByBackend,"backend 'deep_gemm' ranks float32 scores, and was given torch.bfloat16; 'maca_c' and 'torch' take bfloat16 as well",,,,,,,,
MetaX_C500,MetaX C500,104,b7202b1185e17ed9024ae08c0368b80b4eacf973,126e99697a40c1de301e9c85660e3cae,official,lightning_indexer,64,1048576,512,0,0,bfloat16,int32,10,maca_c,pass,,,482.176,484.48,0.27863,278.63,134.349,100.0,100.0,
MetaX_C500,MetaX C500,104,b7202b1185e17ed9024ae08c0368b80b4eacf973,126e99697a40c1de301e9c85660e3cae,official,lightning_indexer,64,1048576,512,0,0,bfloat16,int32,10,torch,pass,,,1978.496,1967.59,0.067905,67.905,,24.37,24.62,
MetaX_C500,MetaX C500,104,b7202b1185e17ed9024ae08c0368b80b4eacf973,126e99697a40c1de301e9c85660e3cae,official,lightning_indexer,64,1048576,512,0,0,bfloat16,int32,10,deep_gemm,unsupported,UnsupportedByBackend,"backend 'deep_gemm' ranks float32 scores, and was given torch.bfloat16; 'maca_c' and 'torch' take bfloat16 as well",,,,,,,,
MetaX_C500,MetaX C500,104,b7202b1185e17ed9024ae08c0368b80b4eacf973,126e99697a40c1de301e9c85660e3cae,official,lightning_indexer,128,131072,512,0,0,bfloat16,int32,10,maca_c,pass,,,159.846,159.821,0.211557,211.557,33.817,100.0,100.0,
MetaX_C500,MetaX C500,104,b7202b1185e17ed9024ae08c0368b80b4eacf973,126e99697a40c1de301e9c85660e3cae,official,lightning_indexer,128,131072,512,0,0,bfloat16,int32,10,torch,pass,,,700.262,688.051,0.048291,48.291,,22.83,23.23,
MetaX_C500,MetaX C500,104,b7202b1185e17ed9024ae08c0368b80b4eacf973,126e99697a40c1de301e9c85660e3cae,official,lightning_indexer,128,131072,512,0,0,bfloat16,int32,10,deep_gemm,unsupported,UnsupportedByBackend,"backend 'deep_gemm' ranks float32 scores, and was given torch.bfloat16; 'maca_c' and 'torch' take bfloat16 as well",,,,,,,,
MetaX_C500,MetaX C500,104,b7202b1185e17ed9024ae08c0368b80b4eacf973,126e99697a40c1de301e9c85660e3cae,official,lightning_indexer,128,262144,512,0,0,bfloat16,int32,10,maca_c,pass,,,273.792,275.584,0.246066,246.066,67.371,100.0,100.0,
MetaX_C500,MetaX C500,104,b7202b1185e17ed9024ae08c0368b80b4eacf973,126e99697a40c1de301e9c85660e3cae,official,lightning_indexer,128,262144,512,0,0,bfloat16,int32,10,torch,pass,,,1150.31,1141.376,0.058568,58.568,,23.8,24.14,
MetaX_C500,MetaX C500,104,b7202b1185e17ed9024ae08c0368b80b4eacf973,126e99697a40c1de301e9c85660e3cae,official,lightning_indexer,128,262144,512,0,0,bfloat16,int32,10,deep_gemm,unsupported,UnsupportedByBackend,"backend 'deep_gemm' ranks float32 scores, and was given torch.bfloat16; 'maca_c' and 'torch' take bfloat16 as well",,,,,,,,
MetaX_C500,MetaX C500,104,b7202b1185e17ed9024ae08c0368b80b4eacf973,126e99697a40c1de301e9c85660e3cae,official,lightning_indexer,128,1048576,512,0,0,bfloat16,int32,10,maca_c,pass,,,950.81,953.523,0.282599,282.599,268.698,100.0,100.0,
MetaX_C500,MetaX C500,104,b7202b1185e17ed9024ae08c0368b80b4eacf973,126e99697a40c1de301e9c85660e3cae,official,lightning_indexer,128,1048576,512,0,0,bfloat16,int32,10,torch,pass,,,3549.158,3547.75,0.075707,75.707,,26.79,26.88,
MetaX_C500,MetaX C500,104,b7202b1185e17ed9024ae08c0368b80b4eacf973,126e99697a40c1de301e9c85660e3cae,official,lightning_indexer,128,1048576,512,0,0,bfloat16,int32,10,deep_gemm,unsupported,UnsupportedByBackend,"backend 'deep_gemm' ranks float32 scores, and was given torch.bfloat16; 'maca_c' and 'torch' take bfloat16 as well",,,,,,,,
MetaX_C500,MetaX C500,104,b7202b1185e17ed9024ae08c0368b80b4eacf973,126e99697a40c1de301e9c85660e3cae,official,lightning_indexer,1,131072,1024,0,0,bfloat16,int32,10,maca_c,pass,,,83.891,85.197,0.003174,3.174,0.266,100.0,100.0,
MetaX_C500,MetaX C500,104,b7202b1185e17ed9024ae08c0368b80b4eacf973,126e99697a40c1de301e9c85660e3cae,official,lightning_indexer,1,131072,1024,0,0,bfloat16,int32,10,torch,pass,,,170.982,146.022,0.001557,1.557,,49.06,58.35,
MetaX_C500,MetaX C500,104,b7202b1185e17ed9024ae08c0368b80b4eacf973,126e99697a40c1de301e9c85660e3cae,official,lightning_indexer,1,131072,1024,0,0,bfloat16,int32,10,deep_gemm,unsupported,UnsupportedByBackend,"backend 'deep_gemm' ranks float32 scores, and was given torch.bfloat16; 'maca_c' and 'torch' take bfloat16 as well",,,,,,,,
MetaX_C500,MetaX C500,104,b7202b1185e17ed9024ae08c0368b80b4eacf973,126e99697a40c1de301e9c85660e3cae,official,lightning_indexer,1,262144,1024,0,0,bfloat16,int32,10,maca_c,pass,,,98.176,122.522,0.005382,5.382,0.528,100.0,100.0,
MetaX_C500,MetaX C500,104,b7202b1185e17ed9024ae08c0368b80b4eacf973,126e99697a40c1de301e9c85660e3cae,official,lightning_indexer,1,262144,1024,0,0,bfloat16,int32,10,torch,pass,,,187.469,164.608,0.002819,2.819,,52.37,74.43,
MetaX_C500,MetaX C500,104,b7202b1185e17ed9024ae08c0368b80b4eacf973,126e99697a40c1de301e9c85660e3cae,official,lightning_indexer,1,262144,1024,0,0,bfloat16,int32,10,deep_gemm,unsupported,UnsupportedByBackend,"backend 'deep_gemm' ranks float32 scores, and was given torch.bfloat16; 'maca_c' and 'torch' take bfloat16 as well",,,,,,,,
MetaX_C500,MetaX C500,104,b7202b1185e17ed9024ae08c0368b80b4eacf973,126e99697a40c1de301e9c85660e3cae,official,lightning_indexer,1,1048576,1024,0,0,bfloat16,int32,10,maca_c,pass,,,130.048,169.907,0.016157,16.157,2.101,100.0,100.0,
MetaX_C500,MetaX C500,104,b7202b1185e17ed9024ae08c0368b80b4eacf973,126e99697a40c1de301e9c85660e3cae,official,lightning_indexer,1,1048576,1024,0,0,bfloat16,int32,10,torch,pass,,,294.118,271.488,0.007144,7.144,,44.22,62.58,
MetaX_C500,MetaX C500,104,b7202b1185e17ed9024ae08c0368b80b4eacf973,126e99697a40c1de301e9c85660e3cae,official,lightning_indexer,1,1048576,1024,0,0,bfloat16,int32,10,deep_gemm,unsupported,UnsupportedByBackend,"backend 'deep_gemm' ranks float32 scores, and was given torch.bfloat16; 'maca_c' and 'torch' take bfloat16 as well",,,,,,,,
MetaX_C500,MetaX C500,104,b7202b1185e17ed9024ae08c0368b80b4eacf973,126e99697a40c1de301e9c85660e3cae,official,lightning_indexer,64,131072,1024,0,0,bfloat16,int32,10,maca_c,pass,,,90.291,92.493,0.188716,188.716,17.039,100.0,100.0,
MetaX_C500,MetaX C500,104,b7202b1185e17ed9024ae08c0368b80b4eacf973,126e99697a40c1de301e9c85660e3cae,official,lightning_indexer,64,131072,1024,0,0,bfloat16,int32,10,torch,pass,,,442.573,430.49,0.038501,38.501,,20.4,21.49,
MetaX_C500,MetaX C500,104,b7202b1185e17ed9024ae08c0368b80b4eacf973,126e99697a40c1de301e9c85660e3cae,official,lightning_indexer,64,131072,1024,0,0,bfloat16,int32,10,deep_gemm,unsupported,UnsupportedByBackend,"backend 'deep_gemm' ranks float32 scores, and was given torch.bfloat16; 'maca_c' and 'torch' take bfloat16 as well",,,,,,,,
MetaX_C500,MetaX C500,104,b7202b1185e17ed9024ae08c0368b80b4eacf973,126e99697a40c1de301e9c85660e3cae,official,lightning_indexer,64,262144,1024,0,0,bfloat16,int32,10,maca_c,pass,,,149.632,152.038,0.225998,225.998,33.817,100.0,100.0,
MetaX_C500,MetaX C500,104,b7202b1185e17ed9024ae08c0368b80b4eacf973,126e99697a40c1de301e9c85660e3cae,official,lightning_indexer,64,262144,1024,0,0,bfloat16,int32,10,torch,pass,,,724.838,710.861,0.046654,46.654,,20.64,21.39,
MetaX_C500,MetaX C500,104,b7202b1185e17ed9024ae08c0368b80b4eacf973,126e99697a40c1de301e9c85660e3cae,official,lightning_indexer,64,262144,1024,0,0,bfloat16,int32,10,deep_gemm,unsupported,UnsupportedByBackend,"backend 'deep_gemm' ranks float32 scores, and was given torch.bfloat16; 'maca_c' and 'torch' take bfloat16 as well",,,,,,,,
MetaX_C500,MetaX C500,104,b7202b1185e17ed9024ae08c0368b80b4eacf973,126e99697a40c1de301e9c85660e3cae,official,lightning_indexer,64,1048576,1024,0,0,bfloat16,int32,10,maca_c,pass,,,491.443,494.029,0.273643,273.643,134.48,100.0,100.0,
MetaX_C500,MetaX C500,104,b7202b1185e17ed9024ae08c0368b80b4eacf973,126e99697a40c1de301e9c85660e3cae,official,lightning_indexer,64,1048576,1024,0,0,bfloat16,int32,10,torch,pass,,,1976.55,1967.002,0.068038,68.038,,24.86,25.12,
MetaX_C500,MetaX C500,104,b7202b1185e17ed9024ae08c0368b80b4eacf973,126e99697a40c1de301e9c85660e3cae,official,lightning_indexer,64,1048576,1024,0,0,bfloat16,int32,10,deep_gemm,unsupported,UnsupportedByBackend,"backend 'deep_gemm' ranks float32 scores, and was given torch.bfloat16; 'maca_c' and 'torch' take bfloat16 as well",,,,,,,,
MetaX_C500,MetaX C500,104,b7202b1185e17ed9024ae08c0368b80b4eacf973,126e99697a40c1de301e9c85660e3cae,official,lightning_indexer,128,131072,1024,0,0,bfloat16,int32,10,maca_c,pass,,,174.566,174.208,0.19522,195.22,34.079,100.0,100.0,
MetaX_C500,MetaX C500,104,b7202b1185e17ed9024ae08c0368b80b4eacf973,126e99697a40c1de301e9c85660e3cae,official,lightning_indexer,128,131072,1024,0,0,bfloat16,int32,10,torch,pass,,,713.37,704.819,0.047771,47.771,,24.47,24.72,
MetaX_C500,MetaX C500,104,b7202b1185e17ed9024ae08c0368b80b4eacf973,126e99697a40c1de301e9c85660e3cae,official,lightning_indexer,128,131072,1024,0,0,bfloat16,int32,10,deep_gemm,unsupported,UnsupportedByBackend,"backend 'deep_gemm' ranks float32 scores, and was given torch.bfloat16; 'maca_c' and 'torch' take bfloat16 as well",,,,,,,,
MetaX_C500,MetaX C500,104,b7202b1185e17ed9024ae08c0368b80b4eacf973,126e99697a40c1de301e9c85660e3cae,official,lightning_indexer,128,262144,1024,0,0,bfloat16,int32,10,maca_c,pass,,,293.709,293.683,0.230273,230.273,67.633,100.0,100.0,
MetaX_C500,MetaX C500,104,b7202b1185e17ed9024ae08c0368b80b4eacf973,126e99697a40c1de301e9c85660e3cae,official,lightning_indexer,128,262144,1024,0,0,bfloat16,int32,10,torch,pass,,,1146.342,1137.946,0.058999,58.999,,25.62,25.81,
MetaX_C500,MetaX C500,104,b7202b1185e17ed9024ae08c0368b80b4eacf973,126e99697a40c1de301e9c85660e3cae,official,lightning_indexer,128,262144,1024,0,0,bfloat16,int32,10,deep_gemm,unsupported,UnsupportedByBackend,"backend 'deep_gemm' ranks float32 scores, and was given torch.bfloat16; 'maca_c' and 'torch' take bfloat16 as well",,,,,,,,
MetaX_C500,MetaX C500,104,b7202b1185e17ed9024ae08c0368b80b4eacf973,126e99697a40c1de301e9c85660e3cae,official,lightning_indexer,128,1048576,1024,0,0,bfloat16,int32,10,maca_c,pass,,,970.906,973.773,0.277019,277.019,268.96,100.0,100.0,
MetaX_C500,MetaX C500,104,b7202b1185e17ed9024ae08c0368b80b4eacf973,126e99697a40c1de301e9c85660e3cae,official,lightning_indexer,128,1048576,1024,0,0,bfloat16,int32,10,torch,pass,,,3614.899,3610.24,0.074403,74.403,,26.86,26.97,
MetaX_C500,MetaX C500,104,b7202b1185e17ed9024ae08c0368b80b4eacf973,126e99697a40c1de301e9c85660e3cae,official,lightning_indexer,128,1048576,1024,0,0,bfloat16,int32,10,deep_gemm,unsupported,UnsupportedByBackend,"backend 'deep_gemm' ranks float32 scores, and was given torch.bfloat16; 'maca_c' and 'torch' take bfloat16 as well",,,,,,,,
MetaX_C500,MetaX C500,104,b7202b1185e17ed9024ae08c0368b80b4eacf973,126e99697a40c1de301e9c85660e3cae,official,lightning_indexer,1,131072,2048,0,0,bfloat16,int32,10,maca_c,pass,,,126.515,126.003,0.002137,2.137,0.27,100.0,100.0,
MetaX_C500,MetaX C500,104,b7202b1185e17ed9024ae08c0368b80b4eacf973,126e99697a40c1de301e9c85660e3cae,official,lightning_indexer,1,131072,2048,0,0,bfloat16,int32,10,torch,pass,,,172.544,148.557,0.001567,1.567,,73.32,84.82,
MetaX_C500,MetaX C500,104,b7202b1185e17ed9024ae08c0368b80b4eacf973,126e99697a40c1de301e9c85660e3cae,official,lightning_indexer,1,131072,2048,0,0,bfloat16,int32,10,deep_gemm,unsupported,UnsupportedByBackend,"backend 'deep_gemm' ranks float32 scores, and was given torch.bfloat16; 'maca_c' and 'torch' take bfloat16 as well",,,,,,,,
MetaX_C500,MetaX C500,104,b7202b1185e17ed9024ae08c0368b80b4eacf973,126e99697a40c1de301e9c85660e3cae,official,lightning_indexer,1,262144,2048,0,0,bfloat16,int32,10,maca_c,pass,,,215.987,212.147,0.002465,2.465,0.532,100.0,100.0,
MetaX_C500,MetaX C500,104,b7202b1185e17ed9024ae08c0368b80b4eacf973,126e99697a40c1de301e9c85660e3cae,official,lightning_indexer,1,262144,2048,0,0,bfloat16,int32,10,torch,pass,,,188.39,164.48,0.002826,2.826,,114.65,128.98,
MetaX_C500,MetaX C500,104,b7202b1185e17ed9024ae08c0368b80b4eacf973,126e99697a40c1de301e9c85660e3cae,official,lightning_indexer,1,262144,2048,0,0,bfloat16,int32,10,deep_gemm,unsupported,UnsupportedByBackend,"backend 'deep_gemm' ranks float32 scores, and was given torch.bfloat16; 'maca_c' and 'torch' take bfloat16 as well",,,,,,,,
MetaX_C500,MetaX C500,104,b7202b1185e17ed9024ae08c0368b80b4eacf973,126e99697a40c1de301e9c85660e3cae,official,lightning_indexer,1,1048576,2048,0,0,bfloat16,int32,10,maca_c,pass,,,704.794,670.31,0.002987,2.987,2.105,100.0,100.0,
MetaX_C500,MetaX C500,104,b7202b1185e17ed9024ae08c0368b80b4eacf973,126e99697a40c1de301e9c85660e3cae,official,lightning_indexer,1,1048576,2048,0,0,bfloat16,int32,10,torch,pass,,,295.45,272.102,0.007126,7.126,,238.55,246.35,
MetaX_C500,MetaX C500,104,b7202b1185e17ed9024ae08c0368b80b4eacf973,126e99697a40c1de301e9c85660e3cae,official,lightning_indexer,1,1048576,2048,0,0,bfloat16,int32,10,deep_gemm,unsupported,UnsupportedByBackend,"backend 'deep_gemm' ranks float32 scores, and was given torch.bfloat16; 'maca_c' and 'torch' take bfloat16 as well",,,,,,,,
MetaX_C500,MetaX C500,104,b7202b1185e17ed9024ae08c0368b80b4eacf973,126e99697a40c1de301e9c85660e3cae,official,lightning_indexer,64,131072,2048,0,0,bfloat16,int32,10,maca_c,pass,,,141.952,143.334,0.121883,121.883,17.302,100.0,100.0,
MetaX_C500,MetaX C500,104,b7202b1185e17ed9024ae08c0368b80b4eacf973,126e99697a40c1de301e9c85660e3cae,official,lightning_indexer,64,131072,2048,0,0,bfloat16,int32,10,torch,pass,,,447.667,435.149,0.038648,38.648,,31.71,32.94,
MetaX_C500,MetaX C500,104,b7202b1185e17ed9024ae08c0368b80b4eacf973,126e99697a40c1de301e9c85660e3cae,official,lightning_indexer,64,131072,2048,0,0,bfloat16,int32,10,deep_gemm,unsupported,UnsupportedByBackend,"backend 'deep_gemm' ranks float32 scores, and was given torch.bfloat16; 'maca_c' and 'torch' take bfloat16 as well",,,,,,,,
MetaX_C500,MetaX C500,104,b7202b1185e17ed9024ae08c0368b80b4eacf973,126e99697a40c1de301e9c85660e3cae,official,lightning_indexer,64,262144,2048,0,0,bfloat16,int32,10,maca_c,pass,,,240.154,242.074,0.141904,141.904,34.079,100.0,100.0,
MetaX_C500,MetaX C500,104,b7202b1185e17ed9024ae08c0368b80b4eacf973,126e99697a40c1de301e9c85660e3cae,official,lightning_indexer,64,262144,2048,0,0,bfloat16,int32,10,torch,pass,,,724.992,714.291,0.047006,47.006,,33.13,33.89,
MetaX_C500,MetaX C500,104,b7202b1185e17ed9024ae08c0368b80b4eacf973,126e99697a40c1de301e9c85660e3cae,official,lightning_indexer,64,262144,2048,0,0,bfloat16,int32,10,deep_gemm,unsupported,UnsupportedByBackend,"backend 'deep_gemm' ranks float32 scores, and was given torch.bfloat16; 'maca_c' and 'torch' take bfloat16 as well",,,,,,,,
MetaX_C500,MetaX C500,104,b7202b1185e17ed9024ae08c0368b80b4eacf973,126e99697a40c1de301e9c85660e3cae,official,lightning_indexer,64,1048576,2048,0,0,bfloat16,int32,10,maca_c,pass,,,776.73,780.339,0.173473,173.473,134.742,100.0,100.0,
MetaX_C500,MetaX C500,104,b7202b1185e17ed9024ae08c0368b80b4eacf973,126e99697a40c1de301e9c85660e3cae,official,lightning_indexer,64,1048576,2048,0,0,bfloat16,int32,10,torch,pass,,,1984.307,1974.349,0.067904,67.904,,39.14,39.52,
MetaX_C500,MetaX C500,104,b7202b1185e17ed9024ae08c0368b80b4eacf973,126e99697a40c1de301e9c85660e3cae,official,lightning_indexer,64,1048576,2048,0,0,bfloat16,int32,10,deep_gemm,unsupported,UnsupportedByBackend,"backend 'deep_gemm' ranks float32 scores, and was given torch.bfloat16; 'maca_c' and 'torch' take bfloat16 as well",,,,,,,,
MetaX_C500,MetaX C500,104,b7202b1185e17ed9024ae08c0368b80b4eacf973,126e99697a40c1de301e9c85660e3cae,official,lightning_indexer,128,131072,2048,0,0,bfloat16,int32,10,maca_c,pass,,,179.917,181.683,0.192328,192.328,34.603,100.0,100.0,
MetaX_C500,MetaX C500,104,b7202b1185e17ed9024ae08c0368b80b4eacf973,126e99697a40c1de301e9c85660e3cae,official,lightning_indexer,128,131072,2048,0,0,bfloat16,int32,10,torch,pass,,,729.011,718.003,0.047466,47.466,,24.68,25.3,
MetaX_C500,MetaX C500,104,b7202b1185e17ed9024ae08c0368b80b4eacf973,126e99697a40c1de301e9c85660e3cae,official,lightning_indexer,128,131072,2048,0,0,bfloat16,int32,10,deep_gemm,unsupported,UnsupportedByBackend,"backend 'deep_gemm' ranks float32 scores, and was given torch.bfloat16; 'maca_c' and 'torch' take bfloat16 as well",,,,,,,,
MetaX_C500,MetaX C500,104,b7202b1185e17ed9024ae08c0368b80b4eacf973,126e99697a40c1de301e9c85660e3cae,official,lightning_indexer,128,262144,2048,0,0,bfloat16,int32,10,maca_c,pass,,,308.096,309.734,0.221221,221.221,68.157,100.0,100.0,
MetaX_C500,MetaX C500,104,b7202b1185e17ed9024ae08c0368b80b4eacf973,126e99697a40c1de301e9c85660e3cae,official,lightning_indexer,128,262144,2048,0,0,bfloat16,int32,10,torch,pass,,,1163.494,1151.437,0.05858,58.58,,26.48,26.9,
MetaX_C500,MetaX C500,104,b7202b1185e17ed9024ae08c0368b80b4eacf973,126e99697a40c1de301e9c85660e3cae,official,lightning_indexer,128,262144,2048,0,0,bfloat16,int32,10,deep_gemm,unsupported,UnsupportedByBackend,"backend 'deep_gemm' ranks float32 scores, and was given torch.bfloat16; 'maca_c' and 'torch' take bfloat16 as well",,,,,,,,
MetaX_C500,MetaX C500,104,b7202b1185e17ed9024ae08c0368b80b4eacf973,126e99697a40c1de301e9c85660e3cae,official,lightning_indexer,128,1048576,2048,0,0,bfloat16,int32,10,maca_c,pass,,,1012.736,1017.088,0.266095,266.095,269.484,100.0,100.0,
MetaX_C500,MetaX C500,104,b7202b1185e17ed9024ae08c0368b80b4eacf973,126e99697a40c1de301e9c85660e3cae,official,lightning_indexer,128,1048576,2048,0,0,bfloat16,int32,10,torch,pass,,,3637.837,3632.128,0.074078,74.078,,27.84,28.0,
MetaX_C500,MetaX C500,104,b7202b1185e17ed9024ae08c0368b80b4eacf973,126e99697a40c1de301e9c85660e3cae,official,lightning_indexer,128,1048576,2048,0,0,bfloat16,int32,10,deep_gemm,unsupported,UnsupportedByBackend,"backend 'deep_gemm' ranks float32 scores, and was given torch.bfloat16; 'maca_c' and 'torch' take bfloat16 as well",,,,,,,,
MetaX_C500,MetaX C500,104,b7202b1185e17ed9024ae08c0368b80b4eacf973,126e99697a40c1de301e9c85660e3cae,official,sampler,6,129280,512,1,1,float32,int64,10,maca_c,pass,,,98.688,111.232,0.031813,31.813,3.14,100.0,100.0,
MetaX_C500,MetaX C500,104,b7202b1185e17ed9024ae08c0368b80b4eacf973,126e99697a40c1de301e9c85660e3cae,official,sampler,6,129280,512,1,1,float32,int64,10,torch,pass,,,353.536,356.275,0.008881,8.881,,27.91,31.22,
MetaX_C500,MetaX C500,104,b7202b1185e17ed9024ae08c0368b80b4eacf973,126e99697a40c1de301e9c85660e3cae,official,sampler,6,129280,512,1,1,float32,int64,10,deep_gemm,unsupported,UnsupportedByBackend,backend 'deep_gemm' returns an unordered selection; `sorted_value`/`sorted_index` need backend 'maca_c',,,,,,,,
MetaX_C500,MetaX C500,104,b7202b1185e17ed9024ae08c0368b80b4eacf973,126e99697a40c1de301e9c85660e3cae,official,sampler,256,129280,512,1,1,float32,int64,10,maca_c,pass,,,287.872,305.894,0.46533,465.33,133.956,100.0,100.0,
MetaX_C500,MetaX C500,104,b7202b1185e17ed9024ae08c0368b80b4eacf973,126e99697a40c1de301e9c85660e3cae,official,sampler,256,129280,512,1,1,float32,int64,10,torch,pass,,,1601.306,1627.469,0.083654,83.654,,17.98,18.8,
MetaX_C500,MetaX C500,104,b7202b1185e17ed9024ae08c0368b80b4eacf973,126e99697a40c1de301e9c85660e3cae,official,sampler,256,129280,512,1,1,float32,int64,10,deep_gemm,unsupported,UnsupportedByBackend,backend 'deep_gemm' returns an unordered selection; `sorted_value`/`sorted_index` need backend 'maca_c',,,,,,,,
MetaX_C500,MetaX C500,104,b7202b1185e17ed9024ae08c0368b80b4eacf973,126e99697a40c1de301e9c85660e3cae,official,sampler,512,129280,512,1,1,float32,int64,10,maca_c,pass,,,499.302,512.282,0.536571,536.571,267.911,100.0,100.0,
MetaX_C500,MetaX C500,104,b7202b1185e17ed9024ae08c0368b80b4eacf973,126e99697a40c1de301e9c85660e3cae,official,sampler,512,129280,512,1,1,float32,int64,10,torch,pass,,,2799.488,2852.89,0.0957,95.7,,17.84,17.96,
MetaX_C500,MetaX C500,104,b7202b1185e17ed9024ae08c0368b80b4eacf973,126e99697a40c1de301e9c85660e3cae,official,sampler,512,129280,512,1,1,float32,int64,10,deep_gemm,unsupported,UnsupportedByBackend,backend 'deep_gemm' returns an unordered selection; `sorted_value`/`sorted_index` need backend 'maca_c',,,,,,,,
MetaX_C500,MetaX C500,104,b7202b1185e17ed9024ae08c0368b80b4eacf973,126e99697a40c1de301e9c85660e3cae,official,sampler,768,129280,512,1,1,float32,int64,10,maca_c,pass,,,745.677,752.589,0.538929,538.929,401.867,100.0,100.0,
MetaX_C500,MetaX C500,104,b7202b1185e17ed9024ae08c0368b80b4eacf973,126e99697a40c1de301e9c85660e3cae,official,sampler,768,129280,512,1,1,float32,int64,10,torch,pass,,,4057.754,4130.074,0.099037,99.037,,18.38,18.22,
MetaX_C500,MetaX C500,104,b7202b1185e17ed9024ae08c0368b80b4eacf973,126e99697a40c1de301e9c85660e3cae,official,sampler,768,129280,512,1,1,float32,int64,10,deep_gemm,unsupported,UnsupportedByBackend,backend 'deep_gemm' returns an unordered selection; `sorted_value`/`sorted_index` need backend 'maca_c',,,,,,,,
MetaX_C500,MetaX C500,104,b7202b1185e17ed9024ae08c0368b80b4eacf973,126e99697a40c1de301e9c85660e3cae,official,sampler,4096,129280,512,1,1,float32,int64,10,maca_c,pass,,,4252.544,4268.621,0.504002,504.002,2143.289,100.0,100.0,
MetaX_C500,MetaX C500,104,b7202b1185e17ed9024ae08c0368b80b4eacf973,126e99697a40c1de301e9c85660e3cae,official,sampler,4096,129280,512,1,1,float32,int64,10,torch,pass,,,20175.283,20545.587,0.106233,106.233,,21.08,20.78,
MetaX_C500,MetaX C500,104,b7202b1185e17ed9024ae08c0368b80b4eacf973,126e99697a40c1de301e9c85660e3cae,official,sampler,4096,129280,512,1,1,float32,int64,10,deep_gemm,unsupported,UnsupportedByBackend,backend 'deep_gemm' returns an unordered selection; `sorted_value`/`sorted_index` need backend 'maca_c',,,,,,,,
MetaX_C500,MetaX C500,104,b7202b1185e17ed9024ae08c0368b80b4eacf973,126e99697a40c1de301e9c85660e3cae,deep_gemm_axes,lightning_indexer,1,66551,2048,0,0,float32,int32,10,maca_c,pass,,,66.278,69.965,0.00414,4.14,0.274,100.0,100.0,
MetaX_C500,MetaX C500,104,b7202b1185e17ed9024ae08c0368b80b4eacf973,126e99697a40c1de301e9c85660e3cae,deep_gemm_axes,lightning_indexer,1,66551,2048,0,0,float32,int32,10,torch,pass,,,225.51,188.467,0.001217,1.217,,29.39,37.12,
MetaX_C500,MetaX C500,104,b7202b1185e17ed9024ae08c0368b80b4eacf973,126e99697a40c1de301e9c85660e3cae,deep_gemm_axes,lightning_indexer,1,66551,2048,0,0,float32,int32,10,deep_gemm,pass,,,53.299,344.832,0.005148,5.148,0.274,124.35,20.29,
MetaX_C500,MetaX C500,104,b7202b1185e17ed9024ae08c0368b80b4eacf973,126e99697a40c1de301e9c85660e3cae,deep_gemm_axes,lightning_indexer,16,66551,2048,0,0,float32,int32,10,maca_c,pass,,,87.168,96.64,0.050366,50.366,4.39,100.0,100.0,
MetaX_C500,MetaX C500,104,b7202b1185e17ed9024ae08c0368b80b4eacf973,126e99697a40c1de301e9c85660e3cae,deep_gemm_axes,lightning_indexer,16,66551,2048,0,0,float32,int32,10,torch,pass,,,347.725,328.909,0.012626,12.626,,25.07,29.38,
MetaX_C500,MetaX C500,104,b7202b1185e17ed9024ae08c0368b80b4eacf973,126e99697a40c1de301e9c85660e3cae,deep_gemm_axes,lightning_indexer,16,66551,2048,0,0,float32,int32,10,deep_gemm,pass,,,53.888,390.707,0.081471,81.471,4.39,161.76,24.73,
MetaX_C500,MetaX C500,104,b7202b1185e17ed9024ae08c0368b80b4eacf973,126e99697a40c1de301e9c85660e3cae,deep_gemm_axes,lightning_indexer,132,66551,2048,0,0,float32,int32,10,maca_c,pass,,,119.27,137.139,0.303683,303.683,36.22,100.0,100.0,
MetaX_C500,MetaX C500,104,b7202b1185e17ed9024ae08c0368b80b4eacf973,126e99697a40c1de301e9c85660e3cae,deep_gemm_axes,lightning_indexer,132,66551,2048,0,0,float32,int32,10,torch,pass,,,650.957,725.274,0.055642,55.642,,18.32,18.91,
MetaX_C500,MetaX C500,104,b7202b1185e17ed9024ae08c0368b80b4eacf973,126e99697a40c1de301e9c85660e3cae,deep_gemm_axes,lightning_indexer,132,66551,2048,0,0,float32,int32,10,deep_gemm,pass,,,102.298,762.138,0.354066,354.066,36.22,116.59,17.99,
MetaX_C500,MetaX C500,104,b7202b1185e17ed9024ae08c0368b80b4eacf973,126e99697a40c1de301e9c85660e3cae,deep_gemm_axes,lightning_indexer,512,66551,2048,0,0,float32,int32,10,maca_c,pass,,,275.712,292.864,0.509556,509.556,140.491,100.0,100.0,
MetaX_C500,MetaX C500,104,b7202b1185e17ed9024ae08c0368b80b4eacf973,126e99697a40c1de301e9c85660e3cae,deep_gemm_axes,lightning_indexer,512,66551,2048,0,0,float32,int32,10,torch,pass,,,1590.144,1922.432,0.088351,88.351,,17.34,15.23,
MetaX_C500,MetaX C500,104,b7202b1185e17ed9024ae08c0368b80b4eacf973,126e99697a40c1de301e9c85660e3cae,deep_gemm_axes,lightning_indexer,512,66551,2048,0,0,float32,int32,10,deep_gemm,pass,,,245.914,1975.501,0.5713,571.3,140.491,112.12,14.82,
MetaX_C500,MetaX C500,104,b7202b1185e17ed9024ae08c0368b80b4eacf973,126e99697a40c1de301e9c85660e3cae,deep_gemm_axes,lightning_indexer,1,131072,2048,0,0,float32,int32,10,maca_c,pass,,,76.979,80.614,0.006917,6.917,0.532,100.0,100.0,sglang-bs1-seq2048: that grid declares a window; this ranks the whole row
MetaX_C500,MetaX C500,104,b7202b1185e17ed9024ae08c0368b80b4eacf973,126e99697a40c1de301e9c85660e3cae,deep_gemm_axes,lightning_indexer,1,131072,2048,0,0,float32,int32,10,torch,pass,,,258.33,223.821,0.002061,2.061,,29.8,36.02,sglang-bs1-seq2048: that grid declares a window; this ranks the whole row
MetaX_C500,MetaX C500,104,b7202b1185e17ed9024ae08c0368b80b4eacf973,126e99697a40c1de301e9c85660e3cae,deep_gemm_axes,lightning_indexer,1,131072,2048,0,0,float32,int32,10,deep_gemm,pass,,,62.285,295.782,0.008549,8.549,0.532,123.59,27.25,sglang-bs1-seq2048: that grid declares a window; this ranks the whole row
MetaX_C500,MetaX C500,104,b7202b1185e17ed9024ae08c0368b80b4eacf973,126e99697a40c1de301e9c85660e3cae,deep_gemm_axes,lightning_indexer,1,131072,2048,0,0,float32,int32,10,maca_c,pass,,,77.44,81.178,0.006876,6.876,0.532,100.0,100.0,sglang-bs1-seq4096: that grid declares a window; this ranks the whole row
MetaX_C500,MetaX C500,104,b7202b1185e17ed9024ae08c0368b80b4eacf973,126e99697a40c1de301e9c85660e3cae,deep_gemm_axes,lightning_indexer,1,131072,2048,0,0,float32,int32,10,torch,pass,,,260.659,225.178,0.002043,2.043,,29.71,36.05,sglang-bs1-seq4096: that grid declares a window; this ranks the whole row
MetaX_C500,MetaX C500,104,b7202b1185e17ed9024ae08c0368b80b4eacf973,126e99697a40c1de301e9c85660e3cae,deep_gemm_axes,lightning_indexer,1,131072,2048,0,0,float32,int32,10,deep_gemm,pass,,,62.31,295.245,0.008546,8.546,0.532,124.28,27.5,sglang-bs1-seq4096: that grid declares a window; this ranks the whole row
MetaX_C500,MetaX C500,104,b7202b1185e17ed9024ae08c0368b80b4eacf973,126e99697a40c1de301e9c85660e3cae,deep_gemm_axes,lightning_indexer,1,131072,2048,0,0,float32,int32,10,maca_c,pass,,,77.67,81.28,0.006856,6.856,0.532,100.0,100.0,sglang-bs1-seq16384: that grid declares a window; this ranks the whole row
MetaX_C500,MetaX C500,104,b7202b1185e17ed9024ae08c0368b80b4eacf973,126e99697a40c1de301e9c85660e3cae,deep_gemm_axes,lightning_indexer,1,131072,2048,0,0,float32,int32,10,torch,pass,,,262.63,229.888,0.002027,2.027,,29.57,35.36,sglang-bs1-seq16384: that grid declares a window; this ranks the whole row
MetaX_C500,MetaX C500,104,b7202b1185e17ed9024ae08c0368b80b4eacf973,126e99697a40c1de301e9c85660e3cae,deep_gemm_axes,lightning_indexer,1,131072,2048,0,0,float32,int32,10,deep_gemm,pass,,,63.539,290.739,0.00838,8.38,0.532,122.24,27.96,sglang-bs1-seq16384: that grid declares a window; this ranks the whole row
MetaX_C500,MetaX C500,104,b7202b1185e17ed9024ae08c0368b80b4eacf973,126e99697a40c1de301e9c85660e3cae,deep_gemm_axes,lightning_indexer,1,131072,2048,0,0,float32,int32,10,maca_c,pass,,,77.466,80.922,0.006874,6.874,0.532,100.0,100.0,sglang-bs1-seq65536: that grid declares a window; this ranks the whole row
MetaX_C500,MetaX C500,104,b7202b1185e17ed9024ae08c0368b80b4eacf973,126e99697a40c1de301e9c85660e3cae,deep_gemm_axes,lightning_indexer,1,131072,2048,0,0,float32,int32,10,torch,pass,,,259.738,224.128,0.00205,2.05,,29.82,36.11,sglang-bs1-seq65536: that grid declares a window; this ranks the whole row
MetaX_C500,MetaX C500,104,b7202b1185e17ed9024ae08c0368b80b4eacf973,126e99697a40c1de301e9c85660e3cae,deep_gemm_axes,lightning_indexer,1,131072,2048,0,0,float32,int32,10,deep_gemm,pass,,,63.206,281.242,0.008425,8.425,0.532,122.56,28.77,sglang-bs1-seq65536: that grid declares a window; this ranks the whole row
MetaX_C500,MetaX C500,104,b7202b1185e17ed9024ae08c0368b80b4eacf973,126e99697a40c1de301e9c85660e3cae,deep_gemm_axes,lightning_indexer,132,131072,2048,0,0,float32,int32,10,maca_c,pass,,,204.544,221.747,0.34363,343.63,70.287,100.0,100.0,sglang-bs132-seq2048: that grid declares a window; this ranks the whole row
MetaX_C500,MetaX C500,104,b7202b1185e17ed9024ae08c0368b80b4eacf973,126e99697a40c1de301e9c85660e3cae,deep_gemm_axes,lightning_indexer,132,131072,2048,0,0,float32,int32,10,torch,pass,,,1007.565,988.006,0.06976,69.76,,20.3,22.44,sglang-bs132-seq2048: that grid declares a window; this ranks the whole row
MetaX_C500,MetaX C500,104,b7202b1185e17ed9024ae08c0368b80b4eacf973,126e99697a40c1de301e9c85660e3cae,deep_gemm_axes,lightning_indexer,132,131072,2048,0,0,float32,int32,10,deep_gemm,pass,,,172.544,848.461,0.407359,407.359,70.287,118.55,26.14,sglang-bs132-seq2048: that grid declares a window; this ranks the whole row
MetaX_C500,MetaX C500,104,b7202b1185e17ed9024ae08c0368b80b4eacf973,126e99697a40c1de301e9c85660e3cae,deep_gemm_axes,lightning_indexer,132,131072,2048,0,0,float32,int32,10,maca_c,pass,,,204.979,223.078,0.3429,342.9,70.287,100.0,100.0,sglang-bs132-seq4096: that grid declares a window; this ranks the whole row
MetaX_C500,MetaX C500,104,b7202b1185e17ed9024ae08c0368b80b4eacf973,126e99697a40c1de301e9c85660e3cae,deep_gemm_axes,lightning_indexer,132,131072,2048,0,0,float32,int32,10,torch,pass,,,998.374,983.987,0.070402,70.402,,20.53,22.67,sglang-bs132-seq4096: that grid declares a window; this ranks the whole row
MetaX_C500,MetaX C500,104,b7202b1185e17ed9024ae08c0368b80b4eacf973,126e99697a40c1de301e9c85660e3cae,deep_gemm_axes,lightning_indexer,132,131072,2048,0,0,float32,int32,10,deep_gemm,pass,,,172.928,856.013,0.406454,406.454,70.287,118.53,26.06,sglang-bs132-seq4096: that grid declares a window; this ranks the whole row
MetaX_C500,MetaX C500,104,b7202b1185e17ed9024ae08c0368b80b4eacf973,126e99697a40c1de301e9c85660e3cae,deep_gemm_axes,lightning_indexer,132,131072,2048,0,0,float32,int32,10,maca_c,pass,,,206.285,222.72,0.340729,340.729,70.287,100.0,100.0,sglang-bs132-seq16384: that grid declares a window; this ranks the whole row
MetaX_C500,MetaX C500,104,b7202b1185e17ed9024ae08c0368b80b4eacf973,126e99697a40c1de301e9c85660e3cae,deep_gemm_axes,lightning_indexer,132,131072,2048,0,0,float32,int32,10,torch,pass,,,1026.586,995.43,0.068467,68.467,,20.09,22.37,sglang-bs132-seq16384: that grid declares a window; this ranks the whole row
MetaX_C500,MetaX C500,104,b7202b1185e17ed9024ae08c0368b80b4eacf973,126e99697a40c1de301e9c85660e3cae,deep_gemm_axes,lightning_indexer,132,131072,2048,0,0,float32,int32,10,deep_gemm,pass,,,172.544,850.509,0.407359,407.359,70.287,119.56,26.19,sglang-bs132-seq16384: that grid declares a window; this ranks the whole row
MetaX_C500,MetaX C500,104,b7202b1185e17ed9024ae08c0368b80b4eacf973,126e99697a40c1de301e9c85660e3cae,deep_gemm_axes,lightning_indexer,132,131072,2048,0,0,float32,int32,10,maca_c,pass,,,204.877,222.72,0.343071,343.071,70.287,100.0,100.0,sglang-bs132-seq65536: that grid declares a window; this ranks the whole row
MetaX_C500,MetaX C500,104,b7202b1185e17ed9024ae08c0368b80b4eacf973,126e99697a40c1de301e9c85660e3cae,deep_gemm_axes,lightning_indexer,132,131072,2048,0,0,float32,int32,10,torch,pass,,,1015.142,990.541,0.069239,69.239,,20.18,22.48,sglang-bs132-seq65536: that grid declares a window; this ranks the whole row
MetaX_C500,MetaX C500,104,b7202b1185e17ed9024ae08c0368b80b4eacf973,126e99697a40c1de301e9c85660e3cae,deep_gemm_axes,lightning_indexer,132,131072,2048,0,0,float32,int32,10,deep_gemm,pass,,,172.544,848.307,0.407359,407.359,70.287,118.74,26.25,sglang-bs132-seq65536: that grid declares a window; this ranks the whole row
MetaX_C500,MetaX C500,104,b7202b1185e17ed9024ae08c0368b80b4eacf973,126e99697a40c1de301e9c85660e3cae,deep_gemm_axes,lightning_indexer,256,131072,2048,0,0,float32,int32,10,maca_c,pass,,,276.403,293.197,0.493174,493.174,136.315,100.0,100.0,sglang-bs256-seq2048: that grid declares a window; this ranks the whole row
MetaX_C500,MetaX C500,104,b7202b1185e17ed9024ae08c0368b80b4eacf973,126e99697a40c1de301e9c85660e3cae,deep_gemm_axes,lightning_indexer,256,131072,2048,0,0,float32,int32,10,torch,pass,,,1605.683,1584.87,0.084895,84.895,,17.21,18.5,sglang-bs256-seq2048: that grid declares a window; this ranks the whole row
MetaX_C500,MetaX C500,104,b7202b1185e17ed9024ae08c0368b80b4eacf973,126e99697a40c1de301e9c85660e3cae,deep_gemm_axes,lightning_indexer,256,131072,2048,0,0,float32,int32,10,deep_gemm,pass,,,240.973,1290.573,0.565685,565.685,136.315,114.7,22.72,sglang-bs256-seq2048: that grid declares a window; this ranks the whole row
MetaX_C500,MetaX C500,104,b7202b1185e17ed9024ae08c0368b80b4eacf973,126e99697a40c1de301e9c85660e3cae,deep_gemm_axes,lightning_indexer,256,131072,2048,0,0,float32,int32,10,maca_c,pass,,,276.454,293.709,0.493083,493.083,136.315,100.0,100.0,sglang-bs256-seq4096: that grid declares a window; this ranks the whole row
MetaX_C500,MetaX C500,104,b7202b1185e17ed9024ae08c0368b80b4eacf973,126e99697a40c1de301e9c85660e3cae,deep_gemm_axes,lightning_indexer,256,131072,2048,0,0,float32,int32,10,torch,pass,,,1615.155,1594.317,0.084397,84.397,,17.12,18.42,sglang-bs256-seq4096: that grid declares a window; this ranks the whole row
MetaX_C500,MetaX C500,104,b7202b1185e17ed9024ae08c0368b80b4eacf973,126e99697a40c1de301e9c85660e3cae,deep_gemm_axes,lightning_indexer,256,131072,2048,0,0,float32,int32,10,deep_gemm,pass,,,240.563,1288.397,0.566649,566.649,136.315,114.92,22.8,sglang-bs256-seq4096: that grid declares a window; this ranks the whole row
MetaX_C500,MetaX C500,104,b7202b1185e17ed9024ae08c0368b80b4eacf973,126e99697a40c1de301e9c85660e3cae,deep_gemm_axes,lightning_indexer,256,131072,2048,0,0,float32,int32,10,maca_c,pass,,,275.789,292.326,0.494272,494.272,136.315,100.0,100.0,sglang-bs256-seq16384: that grid declares a window; this ranks the whole row
MetaX_C500,MetaX C500,104,b7202b1185e17ed9024ae08c0368b80b4eacf973,126e99697a40c1de301e9c85660e3cae,deep_gemm_axes,lightning_indexer,256,131072,2048,0,0,float32,int32,10,torch,pass,,,1616.717,1591.194,0.084316,84.316,,17.06,18.37,sglang-bs256-seq16384: that grid declares a window; this ranks the whole row
MetaX_C500,MetaX C500,104,b7202b1185e17ed9024ae08c0368b80b4eacf973,126e99697a40c1de301e9c85660e3cae,deep_gemm_axes,lightning_indexer,256,131072,2048,0,0,float32,int32,10,deep_gemm,pass,,,240.23,1281.254,0.567435,567.435,136.315,114.8,22.82,sglang-bs256-seq16384: that grid declares a window; this ranks the whole row
MetaX_C500,MetaX C500,104,b7202b1185e17ed9024ae08c0368b80b4eacf973,126e99697a40c1de301e9c85660e3cae,deep_gemm_axes,lightning_indexer,256,131072,2048,0,0,float32,int32,10,maca_c,pass,,,276.275,292.096,0.493403,493.403,136.315,100.0,100.0,sglang-bs256-seq65536: that grid declares a window; this ranks the whole row
MetaX_C500,MetaX C500,104,b7202b1185e17ed9024ae08c0368b80b4eacf973,126e99697a40c1de301e9c85660e3cae,deep_gemm_axes,lightning_indexer,256,131072,2048,0,0,float32,int32,10,torch,pass,,,1619.2,1593.344,0.084187,84.187,,17.06,18.33,sglang-bs256-seq65536: that grid declares a window; this ranks the whole row
MetaX_C500,MetaX C500,104,b7202b1185e17ed9024ae08c0368b80b4eacf973,126e99697a40c1de301e9c85660e3cae,deep_gemm_axes,lightning_indexer,256,131072,2048,0,0,float32,int32,10,deep_gemm,pass,,,240.307,1285.043,0.567253,567.253,136.315,114.97,22.73,sglang-bs256-seq65536: that grid declares a window; this ranks the whole row
MetaX_C500,MetaX C500,104,b7202b1185e17ed9024ae08c0368b80b4eacf973,126e99697a40c1de301e9c85660e3cae,deep_gemm_axes,lightning_indexer,4096,131072,2048,0,0,float32,int32,10,maca_c,pass,,,3411.021,3441.331,0.639409,639.409,2181.038,100.0,100.0,sglang-bs4096-seq2048: that grid declares a window; this ranks the whole row
MetaX_C500,MetaX C500,104,b7202b1185e17ed9024ae08c0368b80b4eacf973,126e99697a40c1de301e9c85660e3cae,deep_gemm_axes,lightning_indexer,4096,131072,2048,0,0,float32,int32,10,torch,pass,,,20491.648,20500.02,0.106435,106.435,,16.65,16.79,sglang-bs4096-seq2048: that grid declares a window; this ranks the whole row
MetaX_C500,MetaX C500,104,b7202b1185e17ed9024ae08c0368b80b4eacf973,126e99697a40c1de301e9c85660e3cae,deep_gemm_axes,lightning_indexer,4096,131072,2048,0,0,float32,int32,10,deep_gemm,pass,,,3261.875,16035.201,0.668646,668.646,2181.038,104.57,21.46,sglang-bs4096-seq2048: that grid declares a window; this ranks the whole row
MetaX_C500,MetaX C500,104,b7202b1185e17ed9024ae08c0368b80b4eacf973,126e99697a40c1de301e9c85660e3cae,deep_gemm_axes,lightning_indexer,4096,131072,2048,0,0,float32,int32,10,maca_c,pass,,,3411.046,3436.365,0.639404,639.404,2181.038,100.0,100.0,sglang-bs4096-seq4096: that grid declares a window; this ranks the whole row
MetaX_C500,MetaX C500,104,b7202b1185e17ed9024ae08c0368b80b4eacf973,126e99697a40c1de301e9c85660e3cae,deep_gemm_axes,lightning_indexer,4096,131072,2048,0,0,float32,int32,10,torch,pass,,,20486.733,20501.555,0.106461,106.461,,16.65,16.76,sglang-bs4096-seq4096: that grid declares a window; this ranks the whole row
MetaX_C500,MetaX C500,104,b7202b1185e17ed9024ae08c0368b80b4eacf973,126e99697a40c1de301e9c85660e3cae,deep_gemm_axes,lightning_indexer,4096,131072,2048,0,0,float32,int32,10,deep_gemm,pass,,,3261.67,16086.221,0.668688,668.688,2181.038,104.58,21.36,sglang-bs4096-seq4096: that grid declares a window; this ranks the whole row
MetaX_C500,MetaX C500,104,b7202b1185e17ed9024ae08c0368b80b4eacf973,126e99697a40c1de301e9c85660e3cae,deep_gemm_axes,lightning_indexer,4096,131072,2048,0,0,float32,int32,10,maca_c,pass,,,3412.224,3435.29,0.639184,639.184,2181.038,100.0,100.0,sglang-bs4096-seq16384: that grid declares a window; this ranks the whole row
MetaX_C500,MetaX C500,104,b7202b1185e17ed9024ae08c0368b80b4eacf973,126e99697a40c1de301e9c85660e3cae,deep_gemm_axes,lightning_indexer,4096,131072,2048,0,0,float32,int32,10,torch,pass,,,20485.658,20499.046,0.106467,106.467,,16.66,16.76,sglang-bs4096-seq16384: that grid declares a window; this ranks the whole row
MetaX_C500,MetaX C500,104,b7202b1185e17ed9024ae08c0368b80b4eacf973,126e99697a40c1de301e9c85660e3cae,deep_gemm_axes,lightning_indexer,4096,131072,2048,0,0,float32,int32,10,deep_gemm,pass,,,3266.893,16061.287,0.667618,667.618,2181.038,104.45,21.39,sglang-bs4096-seq16384: that grid declares a window; this ranks the whole row
MetaX_C500,MetaX C500,104,b7202b1185e17ed9024ae08c0368b80b4eacf973,126e99697a40c1de301e9c85660e3cae,deep_gemm_axes,lightning_indexer,4096,131072,2048,0,0,float32,int32,10,maca_c,pass,,,3411.2,3435.469,0.639376,639.376,2181.038,100.0,100.0,sglang-bs4096-seq65536: that grid declares a window; this ranks the whole row
MetaX_C500,MetaX C500,104,b7202b1185e17ed9024ae08c0368b80b4eacf973,126e99697a40c1de301e9c85660e3cae,deep_gemm_axes,lightning_indexer,4096,131072,2048,0,0,float32,int32,10,torch,pass,,,20483.738,20494.823,0.106477,106.477,,16.65,16.76,sglang-bs4096-seq65536: that grid declares a window; this ranks the whole row
MetaX_C500,MetaX C500,104,b7202b1185e17ed9024ae08c0368b80b4eacf973,126e99697a40c1de301e9c85660e3cae,deep_gemm_axes,lightning_indexer,4096,131072,2048,0,0,float32,int32,10,deep_gemm,pass,,,3266.253,16046.336,0.667749,667.749,2181.038,104.44,21.41,sglang-bs4096-seq65536: that grid declares a window; this ranks the whole row
MetaX_C500,MetaX C500,104,b7202b1185e17ed9024ae08c0368b80b4eacf973,126e99697a40c1de301e9c85660e3cae,deep_gemm_axes,lightning_indexer,1,107520,2048,0,0,float32,int32,10,maca_c,pass,,,74.624,78.438,0.005873,5.873,0.438,100.0,100.0,
MetaX_C500,MetaX C500,104,b7202b1185e17ed9024ae08c0368b80b4eacf973,126e99697a40c1de301e9c85660e3cae,deep_gemm_axes,lightning_indexer,1,107520,2048,0,0,float32,int32,10,torch,pass,,,262.835,227.251,0.001667,1.667,,28.39,34.52,
MetaX_C500,MetaX C500,104,b7202b1185e17ed9024ae08c0368b80b4eacf973,126e99697a40c1de301e9c85660e3cae,deep_gemm_axes,lightning_indexer,1,107520,2048,0,0,float32,int32,10,deep_gemm,pass,,,60.365,276.454,0.00726,7.26,0.438,123.62,28.37,
MetaX_C500,MetaX C500,104,b7202b1185e17ed9024ae08c0368b80b4eacf973,126e99697a40c1de301e9c85660e3cae,deep_gemm_axes,lightning_indexer,16,66551,2048,0,0,float32,int32,10,maca_c,pass,,,88.422,98.125,0.049652,49.652,4.39,100.0,100.0,
MetaX_C500,MetaX C500,104,b7202b1185e17ed9024ae08c0368b80b4eacf973,126e99697a40c1de301e9c85660e3cae,deep_gemm_axes,lightning_indexer,16,66551,2048,0,0,float32,int32,10,torch,pass,,,344.474,330.522,0.012745,12.745,,25.67,29.69,
MetaX_C500,MetaX C500,104,b7202b1185e17ed9024ae08c0368b80b4eacf973,126e99697a40c1de301e9c85660e3cae,deep_gemm_axes,lightning_indexer,16,66551,2048,0,0,float32,int32,10,deep_gemm,pass,,,53.99,402.509,0.081318,81.318,4.39,163.77,24.38,
MetaX_C500,MetaX C500,104,b7202b1185e17ed9024ae08c0368b80b4eacf973,126e99697a40c1de301e9c85660e3cae,deep_gemm_axes,lightning_indexer,132,107520,2048,0,0,float32,int32,10,maca_c,pass,,,174.541,191.232,0.331452,331.452,57.852,100.0,100.0,
MetaX_C500,MetaX C500,104,b7202b1185e17ed9024ae08c0368b80b4eacf973,126e99697a40c1de301e9c85660e3cae,deep_gemm_axes,lightning_indexer,132,107520,2048,0,0,float32,int32,10,torch,pass,,,876.621,852.608,0.065994,65.994,,19.91,22.43,
MetaX_C500,MetaX C500,104,b7202b1185e17ed9024ae08c0368b80b4eacf973,126e99697a40c1de301e9c85660e3cae,deep_gemm_axes,lightning_indexer,132,107520,2048,0,0,float32,int32,10,deep_gemm,pass,,,145.51,718.848,0.39758,397.58,57.852,119.95,26.6,
MetaX_C500,MetaX C500,104,b7202b1185e17ed9024ae08c0368b80b4eacf973,126e99697a40c1de301e9c85660e3cae,deep_gemm_axes,lightning_indexer,256,107520,2048,0,0,float32,int32,10,maca_c,pass,,,232.499,249.805,0.482573,482.573,112.198,100.0,100.0,
MetaX_C500,MetaX C500,104,b7202b1185e17ed9024ae08c0368b80b4eacf973,126e99697a40c1de301e9c85660e3cae,deep_gemm_axes,lightning_indexer,256,107520,2048,0,0,float32,int32,10,torch,pass,,,1351.168,1334.144,0.083038,83.038,,17.21,18.72,
MetaX_C500,MetaX C500,104,b7202b1185e17ed9024ae08c0368b80b4eacf973,126e99697a40c1de301e9c85660e3cae,deep_gemm_axes,lightning_indexer,256,107520,2048,0,0,float32,int32,10,deep_gemm,pass,,,200.346,1158.349,0.560019,560.019,112.198,116.05,21.57,
MetaX_C500,MetaX C500,104,b7202b1185e17ed9024ae08c0368b80b4eacf973,126e99697a40c1de301e9c85660e3cae,deep_gemm_axes,lightning_indexer,4096,107520,2048,0,0,float32,int32,10,maca_c,pass,,,2845.082,2866.202,0.63097,630.97,1795.162,100.0,100.0,
MetaX_C500,MetaX C500,104,b7202b1185e17ed9024ae08c0368b80b4eacf973,126e99697a40c1de301e9c85660e3cae,deep_gemm_axes,lightning_indexer,4096,107520,2048,0,0,float32,int32,10,torch,pass,,,15701.632,15705.318,0.11433,114.33,,18.12,18.25,
MetaX_C500,MetaX C500,104,b7202b1185e17ed9024ae08c0368b80b4eacf973,126e99697a40c1de301e9c85660e3cae,deep_gemm_axes,lightning_indexer,4096,107520,2048,0,0,float32,int32,10,deep_gemm,pass,,,2706.253,13289.191,0.663339,663.339,1795.162,105.13,21.57,
