chip,device_name,sm_count,git_commit,extension_md5,case_source,family,n_rows,n_cols,top_k,sorted_value,return_value,input_dtype,index_dtype,num_runs,backend,status,error_type,error_message,time(us),wall_us,throughput(TB/s),bandwidth(GB/s),Byte(MB),relative_pct_vs_maca_c,wall_relative_pct_vs_maca_c,note
MetaX_C500,MetaX C500,104,ee402bccab9be388e7197808c1ba448826e00ea1,0595136a9cc076b7aa97268b67c1cd9b,official,lightning_indexer,6,256,512,0,0,bfloat16,int32,10,maca_c,pass,,,3.43,44.877,0.004478,4.478,0.015,100.0,100.0,
MetaX_C500,MetaX C500,104,ee402bccab9be388e7197808c1ba448826e00ea1,0595136a9cc076b7aa97268b67c1cd9b,official,lightning_indexer,6,256,512,0,0,bfloat16,int32,10,torch,pass,,"not applicable: the reference backend needs vocab_size >= topk, no window, no offset (tests/test.py's own guard)",,,,,,,,
MetaX_C500,MetaX C500,104,ee402bccab9be388e7197808c1ba448826e00ea1,0595136a9cc076b7aa97268b67c1cd9b,official,lightning_indexer,6,256,512,0,0,bfloat16,int32,10,deep_gemm,unsupported,UnsupportedByBackend,"backend 'deep_gemm' ranks float32 scores, and was given torch.bfloat16; 'maca_c' and 'torch' take bfloat16 as well",,,,,,,,
MetaX_C500,MetaX C500,104,ee402bccab9be388e7197808c1ba448826e00ea1,0595136a9cc076b7aa97268b67c1cd9b,official,lightning_indexer,6,1024,512,0,0,bfloat16,int32,10,maca_c,pass,,,14.848,39.706,0.001655,1.655,0.025,100.0,100.0,
MetaX_C500,MetaX C500,104,ee402bccab9be388e7197808c1ba448826e00ea1,0595136a9cc076b7aa97268b67c1cd9b,official,lightning_indexer,6,1024,512,0,0,bfloat16,int32,10,torch,pass,,,26.035,26.675,0.000944,0.944,,57.03,148.85,
MetaX_C500,MetaX C500,104,ee402bccab9be388e7197808c1ba448826e00ea1,0595136a9cc076b7aa97268b67c1cd9b,official,lightning_indexer,6,1024,512,0,0,bfloat16,int32,10,deep_gemm,unsupported,UnsupportedByBackend,"backend 'deep_gemm' ranks float32 scores, and was given torch.bfloat16; 'maca_c' and 'torch' take bfloat16 as well",,,,,,,,
MetaX_C500,MetaX C500,104,ee402bccab9be388e7197808c1ba448826e00ea1,0595136a9cc076b7aa97268b67c1cd9b,official,lightning_indexer,6,4096,512,0,0,bfloat16,int32,10,maca_c,pass,,,16.64,42.598,0.003692,3.692,0.061,100.0,100.0,
MetaX_C500,MetaX C500,104,ee402bccab9be388e7197808c1ba448826e00ea1,0595136a9cc076b7aa97268b67c1cd9b,official,lightning_indexer,6,4096,512,0,0,bfloat16,int32,10,torch,pass,,,51.302,51.43,0.001198,1.198,,32.44,82.83,
MetaX_C500,MetaX C500,104,ee402bccab9be388e7197808c1ba448826e00ea1,0595136a9cc076b7aa97268b67c1cd9b,official,lightning_indexer,6,4096,512,0,0,bfloat16,int32,10,deep_gemm,unsupported,UnsupportedByBackend,"backend 'deep_gemm' ranks float32 scores, and was given torch.bfloat16; 'maca_c' and 'torch' take bfloat16 as well",,,,,,,,
MetaX_C500,MetaX C500,104,ee402bccab9be388e7197808c1ba448826e00ea1,0595136a9cc076b7aa97268b67c1cd9b,official,lightning_indexer,6,16384,512,0,0,bfloat16,int32,10,maca_c,pass,,,25.984,44.186,0.008039,8.039,0.209,100.0,100.0,
MetaX_C500,MetaX C500,104,ee402bccab9be388e7197808c1ba448826e00ea1,0595136a9cc076b7aa97268b67c1cd9b,official,lightning_indexer,6,16384,512,0,0,bfloat16,int32,10,torch,pass,,,140.288,140.006,0.001489,1.489,,18.52,31.56,
MetaX_C500,MetaX C500,104,ee402bccab9be388e7197808c1ba448826e00ea1,0595136a9cc076b7aa97268b67c1cd9b,official,lightning_indexer,6,16384,512,0,0,bfloat16,int32,10,deep_gemm,unsupported,UnsupportedByBackend,"backend 'deep_gemm' ranks float32 scores, and was given torch.bfloat16; 'maca_c' and 'torch' take bfloat16 as well",,,,,,,,
MetaX_C500,MetaX C500,104,ee402bccab9be388e7197808c1ba448826e00ea1,0595136a9cc076b7aa97268b67c1cd9b,official,lightning_indexer,6,65536,512,0,0,bfloat16,int32,10,maca_c,pass,,,46.182,49.766,0.017295,17.295,0.799,100.0,100.0,
MetaX_C500,MetaX C500,104,ee402bccab9be388e7197808c1ba448826e00ea1,0595136a9cc076b7aa97268b67c1cd9b,official,lightning_indexer,6,65536,512,0,0,bfloat16,int32,10,torch,pass,,,179.328,157.67,0.004454,4.454,,25.75,31.56,
MetaX_C500,MetaX C500,104,ee402bccab9be388e7197808c1ba448826e00ea1,0595136a9cc076b7aa97268b67c1cd9b,official,lightning_indexer,6,65536,512,0,0,bfloat16,int32,10,deep_gemm,unsupported,UnsupportedByBackend,"backend 'deep_gemm' ranks float32 scores, and was given torch.bfloat16; 'maca_c' and 'torch' take bfloat16 as well",,,,,,,,
MetaX_C500,MetaX C500,104,ee402bccab9be388e7197808c1ba448826e00ea1,0595136a9cc076b7aa97268b67c1cd9b,official,lightning_indexer,6,131072,512,0,0,bfloat16,int32,10,maca_c,pass,,,71.091,74.829,0.022298,22.298,1.585,100.0,100.0,
MetaX_C500,MetaX C500,104,ee402bccab9be388e7197808c1ba448826e00ea1,0595136a9cc076b7aa97268b67c1cd9b,official,lightning_indexer,6,131072,512,0,0,bfloat16,int32,10,torch,pass,,,223.462,200.55,0.007094,7.094,,31.81,37.31,
MetaX_C500,MetaX C500,104,ee402bccab9be388e7197808c1ba448826e00ea1,0595136a9cc076b7aa97268b67c1cd9b,official,lightning_indexer,6,131072,512,0,0,bfloat16,int32,10,deep_gemm,unsupported,UnsupportedByBackend,"backend 'deep_gemm' ranks float32 scores, and was given torch.bfloat16; 'maca_c' and 'torch' take bfloat16 as well",,,,,,,,
MetaX_C500,MetaX C500,104,ee402bccab9be388e7197808c1ba448826e00ea1,0595136a9cc076b7aa97268b67c1cd9b,official,lightning_indexer,6,262144,512,0,0,bfloat16,int32,10,maca_c,pass,,,82.253,116.326,0.038394,38.394,3.158,100.0,100.0,
MetaX_C500,MetaX C500,104,ee402bccab9be388e7197808c1ba448826e00ea1,0595136a9cc076b7aa97268b67c1cd9b,official,lightning_indexer,6,262144,512,0,0,bfloat16,int32,10,torch,pass,,,266.419,247.782,0.011854,11.854,,30.87,46.95,
MetaX_C500,MetaX C500,104,ee402bccab9be388e7197808c1ba448826e00ea1,0595136a9cc076b7aa97268b67c1cd9b,official,lightning_indexer,6,262144,512,0,0,bfloat16,int32,10,deep_gemm,unsupported,UnsupportedByBackend,"backend 'deep_gemm' ranks float32 scores, and was given torch.bfloat16; 'maca_c' and 'torch' take bfloat16 as well",,,,,,,,
MetaX_C500,MetaX C500,104,ee402bccab9be388e7197808c1ba448826e00ea1,0595136a9cc076b7aa97268b67c1cd9b,official,lightning_indexer,6,524288,512,0,0,bfloat16,int32,10,maca_c,pass,,,81.152,121.062,0.077678,77.678,6.304,100.0,100.0,
MetaX_C500,MetaX C500,104,ee402bccab9be388e7197808c1ba448826e00ea1,0595136a9cc076b7aa97268b67c1cd9b,official,lightning_indexer,6,524288,512,0,0,bfloat16,int32,10,torch,pass,,,299.238,281.267,0.021066,21.066,,27.12,43.04,
MetaX_C500,MetaX C500,104,ee402bccab9be388e7197808c1ba448826e00ea1,0595136a9cc076b7aa97268b67c1cd9b,official,lightning_indexer,6,524288,512,0,0,bfloat16,int32,10,deep_gemm,unsupported,UnsupportedByBackend,"backend 'deep_gemm' ranks float32 scores, and was given torch.bfloat16; 'maca_c' and 'torch' take bfloat16 as well",,,,,,,,
MetaX_C500,MetaX C500,104,ee402bccab9be388e7197808c1ba448826e00ea1,0595136a9cc076b7aa97268b67c1cd9b,official,lightning_indexer,6,1048576,512,0,0,bfloat16,int32,10,maca_c,pass,,,110.515,161.818,0.113968,113.968,12.595,100.0,100.0,
MetaX_C500,MetaX C500,104,ee402bccab9be388e7197808c1ba448826e00ea1,0595136a9cc076b7aa97268b67c1cd9b,official,lightning_indexer,6,1048576,512,0,0,bfloat16,int32,10,torch,pass,,,377.037,357.99,0.033406,33.406,,29.31,45.2,
MetaX_C500,MetaX C500,104,ee402bccab9be388e7197808c1ba448826e00ea1,0595136a9cc076b7aa97268b67c1cd9b,official,lightning_indexer,6,1048576,512,0,0,bfloat16,int32,10,deep_gemm,unsupported,UnsupportedByBackend,"backend 'deep_gemm' ranks float32 scores, and was given torch.bfloat16; 'maca_c' and 'torch' take bfloat16 as well",,,,,,,,
MetaX_C500,MetaX C500,104,ee402bccab9be388e7197808c1ba448826e00ea1,0595136a9cc076b7aa97268b67c1cd9b,official,lightning_indexer,256,256,512,0,0,bfloat16,int32,10,maca_c,pass,,,5.632,42.035,0.116364,116.364,0.655,100.0,100.0,
MetaX_C500,MetaX C500,104,ee402bccab9be388e7197808c1ba448826e00ea1,0595136a9cc076b7aa97268b67c1cd9b,official,lightning_indexer,256,256,512,0,0,bfloat16,int32,10,torch,pass,,"not applicable: the reference backend needs vocab_size >= topk, no window, no offset (tests/test.py's own guard)",,,,,,,,
MetaX_C500,MetaX C500,104,ee402bccab9be388e7197808c1ba448826e00ea1,0595136a9cc076b7aa97268b67c1cd9b,official,lightning_indexer,256,256,512,0,0,bfloat16,int32,10,deep_gemm,unsupported,UnsupportedByBackend,"backend 'deep_gemm' ranks float32 scores, and was given torch.bfloat16; 'maca_c' and 'torch' take bfloat16 as well",,,,,,,,
MetaX_C500,MetaX C500,104,ee402bccab9be388e7197808c1ba448826e00ea1,0595136a9cc076b7aa97268b67c1cd9b,official,lightning_indexer,256,1024,512,0,0,bfloat16,int32,10,maca_c,pass,,,24.73,51.405,0.042401,42.401,1.049,100.0,100.0,
MetaX_C500,MetaX C500,104,ee402bccab9be388e7197808c1ba448826e00ea1,0595136a9cc076b7aa97268b67c1cd9b,official,lightning_indexer,256,1024,512,0,0,bfloat16,int32,10,torch,pass,,,60.57,61.67,0.017312,17.312,,40.83,83.35,
MetaX_C500,MetaX C500,104,ee402bccab9be388e7197808c1ba448826e00ea1,0595136a9cc076b7aa97268b67c1cd9b,official,lightning_indexer,256,1024,512,0,0,bfloat16,int32,10,deep_gemm,unsupported,UnsupportedByBackend,"backend 'deep_gemm' ranks float32 scores, and was given torch.bfloat16; 'maca_c' and 'torch' take bfloat16 as well",,,,,,,,
MetaX_C500,MetaX C500,104,ee402bccab9be388e7197808c1ba448826e00ea1,0595136a9cc076b7aa97268b67c1cd9b,official,lightning_indexer,256,4096,512,0,0,bfloat16,int32,10,maca_c,pass,,,34.227,40.858,0.07659,76.59,2.621,100.0,100.0,
MetaX_C500,MetaX C500,104,ee402bccab9be388e7197808c1ba448826e00ea1,0595136a9cc076b7aa97268b67c1cd9b,official,lightning_indexer,256,4096,512,0,0,bfloat16,int32,10,torch,pass,,,210.688,198.528,0.012442,12.442,,16.25,20.58,
MetaX_C500,MetaX C500,104,ee402bccab9be388e7197808c1ba448826e00ea1,0595136a9cc076b7aa97268b67c1cd9b,official,lightning_indexer,256,4096,512,0,0,bfloat16,int32,10,deep_gemm,unsupported,UnsupportedByBackend,"backend 'deep_gemm' ranks float32 scores, and was given torch.bfloat16; 'maca_c' and 'torch' take bfloat16 as well",,,,,,,,
MetaX_C500,MetaX C500,104,ee402bccab9be388e7197808c1ba448826e00ea1,0595136a9cc076b7aa97268b67c1cd9b,official,lightning_indexer,256,16384,512,0,0,bfloat16,int32,10,maca_c,pass,,,55.808,59.802,0.159706,159.706,8.913,100.0,100.0,
MetaX_C500,MetaX C500,104,ee402bccab9be388e7197808c1ba448826e00ea1,0595136a9cc076b7aa97268b67c1cd9b,official,lightning_indexer,256,16384,512,0,0,bfloat16,int32,10,torch,pass,,,319.206,307.942,0.027922,27.922,,17.48,19.42,
MetaX_C500,MetaX C500,104,ee402bccab9be388e7197808c1ba448826e00ea1,0595136a9cc076b7aa97268b67c1cd9b,official,lightning_indexer,256,16384,512,0,0,bfloat16,int32,10,deep_gemm,unsupported,UnsupportedByBackend,"backend 'deep_gemm' ranks float32 scores, and was given torch.bfloat16; 'maca_c' and 'torch' take bfloat16 as well",,,,,,,,
MetaX_C500,MetaX C500,104,ee402bccab9be388e7197808c1ba448826e00ea1,0595136a9cc076b7aa97268b67c1cd9b,official,lightning_indexer,256,65536,512,0,0,bfloat16,int32,10,maca_c,pass,,,110.515,111.642,0.308363,308.363,34.079,100.0,100.0,
MetaX_C500,MetaX C500,104,ee402bccab9be388e7197808c1ba448826e00ea1,0595136a9cc076b7aa97268b67c1cd9b,official,lightning_indexer,256,65536,512,0,0,bfloat16,int32,10,torch,pass,,,711.629,698.854,0.047888,47.888,,15.53,15.98,
MetaX_C500,MetaX C500,104,ee402bccab9be388e7197808c1ba448826e00ea1,0595136a9cc076b7aa97268b67c1cd9b,official,lightning_indexer,256,65536,512,0,0,bfloat16,int32,10,deep_gemm,unsupported,UnsupportedByBackend,"backend 'deep_gemm' ranks float32 scores, and was given torch.bfloat16; 'maca_c' and 'torch' take bfloat16 as well",,,,,,,,
MetaX_C500,MetaX C500,104,ee402bccab9be388e7197808c1ba448826e00ea1,0595136a9cc076b7aa97268b67c1cd9b,official,lightning_indexer,256,131072,512,0,0,bfloat16,int32,10,maca_c,pass,,,174.976,175.872,0.386528,386.528,67.633,100.0,100.0,
MetaX_C500,MetaX C500,104,ee402bccab9be388e7197808c1ba448826e00ea1,0595136a9cc076b7aa97268b67c1cd9b,official,lightning_indexer,256,131072,512,0,0,bfloat16,int32,10,torch,pass,,,1205.709,1204.147,0.056094,56.094,,14.51,14.61,
MetaX_C500,MetaX C500,104,ee402bccab9be388e7197808c1ba448826e00ea1,0595136a9cc076b7aa97268b67c1cd9b,official,lightning_indexer,256,131072,512,0,0,bfloat16,int32,10,deep_gemm,unsupported,UnsupportedByBackend,"backend 'deep_gemm' ranks float32 scores, and was given torch.bfloat16; 'maca_c' and 'torch' take bfloat16 as well",,,,,,,,
MetaX_C500,MetaX C500,104,ee402bccab9be388e7197808c1ba448826e00ea1,0595136a9cc076b7aa97268b67c1cd9b,official,lightning_indexer,256,262144,512,0,0,bfloat16,int32,10,maca_c,pass,,,299.546,296.704,0.449821,449.821,134.742,100.0,100.0,
MetaX_C500,MetaX C500,104,ee402bccab9be388e7197808c1ba448826e00ea1,0595136a9cc076b7aa97268b67c1cd9b,official,lightning_indexer,256,262144,512,0,0,bfloat16,int32,10,torch,pass,,,2044.058,2033.946,0.065919,65.919,,14.65,14.59,
MetaX_C500,MetaX C500,104,ee402bccab9be388e7197808c1ba448826e00ea1,0595136a9cc076b7aa97268b67c1cd9b,official,lightning_indexer,256,262144,512,0,0,bfloat16,int32,10,deep_gemm,unsupported,UnsupportedByBackend,"backend 'deep_gemm' ranks float32 scores, and was given torch.bfloat16; 'maca_c' and 'torch' take bfloat16 as well",,,,,,,,
MetaX_C500,MetaX C500,104,ee402bccab9be388e7197808c1ba448826e00ea1,0595136a9cc076b7aa97268b67c1cd9b,official,lightning_indexer,256,524288,512,0,0,bfloat16,int32,10,maca_c,pass,,,542.515,537.6,0.495765,495.765,268.96,100.0,100.0,
MetaX_C500,MetaX C500,104,ee402bccab9be388e7197808c1ba448826e00ea1,0595136a9cc076b7aa97268b67c1cd9b,official,lightning_indexer,256,524288,512,0,0,bfloat16,int32,10,torch,pass,,,3689.626,3691.187,0.072896,72.896,,14.7,14.56,
MetaX_C500,MetaX C500,104,ee402bccab9be388e7197808c1ba448826e00ea1,0595136a9cc076b7aa97268b67c1cd9b,official,lightning_indexer,256,524288,512,0,0,bfloat16,int32,10,deep_gemm,unsupported,UnsupportedByBackend,"backend 'deep_gemm' ranks float32 scores, and was given torch.bfloat16; 'maca_c' and 'torch' take bfloat16 as well",,,,,,,,
MetaX_C500,MetaX C500,104,ee402bccab9be388e7197808c1ba448826e00ea1,0595136a9cc076b7aa97268b67c1cd9b,official,lightning_indexer,256,1048576,512,0,0,bfloat16,int32,10,maca_c,pass,,,1026.125,1019.264,0.523713,523.713,537.395,100.0,100.0,
MetaX_C500,MetaX C500,104,ee402bccab9be388e7197808c1ba448826e00ea1,0595136a9cc076b7aa97268b67c1cd9b,official,lightning_indexer,256,1048576,512,0,0,bfloat16,int32,10,torch,pass,,,6976.154,6966.425,0.077033,77.033,,14.71,14.63,
MetaX_C500,MetaX C500,104,ee402bccab9be388e7197808c1ba448826e00ea1,0595136a9cc076b7aa97268b67c1cd9b,official,lightning_indexer,256,1048576,512,0,0,bfloat16,int32,10,deep_gemm,unsupported,UnsupportedByBackend,"backend 'deep_gemm' ranks float32 scores, and was given torch.bfloat16; 'maca_c' and 'torch' take bfloat16 as well",,,,,,,,
MetaX_C500,MetaX C500,104,ee402bccab9be388e7197808c1ba448826e00ea1,0595136a9cc076b7aa97268b67c1cd9b,official,lightning_indexer,512,256,512,0,0,bfloat16,int32,10,maca_c,pass,,,6.81,55.885,0.19247,192.47,1.311,100.0,100.0,
MetaX_C500,MetaX C500,104,ee402bccab9be388e7197808c1ba448826e00ea1,0595136a9cc076b7aa97268b67c1cd9b,official,lightning_indexer,512,256,512,0,0,bfloat16,int32,10,torch,pass,,"not applicable: the reference backend needs vocab_size >= topk, no window, no offset (tests/test.py's own guard)",,,,,,,,
MetaX_C500,MetaX C500,104,ee402bccab9be388e7197808c1ba448826e00ea1,0595136a9cc076b7aa97268b67c1cd9b,official,lightning_indexer,512,256,512,0,0,bfloat16,int32,10,deep_gemm,unsupported,UnsupportedByBackend,"backend 'deep_gemm' ranks float32 scores, and was given torch.bfloat16; 'maca_c' and 'torch' take bfloat16 as well",,,,,,,,
MetaX_C500,MetaX C500,104,ee402bccab9be388e7197808c1ba448826e00ea1,0595136a9cc076b7aa97268b67c1cd9b,official,lightning_indexer,512,1024,512,0,0,bfloat16,int32,10,maca_c,pass,,,36.352,56.832,0.05769,57.69,2.097,100.0,100.0,
MetaX_C500,MetaX C500,104,ee402bccab9be388e7197808c1ba448826e00ea1,0595136a9cc076b7aa97268b67c1cd9b,official,lightning_indexer,512,1024,512,0,0,bfloat16,int32,10,torch,pass,,,91.622,93.261,0.022889,22.889,,39.68,60.94,
MetaX_C500,MetaX C500,104,ee402bccab9be388e7197808c1ba448826e00ea1,0595136a9cc076b7aa97268b67c1cd9b,official,lightning_indexer,512,1024,512,0,0,bfloat16,int32,10,deep_gemm,unsupported,UnsupportedByBackend,"backend 'deep_gemm' ranks float32 scores, and was given torch.bfloat16; 'maca_c' and 'torch' take bfloat16 as well",,,,,,,,
MetaX_C500,MetaX C500,104,ee402bccab9be388e7197808c1ba448826e00ea1,0595136a9cc076b7aa97268b67c1cd9b,official,lightning_indexer,512,4096,512,0,0,bfloat16,int32,10,maca_c,pass,,,48.026,48.128,0.109168,109.168,5.243,100.0,100.0,
MetaX_C500,MetaX C500,104,ee402bccab9be388e7197808c1ba448826e00ea1,0595136a9cc076b7aa97268b67c1cd9b,official,lightning_indexer,512,4096,512,0,0,bfloat16,int32,10,torch,pass,,,254.08,245.018,0.020635,20.635,,18.9,19.64,
MetaX_C500,MetaX C500,104,ee402bccab9be388e7197808c1ba448826e00ea1,0595136a9cc076b7aa97268b67c1cd9b,official,lightning_indexer,512,4096,512,0,0,bfloat16,int32,10,deep_gemm,unsupported,UnsupportedByBackend,"backend 'deep_gemm' ranks float32 scores, and was given torch.bfloat16; 'maca_c' and 'torch' take bfloat16 as well",,,,,,,,
MetaX_C500,MetaX C500,104,ee402bccab9be388e7197808c1ba448826e00ea1,0595136a9cc076b7aa97268b67c1cd9b,official,lightning_indexer,512,16384,512,0,0,bfloat16,int32,10,maca_c,pass,,,83.072,82.586,0.214582,214.582,17.826,100.0,100.0,
MetaX_C500,MetaX C500,104,ee402bccab9be388e7197808c1ba448826e00ea1,0595136a9cc076b7aa97268b67c1cd9b,official,lightning_indexer,512,16384,512,0,0,bfloat16,int32,10,torch,pass,,,463.923,453.862,0.038424,38.424,,17.91,18.2,
MetaX_C500,MetaX C500,104,ee402bccab9be388e7197808c1ba448826e00ea1,0595136a9cc076b7aa97268b67c1cd9b,official,lightning_indexer,512,16384,512,0,0,bfloat16,int32,10,deep_gemm,unsupported,UnsupportedByBackend,"backend 'deep_gemm' ranks float32 scores, and was given torch.bfloat16; 'maca_c' and 'torch' take bfloat16 as well",,,,,,,,
MetaX_C500,MetaX C500,104,ee402bccab9be388e7197808c1ba448826e00ea1,0595136a9cc076b7aa97268b67c1cd9b,official,lightning_indexer,512,65536,512,0,0,bfloat16,int32,10,maca_c,pass,,,170.138,169.882,0.400601,400.601,68.157,100.0,100.0,
MetaX_C500,MetaX C500,104,ee402bccab9be388e7197808c1ba448826e00ea1,0595136a9cc076b7aa97268b67c1cd9b,official,lightning_indexer,512,65536,512,0,0,bfloat16,int32,10,torch,pass,,,1204.608,1198.182,0.056581,56.581,,14.12,14.18,
MetaX_C500,MetaX C500,104,ee402bccab9be388e7197808c1ba448826e00ea1,0595136a9cc076b7aa97268b67c1cd9b,official,lightning_indexer,512,65536,512,0,0,bfloat16,int32,10,deep_gemm,unsupported,UnsupportedByBackend,"backend 'deep_gemm' ranks float32 scores, and was given torch.bfloat16; 'maca_c' and 'torch' take bfloat16 as well",,,,,,,,
MetaX_C500,MetaX C500,104,ee402bccab9be388e7197808c1ba448826e00ea1,0595136a9cc076b7aa97268b67c1cd9b,official,lightning_indexer,512,131072,512,0,0,bfloat16,int32,10,maca_c,pass,,,272.051,270.054,0.497209,497.209,135.266,100.0,100.0,
MetaX_C500,MetaX C500,104,ee402bccab9be388e7197808c1ba448826e00ea1,0595136a9cc076b7aa97268b67c1cd9b,official,lightning_indexer,512,131072,512,0,0,bfloat16,int32,10,torch,pass,,,2154.342,2142.976,0.062788,62.788,,12.63,12.6,
MetaX_C500,MetaX C500,104,ee402bccab9be388e7197808c1ba448826e00ea1,0595136a9cc076b7aa97268b67c1cd9b,official,lightning_indexer,512,131072,512,0,0,bfloat16,int32,10,deep_gemm,unsupported,UnsupportedByBackend,"backend 'deep_gemm' ranks float32 scores, and was given torch.bfloat16; 'maca_c' and 'torch' take bfloat16 as well",,,,,,,,
MetaX_C500,MetaX C500,104,ee402bccab9be388e7197808c1ba448826e00ea1,0595136a9cc076b7aa97268b67c1cd9b,official,lightning_indexer,512,262144,512,0,0,bfloat16,int32,10,maca_c,pass,,,468.07,461.952,0.575734,575.734,269.484,100.0,100.0,
MetaX_C500,MetaX C500,104,ee402bccab9be388e7197808c1ba448826e00ea1,0595136a9cc076b7aa97268b67c1cd9b,official,lightning_indexer,512,262144,512,0,0,bfloat16,int32,10,torch,pass,,,3792.333,3785.933,0.07106,71.06,,12.34,12.2,
MetaX_C500,MetaX C500,104,ee402bccab9be388e7197808c1ba448826e00ea1,0595136a9cc076b7aa97268b67c1cd9b,official,lightning_indexer,512,262144,512,0,0,bfloat16,int32,10,deep_gemm,unsupported,UnsupportedByBackend,"backend 'deep_gemm' ranks float32 scores, and was given torch.bfloat16; 'maca_c' and 'torch' take bfloat16 as well",,,,,,,,
MetaX_C500,MetaX C500,104,ee402bccab9be388e7197808c1ba448826e00ea1,0595136a9cc076b7aa97268b67c1cd9b,official,lightning_indexer,512,524288,512,0,0,bfloat16,int32,10,maca_c,pass,,,852.045,845.798,0.631328,631.328,537.919,100.0,100.0,
MetaX_C500,MetaX C500,104,ee402bccab9be388e7197808c1ba448826e00ea1,0595136a9cc076b7aa97268b67c1cd9b,official,lightning_indexer,512,524288,512,0,0,bfloat16,int32,10,torch,pass,,,7053.594,7061.786,0.076262,76.262,,12.08,11.98,
MetaX_C500,MetaX C500,104,ee402bccab9be388e7197808c1ba448826e00ea1,0595136a9cc076b7aa97268b67c1cd9b,official,lightning_indexer,512,524288,512,0,0,bfloat16,int32,10,deep_gemm,unsupported,UnsupportedByBackend,"backend 'deep_gemm' ranks float32 scores, and was given torch.bfloat16; 'maca_c' and 'torch' take bfloat16 as well",,,,,,,,
MetaX_C500,MetaX C500,104,ee402bccab9be388e7197808c1ba448826e00ea1,0595136a9cc076b7aa97268b67c1cd9b,official,lightning_indexer,512,1048576,512,0,0,bfloat16,int32,10,maca_c,pass,,,1616.358,1607.475,0.664946,664.946,1074.79,100.0,100.0,
MetaX_C500,MetaX C500,104,ee402bccab9be388e7197808c1ba448826e00ea1,0595136a9cc076b7aa97268b67c1cd9b,official,lightning_indexer,512,1048576,512,0,0,bfloat16,int32,10,torch,pass,,,13629.363,13647.641,0.078858,78.858,,11.86,11.78,
MetaX_C500,MetaX C500,104,ee402bccab9be388e7197808c1ba448826e00ea1,0595136a9cc076b7aa97268b67c1cd9b,official,lightning_indexer,512,1048576,512,0,0,bfloat16,int32,10,deep_gemm,unsupported,UnsupportedByBackend,"backend 'deep_gemm' ranks float32 scores, and was given torch.bfloat16; 'maca_c' and 'torch' take bfloat16 as well",,,,,,,,
MetaX_C500,MetaX C500,104,ee402bccab9be388e7197808c1ba448826e00ea1,0595136a9cc076b7aa97268b67c1cd9b,official,lightning_indexer,768,256,512,0,0,bfloat16,int32,10,maca_c,pass,,,8.371,41.626,0.234868,234.868,1.966,100.0,100.0,
MetaX_C500,MetaX C500,104,ee402bccab9be388e7197808c1ba448826e00ea1,0595136a9cc076b7aa97268b67c1cd9b,official,lightning_indexer,768,256,512,0,0,bfloat16,int32,10,torch,pass,,"not applicable: the reference backend needs vocab_size >= topk, no window, no offset (tests/test.py's own guard)",,,,,,,,
MetaX_C500,MetaX C500,104,ee402bccab9be388e7197808c1ba448826e00ea1,0595136a9cc076b7aa97268b67c1cd9b,official,lightning_indexer,768,256,512,0,0,bfloat16,int32,10,deep_gemm,unsupported,UnsupportedByBackend,"backend 'deep_gemm' ranks float32 scores, and was given torch.bfloat16; 'maca_c' and 'torch' take bfloat16 as well",,,,,,,,
MetaX_C500,MetaX C500,104,ee402bccab9be388e7197808c1ba448826e00ea1,0595136a9cc076b7aa97268b67c1cd9b,official,lightning_indexer,768,1024,512,0,0,bfloat16,int32,10,maca_c,pass,,,48.051,50.381,0.065466,65.466,3.146,100.0,100.0,
MetaX_C500,MetaX C500,104,ee402bccab9be388e7197808c1ba448826e00ea1,0595136a9cc076b7aa97268b67c1cd9b,official,lightning_indexer,768,1024,512,0,0,bfloat16,int32,10,torch,pass,,,125.594,128.179,0.025047,25.047,,38.26,39.31,
MetaX_C500,MetaX C500,104,ee402bccab9be388e7197808c1ba448826e00ea1,0595136a9cc076b7aa97268b67c1cd9b,official,lightning_indexer,768,1024,512,0,0,bfloat16,int32,10,deep_gemm,unsupported,UnsupportedByBackend,"backend 'deep_gemm' ranks float32 scores, and was given torch.bfloat16; 'maca_c' and 'torch' take bfloat16 as well",,,,,,,,
MetaX_C500,MetaX C500,104,ee402bccab9be388e7197808c1ba448826e00ea1,0595136a9cc076b7aa97268b67c1cd9b,official,lightning_indexer,768,4096,512,0,0,bfloat16,int32,10,maca_c,pass,,,64.819,66.816,0.121327,121.327,7.864,100.0,100.0,
MetaX_C500,MetaX C500,104,ee402bccab9be388e7197808c1ba448826e00ea1,0595136a9cc076b7aa97268b67c1cd9b,official,lightning_indexer,768,4096,512,0,0,bfloat16,int32,10,torch,pass,,,311.091,300.979,0.02528,25.28,,20.84,22.2,
MetaX_C500,MetaX C500,104,ee402bccab9be388e7197808c1ba448826e00ea1,0595136a9cc076b7aa97268b67c1cd9b,official,lightning_indexer,768,4096,512,0,0,bfloat16,int32,10,deep_gemm,unsupported,UnsupportedByBackend,"backend 'deep_gemm' ranks float32 scores, and was given torch.bfloat16; 'maca_c' and 'torch' take bfloat16 as well",,,,,,,,
MetaX_C500,MetaX C500,104,ee402bccab9be388e7197808c1ba448826e00ea1,0595136a9cc076b7aa97268b67c1cd9b,official,lightning_indexer,768,16384,512,0,0,bfloat16,int32,10,maca_c,pass,,,117.248,117.197,0.228052,228.052,26.739,100.0,100.0,
MetaX_C500,MetaX C500,104,ee402bccab9be388e7197808c1ba448826e00ea1,0595136a9cc076b7aa97268b67c1cd9b,official,lightning_indexer,768,16384,512,0,0,bfloat16,int32,10,torch,pass,,,688.282,678.067,0.038848,38.848,,17.03,17.28,
MetaX_C500,MetaX C500,104,ee402bccab9be388e7197808c1ba448826e00ea1,0595136a9cc076b7aa97268b67c1cd9b,official,lightning_indexer,768,16384,512,0,0,bfloat16,int32,10,deep_gemm,unsupported,UnsupportedByBackend,"backend 'deep_gemm' ranks float32 scores, and was given torch.bfloat16; 'maca_c' and 'torch' take bfloat16 as well",,,,,,,,
MetaX_C500,MetaX C500,104,ee402bccab9be388e7197808c1ba448826e00ea1,0595136a9cc076b7aa97268b67c1cd9b,official,lightning_indexer,768,65536,512,0,0,bfloat16,int32,10,maca_c,pass,,,251.238,250.317,0.40693,406.93,102.236,100.0,100.0,
MetaX_C500,MetaX C500,104,ee402bccab9be388e7197808c1ba448826e00ea1,0595136a9cc076b7aa97268b67c1cd9b,official,lightning_indexer,768,65536,512,0,0,bfloat16,int32,10,torch,pass,,,1678.669,1668.608,0.060903,60.903,,14.97,15.0,
MetaX_C500,MetaX C500,104,ee402bccab9be388e7197808c1ba448826e00ea1,0595136a9cc076b7aa97268b67c1cd9b,official,lightning_indexer,768,65536,512,0,0,bfloat16,int32,10,deep_gemm,unsupported,UnsupportedByBackend,"backend 'deep_gemm' ranks float32 scores, and was given torch.bfloat16; 'maca_c' and 'torch' take bfloat16 as well",,,,,,,,
MetaX_C500,MetaX C500,104,ee402bccab9be388e7197808c1ba448826e00ea1,0595136a9cc076b7aa97268b67c1cd9b,official,lightning_indexer,768,131072,512,0,0,bfloat16,int32,10,maca_c,pass,,,404.659,403.584,0.501408,501.408,202.899,100.0,100.0,
MetaX_C500,MetaX C500,104,ee402bccab9be388e7197808c1ba448826e00ea1,0595136a9cc076b7aa97268b67c1cd9b,official,lightning_indexer,768,131072,512,0,0,bfloat16,int32,10,torch,pass,,,3085.491,3077.862,0.065759,65.759,,13.11,13.11,
MetaX_C500,MetaX C500,104,ee402bccab9be388e7197808c1ba448826e00ea1,0595136a9cc076b7aa97268b67c1cd9b,official,lightning_indexer,768,131072,512,0,0,bfloat16,int32,10,deep_gemm,unsupported,UnsupportedByBackend,"backend 'deep_gemm' ranks float32 scores, and was given torch.bfloat16; 'maca_c' and 'torch' take bfloat16 as well",,,,,,,,
MetaX_C500,MetaX C500,104,ee402bccab9be388e7197808c1ba448826e00ea1,0595136a9cc076b7aa97268b67c1cd9b,official,lightning_indexer,768,262144,512,0,0,bfloat16,int32,10,maca_c,pass,,,702.797,698.061,0.575168,575.168,404.226,100.0,100.0,
MetaX_C500,MetaX C500,104,ee402bccab9be388e7197808c1ba448826e00ea1,0595136a9cc076b7aa97268b67c1cd9b,official,lightning_indexer,768,262144,512,0,0,bfloat16,int32,10,torch,pass,,,5558.17,5553.408,0.072726,72.726,,12.64,12.57,
MetaX_C500,MetaX C500,104,ee402bccab9be388e7197808c1ba448826e00ea1,0595136a9cc076b7aa97268b67c1cd9b,official,lightning_indexer,768,262144,512,0,0,bfloat16,int32,10,deep_gemm,unsupported,UnsupportedByBackend,"backend 'deep_gemm' ranks float32 scores, and was given torch.bfloat16; 'maca_c' and 'torch' take bfloat16 as well",,,,,,,,
MetaX_C500,MetaX C500,104,ee402bccab9be388e7197808c1ba448826e00ea1,0595136a9cc076b7aa97268b67c1cd9b,official,lightning_indexer,768,524288,512,0,0,bfloat16,int32,10,maca_c,pass,,,1291.981,1283.968,0.624529,624.529,806.879,100.0,100.0,
MetaX_C500,MetaX C500,104,ee402bccab9be388e7197808c1ba448826e00ea1,0595136a9cc076b7aa97268b67c1cd9b,official,lightning_indexer,768,524288,512,0,0,bfloat16,int32,10,torch,pass,,,10390.298,10400.793,0.077657,77.657,,12.43,12.34,
MetaX_C500,MetaX C500,104,ee402bccab9be388e7197808c1ba448826e00ea1,0595136a9cc076b7aa97268b67c1cd9b,official,lightning_indexer,768,524288,512,0,0,bfloat16,int32,10,deep_gemm,unsupported,UnsupportedByBackend,"backend 'deep_gemm' ranks float32 scores, and was given torch.bfloat16; 'maca_c' and 'torch' take bfloat16 as well",,,,,,,,
MetaX_C500,MetaX C500,104,ee402bccab9be388e7197808c1ba448826e00ea1,0595136a9cc076b7aa97268b67c1cd9b,official,lightning_indexer,768,1048576,512,0,0,bfloat16,int32,10,maca_c,pass,,,2461.03,2453.274,0.655086,655.086,1612.186,100.0,100.0,
MetaX_C500,MetaX C500,104,ee402bccab9be388e7197808c1ba448826e00ea1,0595136a9cc076b7aa97268b67c1cd9b,official,lightning_indexer,768,1048576,512,0,0,bfloat16,int32,10,torch,pass,,,20104.397,20134.86,0.080191,80.191,,12.24,12.18,
MetaX_C500,MetaX C500,104,ee402bccab9be388e7197808c1ba448826e00ea1,0595136a9cc076b7aa97268b67c1cd9b,official,lightning_indexer,768,1048576,512,0,0,bfloat16,int32,10,deep_gemm,unsupported,UnsupportedByBackend,"backend 'deep_gemm' ranks float32 scores, and was given torch.bfloat16; 'maca_c' and 'torch' take bfloat16 as well",,,,,,,,
MetaX_C500,MetaX C500,104,ee402bccab9be388e7197808c1ba448826e00ea1,0595136a9cc076b7aa97268b67c1cd9b,official,lightning_indexer,4096,256,512,0,0,bfloat16,int32,10,maca_c,pass,,,28.851,40.397,0.363445,363.445,10.486,100.0,100.0,
MetaX_C500,MetaX C500,104,ee402bccab9be388e7197808c1ba448826e00ea1,0595136a9cc076b7aa97268b67c1cd9b,official,lightning_indexer,4096,256,512,0,0,bfloat16,int32,10,torch,pass,,"not applicable: the reference backend needs vocab_size >= topk, no window, no offset (tests/test.py's own guard)",,,,,,,,
MetaX_C500,MetaX C500,104,ee402bccab9be388e7197808c1ba448826e00ea1,0595136a9cc076b7aa97268b67c1cd9b,official,lightning_indexer,4096,256,512,0,0,bfloat16,int32,10,deep_gemm,unsupported,UnsupportedByBackend,"backend 'deep_gemm' ranks float32 scores, and was given torch.bfloat16; 'maca_c' and 'torch' take bfloat16 as well",,,,,,,,
MetaX_C500,MetaX C500,104,ee402bccab9be388e7197808c1ba448826e00ea1,0595136a9cc076b7aa97268b67c1cd9b,official,lightning_indexer,4096,1024,512,0,0,bfloat16,int32,10,maca_c,pass,,,203.443,207.334,0.082466,82.466,16.777,100.0,100.0,
MetaX_C500,MetaX C500,104,ee402bccab9be388e7197808c1ba448826e00ea1,0595136a9cc076b7aa97268b67c1cd9b,official,lightning_indexer,4096,1024,512,0,0,bfloat16,int32,10,torch,pass,,,385.382,376.858,0.043534,43.534,,52.79,55.02,
MetaX_C500,MetaX C500,104,ee402bccab9be388e7197808c1ba448826e00ea1,0595136a9cc076b7aa97268b67c1cd9b,official,lightning_indexer,4096,1024,512,0,0,bfloat16,int32,10,deep_gemm,unsupported,UnsupportedByBackend,"backend 'deep_gemm' ranks float32 scores, and was given torch.bfloat16; 'maca_c' and 'torch' take bfloat16 as well",,,,,,,,
MetaX_C500,MetaX C500,104,ee402bccab9be388e7197808c1ba448826e00ea1,0595136a9cc076b7aa97268b67c1cd9b,official,lightning_indexer,4096,4096,512,0,0,bfloat16,int32,10,maca_c,pass,,,295.347,298.112,0.142013,142.013,41.943,100.0,100.0,
MetaX_C500,MetaX C500,104,ee402bccab9be388e7197808c1ba448826e00ea1,0595136a9cc076b7aa97268b67c1cd9b,official,lightning_indexer,4096,4096,512,0,0,bfloat16,int32,10,torch,pass,,,706.995,698.675,0.059326,59.326,,41.77,42.67,
MetaX_C500,MetaX C500,104,ee402bccab9be388e7197808c1ba448826e00ea1,0595136a9cc076b7aa97268b67c1cd9b,official,lightning_indexer,4096,4096,512,0,0,bfloat16,int32,10,deep_gemm,unsupported,UnsupportedByBackend,"backend 'deep_gemm' ranks float32 scores, and was given torch.bfloat16; 'maca_c' and 'torch' take bfloat16 as well",,,,,,,,
MetaX_C500,MetaX C500,104,ee402bccab9be388e7197808c1ba448826e00ea1,0595136a9cc076b7aa97268b67c1cd9b,official,lightning_indexer,4096,16384,512,0,0,bfloat16,int32,10,maca_c,pass,,,543.078,545.203,0.262589,262.589,142.606,100.0,100.0,
MetaX_C500,MetaX C500,104,ee402bccab9be388e7197808c1ba448826e00ea1,0595136a9cc076b7aa97268b67c1cd9b,official,lightning_indexer,4096,16384,512,0,0,bfloat16,int32,10,torch,pass,,,2009.779,2010.086,0.070956,70.956,,27.02,27.12,
MetaX_C500,MetaX C500,104,ee402bccab9be388e7197808c1ba448826e00ea1,0595136a9cc076b7aa97268b67c1cd9b,official,lightning_indexer,4096,16384,512,0,0,bfloat16,int32,10,deep_gemm,unsupported,UnsupportedByBackend,"backend 'deep_gemm' ranks float32 scores, and was given torch.bfloat16; 'maca_c' and 'torch' take bfloat16 as well",,,,,,,,
MetaX_C500,MetaX C500,104,ee402bccab9be388e7197808c1ba448826e00ea1,0595136a9cc076b7aa97268b67c1cd9b,official,lightning_indexer,4096,65536,512,0,0,bfloat16,int32,10,maca_c,pass,,,1180.442,1180.902,0.461911,461.911,545.26,100.0,100.0,
MetaX_C500,MetaX C500,104,ee402bccab9be388e7197808c1ba448826e00ea1,0595136a9cc076b7aa97268b67c1cd9b,official,lightning_indexer,4096,65536,512,0,0,bfloat16,int32,10,torch,pass,,,7791.821,7799.628,0.069978,69.978,,15.15,15.14,
MetaX_C500,MetaX C500,104,ee402bccab9be388e7197808c1ba448826e00ea1,0595136a9cc076b7aa97268b67c1cd9b,official,lightning_indexer,4096,65536,512,0,0,bfloat16,int32,10,deep_gemm,unsupported,UnsupportedByBackend,"backend 'deep_gemm' ranks float32 scores, and was given torch.bfloat16; 'maca_c' and 'torch' take bfloat16 as well",,,,,,,,
MetaX_C500,MetaX C500,104,ee402bccab9be388e7197808c1ba448826e00ea1,0595136a9cc076b7aa97268b67c1cd9b,official,lightning_indexer,4096,131072,512,0,0,bfloat16,int32,10,maca_c,pass,,,1901.798,1901.798,0.569004,569.004,1082.13,100.0,100.0,
MetaX_C500,MetaX C500,104,ee402bccab9be388e7197808c1ba448826e00ea1,0595136a9cc076b7aa97268b67c1cd9b,official,lightning_indexer,4096,131072,512,0,0,bfloat16,int32,10,torch,pass,,,15386.957,15401.421,0.070328,70.328,,12.36,12.35,
MetaX_C500,MetaX C500,104,ee402bccab9be388e7197808c1ba448826e00ea1,0595136a9cc076b7aa97268b67c1cd9b,official,lightning_indexer,4096,131072,512,0,0,bfloat16,int32,10,deep_gemm,unsupported,UnsupportedByBackend,"backend 'deep_gemm' ranks float32 scores, and was given torch.bfloat16; 'maca_c' and 'torch' take bfloat16 as well",,,,,,,,
MetaX_C500,MetaX C500,104,ee402bccab9be388e7197808c1ba448826e00ea1,0595136a9cc076b7aa97268b67c1cd9b,official,lightning_indexer,4096,262144,512,0,0,bfloat16,int32,10,maca_c,pass,,,3317.606,3321.139,0.649828,649.828,2155.872,100.0,100.0,
MetaX_C500,MetaX C500,104,ee402bccab9be388e7197808c1ba448826e00ea1,0595136a9cc076b7aa97268b67c1cd9b,official,lightning_indexer,4096,262144,512,0,0,bfloat16,int32,10,torch,pass,,,29510.502,29545.114,0.073054,73.054,,11.24,11.24,
MetaX_C500,MetaX C500,104,ee402bccab9be388e7197808c1ba448826e00ea1,0595136a9cc076b7aa97268b67c1cd9b,official,lightning_indexer,4096,262144,512,0,0,bfloat16,int32,10,deep_gemm,unsupported,UnsupportedByBackend,"backend 'deep_gemm' ranks float32 scores, and was given torch.bfloat16; 'maca_c' and 'torch' take bfloat16 as well",,,,,,,,
MetaX_C500,MetaX C500,104,ee402bccab9be388e7197808c1ba448826e00ea1,0595136a9cc076b7aa97268b67c1cd9b,official,lightning_indexer,4096,524288,512,0,0,bfloat16,int32,10,maca_c,pass,,,6144.0,6152.986,0.700416,700.416,4303.356,100.0,100.0,
MetaX_C500,MetaX C500,104,ee402bccab9be388e7197808c1ba448826e00ea1,0595136a9cc076b7aa97268b67c1cd9b,official,lightning_indexer,4096,524288,512,0,0,bfloat16,int32,10,torch,pass,,,57697.792,57754.779,0.074584,74.584,,10.65,10.65,
MetaX_C500,MetaX C500,104,ee402bccab9be388e7197808c1ba448826e00ea1,0595136a9cc076b7aa97268b67c1cd9b,official,lightning_indexer,4096,524288,512,0,0,bfloat16,int32,10,deep_gemm,unsupported,UnsupportedByBackend,"backend 'deep_gemm' ranks float32 scores, and was given torch.bfloat16; 'maca_c' and 'torch' take bfloat16 as well",,,,,,,,
MetaX_C500,MetaX C500,104,ee402bccab9be388e7197808c1ba448826e00ea1,0595136a9cc076b7aa97268b67c1cd9b,official,lightning_indexer,4096,1048576,512,0,0,bfloat16,int32,10,maca_c,pass,,,11763.917,11764.301,0.730906,730.906,8598.323,100.0,100.0,
MetaX_C500,MetaX C500,104,ee402bccab9be388e7197808c1ba448826e00ea1,0595136a9cc076b7aa97268b67c1cd9b,official,lightning_indexer,4096,1048576,512,0,0,bfloat16,int32,10,torch,pass,,,111880.013,111942.529,0.076853,76.853,,10.51,10.51,
MetaX_C500,MetaX C500,104,ee402bccab9be388e7197808c1ba448826e00ea1,0595136a9cc076b7aa97268b67c1cd9b,official,lightning_indexer,4096,1048576,512,0,0,bfloat16,int32,10,deep_gemm,unsupported,UnsupportedByBackend,"backend 'deep_gemm' ranks float32 scores, and was given torch.bfloat16; 'maca_c' and 'torch' take bfloat16 as well",,,,,,,,
MetaX_C500,MetaX C500,104,ee402bccab9be388e7197808c1ba448826e00ea1,0595136a9cc076b7aa97268b67c1cd9b,official,lightning_indexer,6,256,1024,0,0,bfloat16,int32,10,maca_c,pass,,,3.584,38.502,0.007714,7.714,0.028,100.0,100.0,
MetaX_C500,MetaX C500,104,ee402bccab9be388e7197808c1ba448826e00ea1,0595136a9cc076b7aa97268b67c1cd9b,official,lightning_indexer,6,256,1024,0,0,bfloat16,int32,10,torch,pass,,"not applicable: the reference backend needs vocab_size >= topk, no window, no offset (tests/test.py's own guard)",,,,,,,,
MetaX_C500,MetaX C500,104,ee402bccab9be388e7197808c1ba448826e00ea1,0595136a9cc076b7aa97268b67c1cd9b,official,lightning_indexer,6,256,1024,0,0,bfloat16,int32,10,deep_gemm,unsupported,UnsupportedByBackend,"backend 'deep_gemm' ranks float32 scores, and was given torch.bfloat16; 'maca_c' and 'torch' take bfloat16 as well",,,,,,,,
MetaX_C500,MetaX C500,104,ee402bccab9be388e7197808c1ba448826e00ea1,0595136a9cc076b7aa97268b67c1cd9b,official,lightning_indexer,6,1024,1024,0,0,bfloat16,int32,10,maca_c,pass,,,3.558,38.989,0.010361,10.361,0.037,100.0,100.0,
MetaX_C500,MetaX C500,104,ee402bccab9be388e7197808c1ba448826e00ea1,0595136a9cc076b7aa97268b67c1cd9b,official,lightning_indexer,6,1024,1024,0,0,bfloat16,int32,10,torch,pass,,,24.909,25.37,0.00148,1.48,,14.28,153.68,
MetaX_C500,MetaX C500,104,ee402bccab9be388e7197808c1ba448826e00ea1,0595136a9cc076b7aa97268b67c1cd9b,official,lightning_indexer,6,1024,1024,0,0,bfloat16,int32,10,deep_gemm,unsupported,UnsupportedByBackend,"backend 'deep_gemm' ranks float32 scores, and was given torch.bfloat16; 'maca_c' and 'torch' take bfloat16 as well",,,,,,,,
MetaX_C500,MetaX C500,104,ee402bccab9be388e7197808c1ba448826e00ea1,0595136a9cc076b7aa97268b67c1cd9b,official,lightning_indexer,6,4096,1024,0,0,bfloat16,int32,10,maca_c,pass,,,17.101,39.117,0.004311,4.311,0.074,100.0,100.0,
MetaX_C500,MetaX C500,104,ee402bccab9be388e7197808c1ba448826e00ea1,0595136a9cc076b7aa97268b67c1cd9b,official,lightning_indexer,6,4096,1024,0,0,bfloat16,int32,10,torch,pass,,,50.867,50.893,0.001449,1.449,,33.62,76.86,
MetaX_C500,MetaX C500,104,ee402bccab9be388e7197808c1ba448826e00ea1,0595136a9cc076b7aa97268b67c1cd9b,official,lightning_indexer,6,4096,1024,0,0,bfloat16,int32,10,deep_gemm,unsupported,UnsupportedByBackend,"backend 'deep_gemm' ranks float32 scores, and was given torch.bfloat16; 'maca_c' and 'torch' take bfloat16 as well",,,,,,,,
MetaX_C500,MetaX C500,104,ee402bccab9be388e7197808c1ba448826e00ea1,0595136a9cc076b7aa97268b67c1cd9b,official,lightning_indexer,6,16384,1024,0,0,bfloat16,int32,10,maca_c,pass,,,27.674,40.09,0.007992,7.992,0.221,100.0,100.0,
MetaX_C500,MetaX C500,104,ee402bccab9be388e7197808c1ba448826e00ea1,0595136a9cc076b7aa97268b67c1cd9b,official,lightning_indexer,6,16384,1024,0,0,bfloat16,int32,10,torch,pass,,,144.614,143.59,0.001529,1.529,,19.14,27.92,
MetaX_C500,MetaX C500,104,ee402bccab9be388e7197808c1ba448826e00ea1,0595136a9cc076b7aa97268b67c1cd9b,official,lightning_indexer,6,16384,1024,0,0,bfloat16,int32,10,deep_gemm,unsupported,UnsupportedByBackend,"backend 'deep_gemm' ranks float32 scores, and was given torch.bfloat16; 'maca_c' and 'torch' take bfloat16 as well",,,,,,,,
MetaX_C500,MetaX C500,104,ee402bccab9be388e7197808c1ba448826e00ea1,0595136a9cc076b7aa97268b67c1cd9b,official,lightning_indexer,6,65536,1024,0,0,bfloat16,int32,10,maca_c,pass,,,49.946,53.555,0.016238,16.238,0.811,100.0,100.0,
MetaX_C500,MetaX C500,104,ee402bccab9be388e7197808c1ba448826e00ea1,0595136a9cc076b7aa97268b67c1cd9b,official,lightning_indexer,6,65536,1024,0,0,bfloat16,int32,10,torch,pass,,,180.813,159.539,0.004485,4.485,,27.62,33.57,
MetaX_C500,MetaX C500,104,ee402bccab9be388e7197808c1ba448826e00ea1,0595136a9cc076b7aa97268b67c1cd9b,official,lightning_indexer,6,65536,1024,0,0,bfloat16,int32,10,deep_gemm,unsupported,UnsupportedByBackend,"backend 'deep_gemm' ranks float32 scores, and was given torch.bfloat16; 'maca_c' and 'torch' take bfloat16 as well",,,,,,,,
MetaX_C500,MetaX C500,104,ee402bccab9be388e7197808c1ba448826e00ea1,0595136a9cc076b7aa97268b67c1cd9b,official,lightning_indexer,6,131072,1024,0,0,bfloat16,int32,10,maca_c,pass,,,77.363,80.538,0.020649,20.649,1.597,100.0,100.0,
MetaX_C500,MetaX C500,104,ee402bccab9be388e7197808c1ba448826e00ea1,0595136a9cc076b7aa97268b67c1cd9b,official,lightning_indexer,6,131072,1024,0,0,bfloat16,int32,10,torch,pass,,,226.381,205.619,0.007056,7.056,,34.17,39.17,
MetaX_C500,MetaX C500,104,ee402bccab9be388e7197808c1ba448826e00ea1,0595136a9cc076b7aa97268b67c1cd9b,official,lightning_indexer,6,131072,1024,0,0,bfloat16,int32,10,deep_gemm,unsupported,UnsupportedByBackend,"backend 'deep_gemm' ranks float32 scores, and was given torch.bfloat16; 'maca_c' and 'torch' take bfloat16 as well",,,,,,,,
MetaX_C500,MetaX C500,104,ee402bccab9be388e7197808c1ba448826e00ea1,0595136a9cc076b7aa97268b67c1cd9b,official,lightning_indexer,6,262144,1024,0,0,bfloat16,int32,10,maca_c,pass,,,98.381,133.325,0.032225,32.225,3.17,100.0,100.0,
MetaX_C500,MetaX C500,104,ee402bccab9be388e7197808c1ba448826e00ea1,0595136a9cc076b7aa97268b67c1cd9b,official,lightning_indexer,6,262144,1024,0,0,bfloat16,int32,10,torch,pass,,,265.088,247.296,0.011959,11.959,,37.11,53.91,
MetaX_C500,MetaX C500,104,ee402bccab9be388e7197808c1ba448826e00ea1,0595136a9cc076b7aa97268b67c1cd9b,official,lightning_indexer,6,262144,1024,0,0,bfloat16,int32,10,deep_gemm,unsupported,UnsupportedByBackend,"backend 'deep_gemm' ranks float32 scores, and was given torch.bfloat16; 'maca_c' and 'torch' take bfloat16 as well",,,,,,,,
MetaX_C500,MetaX C500,104,ee402bccab9be388e7197808c1ba448826e00ea1,0595136a9cc076b7aa97268b67c1cd9b,official,lightning_indexer,6,524288,1024,0,0,bfloat16,int32,10,maca_c,pass,,,142.003,182.323,0.044478,44.478,6.316,100.0,100.0,
MetaX_C500,MetaX C500,104,ee402bccab9be388e7197808c1ba448826e00ea1,0595136a9cc076b7aa97268b67c1cd9b,official,lightning_indexer,6,524288,1024,0,0,bfloat16,int32,10,torch,pass,,,299.315,279.219,0.021102,21.102,,47.44,65.3,
MetaX_C500,MetaX C500,104,ee402bccab9be388e7197808c1ba448826e00ea1,0595136a9cc076b7aa97268b67c1cd9b,official,lightning_indexer,6,524288,1024,0,0,bfloat16,int32,10,deep_gemm,unsupported,UnsupportedByBackend,"backend 'deep_gemm' ranks float32 scores, and was given torch.bfloat16; 'maca_c' and 'torch' take bfloat16 as well",,,,,,,,
MetaX_C500,MetaX C500,104,ee402bccab9be388e7197808c1ba448826e00ea1,0595136a9cc076b7aa97268b67c1cd9b,official,lightning_indexer,6,1048576,1024,0,0,bfloat16,int32,10,maca_c,pass,,,136.422,189.773,0.092415,92.415,12.607,100.0,100.0,
MetaX_C500,MetaX C500,104,ee402bccab9be388e7197808c1ba448826e00ea1,0595136a9cc076b7aa97268b67c1cd9b,official,lightning_indexer,6,1048576,1024,0,0,bfloat16,int32,10,torch,pass,,,370.56,356.07,0.034023,34.023,,36.82,53.3,
MetaX_C500,MetaX C500,104,ee402bccab9be388e7197808c1ba448826e00ea1,0595136a9cc076b7aa97268b67c1cd9b,official,lightning_indexer,6,1048576,1024,0,0,bfloat16,int32,10,deep_gemm,unsupported,UnsupportedByBackend,"backend 'deep_gemm' ranks float32 scores, and was given torch.bfloat16; 'maca_c' and 'torch' take bfloat16 as well",,,,,,,,
MetaX_C500,MetaX C500,104,ee402bccab9be388e7197808c1ba448826e00ea1,0595136a9cc076b7aa97268b67c1cd9b,official,lightning_indexer,256,256,1024,0,0,bfloat16,int32,10,maca_c,pass,,,5.146,57.856,0.229236,229.236,1.18,100.0,100.0,
MetaX_C500,MetaX C500,104,ee402bccab9be388e7197808c1ba448826e00ea1,0595136a9cc076b7aa97268b67c1cd9b,official,lightning_indexer,256,256,1024,0,0,bfloat16,int32,10,torch,pass,,"not applicable: the reference backend needs vocab_size >= topk, no window, no offset (tests/test.py's own guard)",,,,,,,,
MetaX_C500,MetaX C500,104,ee402bccab9be388e7197808c1ba448826e00ea1,0595136a9cc076b7aa97268b67c1cd9b,official,lightning_indexer,256,256,1024,0,0,bfloat16,int32,10,deep_gemm,unsupported,UnsupportedByBackend,"backend 'deep_gemm' ranks float32 scores, and was given torch.bfloat16; 'maca_c' and 'torch' take bfloat16 as well",,,,,,,,
MetaX_C500,MetaX C500,104,ee402bccab9be388e7197808c1ba448826e00ea1,0595136a9cc076b7aa97268b67c1cd9b,official,lightning_indexer,256,1024,1024,0,0,bfloat16,int32,10,maca_c,pass,,,5.069,54.63,0.310291,310.291,1.573,100.0,100.0,
MetaX_C500,MetaX C500,104,ee402bccab9be388e7197808c1ba448826e00ea1,0595136a9cc076b7aa97268b67c1cd9b,official,lightning_indexer,256,1024,1024,0,0,bfloat16,int32,10,torch,pass,,,56.55,56.704,0.027814,27.814,,8.96,96.34,
MetaX_C500,MetaX C500,104,ee402bccab9be388e7197808c1ba448826e00ea1,0595136a9cc076b7aa97268b67c1cd9b,official,lightning_indexer,256,1024,1024,0,0,bfloat16,int32,10,deep_gemm,unsupported,UnsupportedByBackend,"backend 'deep_gemm' ranks float32 scores, and was given torch.bfloat16; 'maca_c' and 'torch' take bfloat16 as well",,,,,,,,
MetaX_C500,MetaX C500,104,ee402bccab9be388e7197808c1ba448826e00ea1,0595136a9cc076b7aa97268b67c1cd9b,official,lightning_indexer,256,4096,1024,0,0,bfloat16,int32,10,maca_c,pass,,,36.198,40.525,0.086903,86.903,3.146,100.0,100.0,
MetaX_C500,MetaX C500,104,ee402bccab9be388e7197808c1ba448826e00ea1,0595136a9cc076b7aa97268b67c1cd9b,official,lightning_indexer,256,4096,1024,0,0,bfloat16,int32,10,torch,pass,,,210.944,200.755,0.014913,14.913,,17.16,20.19,
MetaX_C500,MetaX C500,104,ee402bccab9be388e7197808c1ba448826e00ea1,0595136a9cc076b7aa97268b67c1cd9b,official,lightning_indexer,256,4096,1024,0,0,bfloat16,int32,10,deep_gemm,unsupported,UnsupportedByBackend,"backend 'deep_gemm' ranks float32 scores, and was given torch.bfloat16; 'maca_c' and 'torch' take bfloat16 as well",,,,,,,,
MetaX_C500,MetaX C500,104,ee402bccab9be388e7197808c1ba448826e00ea1,0595136a9cc076b7aa97268b67c1cd9b,official,lightning_indexer,256,16384,1024,0,0,bfloat16,int32,10,maca_c,pass,,,59.238,59.034,0.15931,159.31,9.437,100.0,100.0,
MetaX_C500,MetaX C500,104,ee402bccab9be388e7197808c1ba448826e00ea1,0595136a9cc076b7aa97268b67c1cd9b,official,lightning_indexer,256,16384,1024,0,0,bfloat16,int32,10,torch,pass,,,322.33,310.4,0.029278,29.278,,18.38,19.02,
MetaX_C500,MetaX C500,104,ee402bccab9be388e7197808c1ba448826e00ea1,0595136a9cc076b7aa97268b67c1cd9b,official,lightning_indexer,256,16384,1024,0,0,bfloat16,int32,10,deep_gemm,unsupported,UnsupportedByBackend,"backend 'deep_gemm' ranks float32 scores, and was given torch.bfloat16; 'maca_c' and 'torch' take bfloat16 as well",,,,,,,,
MetaX_C500,MetaX C500,104,ee402bccab9be388e7197808c1ba448826e00ea1,0595136a9cc076b7aa97268b67c1cd9b,official,lightning_indexer,256,65536,1024,0,0,bfloat16,int32,10,maca_c,pass,,,122.931,121.984,0.281483,281.483,34.603,100.0,100.0,
MetaX_C500,MetaX C500,104,ee402bccab9be388e7197808c1ba448826e00ea1,0595136a9cc076b7aa97268b67c1cd9b,official,lightning_indexer,256,65536,1024,0,0,bfloat16,int32,10,torch,pass,,,722.586,712.576,0.047888,47.888,,17.01,17.12,
MetaX_C500,MetaX C500,104,ee402bccab9be388e7197808c1ba448826e00ea1,0595136a9cc076b7aa97268b67c1cd9b,official,lightning_indexer,256,65536,1024,0,0,bfloat16,int32,10,deep_gemm,unsupported,UnsupportedByBackend,"backend 'deep_gemm' ranks float32 scores, and was given torch.bfloat16; 'maca_c' and 'torch' take bfloat16 as well",,,,,,,,
MetaX_C500,MetaX C500,104,ee402bccab9be388e7197808c1ba448826e00ea1,0595136a9cc076b7aa97268b67c1cd9b,official,lightning_indexer,256,131072,1024,0,0,bfloat16,int32,10,maca_c,pass,,,193.664,192.742,0.351937,351.937,68.157,100.0,100.0,
MetaX_C500,MetaX C500,104,ee402bccab9be388e7197808c1ba448826e00ea1,0595136a9cc076b7aa97268b67c1cd9b,official,lightning_indexer,256,131072,1024,0,0,bfloat16,int32,10,torch,pass,,,1218.534,1205.453,0.055934,55.934,,15.89,15.99,
MetaX_C500,MetaX C500,104,ee402bccab9be388e7197808c1ba448826e00ea1,0595136a9cc076b7aa97268b67c1cd9b,official,lightning_indexer,256,131072,1024,0,0,bfloat16,int32,10,deep_gemm,unsupported,UnsupportedByBackend,"backend 'deep_gemm' ranks float32 scores, and was given torch.bfloat16; 'maca_c' and 'torch' take bfloat16 as well",,,,,,,,
MetaX_C500,MetaX C500,104,ee402bccab9be388e7197808c1ba448826e00ea1,0595136a9cc076b7aa97268b67c1cd9b,official,lightning_indexer,256,262144,1024,0,0,bfloat16,int32,10,maca_c,pass,,,322.381,318.976,0.419585,419.585,135.266,100.0,100.0,
MetaX_C500,MetaX C500,104,ee402bccab9be388e7197808c1ba448826e00ea1,0595136a9cc076b7aa97268b67c1cd9b,official,lightning_indexer,256,262144,1024,0,0,bfloat16,int32,10,torch,pass,,,2039.782,2035.43,0.066314,66.314,,15.8,15.67,
MetaX_C500,MetaX C500,104,ee402bccab9be388e7197808c1ba448826e00ea1,0595136a9cc076b7aa97268b67c1cd9b,official,lightning_indexer,256,262144,1024,0,0,bfloat16,int32,10,deep_gemm,unsupported,UnsupportedByBackend,"backend 'deep_gemm' ranks float32 scores, and was given torch.bfloat16; 'maca_c' and 'torch' take bfloat16 as well",,,,,,,,
MetaX_C500,MetaX C500,104,ee402bccab9be388e7197808c1ba448826e00ea1,0595136a9cc076b7aa97268b67c1cd9b,official,lightning_indexer,256,524288,1024,0,0,bfloat16,int32,10,maca_c,pass,,,566.758,564.122,0.475483,475.483,269.484,100.0,100.0,
MetaX_C500,MetaX C500,104,ee402bccab9be388e7197808c1ba448826e00ea1,0595136a9cc076b7aa97268b67c1cd9b,official,lightning_indexer,256,524288,1024,0,0,bfloat16,int32,10,torch,pass,,,3684.506,3675.648,0.07314,73.14,,15.38,15.35,
MetaX_C500,MetaX C500,104,ee402bccab9be388e7197808c1ba448826e00ea1,0595136a9cc076b7aa97268b67c1cd9b,official,lightning_indexer,256,524288,1024,0,0,bfloat16,int32,10,deep_gemm,unsupported,UnsupportedByBackend,"backend 'deep_gemm' ranks float32 scores, and was given torch.bfloat16; 'maca_c' and 'torch' take bfloat16 as well",,,,,,,,
MetaX_C500,MetaX C500,104,ee402bccab9be388e7197808c1ba448826e00ea1,0595136a9cc076b7aa97268b67c1cd9b,official,lightning_indexer,256,1048576,1024,0,0,bfloat16,int32,10,maca_c,pass,,,1048.858,1043.507,0.512862,512.862,537.919,100.0,100.0,
MetaX_C500,MetaX C500,104,ee402bccab9be388e7197808c1ba448826e00ea1,0595136a9cc076b7aa97268b67c1cd9b,official,lightning_indexer,256,1048576,1024,0,0,bfloat16,int32,10,torch,pass,,,6956.186,6960.512,0.07733,77.33,,15.08,14.99,
MetaX_C500,MetaX C500,104,ee402bccab9be388e7197808c1ba448826e00ea1,0595136a9cc076b7aa97268b67c1cd9b,official,lightning_indexer,256,1048576,1024,0,0,bfloat16,int32,10,deep_gemm,unsupported,UnsupportedByBackend,"backend 'deep_gemm' ranks float32 scores, and was given torch.bfloat16; 'maca_c' and 'torch' take bfloat16 as well",,,,,,,,
MetaX_C500,MetaX C500,104,ee402bccab9be388e7197808c1ba448826e00ea1,0595136a9cc076b7aa97268b67c1cd9b,official,lightning_indexer,512,256,1024,0,0,bfloat16,int32,10,maca_c,pass,,,7.629,38.374,0.309254,309.254,2.359,100.0,100.0,
MetaX_C500,MetaX C500,104,ee402bccab9be388e7197808c1ba448826e00ea1,0595136a9cc076b7aa97268b67c1cd9b,official,lightning_indexer,512,256,1024,0,0,bfloat16,int32,10,torch,pass,,"not applicable: the reference backend needs vocab_size >= topk, no window, no offset (tests/test.py's own guard)",,,,,,,,
MetaX_C500,MetaX C500,104,ee402bccab9be388e7197808c1ba448826e00ea1,0595136a9cc076b7aa97268b67c1cd9b,official,lightning_indexer,512,256,1024,0,0,bfloat16,int32,10,deep_gemm,unsupported,UnsupportedByBackend,"backend 'deep_gemm' ranks float32 scores, and was given torch.bfloat16; 'maca_c' and 'torch' take bfloat16 as well",,,,,,,,
MetaX_C500,MetaX C500,104,ee402bccab9be388e7197808c1ba448826e00ea1,0595136a9cc076b7aa97268b67c1cd9b,official,lightning_indexer,512,1024,1024,0,0,bfloat16,int32,10,maca_c,pass,,,7.552,41.344,0.416542,416.542,3.146,100.0,100.0,
MetaX_C500,MetaX C500,104,ee402bccab9be388e7197808c1ba448826e00ea1,0595136a9cc076b7aa97268b67c1cd9b,official,lightning_indexer,512,1024,1024,0,0,bfloat16,int32,10,torch,pass,,,87.526,87.578,0.03594,35.94,,8.63,47.21,
MetaX_C500,MetaX C500,104,ee402bccab9be388e7197808c1ba448826e00ea1,0595136a9cc076b7aa97268b67c1cd9b,official,lightning_indexer,512,1024,1024,0,0,bfloat16,int32,10,deep_gemm,unsupported,UnsupportedByBackend,"backend 'deep_gemm' ranks float32 scores, and was given torch.bfloat16; 'maca_c' and 'torch' take bfloat16 as well",,,,,,,,
MetaX_C500,MetaX C500,104,ee402bccab9be388e7197808c1ba448826e00ea1,0595136a9cc076b7aa97268b67c1cd9b,official,lightning_indexer,512,4096,1024,0,0,bfloat16,int32,10,maca_c,pass,,,51.2,50.893,0.12288,122.88,6.291,100.0,100.0,
MetaX_C500,MetaX C500,104,ee402bccab9be388e7197808c1ba448826e00ea1,0595136a9cc076b7aa97268b67c1cd9b,official,lightning_indexer,512,4096,1024,0,0,bfloat16,int32,10,torch,pass,,,255.821,245.35,0.024593,24.593,,20.01,20.74,
MetaX_C500,MetaX C500,104,ee402bccab9be388e7197808c1ba448826e00ea1,0595136a9cc076b7aa97268b67c1cd9b,official,lightning_indexer,512,4096,1024,0,0,bfloat16,int32,10,deep_gemm,unsupported,UnsupportedByBackend,"backend 'deep_gemm' ranks float32 scores, and was given torch.bfloat16; 'maca_c' and 'torch' take bfloat16 as well",,,,,,,,
MetaX_C500,MetaX C500,104,ee402bccab9be388e7197808c1ba448826e00ea1,0595136a9cc076b7aa97268b67c1cd9b,official,lightning_indexer,512,16384,1024,0,0,bfloat16,int32,10,maca_c,pass,,,89.216,89.011,0.211558,211.558,18.874,100.0,100.0,
MetaX_C500,MetaX C500,104,ee402bccab9be388e7197808c1ba448826e00ea1,0595136a9cc076b7aa97268b67c1cd9b,official,lightning_indexer,512,16384,1024,0,0,bfloat16,int32,10,torch,pass,,,468.838,460.621,0.040258,40.258,,19.03,19.32,
MetaX_C500,MetaX C500,104,ee402bccab9be388e7197808c1ba448826e00ea1,0595136a9cc076b7aa97268b67c1cd9b,official,lightning_indexer,512,16384,1024,0,0,bfloat16,int32,10,deep_gemm,unsupported,UnsupportedByBackend,"backend 'deep_gemm' ranks float32 scores, and was given torch.bfloat16; 'maca_c' and 'torch' take bfloat16 as well",,,,,,,,
MetaX_C500,MetaX C500,104,ee402bccab9be388e7197808c1ba448826e00ea1,0595136a9cc076b7aa97268b67c1cd9b,official,lightning_indexer,512,65536,1024,0,0,bfloat16,int32,10,maca_c,pass,,,189.133,188.672,0.365912,365.912,69.206,100.0,100.0,
MetaX_C500,MetaX C500,104,ee402bccab9be388e7197808c1ba448826e00ea1,0595136a9cc076b7aa97268b67c1cd9b,official,lightning_indexer,512,65536,1024,0,0,bfloat16,int32,10,torch,pass,,,1224.96,1221.222,0.056497,56.497,,15.44,15.45,
MetaX_C500,MetaX C500,104,ee402bccab9be388e7197808c1ba448826e00ea1,0595136a9cc076b7aa97268b67c1cd9b,official,lightning_indexer,512,65536,1024,0,0,bfloat16,int32,10,deep_gemm,unsupported,UnsupportedByBackend,"backend 'deep_gemm' ranks float32 scores, and was given torch.bfloat16; 'maca_c' and 'torch' take bfloat16 as well",,,,,,,,
MetaX_C500,MetaX C500,104,ee402bccab9be388e7197808c1ba448826e00ea1,0595136a9cc076b7aa97268b67c1cd9b,official,lightning_indexer,512,131072,1024,0,0,bfloat16,int32,10,maca_c,pass,,,303.539,301.491,0.449085,449.085,136.315,100.0,100.0,
MetaX_C500,MetaX C500,104,ee402bccab9be388e7197808c1ba448826e00ea1,0595136a9cc076b7aa97268b67c1cd9b,official,lightning_indexer,512,131072,1024,0,0,bfloat16,int32,10,torch,pass,,,2167.603,2167.398,0.062887,62.887,,14.0,13.91,
MetaX_C500,MetaX C500,104,ee402bccab9be388e7197808c1ba448826e00ea1,0595136a9cc076b7aa97268b67c1cd9b,official,lightning_indexer,512,131072,1024,0,0,bfloat16,int32,10,deep_gemm,unsupported,UnsupportedByBackend,"backend 'deep_gemm' ranks float32 scores, and was given torch.bfloat16; 'maca_c' and 'torch' take bfloat16 as well",,,,,,,,
MetaX_C500,MetaX C500,104,ee402bccab9be388e7197808c1ba448826e00ea1,0595136a9cc076b7aa97268b67c1cd9b,official,lightning_indexer,512,262144,1024,0,0,bfloat16,int32,10,maca_c,pass,,,504.806,502.298,0.535914,535.914,270.533,100.0,100.0,
MetaX_C500,MetaX C500,104,ee402bccab9be388e7197808c1ba448826e00ea1,0595136a9cc076b7aa97268b67c1cd9b,official,lightning_indexer,512,262144,1024,0,0,bfloat16,int32,10,torch,pass,,,3856.0,3848.243,0.070159,70.159,,13.09,13.05,
MetaX_C500,MetaX C500,104,ee402bccab9be388e7197808c1ba448826e00ea1,0595136a9cc076b7aa97268b67c1cd9b,official,lightning_indexer,512,262144,1024,0,0,bfloat16,int32,10,deep_gemm,unsupported,UnsupportedByBackend,"backend 'deep_gemm' ranks float32 scores, and was given torch.bfloat16; 'maca_c' and 'torch' take bfloat16 as well",,,,,,,,
MetaX_C500,MetaX C500,104,ee402bccab9be388e7197808c1ba448826e00ea1,0595136a9cc076b7aa97268b67c1cd9b,official,lightning_indexer,512,524288,1024,0,0,bfloat16,int32,10,maca_c,pass,,,891.162,887.552,0.604792,604.792,538.968,100.0,100.0,
MetaX_C500,MetaX C500,104,ee402bccab9be388e7197808c1ba448826e00ea1,0595136a9cc076b7aa97268b67c1cd9b,official,lightning_indexer,512,524288,1024,0,0,bfloat16,int32,10,torch,pass,,,7120.333,7126.733,0.075694,75.694,,12.52,12.45,
MetaX_C500,MetaX C500,104,ee402bccab9be388e7197808c1ba448826e00ea1,0595136a9cc076b7aa97268b67c1cd9b,official,lightning_indexer,512,524288,1024,0,0,bfloat16,int32,10,deep_gemm,unsupported,UnsupportedByBackend,"backend 'deep_gemm' ranks float32 scores, and was given torch.bfloat16; 'maca_c' and 'torch' take bfloat16 as well",,,,,,,,
MetaX_C500,MetaX C500,104,ee402bccab9be388e7197808c1ba448826e00ea1,0595136a9cc076b7aa97268b67c1cd9b,official,lightning_indexer,512,1048576,1024,0,0,bfloat16,int32,10,maca_c,pass,,,1655.091,1651.584,0.650018,650.018,1075.839,100.0,100.0,
MetaX_C500,MetaX C500,104,ee402bccab9be388e7197808c1ba448826e00ea1,0595136a9cc076b7aa97268b67c1cd9b,official,lightning_indexer,512,1048576,1024,0,0,bfloat16,int32,10,torch,pass,,,13614.566,13634.509,0.079021,79.021,,12.16,12.11,
MetaX_C500,MetaX C500,104,ee402bccab9be388e7197808c1ba448826e00ea1,0595136a9cc076b7aa97268b67c1cd9b,official,lightning_indexer,512,1048576,1024,0,0,bfloat16,int32,10,deep_gemm,unsupported,UnsupportedByBackend,"backend 'deep_gemm' ranks float32 scores, and was given torch.bfloat16; 'maca_c' and 'torch' take bfloat16 as well",,,,,,,,
MetaX_C500,MetaX C500,104,ee402bccab9be388e7197808c1ba448826e00ea1,0595136a9cc076b7aa97268b67c1cd9b,official,lightning_indexer,768,256,1024,0,0,bfloat16,int32,10,maca_c,pass,,,7.834,55.603,0.451742,451.742,3.539,100.0,100.0,
MetaX_C500,MetaX C500,104,ee402bccab9be388e7197808c1ba448826e00ea1,0595136a9cc076b7aa97268b67c1cd9b,official,lightning_indexer,768,256,1024,0,0,bfloat16,int32,10,torch,pass,,"not applicable: the reference backend needs vocab_size >= topk, no window, no offset (tests/test.py's own guard)",,,,,,,,
MetaX_C500,MetaX C500,104,ee402bccab9be388e7197808c1ba448826e00ea1,0595136a9cc076b7aa97268b67c1cd9b,official,lightning_indexer,768,256,1024,0,0,bfloat16,int32,10,deep_gemm,unsupported,UnsupportedByBackend,"backend 'deep_gemm' ranks float32 scores, and was given torch.bfloat16; 'maca_c' and 'torch' take bfloat16 as well",,,,,,,,
MetaX_C500,MetaX C500,104,ee402bccab9be388e7197808c1ba448826e00ea1,0595136a9cc076b7aa97268b67c1cd9b,official,lightning_indexer,768,1024,1024,0,0,bfloat16,int32,10,maca_c,pass,,,9.037,55.194,0.522141,522.141,4.719,100.0,100.0,
MetaX_C500,MetaX C500,104,ee402bccab9be388e7197808c1ba448826e00ea1,0595136a9cc076b7aa97268b67c1cd9b,official,lightning_indexer,768,1024,1024,0,0,bfloat16,int32,10,torch,pass,,,117.632,118.272,0.040113,40.113,,7.68,46.67,
MetaX_C500,MetaX C500,104,ee402bccab9be388e7197808c1ba448826e00ea1,0595136a9cc076b7aa97268b67c1cd9b,official,lightning_indexer,768,1024,1024,0,0,bfloat16,int32,10,deep_gemm,unsupported,UnsupportedByBackend,"backend 'deep_gemm' ranks float32 scores, and was given torch.bfloat16; 'maca_c' and 'torch' take bfloat16 as well",,,,,,,,
MetaX_C500,MetaX C500,104,ee402bccab9be388e7197808c1ba448826e00ea1,0595136a9cc076b7aa97268b67c1cd9b,official,lightning_indexer,768,4096,1024,0,0,bfloat16,int32,10,maca_c,pass,,,68.634,72.038,0.1375,137.5,9.437,100.0,100.0,
MetaX_C500,MetaX C500,104,ee402bccab9be388e7197808c1ba448826e00ea1,0595136a9cc076b7aa97268b67c1cd9b,official,lightning_indexer,768,4096,1024,0,0,bfloat16,int32,10,torch,pass,,,310.656,300.442,0.030378,30.378,,22.09,23.98,
MetaX_C500,MetaX C500,104,ee402bccab9be388e7197808c1ba448826e00ea1,0595136a9cc076b7aa97268b67c1cd9b,official,lightning_indexer,768,4096,1024,0,0,bfloat16,int32,10,deep_gemm,unsupported,UnsupportedByBackend,"backend 'deep_gemm' ranks float32 scores, and was given torch.bfloat16; 'maca_c' and 'torch' take bfloat16 as well",,,,,,,,
MetaX_C500,MetaX C500,104,ee402bccab9be388e7197808c1ba448826e00ea1,0595136a9cc076b7aa97268b67c1cd9b,official,lightning_indexer,768,16384,1024,0,0,bfloat16,int32,10,maca_c,pass,,,126.438,127.437,0.223916,223.916,28.312,100.0,100.0,
MetaX_C500,MetaX C500,104,ee402bccab9be388e7197808c1ba448826e00ea1,0595136a9cc076b7aa97268b67c1cd9b,official,lightning_indexer,768,16384,1024,0,0,bfloat16,int32,10,torch,pass,,,679.27,668.314,0.041679,41.679,,18.61,19.07,
MetaX_C500,MetaX C500,104,ee402bccab9be388e7197808c1ba448826e00ea1,0595136a9cc076b7aa97268b67c1cd9b,official,lightning_indexer,768,16384,1024,0,0,bfloat16,int32,10,deep_gemm,unsupported,UnsupportedByBackend,"backend 'deep_gemm' ranks float32 scores, and was given torch.bfloat16; 'maca_c' and 'torch' take bfloat16 as well",,,,,,,,
MetaX_C500,MetaX C500,104,ee402bccab9be388e7197808c1ba448826e00ea1,0595136a9cc076b7aa97268b67c1cd9b,official,lightning_indexer,768,65536,1024,0,0,bfloat16,int32,10,maca_c,pass,,,281.19,281.421,0.369178,369.178,103.809,100.0,100.0,
MetaX_C500,MetaX C500,104,ee402bccab9be388e7197808c1ba448826e00ea1,0595136a9cc076b7aa97268b67c1cd9b,official,lightning_indexer,768,65536,1024,0,0,bfloat16,int32,10,torch,pass,,,1704.115,1695.616,0.060917,60.917,,16.5,16.6,
MetaX_C500,MetaX C500,104,ee402bccab9be388e7197808c1ba448826e00ea1,0595136a9cc076b7aa97268b67c1cd9b,official,lightning_indexer,768,65536,1024,0,0,bfloat16,int32,10,deep_gemm,unsupported,UnsupportedByBackend,"backend 'deep_gemm' ranks float32 scores, and was given torch.bfloat16; 'maca_c' and 'torch' take bfloat16 as well",,,,,,,,
MetaX_C500,MetaX C500,104,ee402bccab9be388e7197808c1ba448826e00ea1,0595136a9cc076b7aa97268b67c1cd9b,official,lightning_indexer,768,131072,1024,0,0,bfloat16,int32,10,maca_c,pass,,,450.56,450.022,0.453818,453.818,204.472,100.0,100.0,
MetaX_C500,MetaX C500,104,ee402bccab9be388e7197808c1ba448826e00ea1,0595136a9cc076b7aa97268b67c1cd9b,official,lightning_indexer,768,131072,1024,0,0,bfloat16,int32,10,torch,pass,,,3119.36,3113.344,0.065549,65.549,,14.44,14.45,
MetaX_C500,MetaX C500,104,ee402bccab9be388e7197808c1ba448826e00ea1,0595136a9cc076b7aa97268b67c1cd9b,official,lightning_indexer,768,131072,1024,0,0,bfloat16,int32,10,deep_gemm,unsupported,UnsupportedByBackend,"backend 'deep_gemm' ranks float32 scores, and was given torch.bfloat16; 'maca_c' and 'torch' take bfloat16 as well",,,,,,,,
MetaX_C500,MetaX C500,104,ee402bccab9be388e7197808c1ba448826e00ea1,0595136a9cc076b7aa97268b67c1cd9b,official,lightning_indexer,768,262144,1024,0,0,bfloat16,int32,10,maca_c,pass,,,757.069,755.712,0.536013,536.013,405.799,100.0,100.0,
MetaX_C500,MetaX C500,104,ee402bccab9be388e7197808c1ba448826e00ea1,0595136a9cc076b7aa97268b67c1cd9b,official,lightning_indexer,768,262144,1024,0,0,bfloat16,int32,10,torch,pass,,,5605.786,5607.219,0.072389,72.389,,13.51,13.48,
MetaX_C500,MetaX C500,104,ee402bccab9be388e7197808c1ba448826e00ea1,0595136a9cc076b7aa97268b67c1cd9b,official,lightning_indexer,768,262144,1024,0,0,bfloat16,int32,10,deep_gemm,unsupported,UnsupportedByBackend,"backend 'deep_gemm' ranks float32 scores, and was given torch.bfloat16; 'maca_c' and 'torch' take bfloat16 as well",,,,,,,,
MetaX_C500,MetaX C500,104,ee402bccab9be388e7197808c1ba448826e00ea1,0595136a9cc076b7aa97268b67c1cd9b,official,lightning_indexer,768,524288,1024,0,0,bfloat16,int32,10,maca_c,pass,,,1349.274,1347.072,0.599176,599.176,808.452,100.0,100.0,
MetaX_C500,MetaX C500,104,ee402bccab9be388e7197808c1ba448826e00ea1,0595136a9cc076b7aa97268b67c1cd9b,official,lightning_indexer,768,524288,1024,0,0,bfloat16,int32,10,torch,pass,,,10470.63,10480.819,0.077211,77.211,,12.89,12.85,
MetaX_C500,MetaX C500,104,ee402bccab9be388e7197808c1ba448826e00ea1,0595136a9cc076b7aa97268b67c1cd9b,official,lightning_indexer,768,524288,1024,0,0,bfloat16,int32,10,deep_gemm,unsupported,UnsupportedByBackend,"backend 'deep_gemm' ranks float32 scores, and was given torch.bfloat16; 'maca_c' and 'torch' take bfloat16 as well",,,,,,,,
MetaX_C500,MetaX C500,104,ee402bccab9be388e7197808c1ba448826e00ea1,0595136a9cc076b7aa97268b67c1cd9b,official,lightning_indexer,768,1048576,1024,0,0,bfloat16,int32,10,maca_c,pass,,,2519.757,2522.65,0.640442,640.442,1613.758,100.0,100.0,
MetaX_C500,MetaX C500,104,ee402bccab9be388e7197808c1ba448826e00ea1,0595136a9cc076b7aa97268b67c1cd9b,official,lightning_indexer,768,1048576,1024,0,0,bfloat16,int32,10,torch,pass,,,20261.683,20277.913,0.079646,79.646,,12.44,12.44,
MetaX_C500,MetaX C500,104,ee402bccab9be388e7197808c1ba448826e00ea1,0595136a9cc076b7aa97268b67c1cd9b,official,lightning_indexer,768,1048576,1024,0,0,bfloat16,int32,10,deep_gemm,unsupported,UnsupportedByBackend,"backend 'deep_gemm' ranks float32 scores, and was given torch.bfloat16; 'maca_c' and 'torch' take bfloat16 as well",,,,,,,,
MetaX_C500,MetaX C500,104,ee402bccab9be388e7197808c1ba448826e00ea1,0595136a9cc076b7aa97268b67c1cd9b,official,lightning_indexer,4096,256,1024,0,0,bfloat16,int32,10,maca_c,pass,,,28.442,57.165,0.663609,663.609,18.874,100.0,100.0,
MetaX_C500,MetaX C500,104,ee402bccab9be388e7197808c1ba448826e00ea1,0595136a9cc076b7aa97268b67c1cd9b,official,lightning_indexer,4096,256,1024,0,0,bfloat16,int32,10,torch,pass,,"not applicable: the reference backend needs vocab_size >= topk, no window, no offset (tests/test.py's own guard)",,,,,,,,
MetaX_C500,MetaX C500,104,ee402bccab9be388e7197808c1ba448826e00ea1,0595136a9cc076b7aa97268b67c1cd9b,official,lightning_indexer,4096,256,1024,0,0,bfloat16,int32,10,deep_gemm,unsupported,UnsupportedByBackend,"backend 'deep_gemm' ranks float32 scores, and was given torch.bfloat16; 'maca_c' and 'torch' take bfloat16 as well",,,,,,,,
MetaX_C500,MetaX C500,104,ee402bccab9be388e7197808c1ba448826e00ea1,0595136a9cc076b7aa97268b67c1cd9b,official,lightning_indexer,4096,1024,1024,0,0,bfloat16,int32,10,maca_c,pass,,,26.982,57.293,0.932689,932.689,25.166,100.0,100.0,
MetaX_C500,MetaX C500,104,ee402bccab9be388e7197808c1ba448826e00ea1,0595136a9cc076b7aa97268b67c1cd9b,official,lightning_indexer,4096,1024,1024,0,0,bfloat16,int32,10,torch,pass,,,382.08,378.342,0.065865,65.865,,7.06,15.14,
MetaX_C500,MetaX C500,104,ee402bccab9be388e7197808c1ba448826e00ea1,0595136a9cc076b7aa97268b67c1cd9b,official,lightning_indexer,4096,1024,1024,0,0,bfloat16,int32,10,deep_gemm,unsupported,UnsupportedByBackend,"backend 'deep_gemm' ranks float32 scores, and was given torch.bfloat16; 'maca_c' and 'torch' take bfloat16 as well",,,,,,,,
MetaX_C500,MetaX C500,104,ee402bccab9be388e7197808c1ba448826e00ea1,0595136a9cc076b7aa97268b67c1cd9b,official,lightning_indexer,4096,4096,1024,0,0,bfloat16,int32,10,maca_c,pass,,,317.594,320.845,0.158478,158.478,50.332,100.0,100.0,
MetaX_C500,MetaX C500,104,ee402bccab9be388e7197808c1ba448826e00ea1,0595136a9cc076b7aa97268b67c1cd9b,official,lightning_indexer,4096,4096,1024,0,0,bfloat16,int32,10,torch,pass,,,714.189,706.97,0.070474,70.474,,44.47,45.38,
MetaX_C500,MetaX C500,104,ee402bccab9be388e7197808c1ba448826e00ea1,0595136a9cc076b7aa97268b67c1cd9b,official,lightning_indexer,4096,4096,1024,0,0,bfloat16,int32,10,deep_gemm,unsupported,UnsupportedByBackend,"backend 'deep_gemm' ranks float32 scores, and was given torch.bfloat16; 'maca_c' and 'torch' take bfloat16 as well",,,,,,,,
MetaX_C500,MetaX C500,104,ee402bccab9be388e7197808c1ba448826e00ea1,0595136a9cc076b7aa97268b67c1cd9b,official,lightning_indexer,4096,16384,1024,0,0,bfloat16,int32,10,maca_c,pass,,,586.291,590.31,0.257543,257.543,150.995,100.0,100.0,
MetaX_C500,MetaX C500,104,ee402bccab9be388e7197808c1ba448826e00ea1,0595136a9cc076b7aa97268b67c1cd9b,official,lightning_indexer,4096,16384,1024,0,0,bfloat16,int32,10,torch,pass,,,2024.986,2022.502,0.074566,74.566,,28.95,29.19,
MetaX_C500,MetaX C500,104,ee402bccab9be388e7197808c1ba448826e00ea1,0595136a9cc076b7aa97268b67c1cd9b,official,lightning_indexer,4096,16384,1024,0,0,bfloat16,int32,10,deep_gemm,unsupported,UnsupportedByBackend,"backend 'deep_gemm' ranks float32 scores, and was given torch.bfloat16; 'maca_c' and 'torch' take bfloat16 as well",,,,,,,,
MetaX_C500,MetaX C500,104,ee402bccab9be388e7197808c1ba448826e00ea1,0595136a9cc076b7aa97268b67c1cd9b,official,lightning_indexer,4096,65536,1024,0,0,bfloat16,int32,10,maca_c,pass,,,1319.424,1318.938,0.419614,419.614,553.648,100.0,100.0,
MetaX_C500,MetaX C500,104,ee402bccab9be388e7197808c1ba448826e00ea1,0595136a9cc076b7aa97268b67c1cd9b,official,lightning_indexer,4096,65536,1024,0,0,bfloat16,int32,10,torch,pass,,,7896.858,7899.828,0.07011,70.11,,16.71,16.7,
MetaX_C500,MetaX C500,104,ee402bccab9be388e7197808c1ba448826e00ea1,0595136a9cc076b7aa97268b67c1cd9b,official,lightning_indexer,4096,65536,1024,0,0,bfloat16,int32,10,deep_gemm,unsupported,UnsupportedByBackend,"backend 'deep_gemm' ranks float32 scores, and was given torch.bfloat16; 'maca_c' and 'torch' take bfloat16 as well",,,,,,,,
MetaX_C500,MetaX C500,104,ee402bccab9be388e7197808c1ba448826e00ea1,0595136a9cc076b7aa97268b67c1cd9b,official,lightning_indexer,4096,131072,1024,0,0,bfloat16,int32,10,maca_c,pass,,,2113.152,2111.974,0.516063,516.063,1090.519,100.0,100.0,
MetaX_C500,MetaX C500,104,ee402bccab9be388e7197808c1ba448826e00ea1,0595136a9cc076b7aa97268b67c1cd9b,official,lightning_indexer,4096,131072,1024,0,0,bfloat16,int32,10,torch,pass,,,15572.48,15587.225,0.070029,70.029,,13.57,13.55,
MetaX_C500,MetaX C500,104,ee402bccab9be388e7197808c1ba448826e00ea1,0595136a9cc076b7aa97268b67c1cd9b,official,lightning_indexer,4096,131072,1024,0,0,bfloat16,int32,10,deep_gemm,unsupported,UnsupportedByBackend,"backend 'deep_gemm' ranks float32 scores, and was given torch.bfloat16; 'maca_c' and 'torch' take bfloat16 as well",,,,,,,,
MetaX_C500,MetaX C500,104,ee402bccab9be388e7197808c1ba448826e00ea1,0595136a9cc076b7aa97268b67c1cd9b,official,lightning_indexer,4096,262144,1024,0,0,bfloat16,int32,10,maca_c,pass,,,3572.582,3580.774,0.605797,605.797,2164.261,100.0,100.0,
MetaX_C500,MetaX C500,104,ee402bccab9be388e7197808c1ba448826e00ea1,0595136a9cc076b7aa97268b67c1cd9b,official,lightning_indexer,4096,262144,1024,0,0,bfloat16,int32,10,torch,pass,,,29686.221,29712.665,0.072905,72.905,,12.03,12.05,
MetaX_C500,MetaX C500,104,ee402bccab9be388e7197808c1ba448826e00ea1,0595136a9cc076b7aa97268b67c1cd9b,official,lightning_indexer,4096,262144,1024,0,0,bfloat16,int32,10,deep_gemm,unsupported,UnsupportedByBackend,"backend 'deep_gemm' ranks float32 scores, and was given torch.bfloat16; 'maca_c' and 'torch' take bfloat16 as well",,,,,,,,
MetaX_C500,MetaX C500,104,ee402bccab9be388e7197808c1ba448826e00ea1,0595136a9cc076b7aa97268b67c1cd9b,official,lightning_indexer,4096,524288,1024,0,0,bfloat16,int32,10,maca_c,pass,,,6407.757,6408.115,0.672895,672.895,4311.745,100.0,100.0,
MetaX_C500,MetaX C500,104,ee402bccab9be388e7197808c1ba448826e00ea1,0595136a9cc076b7aa97268b67c1cd9b,official,lightning_indexer,4096,524288,1024,0,0,bfloat16,int32,10,torch,pass,,,58258.714,58295.99,0.07401,74.01,,11.0,10.99,
MetaX_C500,MetaX C500,104,ee402bccab9be388e7197808c1ba448826e00ea1,0595136a9cc076b7aa97268b67c1cd9b,official,lightning_indexer,4096,524288,1024,0,0,bfloat16,int32,10,deep_gemm,unsupported,UnsupportedByBackend,"backend 'deep_gemm' ranks float32 scores, and was given torch.bfloat16; 'maca_c' and 'torch' take bfloat16 as well",,,,,,,,
MetaX_C500,MetaX C500,104,ee402bccab9be388e7197808c1ba448826e00ea1,0595136a9cc076b7aa97268b67c1cd9b,official,lightning_indexer,4096,1048576,1024,0,0,bfloat16,int32,10,maca_c,pass,,,12029.85,12045.67,0.715446,715.446,8606.712,100.0,100.0,
MetaX_C500,MetaX C500,104,ee402bccab9be388e7197808c1ba448826e00ea1,0595136a9cc076b7aa97268b67c1cd9b,official,lightning_indexer,4096,1048576,1024,0,0,bfloat16,int32,10,torch,pass,,,112065.587,112129.822,0.076801,76.801,,10.73,10.74,
MetaX_C500,MetaX C500,104,ee402bccab9be388e7197808c1ba448826e00ea1,0595136a9cc076b7aa97268b67c1cd9b,official,lightning_indexer,4096,1048576,1024,0,0,bfloat16,int32,10,deep_gemm,unsupported,UnsupportedByBackend,"backend 'deep_gemm' ranks float32 scores, and was given torch.bfloat16; 'maca_c' and 'torch' take bfloat16 as well",,,,,,,,
MetaX_C500,MetaX C500,104,ee402bccab9be388e7197808c1ba448826e00ea1,0595136a9cc076b7aa97268b67c1cd9b,official,lightning_indexer,1,131072,512,0,0,bfloat16,int32,10,maca_c,pass,,,69.76,72.602,0.003787,3.787,0.264,100.0,100.0,
MetaX_C500,MetaX C500,104,ee402bccab9be388e7197808c1ba448826e00ea1,0595136a9cc076b7aa97268b67c1cd9b,official,lightning_indexer,1,131072,512,0,0,bfloat16,int32,10,torch,pass,,,171.904,150.81,0.001537,1.537,,40.58,48.14,
MetaX_C500,MetaX C500,104,ee402bccab9be388e7197808c1ba448826e00ea1,0595136a9cc076b7aa97268b67c1cd9b,official,lightning_indexer,1,131072,512,0,0,bfloat16,int32,10,deep_gemm,unsupported,UnsupportedByBackend,"backend 'deep_gemm' ranks float32 scores, and was given torch.bfloat16; 'maca_c' and 'torch' take bfloat16 as well",,,,,,,,
MetaX_C500,MetaX C500,104,ee402bccab9be388e7197808c1ba448826e00ea1,0595136a9cc076b7aa97268b67c1cd9b,official,lightning_indexer,1,262144,512,0,0,bfloat16,int32,10,maca_c,pass,,,82.381,108.57,0.006389,6.389,0.526,100.0,100.0,
MetaX_C500,MetaX C500,104,ee402bccab9be388e7197808c1ba448826e00ea1,0595136a9cc076b7aa97268b67c1cd9b,official,lightning_indexer,1,262144,512,0,0,bfloat16,int32,10,torch,pass,,,188.442,166.605,0.002793,2.793,,43.72,65.17,
MetaX_C500,MetaX C500,104,ee402bccab9be388e7197808c1ba448826e00ea1,0595136a9cc076b7aa97268b67c1cd9b,official,lightning_indexer,1,262144,512,0,0,bfloat16,int32,10,deep_gemm,unsupported,UnsupportedByBackend,"backend 'deep_gemm' ranks float32 scores, and was given torch.bfloat16; 'maca_c' and 'torch' take bfloat16 as well",,,,,,,,
MetaX_C500,MetaX C500,104,ee402bccab9be388e7197808c1ba448826e00ea1,0595136a9cc076b7aa97268b67c1cd9b,official,lightning_indexer,1,1048576,512,0,0,bfloat16,int32,10,maca_c,pass,,,106.496,146.33,0.019712,19.712,2.099,100.0,100.0,
MetaX_C500,MetaX C500,104,ee402bccab9be388e7197808c1ba448826e00ea1,0595136a9cc076b7aa97268b67c1cd9b,official,lightning_indexer,1,1048576,512,0,0,bfloat16,int32,10,torch,pass,,,296.499,277.402,0.00708,7.08,,35.92,52.75,
MetaX_C500,MetaX C500,104,ee402bccab9be388e7197808c1ba448826e00ea1,0595136a9cc076b7aa97268b67c1cd9b,official,lightning_indexer,1,1048576,512,0,0,bfloat16,int32,10,deep_gemm,unsupported,UnsupportedByBackend,"backend 'deep_gemm' ranks float32 scores, and was given torch.bfloat16; 'maca_c' and 'torch' take bfloat16 as well",,,,,,,,
MetaX_C500,MetaX C500,104,ee402bccab9be388e7197808c1ba448826e00ea1,0595136a9cc076b7aa97268b67c1cd9b,official,lightning_indexer,64,131072,512,0,0,bfloat16,int32,10,maca_c,pass,,,78.822,80.666,0.214512,214.512,16.908,100.0,100.0,
MetaX_C500,MetaX C500,104,ee402bccab9be388e7197808c1ba448826e00ea1,0595136a9cc076b7aa97268b67c1cd9b,official,lightning_indexer,64,131072,512,0,0,bfloat16,int32,10,torch,pass,,,435.456,429.568,0.038829,38.829,,18.1,18.78,
MetaX_C500,MetaX C500,104,ee402bccab9be388e7197808c1ba448826e00ea1,0595136a9cc076b7aa97268b67c1cd9b,official,lightning_indexer,64,131072,512,0,0,bfloat16,int32,10,deep_gemm,unsupported,UnsupportedByBackend,"backend 'deep_gemm' ranks float32 scores, and was given torch.bfloat16; 'maca_c' and 'torch' take bfloat16 as well",,,,,,,,
MetaX_C500,MetaX C500,104,ee402bccab9be388e7197808c1ba448826e00ea1,0595136a9cc076b7aa97268b67c1cd9b,official,lightning_indexer,64,262144,512,0,0,bfloat16,int32,10,maca_c,pass,,,131.379,136.346,0.256399,256.399,33.686,100.0,100.0,
MetaX_C500,MetaX C500,104,ee402bccab9be388e7197808c1ba448826e00ea1,0595136a9cc076b7aa97268b67c1cd9b,official,lightning_indexer,64,262144,512,0,0,bfloat16,int32,10,torch,pass,,,695.475,687.77,0.048435,48.435,,18.89,19.82,
MetaX_C500,MetaX C500,104,ee402bccab9be388e7197808c1ba448826e00ea1,0595136a9cc076b7aa97268b67c1cd9b,official,lightning_indexer,64,262144,512,0,0,bfloat16,int32,10,deep_gemm,unsupported,UnsupportedByBackend,"backend 'deep_gemm' ranks float32 scores, and was given torch.bfloat16; 'maca_c' and 'torch' take bfloat16 as well",,,,,,,,
MetaX_C500,MetaX C500,104,ee402bccab9be388e7197808c1ba448826e00ea1,0595136a9cc076b7aa97268b67c1cd9b,official,lightning_indexer,64,1048576,512,0,0,bfloat16,int32,10,maca_c,pass,,,444.467,448.922,0.302269,302.269,134.349,100.0,100.0,
MetaX_C500,MetaX C500,104,ee402bccab9be388e7197808c1ba448826e00ea1,0595136a9cc076b7aa97268b67c1cd9b,official,lightning_indexer,64,1048576,512,0,0,bfloat16,int32,10,torch,pass,,,1973.965,1967.744,0.06806,68.06,,22.52,22.81,
MetaX_C500,MetaX C500,104,ee402bccab9be388e7197808c1ba448826e00ea1,0595136a9cc076b7aa97268b67c1cd9b,official,lightning_indexer,64,1048576,512,0,0,bfloat16,int32,10,deep_gemm,unsupported,UnsupportedByBackend,"backend 'deep_gemm' ranks float32 scores, and was given torch.bfloat16; 'maca_c' and 'torch' take bfloat16 as well",,,,,,,,
MetaX_C500,MetaX C500,104,ee402bccab9be388e7197808c1ba448826e00ea1,0595136a9cc076b7aa97268b67c1cd9b,official,lightning_indexer,128,131072,512,0,0,bfloat16,int32,10,maca_c,pass,,,113.613,117.76,0.297647,297.647,33.817,100.0,100.0,
MetaX_C500,MetaX C500,104,ee402bccab9be388e7197808c1ba448826e00ea1,0595136a9cc076b7aa97268b67c1cd9b,official,lightning_indexer,128,131072,512,0,0,bfloat16,int32,10,torch,pass,,,701.645,689.843,0.048196,48.196,,16.19,17.07,
MetaX_C500,MetaX C500,104,ee402bccab9be388e7197808c1ba448826e00ea1,0595136a9cc076b7aa97268b67c1cd9b,official,lightning_indexer,128,131072,512,0,0,bfloat16,int32,10,deep_gemm,unsupported,UnsupportedByBackend,"backend 'deep_gemm' ranks float32 scores, and was given torch.bfloat16; 'maca_c' and 'torch' take bfloat16 as well",,,,,,,,
MetaX_C500,MetaX C500,104,ee402bccab9be388e7197808c1ba448826e00ea1,0595136a9cc076b7aa97268b67c1cd9b,official,lightning_indexer,128,262144,512,0,0,bfloat16,int32,10,maca_c,pass,,,193.997,196.301,0.347279,347.279,67.371,100.0,100.0,
MetaX_C500,MetaX C500,104,ee402bccab9be388e7197808c1ba448826e00ea1,0595136a9cc076b7aa97268b67c1cd9b,official,lightning_indexer,128,262144,512,0,0,bfloat16,int32,10,torch,pass,,,1146.675,1140.173,0.058753,58.753,,16.92,17.22,
MetaX_C500,MetaX C500,104,ee402bccab9be388e7197808c1ba448826e00ea1,0595136a9cc076b7aa97268b67c1cd9b,official,lightning_indexer,128,262144,512,0,0,bfloat16,int32,10,deep_gemm,unsupported,UnsupportedByBackend,"backend 'deep_gemm' ranks float32 scores, and was given torch.bfloat16; 'maca_c' and 'torch' take bfloat16 as well",,,,,,,,
MetaX_C500,MetaX C500,104,ee402bccab9be388e7197808c1ba448826e00ea1,0595136a9cc076b7aa97268b67c1cd9b,official,lightning_indexer,128,1048576,512,0,0,bfloat16,int32,10,maca_c,pass,,,675.251,678.912,0.397923,397.923,268.698,100.0,100.0,
MetaX_C500,MetaX C500,104,ee402bccab9be388e7197808c1ba448826e00ea1,0595136a9cc076b7aa97268b67c1cd9b,official,lightning_indexer,128,1048576,512,0,0,bfloat16,int32,10,torch,pass,,,3548.493,3548.851,0.075722,75.722,,19.03,19.13,
MetaX_C500,MetaX C500,104,ee402bccab9be388e7197808c1ba448826e00ea1,0595136a9cc076b7aa97268b67c1cd9b,official,lightning_indexer,128,1048576,512,0,0,bfloat16,int32,10,deep_gemm,unsupported,UnsupportedByBackend,"backend 'deep_gemm' ranks float32 scores, and was given torch.bfloat16; 'maca_c' and 'torch' take bfloat16 as well",,,,,,,,
MetaX_C500,MetaX C500,104,ee402bccab9be388e7197808c1ba448826e00ea1,0595136a9cc076b7aa97268b67c1cd9b,official,lightning_indexer,1,131072,1024,0,0,bfloat16,int32,10,maca_c,pass,,,77.773,80.666,0.003423,3.423,0.266,100.0,100.0,
MetaX_C500,MetaX C500,104,ee402bccab9be388e7197808c1ba448826e00ea1,0595136a9cc076b7aa97268b67c1cd9b,official,lightning_indexer,1,131072,1024,0,0,bfloat16,int32,10,torch,pass,,,169.779,149.427,0.001568,1.568,,45.81,53.98,
MetaX_C500,MetaX C500,104,ee402bccab9be388e7197808c1ba448826e00ea1,0595136a9cc076b7aa97268b67c1cd9b,official,lightning_indexer,1,131072,1024,0,0,bfloat16,int32,10,deep_gemm,unsupported,UnsupportedByBackend,"backend 'deep_gemm' ranks float32 scores, and was given torch.bfloat16; 'maca_c' and 'torch' take bfloat16 as well",,,,,,,,
MetaX_C500,MetaX C500,104,ee402bccab9be388e7197808c1ba448826e00ea1,0595136a9cc076b7aa97268b67c1cd9b,official,lightning_indexer,1,262144,1024,0,0,bfloat16,int32,10,maca_c,pass,,,98.637,123.392,0.005357,5.357,0.528,100.0,100.0,
MetaX_C500,MetaX C500,104,ee402bccab9be388e7197808c1ba448826e00ea1,0595136a9cc076b7aa97268b67c1cd9b,official,lightning_indexer,1,262144,1024,0,0,bfloat16,int32,10,torch,pass,,,189.235,166.989,0.002792,2.792,,52.12,73.89,
MetaX_C500,MetaX C500,104,ee402bccab9be388e7197808c1ba448826e00ea1,0595136a9cc076b7aa97268b67c1cd9b,official,lightning_indexer,1,262144,1024,0,0,bfloat16,int32,10,deep_gemm,unsupported,UnsupportedByBackend,"backend 'deep_gemm' ranks float32 scores, and was given torch.bfloat16; 'maca_c' and 'torch' take bfloat16 as well",,,,,,,,
MetaX_C500,MetaX C500,104,ee402bccab9be388e7197808c1ba448826e00ea1,0595136a9cc076b7aa97268b67c1cd9b,official,lightning_indexer,1,1048576,1024,0,0,bfloat16,int32,10,maca_c,pass,,,130.56,171.187,0.016094,16.094,2.101,100.0,100.0,
MetaX_C500,MetaX C500,104,ee402bccab9be388e7197808c1ba448826e00ea1,0595136a9cc076b7aa97268b67c1cd9b,official,lightning_indexer,1,1048576,1024,0,0,bfloat16,int32,10,torch,pass,,,295.629,274.048,0.007108,7.108,,44.16,62.47,
MetaX_C500,MetaX C500,104,ee402bccab9be388e7197808c1ba448826e00ea1,0595136a9cc076b7aa97268b67c1cd9b,official,lightning_indexer,1,1048576,1024,0,0,bfloat16,int32,10,deep_gemm,unsupported,UnsupportedByBackend,"backend 'deep_gemm' ranks float32 scores, and was given torch.bfloat16; 'maca_c' and 'torch' take bfloat16 as well",,,,,,,,
MetaX_C500,MetaX C500,104,ee402bccab9be388e7197808c1ba448826e00ea1,0595136a9cc076b7aa97268b67c1cd9b,official,lightning_indexer,64,131072,1024,0,0,bfloat16,int32,10,maca_c,pass,,,85.402,87.117,0.199519,199.519,17.039,100.0,100.0,
MetaX_C500,MetaX C500,104,ee402bccab9be388e7197808c1ba448826e00ea1,0595136a9cc076b7aa97268b67c1cd9b,official,lightning_indexer,64,131072,1024,0,0,bfloat16,int32,10,torch,pass,,,441.216,431.565,0.038619,38.619,,19.36,20.19,
MetaX_C500,MetaX C500,104,ee402bccab9be388e7197808c1ba448826e00ea1,0595136a9cc076b7aa97268b67c1cd9b,official,lightning_indexer,64,131072,1024,0,0,bfloat16,int32,10,deep_gemm,unsupported,UnsupportedByBackend,"backend 'deep_gemm' ranks float32 scores, and was given torch.bfloat16; 'maca_c' and 'torch' take bfloat16 as well",,,,,,,,
MetaX_C500,MetaX C500,104,ee402bccab9be388e7197808c1ba448826e00ea1,0595136a9cc076b7aa97268b67c1cd9b,official,lightning_indexer,64,262144,1024,0,0,bfloat16,int32,10,maca_c,pass,,,140.083,142.157,0.241404,241.404,33.817,100.0,100.0,
MetaX_C500,MetaX C500,104,ee402bccab9be388e7197808c1ba448826e00ea1,0595136a9cc076b7aa97268b67c1cd9b,official,lightning_indexer,64,262144,1024,0,0,bfloat16,int32,10,torch,pass,,,722.406,713.498,0.046811,46.811,,19.39,19.92,
MetaX_C500,MetaX C500,104,ee402bccab9be388e7197808c1ba448826e00ea1,0595136a9cc076b7aa97268b67c1cd9b,official,lightning_indexer,64,262144,1024,0,0,bfloat16,int32,10,deep_gemm,unsupported,UnsupportedByBackend,"backend 'deep_gemm' ranks float32 scores, and was given torch.bfloat16; 'maca_c' and 'torch' take bfloat16 as well",,,,,,,,
MetaX_C500,MetaX C500,104,ee402bccab9be388e7197808c1ba448826e00ea1,0595136a9cc076b7aa97268b67c1cd9b,official,lightning_indexer,64,1048576,1024,0,0,bfloat16,int32,10,maca_c,pass,,,453.99,456.141,0.296218,296.218,134.48,100.0,100.0,
MetaX_C500,MetaX C500,104,ee402bccab9be388e7197808c1ba448826e00ea1,0595136a9cc076b7aa97268b67c1cd9b,official,lightning_indexer,64,1048576,1024,0,0,bfloat16,int32,10,torch,pass,,,1982.822,1970.355,0.067822,67.822,,22.9,23.15,
MetaX_C500,MetaX C500,104,ee402bccab9be388e7197808c1ba448826e00ea1,0595136a9cc076b7aa97268b67c1cd9b,official,lightning_indexer,64,1048576,1024,0,0,bfloat16,int32,10,deep_gemm,unsupported,UnsupportedByBackend,"backend 'deep_gemm' ranks float32 scores, and was given torch.bfloat16; 'maca_c' and 'torch' take bfloat16 as well",,,,,,,,
MetaX_C500,MetaX C500,104,ee402bccab9be388e7197808c1ba448826e00ea1,0595136a9cc076b7aa97268b67c1cd9b,official,lightning_indexer,128,131072,1024,0,0,bfloat16,int32,10,maca_c,pass,,,125.44,126.925,0.271673,271.673,34.079,100.0,100.0,
MetaX_C500,MetaX C500,104,ee402bccab9be388e7197808c1ba448826e00ea1,0595136a9cc076b7aa97268b67c1cd9b,official,lightning_indexer,128,131072,1024,0,0,bfloat16,int32,10,torch,pass,,,712.883,703.949,0.047804,47.804,,17.6,18.03,
MetaX_C500,MetaX C500,104,ee402bccab9be388e7197808c1ba448826e00ea1,0595136a9cc076b7aa97268b67c1cd9b,official,lightning_indexer,128,131072,1024,0,0,bfloat16,int32,10,deep_gemm,unsupported,UnsupportedByBackend,"backend 'deep_gemm' ranks float32 scores, and was given torch.bfloat16; 'maca_c' and 'torch' take bfloat16 as well",,,,,,,,
MetaX_C500,MetaX C500,104,ee402bccab9be388e7197808c1ba448826e00ea1,0595136a9cc076b7aa97268b67c1cd9b,official,lightning_indexer,128,262144,1024,0,0,bfloat16,int32,10,maca_c,pass,,,208.307,210.637,0.32468,324.68,67.633,100.0,100.0,
MetaX_C500,MetaX C500,104,ee402bccab9be388e7197808c1ba448826e00ea1,0595136a9cc076b7aa97268b67c1cd9b,official,lightning_indexer,128,262144,1024,0,0,bfloat16,int32,10,torch,pass,,,1148.928,1141.606,0.058866,58.866,,18.13,18.45,
MetaX_C500,MetaX C500,104,ee402bccab9be388e7197808c1ba448826e00ea1,0595136a9cc076b7aa97268b67c1cd9b,official,lightning_indexer,128,262144,1024,0,0,bfloat16,int32,10,deep_gemm,unsupported,UnsupportedByBackend,"backend 'deep_gemm' ranks float32 scores, and was given torch.bfloat16; 'maca_c' and 'torch' take bfloat16 as well",,,,,,,,
MetaX_C500,MetaX C500,104,ee402bccab9be388e7197808c1ba448826e00ea1,0595136a9cc076b7aa97268b67c1cd9b,official,lightning_indexer,128,1048576,1024,0,0,bfloat16,int32,10,maca_c,pass,,,690.842,695.68,0.389322,389.322,268.96,100.0,100.0,
MetaX_C500,MetaX C500,104,ee402bccab9be388e7197808c1ba448826e00ea1,0595136a9cc076b7aa97268b67c1cd9b,official,lightning_indexer,128,1048576,1024,0,0,bfloat16,int32,10,torch,pass,,,3614.848,3609.779,0.074404,74.404,,19.11,19.27,
MetaX_C500,MetaX C500,104,ee402bccab9be388e7197808c1ba448826e00ea1,0595136a9cc076b7aa97268b67c1cd9b,official,lightning_indexer,128,1048576,1024,0,0,bfloat16,int32,10,deep_gemm,unsupported,UnsupportedByBackend,"backend 'deep_gemm' ranks float32 scores, and was given torch.bfloat16; 'maca_c' and 'torch' take bfloat16 as well",,,,,,,,
MetaX_C500,MetaX C500,104,ee402bccab9be388e7197808c1ba448826e00ea1,0595136a9cc076b7aa97268b67c1cd9b,official,lightning_indexer,1,131072,2048,0,0,bfloat16,int32,10,maca_c,pass,,,118.656,119.552,0.002278,2.278,0.27,100.0,100.0,
MetaX_C500,MetaX C500,104,ee402bccab9be388e7197808c1ba448826e00ea1,0595136a9cc076b7aa97268b67c1cd9b,official,lightning_indexer,1,131072,2048,0,0,bfloat16,int32,10,torch,pass,,,172.902,149.555,0.001564,1.564,,68.63,79.94,
MetaX_C500,MetaX C500,104,ee402bccab9be388e7197808c1ba448826e00ea1,0595136a9cc076b7aa97268b67c1cd9b,official,lightning_indexer,1,131072,2048,0,0,bfloat16,int32,10,deep_gemm,unsupported,UnsupportedByBackend,"backend 'deep_gemm' ranks float32 scores, and was given torch.bfloat16; 'maca_c' and 'torch' take bfloat16 as well",,,,,,,,
MetaX_C500,MetaX C500,104,ee402bccab9be388e7197808c1ba448826e00ea1,0595136a9cc076b7aa97268b67c1cd9b,official,lightning_indexer,1,262144,2048,0,0,bfloat16,int32,10,maca_c,pass,,,201.318,199.219,0.002645,2.645,0.532,100.0,100.0,
MetaX_C500,MetaX C500,104,ee402bccab9be388e7197808c1ba448826e00ea1,0595136a9cc076b7aa97268b67c1cd9b,official,lightning_indexer,1,262144,2048,0,0,bfloat16,int32,10,torch,pass,,,188.646,165.888,0.002823,2.823,,106.72,120.09,
MetaX_C500,MetaX C500,104,ee402bccab9be388e7197808c1ba448826e00ea1,0595136a9cc076b7aa97268b67c1cd9b,official,lightning_indexer,1,262144,2048,0,0,bfloat16,int32,10,deep_gemm,unsupported,UnsupportedByBackend,"backend 'deep_gemm' ranks float32 scores, and was given torch.bfloat16; 'maca_c' and 'torch' take bfloat16 as well",,,,,,,,
MetaX_C500,MetaX C500,104,ee402bccab9be388e7197808c1ba448826e00ea1,0595136a9cc076b7aa97268b67c1cd9b,official,lightning_indexer,1,1048576,2048,0,0,bfloat16,int32,10,maca_c,pass,,,649.472,621.645,0.003242,3.242,2.105,100.0,100.0,
MetaX_C500,MetaX C500,104,ee402bccab9be388e7197808c1ba448826e00ea1,0595136a9cc076b7aa97268b67c1cd9b,official,lightning_indexer,1,1048576,2048,0,0,bfloat16,int32,10,torch,pass,,,294.323,273.51,0.007153,7.153,,220.67,227.28,
MetaX_C500,MetaX C500,104,ee402bccab9be388e7197808c1ba448826e00ea1,0595136a9cc076b7aa97268b67c1cd9b,official,lightning_indexer,1,1048576,2048,0,0,bfloat16,int32,10,deep_gemm,unsupported,UnsupportedByBackend,"backend 'deep_gemm' ranks float32 scores, and was given torch.bfloat16; 'maca_c' and 'torch' take bfloat16 as well",,,,,,,,
MetaX_C500,MetaX C500,104,ee402bccab9be388e7197808c1ba448826e00ea1,0595136a9cc076b7aa97268b67c1cd9b,official,lightning_indexer,64,131072,2048,0,0,bfloat16,int32,10,maca_c,pass,,,136.422,138.035,0.126823,126.823,17.302,100.0,100.0,
MetaX_C500,MetaX C500,104,ee402bccab9be388e7197808c1ba448826e00ea1,0595136a9cc076b7aa97268b67c1cd9b,official,lightning_indexer,64,131072,2048,0,0,bfloat16,int32,10,torch,pass,,,447.565,435.098,0.038657,38.657,,30.48,31.73,
MetaX_C500,MetaX C500,104,ee402bccab9be388e7197808c1ba448826e00ea1,0595136a9cc076b7aa97268b67c1cd9b,official,lightning_indexer,64,131072,2048,0,0,bfloat16,int32,10,deep_gemm,unsupported,UnsupportedByBackend,"backend 'deep_gemm' ranks float32 scores, and was given torch.bfloat16; 'maca_c' and 'torch' take bfloat16 as well",,,,,,,,
MetaX_C500,MetaX C500,104,ee402bccab9be388e7197808c1ba448826e00ea1,0595136a9cc076b7aa97268b67c1cd9b,official,lightning_indexer,64,262144,2048,0,0,bfloat16,int32,10,maca_c,pass,,,228.89,230.656,0.148887,148.887,34.079,100.0,100.0,
MetaX_C500,MetaX C500,104,ee402bccab9be388e7197808c1ba448826e00ea1,0595136a9cc076b7aa97268b67c1cd9b,official,lightning_indexer,64,262144,2048,0,0,bfloat16,int32,10,torch,pass,,,723.712,714.24,0.047089,47.089,,31.63,32.29,
MetaX_C500,MetaX C500,104,ee402bccab9be388e7197808c1ba448826e00ea1,0595136a9cc076b7aa97268b67c1cd9b,official,lightning_indexer,64,262144,2048,0,0,bfloat16,int32,10,deep_gemm,unsupported,UnsupportedByBackend,"backend 'deep_gemm' ranks float32 scores, and was given torch.bfloat16; 'maca_c' and 'torch' take bfloat16 as well",,,,,,,,
MetaX_C500,MetaX C500,104,ee402bccab9be388e7197808c1ba448826e00ea1,0595136a9cc076b7aa97268b67c1cd9b,official,lightning_indexer,64,1048576,2048,0,0,bfloat16,int32,10,maca_c,pass,,,731.93,735.667,0.184091,184.091,134.742,100.0,100.0,
MetaX_C500,MetaX C500,104,ee402bccab9be388e7197808c1ba448826e00ea1,0595136a9cc076b7aa97268b67c1cd9b,official,lightning_indexer,64,1048576,2048,0,0,bfloat16,int32,10,torch,pass,,,1980.058,1970.432,0.06805,68.05,,36.97,37.34,
MetaX_C500,MetaX C500,104,ee402bccab9be388e7197808c1ba448826e00ea1,0595136a9cc076b7aa97268b67c1cd9b,official,lightning_indexer,64,1048576,2048,0,0,bfloat16,int32,10,deep_gemm,unsupported,UnsupportedByBackend,"backend 'deep_gemm' ranks float32 scores, and was given torch.bfloat16; 'maca_c' and 'torch' take bfloat16 as well",,,,,,,,
MetaX_C500,MetaX C500,104,ee402bccab9be388e7197808c1ba448826e00ea1,0595136a9cc076b7aa97268b67c1cd9b,official,lightning_indexer,128,131072,2048,0,0,bfloat16,int32,10,maca_c,pass,,,170.291,171.059,0.203199,203.199,34.603,100.0,100.0,
MetaX_C500,MetaX C500,104,ee402bccab9be388e7197808c1ba448826e00ea1,0595136a9cc076b7aa97268b67c1cd9b,official,lightning_indexer,128,131072,2048,0,0,bfloat16,int32,10,torch,pass,,,733.926,720.256,0.047148,47.148,,23.2,23.75,
MetaX_C500,MetaX C500,104,ee402bccab9be388e7197808c1ba448826e00ea1,0595136a9cc076b7aa97268b67c1cd9b,official,lightning_indexer,128,131072,2048,0,0,bfloat16,int32,10,deep_gemm,unsupported,UnsupportedByBackend,"backend 'deep_gemm' ranks float32 scores, and was given torch.bfloat16; 'maca_c' and 'torch' take bfloat16 as well",,,,,,,,
MetaX_C500,MetaX C500,104,ee402bccab9be388e7197808c1ba448826e00ea1,0595136a9cc076b7aa97268b67c1cd9b,official,lightning_indexer,128,262144,2048,0,0,bfloat16,int32,10,maca_c,pass,,,286.874,288.307,0.237587,237.587,68.157,100.0,100.0,
MetaX_C500,MetaX C500,104,ee402bccab9be388e7197808c1ba448826e00ea1,0595136a9cc076b7aa97268b67c1cd9b,official,lightning_indexer,128,262144,2048,0,0,bfloat16,int32,10,torch,pass,,,1164.109,1150.285,0.058549,58.549,,24.64,25.06,
MetaX_C500,MetaX C500,104,ee402bccab9be388e7197808c1ba448826e00ea1,0595136a9cc076b7aa97268b67c1cd9b,official,lightning_indexer,128,262144,2048,0,0,bfloat16,int32,10,deep_gemm,unsupported,UnsupportedByBackend,"backend 'deep_gemm' ranks float32 scores, and was given torch.bfloat16; 'maca_c' and 'torch' take bfloat16 as well",,,,,,,,
MetaX_C500,MetaX C500,104,ee402bccab9be388e7197808c1ba448826e00ea1,0595136a9cc076b7aa97268b67c1cd9b,official,lightning_indexer,128,1048576,2048,0,0,bfloat16,int32,10,maca_c,pass,,,926.234,929.971,0.290946,290.946,269.484,100.0,100.0,
MetaX_C500,MetaX C500,104,ee402bccab9be388e7197808c1ba448826e00ea1,0595136a9cc076b7aa97268b67c1cd9b,official,lightning_indexer,128,1048576,2048,0,0,bfloat16,int32,10,torch,pass,,,3640.883,3639.577,0.074016,74.016,,25.44,25.55,
MetaX_C500,MetaX C500,104,ee402bccab9be388e7197808c1ba448826e00ea1,0595136a9cc076b7aa97268b67c1cd9b,official,lightning_indexer,128,1048576,2048,0,0,bfloat16,int32,10,deep_gemm,unsupported,UnsupportedByBackend,"backend 'deep_gemm' ranks float32 scores, and was given torch.bfloat16; 'maca_c' and 'torch' take bfloat16 as well",,,,,,,,
MetaX_C500,MetaX C500,104,ee402bccab9be388e7197808c1ba448826e00ea1,0595136a9cc076b7aa97268b67c1cd9b,official,sampler,6,129280,512,1,1,float32,int64,10,maca_c,pass,,,97.971,111.36,0.032046,32.046,3.14,100.0,100.0,
MetaX_C500,MetaX C500,104,ee402bccab9be388e7197808c1ba448826e00ea1,0595136a9cc076b7aa97268b67c1cd9b,official,sampler,6,129280,512,1,1,float32,int64,10,torch,pass,,,358.707,359.322,0.008753,8.753,,27.31,30.99,
MetaX_C500,MetaX C500,104,ee402bccab9be388e7197808c1ba448826e00ea1,0595136a9cc076b7aa97268b67c1cd9b,official,sampler,6,129280,512,1,1,float32,int64,10,deep_gemm,unsupported,UnsupportedByBackend,backend 'deep_gemm' returns an unordered selection; `sorted_value`/`sorted_index` need backend 'maca_c',,,,,,,,
MetaX_C500,MetaX C500,104,ee402bccab9be388e7197808c1ba448826e00ea1,0595136a9cc076b7aa97268b67c1cd9b,official,sampler,256,129280,512,1,1,float32,int64,10,maca_c,pass,,,269.133,287.232,0.49773,497.73,133.956,100.0,100.0,
MetaX_C500,MetaX C500,104,ee402bccab9be388e7197808c1ba448826e00ea1,0595136a9cc076b7aa97268b67c1cd9b,official,sampler,256,129280,512,1,1,float32,int64,10,torch,pass,,,1601.28,1624.858,0.083655,83.655,,16.81,17.68,
MetaX_C500,MetaX C500,104,ee402bccab9be388e7197808c1ba448826e00ea1,0595136a9cc076b7aa97268b67c1cd9b,official,sampler,256,129280,512,1,1,float32,int64,10,deep_gemm,unsupported,UnsupportedByBackend,backend 'deep_gemm' returns an unordered selection; `sorted_value`/`sorted_index` need backend 'maca_c',,,,,,,,
MetaX_C500,MetaX C500,104,ee402bccab9be388e7197808c1ba448826e00ea1,0595136a9cc076b7aa97268b67c1cd9b,official,sampler,512,129280,512,1,1,float32,int64,10,maca_c,pass,,,481.818,497.306,0.556042,556.042,267.911,100.0,100.0,
MetaX_C500,MetaX C500,104,ee402bccab9be388e7197808c1ba448826e00ea1,0595136a9cc076b7aa97268b67c1cd9b,official,sampler,512,129280,512,1,1,float32,int64,10,torch,pass,,,2809.165,2848.614,0.09537,95.37,,17.15,17.46,
MetaX_C500,MetaX C500,104,ee402bccab9be388e7197808c1ba448826e00ea1,0595136a9cc076b7aa97268b67c1cd9b,official,sampler,512,129280,512,1,1,float32,int64,10,deep_gemm,unsupported,UnsupportedByBackend,backend 'deep_gemm' returns an unordered selection; `sorted_value`/`sorted_index` need backend 'maca_c',,,,,,,,
MetaX_C500,MetaX C500,104,ee402bccab9be388e7197808c1ba448826e00ea1,0595136a9cc076b7aa97268b67c1cd9b,official,sampler,768,129280,512,1,1,float32,int64,10,maca_c,pass,,,721.05,729.549,0.557335,557.335,401.867,100.0,100.0,
MetaX_C500,MetaX C500,104,ee402bccab9be388e7197808c1ba448826e00ea1,0595136a9cc076b7aa97268b67c1cd9b,official,sampler,768,129280,512,1,1,float32,int64,10,torch,pass,,,4052.582,4134.195,0.099163,99.163,,17.79,17.65,
MetaX_C500,MetaX C500,104,ee402bccab9be388e7197808c1ba448826e00ea1,0595136a9cc076b7aa97268b67c1cd9b,official,sampler,768,129280,512,1,1,float32,int64,10,deep_gemm,unsupported,UnsupportedByBackend,backend 'deep_gemm' returns an unordered selection; `sorted_value`/`sorted_index` need backend 'maca_c',,,,,,,,
MetaX_C500,MetaX C500,104,ee402bccab9be388e7197808c1ba448826e00ea1,0595136a9cc076b7aa97268b67c1cd9b,official,sampler,4096,129280,512,1,1,float32,int64,10,maca_c,pass,,,3849.626,3875.277,0.556753,556.753,2143.289,100.0,100.0,
MetaX_C500,MetaX C500,104,ee402bccab9be388e7197808c1ba448826e00ea1,0595136a9cc076b7aa97268b67c1cd9b,official,sampler,4096,129280,512,1,1,float32,int64,10,torch,pass,,,20161.69,20536.038,0.106305,106.305,,19.09,18.87,
MetaX_C500,MetaX C500,104,ee402bccab9be388e7197808c1ba448826e00ea1,0595136a9cc076b7aa97268b67c1cd9b,official,sampler,4096,129280,512,1,1,float32,int64,10,deep_gemm,unsupported,UnsupportedByBackend,backend 'deep_gemm' returns an unordered selection; `sorted_value`/`sorted_index` need backend 'maca_c',,,,,,,,
MetaX_C500,MetaX C500,104,ee402bccab9be388e7197808c1ba448826e00ea1,0595136a9cc076b7aa97268b67c1cd9b,deep_gemm_axes,lightning_indexer,1,66551,2048,0,0,float32,int32,10,maca_c,pass,,,65.562,70.118,0.004185,4.185,0.274,100.0,100.0,
MetaX_C500,MetaX C500,104,ee402bccab9be388e7197808c1ba448826e00ea1,0595136a9cc076b7aa97268b67c1cd9b,deep_gemm_axes,lightning_indexer,1,66551,2048,0,0,float32,int32,10,torch,pass,,,223.104,191.206,0.00123,1.23,,29.39,36.67,
MetaX_C500,MetaX C500,104,ee402bccab9be388e7197808c1ba448826e00ea1,0595136a9cc076b7aa97268b67c1cd9b,deep_gemm_axes,lightning_indexer,1,66551,2048,0,0,float32,int32,10,deep_gemm,pass,,,53.197,353.229,0.005158,5.158,0.274,123.24,19.85,
MetaX_C500,MetaX C500,104,ee402bccab9be388e7197808c1ba448826e00ea1,0595136a9cc076b7aa97268b67c1cd9b,deep_gemm_axes,lightning_indexer,16,66551,2048,0,0,float32,int32,10,maca_c,pass,,,87.091,97.101,0.050411,50.411,4.39,100.0,100.0,
MetaX_C500,MetaX C500,104,ee402bccab9be388e7197808c1ba448826e00ea1,0595136a9cc076b7aa97268b67c1cd9b,deep_gemm_axes,lightning_indexer,16,66551,2048,0,0,float32,int32,10,torch,pass,,,333.44,322.56,0.013167,13.167,,26.12,30.1,
MetaX_C500,MetaX C500,104,ee402bccab9be388e7197808c1ba448826e00ea1,0595136a9cc076b7aa97268b67c1cd9b,deep_gemm_axes,lightning_indexer,16,66551,2048,0,0,float32,int32,10,deep_gemm,pass,,,53.837,415.027,0.081549,81.549,4.39,161.77,23.4,
MetaX_C500,MetaX C500,104,ee402bccab9be388e7197808c1ba448826e00ea1,0595136a9cc076b7aa97268b67c1cd9b,deep_gemm_axes,lightning_indexer,132,66551,2048,0,0,float32,int32,10,maca_c,pass,,,119.398,136.525,0.303357,303.357,36.22,100.0,100.0,
MetaX_C500,MetaX C500,104,ee402bccab9be388e7197808c1ba448826e00ea1,0595136a9cc076b7aa97268b67c1cd9b,deep_gemm_axes,lightning_indexer,132,66551,2048,0,0,float32,int32,10,torch,pass,,,644.838,722.662,0.05617,56.17,,18.52,18.89,
MetaX_C500,MetaX C500,104,ee402bccab9be388e7197808c1ba448826e00ea1,0595136a9cc076b7aa97268b67c1cd9b,deep_gemm_axes,lightning_indexer,132,66551,2048,0,0,float32,int32,10,deep_gemm,pass,,,102.886,768.64,0.352043,352.043,36.22,116.05,17.76,
MetaX_C500,MetaX C500,104,ee402bccab9be388e7197808c1ba448826e00ea1,0595136a9cc076b7aa97268b67c1cd9b,deep_gemm_axes,lightning_indexer,512,66551,2048,0,0,float32,int32,10,maca_c,pass,,,275.405,295.066,0.510124,510.124,140.491,100.0,100.0,
MetaX_C500,MetaX C500,104,ee402bccab9be388e7197808c1ba448826e00ea1,0595136a9cc076b7aa97268b67c1cd9b,deep_gemm_axes,lightning_indexer,512,66551,2048,0,0,float32,int32,10,torch,pass,,,1592.96,1919.309,0.088195,88.195,,17.29,15.37,
MetaX_C500,MetaX C500,104,ee402bccab9be388e7197808c1ba448826e00ea1,0595136a9cc076b7aa97268b67c1cd9b,deep_gemm_axes,lightning_indexer,512,66551,2048,0,0,float32,int32,10,deep_gemm,pass,,,245.248,1983.846,0.572852,572.852,140.491,112.3,14.87,
MetaX_C500,MetaX C500,104,ee402bccab9be388e7197808c1ba448826e00ea1,0595136a9cc076b7aa97268b67c1cd9b,deep_gemm_axes,lightning_indexer,1,131072,2048,0,0,float32,int32,10,maca_c,pass,,,76.723,81.126,0.00694,6.94,0.532,100.0,100.0,sglang-bs1-seq2048: that grid declares a window; this ranks the whole row
MetaX_C500,MetaX C500,104,ee402bccab9be388e7197808c1ba448826e00ea1,0595136a9cc076b7aa97268b67c1cd9b,deep_gemm_axes,lightning_indexer,1,131072,2048,0,0,float32,int32,10,torch,pass,,,254.822,219.034,0.00209,2.09,,30.11,37.04,sglang-bs1-seq2048: that grid declares a window; this ranks the whole row
MetaX_C500,MetaX C500,104,ee402bccab9be388e7197808c1ba448826e00ea1,0595136a9cc076b7aa97268b67c1cd9b,deep_gemm_axes,lightning_indexer,1,131072,2048,0,0,float32,int32,10,deep_gemm,pass,,,62.438,304.102,0.008528,8.528,0.532,122.88,26.68,sglang-bs1-seq2048: that grid declares a window; this ranks the whole row
MetaX_C500,MetaX C500,104,ee402bccab9be388e7197808c1ba448826e00ea1,0595136a9cc076b7aa97268b67c1cd9b,deep_gemm_axes,lightning_indexer,1,131072,2048,0,0,float32,int32,10,maca_c,pass,,,76.928,81.203,0.006922,6.922,0.532,100.0,100.0,sglang-bs1-seq4096: that grid declares a window; this ranks the whole row
MetaX_C500,MetaX C500,104,ee402bccab9be388e7197808c1ba448826e00ea1,0595136a9cc076b7aa97268b67c1cd9b,deep_gemm_axes,lightning_indexer,1,131072,2048,0,0,float32,int32,10,torch,pass,,,253.696,223.514,0.002099,2.099,,30.32,36.33,sglang-bs1-seq4096: that grid declares a window; this ranks the whole row
MetaX_C500,MetaX C500,104,ee402bccab9be388e7197808c1ba448826e00ea1,0595136a9cc076b7aa97268b67c1cd9b,deep_gemm_axes,lightning_indexer,1,131072,2048,0,0,float32,int32,10,deep_gemm,pass,,,62.643,286.208,0.0085,8.5,0.532,122.8,28.37,sglang-bs1-seq4096: that grid declares a window; this ranks the whole row
MetaX_C500,MetaX C500,104,ee402bccab9be388e7197808c1ba448826e00ea1,0595136a9cc076b7aa97268b67c1cd9b,deep_gemm_axes,lightning_indexer,1,131072,2048,0,0,float32,int32,10,maca_c,pass,,,76.928,81.997,0.006922,6.922,0.532,100.0,100.0,sglang-bs1-seq16384: that grid declares a window; this ranks the whole row
MetaX_C500,MetaX C500,104,ee402bccab9be388e7197808c1ba448826e00ea1,0595136a9cc076b7aa97268b67c1cd9b,deep_gemm_axes,lightning_indexer,1,131072,2048,0,0,float32,int32,10,torch,pass,,,256.794,224.819,0.002074,2.074,,29.96,36.47,sglang-bs1-seq16384: that grid declares a window; this ranks the whole row
MetaX_C500,MetaX C500,104,ee402bccab9be388e7197808c1ba448826e00ea1,0595136a9cc076b7aa97268b67c1cd9b,deep_gemm_axes,lightning_indexer,1,131072,2048,0,0,float32,int32,10,deep_gemm,pass,,,63.334,301.85,0.008407,8.407,0.532,121.46,27.16,sglang-bs1-seq16384: that grid declares a window; this ranks the whole row
MetaX_C500,MetaX C500,104,ee402bccab9be388e7197808c1ba448826e00ea1,0595136a9cc076b7aa97268b67c1cd9b,deep_gemm_axes,lightning_indexer,1,131072,2048,0,0,float32,int32,10,maca_c,pass,,,77.133,81.434,0.006903,6.903,0.532,100.0,100.0,sglang-bs1-seq65536: that grid declares a window; this ranks the whole row
MetaX_C500,MetaX C500,104,ee402bccab9be388e7197808c1ba448826e00ea1,0595136a9cc076b7aa97268b67c1cd9b,deep_gemm_axes,lightning_indexer,1,131072,2048,0,0,float32,int32,10,torch,pass,,,253.184,221.466,0.002103,2.103,,30.47,36.77,sglang-bs1-seq65536: that grid declares a window; this ranks the whole row
MetaX_C500,MetaX C500,104,ee402bccab9be388e7197808c1ba448826e00ea1,0595136a9cc076b7aa97268b67c1cd9b,deep_gemm_axes,lightning_indexer,1,131072,2048,0,0,float32,int32,10,deep_gemm,pass,,,63.334,302.848,0.008407,8.407,0.532,121.79,26.89,sglang-bs1-seq65536: that grid declares a window; this ranks the whole row
MetaX_C500,MetaX C500,104,ee402bccab9be388e7197808c1ba448826e00ea1,0595136a9cc076b7aa97268b67c1cd9b,deep_gemm_axes,lightning_indexer,132,131072,2048,0,0,float32,int32,10,maca_c,pass,,,204.416,222.541,0.343845,343.845,70.287,100.0,100.0,sglang-bs132-seq2048: that grid declares a window; this ranks the whole row
MetaX_C500,MetaX C500,104,ee402bccab9be388e7197808c1ba448826e00ea1,0595136a9cc076b7aa97268b67c1cd9b,deep_gemm_axes,lightning_indexer,132,131072,2048,0,0,float32,int32,10,torch,pass,,,998.938,981.299,0.070362,70.362,,20.46,22.68,sglang-bs132-seq2048: that grid declares a window; this ranks the whole row
MetaX_C500,MetaX C500,104,ee402bccab9be388e7197808c1ba448826e00ea1,0595136a9cc076b7aa97268b67c1cd9b,deep_gemm_axes,lightning_indexer,132,131072,2048,0,0,float32,int32,10,deep_gemm,pass,,,173.261,852.454,0.405673,405.673,70.287,117.98,26.11,sglang-bs132-seq2048: that grid declares a window; this ranks the whole row
MetaX_C500,MetaX C500,104,ee402bccab9be388e7197808c1ba448826e00ea1,0595136a9cc076b7aa97268b67c1cd9b,deep_gemm_axes,lightning_indexer,132,131072,2048,0,0,float32,int32,10,maca_c,pass,,,204.262,222.234,0.344104,344.104,70.287,100.0,100.0,sglang-bs132-seq4096: that grid declares a window; this ranks the whole row
MetaX_C500,MetaX C500,104,ee402bccab9be388e7197808c1ba448826e00ea1,0595136a9cc076b7aa97268b67c1cd9b,deep_gemm_axes,lightning_indexer,132,131072,2048,0,0,float32,int32,10,torch,pass,,,987.827,979.379,0.071154,71.154,,20.68,22.69,sglang-bs132-seq4096: that grid declares a window; this ranks the whole row
MetaX_C500,MetaX C500,104,ee402bccab9be388e7197808c1ba448826e00ea1,0595136a9cc076b7aa97268b67c1cd9b,deep_gemm_axes,lightning_indexer,132,131072,2048,0,0,float32,int32,10,deep_gemm,pass,,,172.774,857.754,0.406817,406.817,70.287,118.22,25.91,sglang-bs132-seq4096: that grid declares a window; this ranks the whole row
MetaX_C500,MetaX C500,104,ee402bccab9be388e7197808c1ba448826e00ea1,0595136a9cc076b7aa97268b67c1cd9b,deep_gemm_axes,lightning_indexer,132,131072,2048,0,0,float32,int32,10,maca_c,pass,,,204.954,223.155,0.342942,342.942,70.287,100.0,100.0,sglang-bs132-seq16384: that grid declares a window; this ranks the whole row
MetaX_C500,MetaX C500,104,ee402bccab9be388e7197808c1ba448826e00ea1,0595136a9cc076b7aa97268b67c1cd9b,deep_gemm_axes,lightning_indexer,132,131072,2048,0,0,float32,int32,10,torch,pass,,,1021.21,1001.114,0.068828,68.828,,20.07,22.29,sglang-bs132-seq16384: that grid declares a window; this ranks the whole row
MetaX_C500,MetaX C500,104,ee402bccab9be388e7197808c1ba448826e00ea1,0595136a9cc076b7aa97268b67c1cd9b,deep_gemm_axes,lightning_indexer,132,131072,2048,0,0,float32,int32,10,deep_gemm,pass,,,172.774,860.39,0.406817,406.817,70.287,118.63,25.94,sglang-bs132-seq16384: that grid declares a window; this ranks the whole row
MetaX_C500,MetaX C500,104,ee402bccab9be388e7197808c1ba448826e00ea1,0595136a9cc076b7aa97268b67c1cd9b,deep_gemm_axes,lightning_indexer,132,131072,2048,0,0,float32,int32,10,maca_c,pass,,,203.904,222.08,0.344708,344.708,70.287,100.0,100.0,sglang-bs132-seq65536: that grid declares a window; this ranks the whole row
MetaX_C500,MetaX C500,104,ee402bccab9be388e7197808c1ba448826e00ea1,0595136a9cc076b7aa97268b67c1cd9b,deep_gemm_axes,lightning_indexer,132,131072,2048,0,0,float32,int32,10,torch,pass,,,1007.155,986.522,0.069788,69.788,,20.25,22.51,sglang-bs132-seq65536: that grid declares a window; this ranks the whole row
MetaX_C500,MetaX C500,104,ee402bccab9be388e7197808c1ba448826e00ea1,0595136a9cc076b7aa97268b67c1cd9b,deep_gemm_axes,lightning_indexer,132,131072,2048,0,0,float32,int32,10,deep_gemm,pass,,,172.467,862.106,0.407541,407.541,70.287,118.23,25.76,sglang-bs132-seq65536: that grid declares a window; this ranks the whole row
MetaX_C500,MetaX C500,104,ee402bccab9be388e7197808c1ba448826e00ea1,0595136a9cc076b7aa97268b67c1cd9b,deep_gemm_axes,lightning_indexer,256,131072,2048,0,0,float32,int32,10,maca_c,pass,,,276.07,293.197,0.493769,493.769,136.315,100.0,100.0,sglang-bs256-seq2048: that grid declares a window; this ranks the whole row
MetaX_C500,MetaX C500,104,ee402bccab9be388e7197808c1ba448826e00ea1,0595136a9cc076b7aa97268b67c1cd9b,deep_gemm_axes,lightning_indexer,256,131072,2048,0,0,float32,int32,10,torch,pass,,,1607.987,1585.459,0.084774,84.774,,17.17,18.49,sglang-bs256-seq2048: that grid declares a window; this ranks the whole row
MetaX_C500,MetaX C500,104,ee402bccab9be388e7197808c1ba448826e00ea1,0595136a9cc076b7aa97268b67c1cd9b,deep_gemm_axes,lightning_indexer,256,131072,2048,0,0,float32,int32,10,deep_gemm,pass,,,240.922,1312.256,0.565805,565.805,136.315,114.59,22.34,sglang-bs256-seq2048: that grid declares a window; this ranks the whole row
MetaX_C500,MetaX C500,104,ee402bccab9be388e7197808c1ba448826e00ea1,0595136a9cc076b7aa97268b67c1cd9b,deep_gemm_axes,lightning_indexer,256,131072,2048,0,0,float32,int32,10,maca_c,pass,,,276.25,293.555,0.493448,493.448,136.315,100.0,100.0,sglang-bs256-seq4096: that grid declares a window; this ranks the whole row
MetaX_C500,MetaX C500,104,ee402bccab9be388e7197808c1ba448826e00ea1,0595136a9cc076b7aa97268b67c1cd9b,deep_gemm_axes,lightning_indexer,256,131072,2048,0,0,float32,int32,10,torch,pass,,,1607.603,1584.64,0.084794,84.794,,17.18,18.53,sglang-bs256-seq4096: that grid declares a window; this ranks the whole row
MetaX_C500,MetaX C500,104,ee402bccab9be388e7197808c1ba448826e00ea1,0595136a9cc076b7aa97268b67c1cd9b,deep_gemm_axes,lightning_indexer,256,131072,2048,0,0,float32,int32,10,deep_gemm,pass,,,240.819,1300.89,0.566047,566.047,136.315,114.71,22.57,sglang-bs256-seq4096: that grid declares a window; this ranks the whole row
MetaX_C500,MetaX C500,104,ee402bccab9be388e7197808c1ba448826e00ea1,0595136a9cc076b7aa97268b67c1cd9b,deep_gemm_axes,lightning_indexer,256,131072,2048,0,0,float32,int32,10,maca_c,pass,,,276.403,293.146,0.493174,493.174,136.315,100.0,100.0,sglang-bs256-seq16384: that grid declares a window; this ranks the whole row
MetaX_C500,MetaX C500,104,ee402bccab9be388e7197808c1ba448826e00ea1,0595136a9cc076b7aa97268b67c1cd9b,deep_gemm_axes,lightning_indexer,256,131072,2048,0,0,float32,int32,10,torch,pass,,,1609.472,1594.675,0.084695,84.695,,17.17,18.38,sglang-bs256-seq16384: that grid declares a window; this ranks the whole row
MetaX_C500,MetaX C500,104,ee402bccab9be388e7197808c1ba448826e00ea1,0595136a9cc076b7aa97268b67c1cd9b,deep_gemm_axes,lightning_indexer,256,131072,2048,0,0,float32,int32,10,deep_gemm,pass,,,240.282,1285.786,0.567312,567.312,136.315,115.03,22.8,sglang-bs256-seq16384: that grid declares a window; this ranks the whole row
MetaX_C500,MetaX C500,104,ee402bccab9be388e7197808c1ba448826e00ea1,0595136a9cc076b7aa97268b67c1cd9b,deep_gemm_axes,lightning_indexer,256,131072,2048,0,0,float32,int32,10,maca_c,pass,,,275.891,293.53,0.49409,494.09,136.315,100.0,100.0,sglang-bs256-seq65536: that grid declares a window; this ranks the whole row
MetaX_C500,MetaX C500,104,ee402bccab9be388e7197808c1ba448826e00ea1,0595136a9cc076b7aa97268b67c1cd9b,deep_gemm_axes,lightning_indexer,256,131072,2048,0,0,float32,int32,10,torch,pass,,,1616.794,1597.107,0.084312,84.312,,17.06,18.38,sglang-bs256-seq65536: that grid declares a window; this ranks the whole row
MetaX_C500,MetaX C500,104,ee402bccab9be388e7197808c1ba448826e00ea1,0595136a9cc076b7aa97268b67c1cd9b,deep_gemm_axes,lightning_indexer,256,131072,2048,0,0,float32,int32,10,deep_gemm,pass,,,240.666,1284.173,0.566407,566.407,136.315,114.64,22.86,sglang-bs256-seq65536: that grid declares a window; this ranks the whole row
MetaX_C500,MetaX C500,104,ee402bccab9be388e7197808c1ba448826e00ea1,0595136a9cc076b7aa97268b67c1cd9b,deep_gemm_axes,lightning_indexer,4096,131072,2048,0,0,float32,int32,10,maca_c,pass,,,3410.739,3432.909,0.639462,639.462,2181.038,100.0,100.0,sglang-bs4096-seq2048: that grid declares a window; this ranks the whole row
MetaX_C500,MetaX C500,104,ee402bccab9be388e7197808c1ba448826e00ea1,0595136a9cc076b7aa97268b67c1cd9b,deep_gemm_axes,lightning_indexer,4096,131072,2048,0,0,float32,int32,10,torch,pass,,,20487.475,20505.011,0.106457,106.457,,16.65,16.74,sglang-bs4096-seq2048: that grid declares a window; this ranks the whole row
MetaX_C500,MetaX C500,104,ee402bccab9be388e7197808c1ba448826e00ea1,0595136a9cc076b7aa97268b67c1cd9b,deep_gemm_axes,lightning_indexer,4096,131072,2048,0,0,float32,int32,10,deep_gemm,pass,,,3262.387,16057.498,0.668541,668.541,2181.038,104.55,21.38,sglang-bs4096-seq2048: that grid declares a window; this ranks the whole row
MetaX_C500,MetaX C500,104,ee402bccab9be388e7197808c1ba448826e00ea1,0595136a9cc076b7aa97268b67c1cd9b,deep_gemm_axes,lightning_indexer,4096,131072,2048,0,0,float32,int32,10,maca_c,pass,,,3406.003,3436.211,0.640351,640.351,2181.038,100.0,100.0,sglang-bs4096-seq4096: that grid declares a window; this ranks the whole row
MetaX_C500,MetaX C500,104,ee402bccab9be388e7197808c1ba448826e00ea1,0595136a9cc076b7aa97268b67c1cd9b,deep_gemm_axes,lightning_indexer,4096,131072,2048,0,0,float32,int32,10,torch,pass,,,20495.949,20511.206,0.106413,106.413,,16.62,16.75,sglang-bs4096-seq4096: that grid declares a window; this ranks the whole row
MetaX_C500,MetaX C500,104,ee402bccab9be388e7197808c1ba448826e00ea1,0595136a9cc076b7aa97268b67c1cd9b,deep_gemm_axes,lightning_indexer,4096,131072,2048,0,0,float32,int32,10,deep_gemm,pass,,,3266.918,16069.734,0.667613,667.613,2181.038,104.26,21.38,sglang-bs4096-seq4096: that grid declares a window; this ranks the whole row
MetaX_C500,MetaX C500,104,ee402bccab9be388e7197808c1ba448826e00ea1,0595136a9cc076b7aa97268b67c1cd9b,deep_gemm_axes,lightning_indexer,4096,131072,2048,0,0,float32,int32,10,maca_c,pass,,,3414.579,3435.853,0.638743,638.743,2181.038,100.0,100.0,sglang-bs4096-seq16384: that grid declares a window; this ranks the whole row
MetaX_C500,MetaX C500,104,ee402bccab9be388e7197808c1ba448826e00ea1,0595136a9cc076b7aa97268b67c1cd9b,deep_gemm_axes,lightning_indexer,4096,131072,2048,0,0,float32,int32,10,torch,pass,,,20487.27,20501.146,0.106458,106.458,,16.67,16.76,sglang-bs4096-seq16384: that grid declares a window; this ranks the whole row
MetaX_C500,MetaX C500,104,ee402bccab9be388e7197808c1ba448826e00ea1,0595136a9cc076b7aa97268b67c1cd9b,deep_gemm_axes,lightning_indexer,4096,131072,2048,0,0,float32,int32,10,deep_gemm,pass,,,3262.643,16026.624,0.668488,668.488,2181.038,104.66,21.44,sglang-bs4096-seq16384: that grid declares a window; this ranks the whole row
MetaX_C500,MetaX C500,104,ee402bccab9be388e7197808c1ba448826e00ea1,0595136a9cc076b7aa97268b67c1cd9b,deep_gemm_axes,lightning_indexer,4096,131072,2048,0,0,float32,int32,10,maca_c,pass,,,3411.84,3436.263,0.639256,639.256,2181.038,100.0,100.0,sglang-bs4096-seq65536: that grid declares a window; this ranks the whole row
MetaX_C500,MetaX C500,104,ee402bccab9be388e7197808c1ba448826e00ea1,0595136a9cc076b7aa97268b67c1cd9b,deep_gemm_axes,lightning_indexer,4096,131072,2048,0,0,float32,int32,10,torch,pass,,,20491.315,20503.731,0.106437,106.437,,16.65,16.76,sglang-bs4096-seq65536: that grid declares a window; this ranks the whole row
MetaX_C500,MetaX C500,104,ee402bccab9be388e7197808c1ba448826e00ea1,0595136a9cc076b7aa97268b67c1cd9b,deep_gemm_axes,lightning_indexer,4096,131072,2048,0,0,float32,int32,10,deep_gemm,pass,,,3265.818,16078.362,0.667838,667.838,2181.038,104.47,21.37,sglang-bs4096-seq65536: that grid declares a window; this ranks the whole row
MetaX_C500,MetaX C500,104,ee402bccab9be388e7197808c1ba448826e00ea1,0595136a9cc076b7aa97268b67c1cd9b,deep_gemm_axes,lightning_indexer,1,107520,2048,0,0,float32,int32,10,maca_c,pass,,,73.958,78.413,0.005926,5.926,0.438,100.0,100.0,
MetaX_C500,MetaX C500,104,ee402bccab9be388e7197808c1ba448826e00ea1,0595136a9cc076b7aa97268b67c1cd9b,deep_gemm_axes,lightning_indexer,1,107520,2048,0,0,float32,int32,10,torch,pass,,,261.018,228.557,0.001679,1.679,,28.33,34.31,
MetaX_C500,MetaX C500,104,ee402bccab9be388e7197808c1ba448826e00ea1,0595136a9cc076b7aa97268b67c1cd9b,deep_gemm_axes,lightning_indexer,1,107520,2048,0,0,float32,int32,10,deep_gemm,pass,,,60.288,289.92,0.00727,7.27,0.438,122.67,27.05,
MetaX_C500,MetaX C500,104,ee402bccab9be388e7197808c1ba448826e00ea1,0595136a9cc076b7aa97268b67c1cd9b,deep_gemm_axes,lightning_indexer,16,66551,2048,0,0,float32,int32,10,maca_c,pass,,,88.422,98.381,0.049652,49.652,4.39,100.0,100.0,
MetaX_C500,MetaX C500,104,ee402bccab9be388e7197808c1ba448826e00ea1,0595136a9cc076b7aa97268b67c1cd9b,deep_gemm_axes,lightning_indexer,16,66551,2048,0,0,float32,int32,10,torch,pass,,,345.421,332.365,0.01271,12.71,,25.6,29.6,
MetaX_C500,MetaX C500,104,ee402bccab9be388e7197808c1ba448826e00ea1,0595136a9cc076b7aa97268b67c1cd9b,deep_gemm_axes,lightning_indexer,16,66551,2048,0,0,float32,int32,10,deep_gemm,pass,,,53.837,395.955,0.081549,81.549,4.39,164.24,24.85,
MetaX_C500,MetaX C500,104,ee402bccab9be388e7197808c1ba448826e00ea1,0595136a9cc076b7aa97268b67c1cd9b,deep_gemm_axes,lightning_indexer,132,107520,2048,0,0,float32,int32,10,maca_c,pass,,,173.67,191.334,0.333114,333.114,57.852,100.0,100.0,
MetaX_C500,MetaX C500,104,ee402bccab9be388e7197808c1ba448826e00ea1,0595136a9cc076b7aa97268b67c1cd9b,deep_gemm_axes,lightning_indexer,132,107520,2048,0,0,float32,int32,10,torch,pass,,,878.464,857.805,0.065856,65.856,,19.77,22.31,
MetaX_C500,MetaX C500,104,ee402bccab9be388e7197808c1ba448826e00ea1,0595136a9cc076b7aa97268b67c1cd9b,deep_gemm_axes,lightning_indexer,132,107520,2048,0,0,float32,int32,10,deep_gemm,pass,,,144.717,735.488,0.399759,399.759,57.852,120.01,26.01,
MetaX_C500,MetaX C500,104,ee402bccab9be388e7197808c1ba448826e00ea1,0595136a9cc076b7aa97268b67c1cd9b,deep_gemm_axes,lightning_indexer,256,107520,2048,0,0,float32,int32,10,maca_c,pass,,,232.55,250.138,0.482467,482.467,112.198,100.0,100.0,
MetaX_C500,MetaX C500,104,ee402bccab9be388e7197808c1ba448826e00ea1,0595136a9cc076b7aa97268b67c1cd9b,deep_gemm_axes,lightning_indexer,256,107520,2048,0,0,float32,int32,10,torch,pass,,,1350.861,1331.021,0.083056,83.056,,17.21,18.79,
MetaX_C500,MetaX C500,104,ee402bccab9be388e7197808c1ba448826e00ea1,0595136a9cc076b7aa97268b67c1cd9b,deep_gemm_axes,lightning_indexer,256,107520,2048,0,0,float32,int32,10,deep_gemm,pass,,,200.064,1159.834,0.560809,560.809,112.198,116.24,21.57,
MetaX_C500,MetaX C500,104,ee402bccab9be388e7197808c1ba448826e00ea1,0595136a9cc076b7aa97268b67c1cd9b,deep_gemm_axes,lightning_indexer,4096,107520,2048,0,0,float32,int32,10,maca_c,pass,,,2848.794,2873.318,0.630148,630.148,1795.162,100.0,100.0,
MetaX_C500,MetaX C500,104,ee402bccab9be388e7197808c1ba448826e00ea1,0595136a9cc076b7aa97268b67c1cd9b,deep_gemm_axes,lightning_indexer,4096,107520,2048,0,0,float32,int32,10,torch,pass,,,15698.048,15712.845,0.114356,114.356,,18.15,18.29,
MetaX_C500,MetaX C500,104,ee402bccab9be388e7197808c1ba448826e00ea1,0595136a9cc076b7aa97268b67c1cd9b,deep_gemm_axes,lightning_indexer,4096,107520,2048,0,0,float32,int32,10,deep_gemm,pass,,,2694.477,13307.085,0.666238,666.238,1795.162,105.73,21.59,
