/home/compiler_gfx/tilelang/mcDeepGEMM/third-party/DeepSelect/tests/test.py:9: UserWarning: Could not find flash_attn package installed. Please try to install flash_attn whl pacakge using pip command and make sure it can be imported properly
  import torch
================
[     1/   549,  0%] Running on TestParam(batch_size=16, vocab_size=257, topk=31, sorted_value=False, sorted_index=False, return_value=False, dtype=torch.float32, out_idx_dtype=torch.int32, enable_end_position=False, enable_output_idx_offset=False, input_distrib=NormalFloatDistribution(), idx_oob_fill_value=-2147483647, value_oob_fill_value=-1234123412341234, seed=0, check_correctness=True, num_runs=0)
================
[     2/   549,  0%] Running on TestParam(batch_size=512, vocab_size=65536, topk=2048, sorted_value=False, sorted_index=False, return_value=False, dtype=torch.float32, out_idx_dtype=torch.int32, enable_end_position=False, enable_output_idx_offset=False, input_distrib=NormalFloatDistribution(), idx_oob_fill_value=-2147483647, value_oob_fill_value=-1234123412341234, seed=1, check_correctness=True, num_runs=0)
================
[     3/   549,  0%] Running on TestParam(batch_size=121, vocab_size=682965, topk=1, sorted_value=False, sorted_index=True, return_value=False, dtype=torch.bfloat16, out_idx_dtype=torch.int32, enable_end_position=True, enable_output_idx_offset=True, input_distrib=UniformUIntDistribution(lower=0x00000000, upper=0x00001000), idx_oob_fill_value=-1317035, value_oob_fill_value=-1234123412341234, seed=2, check_correctness=True, num_runs=0)
================
[     4/   549,  1%] Running on TestParam(batch_size=15, vocab_size=418673, topk=1231, sorted_value=False, sorted_index=True, return_value=True, dtype=torch.float32, out_idx_dtype=torch.int64, enable_end_position=True, enable_output_idx_offset=True, input_distrib=NormalFloatDistribution(post_proc_func=<lambda>), idx_oob_fill_value=-1581327, value_oob_fill_value=-1234123412341234, seed=3, check_correctness=True, num_runs=0)
================
[     5/   549,  1%] Running on TestParam(batch_size=47, vocab_size=682965, topk=512, sorted_value=False, sorted_index=False, return_value=False, dtype=torch.float32, out_idx_dtype=torch.int32, enable_end_position=False, enable_output_idx_offset=True, input_distrib=NormalFloatDistribution(), idx_oob_fill_value=-1317035, value_oob_fill_value=-1234123412341234, seed=4, check_correctness=True, num_runs=0)
================
[     6/   549,  1%] Running on TestParam(batch_size=4, vocab_size=32768, topk=4096, sorted_value=False, sorted_index=False, return_value=False, dtype=torch.bfloat16, out_idx_dtype=torch.int32, enable_end_position=False, enable_output_idx_offset=False, input_distrib=NormalFloatDistribution(), idx_oob_fill_value=-1967232, value_oob_fill_value=-1234123412341234, seed=5, check_correctness=True, num_runs=0)
================
[     7/   549,  1%] Running on TestParam(batch_size=16, vocab_size=1602, topk=2333, sorted_value=True, sorted_index=False, return_value=True, dtype=torch.float32, out_idx_dtype=torch.int32, enable_end_position=True, enable_output_idx_offset=False, input_distrib=UniformUIntDistribution(lower=0x00000000, upper=0x00001000), idx_oob_fill_value=-1998398, value_oob_fill_value=-1234123412341234, seed=6, check_correctness=True, num_runs=0)
================
[     8/   549,  1%] Running on TestParam(batch_size=4096, vocab_size=32768, topk=164, sorted_value=False, sorted_index=False, return_value=False, dtype=torch.bfloat16, out_idx_dtype=torch.int64, enable_end_position=False, enable_output_idx_offset=False, input_distrib=NormalFloatDistribution(post_proc_func=<lambda>), idx_oob_fill_value=-1967232, value_oob_fill_value=-1234123412341234, seed=7, check_correctness=True, num_runs=0)
================
[     9/   549,  1%] Running on TestParam(batch_size=4096, vocab_size=225467, topk=1, sorted_value=False, sorted_index=True, return_value=True, dtype=torch.float32, out_idx_dtype=torch.int32, enable_end_position=True, enable_output_idx_offset=False, input_distrib=UintDistributionWithHotspotAndSpecifiedPivot(pivot=None, topk=1, hotspots=[(4286578689, 8)], allow_nan=True), idx_oob_fill_value=-1774533, value_oob_fill_value=-1234123412341234, seed=8, check_correctness=True, num_runs=0)
================
[    10/   549,  2%] Running on TestParam(batch_size=80, vocab_size=418673, topk=512, sorted_value=False, sorted_index=False, return_value=True, dtype=torch.bfloat16, out_idx_dtype=torch.int32, enable_end_position=False, enable_output_idx_offset=False, input_distrib=UniformUIntDistribution(lower=0x00000000, upper=0x00000020), idx_oob_fill_value=-1581327, value_oob_fill_value=-1234123412341234, seed=9, check_correctness=True, num_runs=0)
================
[    11/   549,  2%] Running on TestParam(batch_size=11, vocab_size=8388607, topk=1024, sorted_value=False, sorted_index=True, return_value=False, dtype=torch.float32, out_idx_dtype=torch.int64, enable_end_position=False, enable_output_idx_offset=True, input_distrib=UintDistributionWithHotspotAndSpecifiedPivot(pivot=None, topk=1024, hotspots=[(4286578689, 8)], allow_nan=True), idx_oob_fill_value=6388607, value_oob_fill_value=-1234123412341234, seed=10, check_correctness=True, num_runs=0)
================
[    12/   549,  2%] Running on TestParam(batch_size=83, vocab_size=1602, topk=1024, sorted_value=True, sorted_index=False, return_value=True, dtype=torch.float32, out_idx_dtype=torch.int64, enable_end_position=False, enable_output_idx_offset=True, input_distrib=UniformUIntDistribution(lower=0x00000000, upper=0x00000001), idx_oob_fill_value=-1998398, value_oob_fill_value=-1234123412341234, seed=11, check_correctness=True, num_runs=0)
================
[    13/   549,  2%] Running on TestParam(batch_size=4096, vocab_size=998123, topk=1024, sorted_value=False, sorted_index=False, return_value=False, dtype=torch.bfloat16, out_idx_dtype=torch.int32, enable_end_position=False, enable_output_idx_offset=False, input_distrib=UniformUIntDistribution(lower=0x00000000, upper=0x00007f80), idx_oob_fill_value=-1001877, value_oob_fill_value=-1234123412341234, seed=12, check_correctness=True, num_runs=0)
================
[    14/   549,  2%] Running on TestParam(batch_size=512, vocab_size=32768, topk=2132, sorted_value=False, sorted_index=False, return_value=False, dtype=torch.float32, out_idx_dtype=torch.int64, enable_end_position=False, enable_output_idx_offset=False, input_distrib=NormalFloatDistribution(post_proc_func=<lambda>), idx_oob_fill_value=-1967232, value_oob_fill_value=-1234123412341234, seed=13, check_correctness=True, num_runs=0)
================
[    15/   549,  3%] Running on TestParam(batch_size=6, vocab_size=1602, topk=4096, sorted_value=False, sorted_index=True, return_value=True, dtype=torch.float32, out_idx_dtype=torch.int32, enable_end_position=False, enable_output_idx_offset=False, input_distrib=NormalFloatDistribution(post_proc_func=<lambda>), idx_oob_fill_value=-1998398, value_oob_fill_value=-1234123412341234, seed=14, check_correctness=True, num_runs=0)
================
[    16/   549,  3%] Running on TestParam(batch_size=512, vocab_size=682965, topk=2333, sorted_value=False, sorted_index=True, return_value=True, dtype=torch.bfloat16, out_idx_dtype=torch.int32, enable_end_position=True, enable_output_idx_offset=False, input_distrib=NormalFloatDistribution(), idx_oob_fill_value=-1317035, value_oob_fill_value=-1234123412341234, seed=15, check_correctness=True, num_runs=0)
================
[    17/   549,  3%] Running on TestParam(batch_size=17, vocab_size=262144, topk=1, sorted_value=False, sorted_index=True, return_value=False, dtype=torch.bfloat16, out_idx_dtype=torch.int64, enable_end_position=True, enable_output_idx_offset=True, input_distrib=NormalFloatDistribution(), idx_oob_fill_value=-1737856, value_oob_fill_value=-1234123412341234, seed=16, check_correctness=True, num_runs=0)
================
[    18/   549,  3%] Running on TestParam(batch_size=14, vocab_size=1602, topk=4096, sorted_value=False, sorted_index=False, return_value=True, dtype=torch.float32, out_idx_dtype=torch.int64, enable_end_position=False, enable_output_idx_offset=False, input_distrib=NormalFloatDistribution(post_proc_func=<lambda>), idx_oob_fill_value=-1998398, value_oob_fill_value=-1234123412341234, seed=17, check_correctness=True, num_runs=0)
================
[    19/   549,  3%] Running on TestParam(batch_size=4096, vocab_size=123245, topk=1, sorted_value=False, sorted_index=True, return_value=True, dtype=torch.bfloat16, out_idx_dtype=torch.int64, enable_end_position=True, enable_output_idx_offset=False, input_distrib=NormalFloatDistribution(post_proc_func=<lambda>), idx_oob_fill_value=-1876755, value_oob_fill_value=-1234123412341234, seed=18, check_correctness=True, num_runs=0)
================
[    20/   549,  3%] Running on TestParam(batch_size=80, vocab_size=418673, topk=1231, sorted_value=False, sorted_index=False, return_value=True, dtype=torch.bfloat16, out_idx_dtype=torch.int32, enable_end_position=True, enable_output_idx_offset=False, input_distrib=UniformUIntDistribution(lower=0x00008000, upper=0x0000ff80), idx_oob_fill_value=-1581327, value_oob_fill_value=-1234123412341234, seed=19, check_correctness=True, num_runs=0)
================
[    21/   549,  4%] Running on TestParam(batch_size=4096, vocab_size=682965, topk=2132, sorted_value=False, sorted_index=False, return_value=True, dtype=torch.float32, out_idx_dtype=torch.int32, enable_end_position=False, enable_output_idx_offset=False, input_distrib=NormalFloatDistribution(post_proc_func=<lambda>), idx_oob_fill_value=-1317035, value_oob_fill_value=-1234123412341234, seed=20, check_correctness=True, num_runs=0)
================
[    22/   549,  4%] Running on TestParam(batch_size=512, vocab_size=8388607, topk=4096, sorted_value=False, sorted_index=True, return_value=False, dtype=torch.float32, out_idx_dtype=torch.int64, enable_end_position=False, enable_output_idx_offset=False, input_distrib=NormalFloatDistribution(post_proc_func=<lambda>), idx_oob_fill_value=6388607, value_oob_fill_value=-1234123412341234, seed=21, check_correctness=True, num_runs=0)
    SKIPPED: out of memory
================
[    23/   549,  4%] Running on TestParam(batch_size=121, vocab_size=32768, topk=512, sorted_value=False, sorted_index=True, return_value=True, dtype=torch.float32, out_idx_dtype=torch.int64, enable_end_position=False, enable_output_idx_offset=True, input_distrib=UintDistributionWithHotspotAndSpecifiedPivot(pivot=None, topk=512, hotspots=[(2139095041, 8)], allow_nan=True), idx_oob_fill_value=-1967232, value_oob_fill_value=-1234123412341234, seed=22, check_correctness=True, num_runs=0)
================
[    24/   549,  4%] Running on TestParam(batch_size=512, vocab_size=262144, topk=2132, sorted_value=True, sorted_index=False, return_value=True, dtype=torch.float32, out_idx_dtype=torch.int32, enable_end_position=False, enable_output_idx_offset=False, input_distrib=UniformUIntDistribution(lower=0x00000000, upper=0x00001000), idx_oob_fill_value=-1737856, value_oob_fill_value=-1234123412341234, seed=23, check_correctness=True, num_runs=0)
================
[    25/   549,  4%] Running on TestParam(batch_size=95, vocab_size=262144, topk=443, sorted_value=False, sorted_index=True, return_value=False, dtype=torch.bfloat16, out_idx_dtype=torch.int32, enable_end_position=True, enable_output_idx_offset=True, input_distrib=UniformUIntDistribution(lower=0x00000000, upper=0x00000020), idx_oob_fill_value=-1737856, value_oob_fill_value=-1234123412341234, seed=24, check_correctness=True, num_runs=0)
================
[    26/   549,  5%] Running on TestParam(batch_size=4, vocab_size=1, topk=2048, sorted_value=False, sorted_index=True, return_value=True, dtype=torch.bfloat16, out_idx_dtype=torch.int32, enable_end_position=False, enable_output_idx_offset=False, input_distrib=UniformUIntDistribution(lower=0x00000000, upper=0x00001000), idx_oob_fill_value=-1999999, value_oob_fill_value=-1234123412341234, seed=25, check_correctness=True, num_runs=0)
================
[    27/   549,  5%] Running on TestParam(batch_size=512, vocab_size=1602, topk=2132, sorted_value=False, sorted_index=False, return_value=False, dtype=torch.bfloat16, out_idx_dtype=torch.int64, enable_end_position=False, enable_output_idx_offset=False, input_distrib=NormalFloatDistribution(post_proc_func=<lambda>), idx_oob_fill_value=-1998398, value_oob_fill_value=-1234123412341234, seed=26, check_correctness=True, num_runs=0)
================
[    28/   549,  5%] Running on TestParam(batch_size=4096, vocab_size=998123, topk=4096, sorted_value=False, sorted_index=True, return_value=False, dtype=torch.bfloat16, out_idx_dtype=torch.int64, enable_end_position=False, enable_output_idx_offset=False, input_distrib=UintDistributionWithHotspotAndSpecifiedPivot(pivot=None, topk=4096, hotspots=[(65409, 8)], allow_nan=True), idx_oob_fill_value=-1001877, value_oob_fill_value=-1234123412341234, seed=27, check_correctness=True, num_runs=0)
    SKIPPED: out of memory
================
[    29/   549,  5%] Running on TestParam(batch_size=80, vocab_size=682965, topk=2132, sorted_value=False, sorted_index=False, return_value=True, dtype=torch.bfloat16, out_idx_dtype=torch.int32, enable_end_position=False, enable_output_idx_offset=False, input_distrib=UniformUIntDistribution(lower=0x00000000, upper=0x00000001), idx_oob_fill_value=-1317035, value_oob_fill_value=-1234123412341234, seed=28, check_correctness=True, num_runs=0)
================
[    30/   549,  5%] Running on TestParam(batch_size=4096, vocab_size=225467, topk=104, sorted_value=False, sorted_index=False, return_value=False, dtype=torch.bfloat16, out_idx_dtype=torch.int32, enable_end_position=False, enable_output_idx_offset=False, input_distrib=UniformUIntDistribution(lower=0x00000000, upper=0x00000001), idx_oob_fill_value=-1774533, value_oob_fill_value=-1234123412341234, seed=29, check_correctness=True, num_runs=0)
================
[    31/   549,  5%] Running on TestParam(batch_size=83, vocab_size=1048576, topk=306, sorted_value=False, sorted_index=False, return_value=True, dtype=torch.bfloat16, out_idx_dtype=torch.int64, enable_end_position=False, enable_output_idx_offset=True, input_distrib=UniformUIntDistribution(lower=0x00000000, upper=0x00000001), idx_oob_fill_value=-951424, value_oob_fill_value=-1234123412341234, seed=30, check_correctness=True, num_runs=0)
================
[    32/   549,  6%] Running on TestParam(batch_size=4096, vocab_size=225467, topk=2333, sorted_value=False, sorted_index=True, return_value=False, dtype=torch.bfloat16, out_idx_dtype=torch.int32, enable_end_position=True, enable_output_idx_offset=False, input_distrib=UniformUIntDistribution(lower=0x00000000, upper=0x00001000), idx_oob_fill_value=-1774533, value_oob_fill_value=-1234123412341234, seed=31, check_correctness=True, num_runs=0)
================
[    33/   549,  6%] Running on TestParam(batch_size=70, vocab_size=262144, topk=2132, sorted_value=False, sorted_index=True, return_value=True, dtype=torch.bfloat16, out_idx_dtype=torch.int32, enable_end_position=False, enable_output_idx_offset=False, input_distrib=NormalFloatDistribution(post_proc_func=<lambda>), idx_oob_fill_value=-1737856, value_oob_fill_value=-1234123412341234, seed=32, check_correctness=True, num_runs=0)
================
[    34/   549,  6%] Running on TestParam(batch_size=121, vocab_size=340, topk=1024, sorted_value=False, sorted_index=True, return_value=True, dtype=torch.bfloat16, out_idx_dtype=torch.int64, enable_end_position=False, enable_output_idx_offset=True, input_distrib=UniformUIntDistribution(lower=0x00000000, upper=0x00007f80), idx_oob_fill_value=-1999660, value_oob_fill_value=-1234123412341234, seed=33, check_correctness=True, num_runs=0)
================
[    35/   549,  6%] Running on TestParam(batch_size=8, vocab_size=123245, topk=1, sorted_value=False, sorted_index=True, return_value=True, dtype=torch.bfloat16, out_idx_dtype=torch.int64, enable_end_position=True, enable_output_idx_offset=False, input_distrib=UniformUIntDistribution(lower=0x00000000, upper=0x00000020), idx_oob_fill_value=-1876755, value_oob_fill_value=-1234123412341234, seed=34, check_correctness=True, num_runs=0)
================
[    36/   549,  6%] Running on TestParam(batch_size=121, vocab_size=8388607, topk=2132, sorted_value=False, sorted_index=True, return_value=False, dtype=torch.bfloat16, out_idx_dtype=torch.int32, enable_end_position=False, enable_output_idx_offset=True, input_distrib=NormalFloatDistribution(post_proc_func=<lambda>), idx_oob_fill_value=6388607, value_oob_fill_value=-1234123412341234, seed=35, check_correctness=True, num_runs=0)
================
[    37/   549,  7%] Running on TestParam(batch_size=20, vocab_size=418673, topk=2048, sorted_value=True, sorted_index=False, return_value=True, dtype=torch.float32, out_idx_dtype=torch.int64, enable_end_position=False, enable_output_idx_offset=False, input_distrib=NormalFloatDistribution(post_proc_func=<lambda>), idx_oob_fill_value=-1581327, value_oob_fill_value=-1234123412341234, seed=36, check_correctness=True, num_runs=0)
================
[    38/   549,  7%] Running on TestParam(batch_size=74, vocab_size=220, topk=4096, sorted_value=False, sorted_index=False, return_value=False, dtype=torch.bfloat16, out_idx_dtype=torch.int32, enable_end_position=False, enable_output_idx_offset=False, input_distrib=UintDistributionWithHotspotAndSpecifiedPivot(pivot=None, topk=4096, hotspots=[(32641, 8)], allow_nan=True), idx_oob_fill_value=-1999780, value_oob_fill_value=-1234123412341234, seed=37, check_correctness=True, num_runs=0)
================
[    39/   549,  7%] Running on TestParam(batch_size=24, vocab_size=225467, topk=1231, sorted_value=False, sorted_index=False, return_value=True, dtype=torch.float32, out_idx_dtype=torch.int32, enable_end_position=True, enable_output_idx_offset=False, input_distrib=NormalFloatDistribution(post_proc_func=<lambda>), idx_oob_fill_value=-1774533, value_oob_fill_value=-1234123412341234, seed=38, check_correctness=True, num_runs=0)
================
[    40/   549,  7%] Running on TestParam(batch_size=91, vocab_size=262144, topk=2132, sorted_value=False, sorted_index=True, return_value=False, dtype=torch.float32, out_idx_dtype=torch.int64, enable_end_position=False, enable_output_idx_offset=True, input_distrib=UniformUIntDistribution(lower=0x00000000, upper=0x00000020), idx_oob_fill_value=-1737856, value_oob_fill_value=-1234123412341234, seed=39, check_correctness=True, num_runs=0)
================
[    41/   549,  7%] Running on TestParam(batch_size=4096, vocab_size=123245, topk=4096, sorted_value=False, sorted_index=True, return_value=True, dtype=torch.bfloat16, out_idx_dtype=torch.int64, enable_end_position=False, enable_output_idx_offset=False, input_distrib=NormalFloatDistribution(post_proc_func=<lambda>), idx_oob_fill_value=-1876755, value_oob_fill_value=-1234123412341234, seed=40, check_correctness=True, num_runs=0)
================
[    42/   549,  7%] Running on TestParam(batch_size=13, vocab_size=682965, topk=1024, sorted_value=False, sorted_index=False, return_value=False, dtype=torch.bfloat16, out_idx_dtype=torch.int64, enable_end_position=False, enable_output_idx_offset=True, input_distrib=NormalFloatDistribution(post_proc_func=<lambda>), idx_oob_fill_value=-1317035, value_oob_fill_value=-1234123412341234, seed=41, check_correctness=True, num_runs=0)
================
[    43/   549,  8%] Running on TestParam(batch_size=17, vocab_size=123245, topk=1, sorted_value=False, sorted_index=True, return_value=False, dtype=torch.bfloat16, out_idx_dtype=torch.int64, enable_end_position=True, enable_output_idx_offset=True, input_distrib=UniformUIntDistribution(lower=0x00000000, upper=0x00000001), idx_oob_fill_value=-1876755, value_oob_fill_value=-1234123412341234, seed=42, check_correctness=True, num_runs=0)
================
[    44/   549,  8%] Running on TestParam(batch_size=121, vocab_size=998123, topk=1, sorted_value=False, sorted_index=True, return_value=True, dtype=torch.float32, out_idx_dtype=torch.int32, enable_end_position=True, enable_output_idx_offset=True, input_distrib=UniformUIntDistribution(lower=0x00000000, upper=0x00000020), idx_oob_fill_value=-1001877, value_oob_fill_value=-1234123412341234, seed=43, check_correctness=True, num_runs=0)
================
[    45/   549,  8%] Running on TestParam(batch_size=121, vocab_size=65, topk=2333, sorted_value=False, sorted_index=True, return_value=False, dtype=torch.float32, out_idx_dtype=torch.int64, enable_end_position=True, enable_output_idx_offset=True, input_distrib=UniformUIntDistribution(lower=0x00000000, upper=0x00001000), idx_oob_fill_value=-1999935, value_oob_fill_value=-1234123412341234, seed=44, check_correctness=True, num_runs=0)
================
[    46/   549,  8%] Running on TestParam(batch_size=6, vocab_size=262144, topk=1, sorted_value=False, sorted_index=True, return_value=True, dtype=torch.float32, out_idx_dtype=torch.int32, enable_end_position=True, enable_output_idx_offset=False, input_distrib=UintDistributionWithHotspotAndSpecifiedPivot(pivot=None, topk=1, hotspots=[(2139095041, 8)], allow_nan=True), idx_oob_fill_value=-1737856, value_oob_fill_value=-1234123412341234, seed=45, check_correctness=True, num_runs=0)
================
[    47/   549,  8%] Running on TestParam(batch_size=19, vocab_size=123245, topk=1231, sorted_value=False, sorted_index=True, return_value=False, dtype=torch.bfloat16, out_idx_dtype=torch.int32, enable_end_position=True, enable_output_idx_offset=True, input_distrib=UintDistributionWithHotspotAndSpecifiedPivot(pivot=None, topk=1231, hotspots=[(65409, 8)], allow_nan=True), idx_oob_fill_value=-1876755, value_oob_fill_value=-1234123412341234, seed=46, check_correctness=True, num_runs=0)
================
[    48/   549,  9%] Running on TestParam(batch_size=121, vocab_size=225467, topk=2333, sorted_value=False, sorted_index=True, return_value=True, dtype=torch.float32, out_idx_dtype=torch.int64, enable_end_position=True, enable_output_idx_offset=True, input_distrib=UniformUIntDistribution(lower=0x00000000, upper=0x00000001), idx_oob_fill_value=-1774533, value_oob_fill_value=-1234123412341234, seed=47, check_correctness=True, num_runs=0)
================
[    49/   549,  9%] Running on TestParam(batch_size=121, vocab_size=682965, topk=4096, sorted_value=False, sorted_index=False, return_value=False, dtype=torch.float32, out_idx_dtype=torch.int32, enable_end_position=False, enable_output_idx_offset=True, input_distrib=UniformUIntDistribution(lower=0x00000000, upper=0x00001000), idx_oob_fill_value=-1317035, value_oob_fill_value=-1234123412341234, seed=48, check_correctness=True, num_runs=0)
================
[    50/   549,  9%] Running on TestParam(batch_size=72, vocab_size=123245, topk=1231, sorted_value=False, sorted_index=False, return_value=True, dtype=torch.float32, out_idx_dtype=torch.int64, enable_end_position=True, enable_output_idx_offset=False, input_distrib=UintDistributionWithHotspotAndSpecifiedPivot(pivot=None, topk=1231, hotspots=[(2139095041, 8)], allow_nan=True), idx_oob_fill_value=-1876755, value_oob_fill_value=-1234123412341234, seed=49, check_correctness=True, num_runs=0)
================
[    51/   549,  9%] Running on TestParam(batch_size=4096, vocab_size=418673, topk=1, sorted_value=False, sorted_index=False, return_value=False, dtype=torch.bfloat16, out_idx_dtype=torch.int64, enable_end_position=True, enable_output_idx_offset=False, input_distrib=UintDistributionWithHotspotAndSpecifiedPivot(pivot=None, topk=1, hotspots=[(32641, 8)], allow_nan=True), idx_oob_fill_value=-1581327, value_oob_fill_value=-1234123412341234, seed=50, check_correctness=True, num_runs=0)
    SKIPPED: out of memory
================
[    52/   549,  9%] Running on TestParam(batch_size=121, vocab_size=682965, topk=407, sorted_value=False, sorted_index=False, return_value=False, dtype=torch.bfloat16, out_idx_dtype=torch.int64, enable_end_position=True, enable_output_idx_offset=True, input_distrib=UintDistributionWithHotspotAndSpecifiedPivot(pivot=None, topk=407, hotspots=[(32641, 8)], allow_nan=True), idx_oob_fill_value=-1317035, value_oob_fill_value=-1234123412341234, seed=51, check_correctness=True, num_runs=0)
================
[    53/   549,  9%] Running on TestParam(batch_size=24, vocab_size=1602, topk=1231, sorted_value=False, sorted_index=False, return_value=True, dtype=torch.float32, out_idx_dtype=torch.int32, enable_end_position=True, enable_output_idx_offset=False, input_distrib=UniformUIntDistribution(lower=0x80000000, upper=0xff800000), idx_oob_fill_value=-1998398, value_oob_fill_value=-1234123412341234, seed=52, check_correctness=True, num_runs=0)
================
[    54/   549, 10%] Running on TestParam(batch_size=121, vocab_size=8388607, topk=2333, sorted_value=False, sorted_index=True, return_value=True, dtype=torch.bfloat16, out_idx_dtype=torch.int32, enable_end_position=True, enable_output_idx_offset=True, input_distrib=UintDistributionWithHotspotAndSpecifiedPivot(pivot=None, topk=2333, hotspots=[(32641, 8)], allow_nan=True), idx_oob_fill_value=6388607, value_oob_fill_value=-1234123412341234, seed=53, check_correctness=True, num_runs=0)
================
[    55/   549, 10%] Running on TestParam(batch_size=34, vocab_size=225467, topk=463, sorted_value=False, sorted_index=False, return_value=False, dtype=torch.float32, out_idx_dtype=torch.int64, enable_end_position=True, enable_output_idx_offset=False, input_distrib=NormalFloatDistribution(post_proc_func=<lambda>), idx_oob_fill_value=-1774533, value_oob_fill_value=-1234123412341234, seed=54, check_correctness=True, num_runs=0)
================
[    56/   549, 10%] Running on TestParam(batch_size=4096, vocab_size=492, topk=1, sorted_value=False, sorted_index=True, return_value=True, dtype=torch.bfloat16, out_idx_dtype=torch.int64, enable_end_position=True, enable_output_idx_offset=False, input_distrib=NormalFloatDistribution(post_proc_func=<lambda>), idx_oob_fill_value=-1999508, value_oob_fill_value=-1234123412341234, seed=55, check_correctness=True, num_runs=0)
================
[    57/   549, 10%] Running on TestParam(batch_size=512, vocab_size=32768, topk=2333, sorted_value=False, sorted_index=True, return_value=True, dtype=torch.bfloat16, out_idx_dtype=torch.int32, enable_end_position=True, enable_output_idx_offset=False, input_distrib=UintDistributionWithHotspotAndSpecifiedPivot(pivot=None, topk=2333, hotspots=[(32641, 8)], allow_nan=True), idx_oob_fill_value=-1967232, value_oob_fill_value=-1234123412341234, seed=56, check_correctness=True, num_runs=0)
================
[    58/   549, 10%] Running on TestParam(batch_size=4096, vocab_size=998123, topk=2333, sorted_value=False, sorted_index=True, return_value=True, dtype=torch.float32, out_idx_dtype=torch.int32, enable_end_position=True, enable_output_idx_offset=False, input_distrib=UintDistributionWithHotspotAndSpecifiedPivot(pivot=None, topk=2333, hotspots=[(2139095041, 8)], allow_nan=True), idx_oob_fill_value=-1001877, value_oob_fill_value=-1234123412341234, seed=57, check_correctness=True, num_runs=0)
    SKIPPED: out of memory
================
[    59/   549, 11%] Running on TestParam(batch_size=20, vocab_size=682965, topk=2048, sorted_value=False, sorted_index=True, return_value=False, dtype=torch.float32, out_idx_dtype=torch.int32, enable_end_position=False, enable_output_idx_offset=False, input_distrib=NormalFloatDistribution(post_proc_func=<lambda>), idx_oob_fill_value=-1317035, value_oob_fill_value=-1234123412341234, seed=58, check_correctness=True, num_runs=0)
================
[    60/   549, 11%] Running on TestParam(batch_size=47, vocab_size=998123, topk=2333, sorted_value=False, sorted_index=False, return_value=False, dtype=torch.float32, out_idx_dtype=torch.int32, enable_end_position=True, enable_output_idx_offset=True, input_distrib=NormalFloatDistribution(post_proc_func=<lambda>), idx_oob_fill_value=-1001877, value_oob_fill_value=-1234123412341234, seed=59, check_correctness=True, num_runs=0)
================
[    61/   549, 11%] Running on TestParam(batch_size=67, vocab_size=466, topk=1, sorted_value=False, sorted_index=True, return_value=False, dtype=torch.bfloat16, out_idx_dtype=torch.int64, enable_end_position=True, enable_output_idx_offset=True, input_distrib=UintDistributionWithHotspotAndSpecifiedPivot(pivot=None, topk=1, hotspots=[(65409, 8)], allow_nan=True), idx_oob_fill_value=-1999534, value_oob_fill_value=-1234123412341234, seed=60, check_correctness=True, num_runs=0)
================
[    62/   549, 11%] Running on TestParam(batch_size=512, vocab_size=418673, topk=2132, sorted_value=False, sorted_index=True, return_value=False, dtype=torch.bfloat16, out_idx_dtype=torch.int32, enable_end_position=False, enable_output_idx_offset=False, input_distrib=NormalFloatDistribution(), idx_oob_fill_value=-1581327, value_oob_fill_value=-1234123412341234, seed=61, check_correctness=True, num_runs=0)
================
[    63/   549, 11%] Running on TestParam(batch_size=512, vocab_size=998123, topk=2048, sorted_value=True, sorted_index=False, return_value=True, dtype=torch.float32, out_idx_dtype=torch.int64, enable_end_position=False, enable_output_idx_offset=False, input_distrib=NormalFloatDistribution(), idx_oob_fill_value=-1001877, value_oob_fill_value=-1234123412341234, seed=62, check_correctness=True, num_runs=0)
================
[    64/   549, 11%] Running on TestParam(batch_size=121, vocab_size=401, topk=2048, sorted_value=False, sorted_index=False, return_value=True, dtype=torch.float32, out_idx_dtype=torch.int32, enable_end_position=False, enable_output_idx_offset=True, input_distrib=UniformUIntDistribution(lower=0x00000000, upper=0x00000020), idx_oob_fill_value=-1999599, value_oob_fill_value=-1234123412341234, seed=63, check_correctness=True, num_runs=0)
================
[    65/   549, 12%] Running on TestParam(batch_size=121, vocab_size=123245, topk=1, sorted_value=False, sorted_index=True, return_value=True, dtype=torch.bfloat16, out_idx_dtype=torch.int32, enable_end_position=True, enable_output_idx_offset=True, input_distrib=UintDistributionWithHotspotAndSpecifiedPivot(pivot=None, topk=1, hotspots=[(32641, 8)], allow_nan=True), idx_oob_fill_value=-1876755, value_oob_fill_value=-1234123412341234, seed=64, check_correctness=True, num_runs=0)
================
[    66/   549, 12%] Running on TestParam(batch_size=512, vocab_size=998123, topk=512, sorted_value=False, sorted_index=True, return_value=False, dtype=torch.float32, out_idx_dtype=torch.int32, enable_end_position=False, enable_output_idx_offset=False, input_distrib=UniformUIntDistribution(lower=0x00000000, upper=0x00000020), idx_oob_fill_value=-1001877, value_oob_fill_value=-1234123412341234, seed=65, check_correctness=True, num_runs=0)
================
[    67/   549, 12%] Running on TestParam(batch_size=512, vocab_size=998123, topk=1231, sorted_value=False, sorted_index=False, return_value=False, dtype=torch.bfloat16, out_idx_dtype=torch.int64, enable_end_position=True, enable_output_idx_offset=False, input_distrib=NormalFloatDistribution(post_proc_func=<lambda>), idx_oob_fill_value=-1001877, value_oob_fill_value=-1234123412341234, seed=66, check_correctness=True, num_runs=0)
================
[    68/   549, 12%] Running on TestParam(batch_size=512, vocab_size=682965, topk=1231, sorted_value=False, sorted_index=False, return_value=False, dtype=torch.bfloat16, out_idx_dtype=torch.int32, enable_end_position=True, enable_output_idx_offset=False, input_distrib=UniformUIntDistribution(lower=0x00000000, upper=0x00001000), idx_oob_fill_value=-1317035, value_oob_fill_value=-1234123412341234, seed=67, check_correctness=True, num_runs=0)
================
[    69/   549, 12%] Running on TestParam(batch_size=20, vocab_size=1048576, topk=2333, sorted_value=False, sorted_index=True, return_value=False, dtype=torch.float32, out_idx_dtype=torch.int32, enable_end_position=True, enable_output_idx_offset=False, input_distrib=NormalFloatDistribution(post_proc_func=<lambda>), idx_oob_fill_value=-951424, value_oob_fill_value=-1234123412341234, seed=68, check_correctness=True, num_runs=0)
================
[    70/   549, 13%] Running on TestParam(batch_size=121, vocab_size=262144, topk=1024, sorted_value=False, sorted_index=True, return_value=True, dtype=torch.bfloat16, out_idx_dtype=torch.int32, enable_end_position=False, enable_output_idx_offset=True, input_distrib=UintDistributionWithHotspotAndSpecifiedPivot(pivot=None, topk=1024, hotspots=[(65409, 8)], allow_nan=True), idx_oob_fill_value=-1737856, value_oob_fill_value=-1234123412341234, seed=69, check_correctness=True, num_runs=0)
================
[    71/   549, 13%] Running on TestParam(batch_size=4096, vocab_size=471, topk=1, sorted_value=False, sorted_index=False, return_value=False, dtype=torch.bfloat16, out_idx_dtype=torch.int64, enable_end_position=True, enable_output_idx_offset=False, input_distrib=NormalFloatDistribution(post_proc_func=<lambda>), idx_oob_fill_value=-1999529, value_oob_fill_value=-1234123412341234, seed=70, check_correctness=True, num_runs=0)
================
[    72/   549, 13%] Running on TestParam(batch_size=4, vocab_size=998123, topk=512, sorted_value=False, sorted_index=True, return_value=True, dtype=torch.bfloat16, out_idx_dtype=torch.int32, enable_end_position=False, enable_output_idx_offset=False, input_distrib=UniformUIntDistribution(lower=0x00000000, upper=0x00007f80), idx_oob_fill_value=-1001877, value_oob_fill_value=-1234123412341234, seed=71, check_correctness=True, num_runs=0)
================
[    73/   549, 13%] Running on TestParam(batch_size=4096, vocab_size=1, topk=2333, sorted_value=False, sorted_index=False, return_value=False, dtype=torch.bfloat16, out_idx_dtype=torch.int64, enable_end_position=True, enable_output_idx_offset=False, input_distrib=UintDistributionWithHotspotAndSpecifiedPivot(pivot=None, topk=2333, hotspots=[(65409, 1)], allow_nan=True), idx_oob_fill_value=-1999999, value_oob_fill_value=-1234123412341234, seed=72, check_correctness=True, num_runs=0)
================
[    74/   549, 13%] Running on TestParam(batch_size=83, vocab_size=8388607, topk=2132, sorted_value=False, sorted_index=False, return_value=True, dtype=torch.bfloat16, out_idx_dtype=torch.int64, enable_end_position=False, enable_output_idx_offset=True, input_distrib=UintDistributionWithHotspotAndSpecifiedPivot(pivot=None, topk=2132, hotspots=[(32641, 8)], allow_nan=True), idx_oob_fill_value=6388607, value_oob_fill_value=-1234123412341234, seed=73, check_correctness=True, num_runs=0)
================
[    75/   549, 13%] Running on TestParam(batch_size=121, vocab_size=1048576, topk=2048, sorted_value=False, sorted_index=False, return_value=False, dtype=torch.bfloat16, out_idx_dtype=torch.int32, enable_end_position=False, enable_output_idx_offset=True, input_distrib=NormalFloatDistribution(post_proc_func=<lambda>), idx_oob_fill_value=-951424, value_oob_fill_value=-1234123412341234, seed=74, check_correctness=True, num_runs=0)
================
[    76/   549, 14%] Running on TestParam(batch_size=512, vocab_size=8388607, topk=1024, sorted_value=False, sorted_index=False, return_value=False, dtype=torch.bfloat16, out_idx_dtype=torch.int64, enable_end_position=False, enable_output_idx_offset=False, input_distrib=NormalFloatDistribution(), idx_oob_fill_value=6388607, value_oob_fill_value=-1234123412341234, seed=75, check_correctness=True, num_runs=0)
================
[    77/   549, 14%] Running on TestParam(batch_size=4096, vocab_size=225467, topk=36, sorted_value=False, sorted_index=False, return_value=False, dtype=torch.bfloat16, out_idx_dtype=torch.int64, enable_end_position=False, enable_output_idx_offset=False, input_distrib=UniformUIntDistribution(lower=0x00000000, upper=0x00001000), idx_oob_fill_value=-1774533, value_oob_fill_value=-1234123412341234, seed=76, check_correctness=True, num_runs=0)
================
[    78/   549, 14%] Running on TestParam(batch_size=20, vocab_size=262144, topk=4096, sorted_value=False, sorted_index=True, return_value=False, dtype=torch.float32, out_idx_dtype=torch.int32, enable_end_position=False, enable_output_idx_offset=False, input_distrib=UniformUIntDistribution(lower=0x00000000, upper=0x00000020), idx_oob_fill_value=-1737856, value_oob_fill_value=-1234123412341234, seed=77, check_correctness=True, num_runs=0)
================
[    79/   549, 14%] Running on TestParam(batch_size=17, vocab_size=262144, topk=1231, sorted_value=False, sorted_index=True, return_value=False, dtype=torch.bfloat16, out_idx_dtype=torch.int64, enable_end_position=True, enable_output_idx_offset=True, input_distrib=NormalFloatDistribution(post_proc_func=<lambda>), idx_oob_fill_value=-1737856, value_oob_fill_value=-1234123412341234, seed=78, check_correctness=True, num_runs=0)
================
[    80/   549, 14%] Running on TestParam(batch_size=121, vocab_size=1602, topk=2132, sorted_value=True, sorted_index=False, return_value=True, dtype=torch.float32, out_idx_dtype=torch.int32, enable_end_position=False, enable_output_idx_offset=True, input_distrib=UniformUIntDistribution(lower=0x00000000, upper=0x00000020), idx_oob_fill_value=-1998398, value_oob_fill_value=-1234123412341234, seed=79, check_correctness=True, num_runs=0)
================
[    81/   549, 15%] Running on TestParam(batch_size=83, vocab_size=123245, topk=1231, sorted_value=False, sorted_index=False, return_value=True, dtype=torch.bfloat16, out_idx_dtype=torch.int64, enable_end_position=True, enable_output_idx_offset=True, input_distrib=UniformUIntDistribution(lower=0x00000000, upper=0x00000020), idx_oob_fill_value=-1876755, value_oob_fill_value=-1234123412341234, seed=80, check_correctness=True, num_runs=0)
================
[    82/   549, 15%] Running on TestParam(batch_size=15, vocab_size=225467, topk=1231, sorted_value=False, sorted_index=True, return_value=True, dtype=torch.float32, out_idx_dtype=torch.int64, enable_end_position=True, enable_output_idx_offset=True, input_distrib=NormalFloatDistribution(post_proc_func=<lambda>), idx_oob_fill_value=-1774533, value_oob_fill_value=-1234123412341234, seed=81, check_correctness=True, num_runs=0)
================
[    83/   549, 15%] Running on TestParam(batch_size=121, vocab_size=262144, topk=1, sorted_value=False, sorted_index=True, return_value=False, dtype=torch.bfloat16, out_idx_dtype=torch.int64, enable_end_position=True, enable_output_idx_offset=True, input_distrib=NormalFloatDistribution(), idx_oob_fill_value=-1737856, value_oob_fill_value=-1234123412341234, seed=82, check_correctness=True, num_runs=0)
================
[    84/   549, 15%] Running on TestParam(batch_size=4096, vocab_size=231, topk=1, sorted_value=False, sorted_index=True, return_value=True, dtype=torch.bfloat16, out_idx_dtype=torch.int32, enable_end_position=True, enable_output_idx_offset=False, input_distrib=NormalFloatDistribution(post_proc_func=<lambda>), idx_oob_fill_value=-1999769, value_oob_fill_value=-1234123412341234, seed=83, check_correctness=True, num_runs=0)
================
[    85/   549, 15%] Running on TestParam(batch_size=121, vocab_size=418673, topk=2132, sorted_value=False, sorted_index=False, return_value=True, dtype=torch.bfloat16, out_idx_dtype=torch.int64, enable_end_position=False, enable_output_idx_offset=True, input_distrib=NormalFloatDistribution(post_proc_func=<lambda>), idx_oob_fill_value=-1581327, value_oob_fill_value=-1234123412341234, seed=84, check_correctness=True, num_runs=0)
================
[    86/   549, 15%] Running on TestParam(batch_size=512, vocab_size=418673, topk=512, sorted_value=False, sorted_index=False, return_value=False, dtype=torch.float32, out_idx_dtype=torch.int64, enable_end_position=False, enable_output_idx_offset=False, input_distrib=NormalFloatDistribution(), idx_oob_fill_value=-1581327, value_oob_fill_value=-1234123412341234, seed=85, check_correctness=True, num_runs=0)
================
[    87/   549, 16%] Running on TestParam(batch_size=17, vocab_size=352, topk=488, sorted_value=False, sorted_index=False, return_value=False, dtype=torch.float32, out_idx_dtype=torch.int64, enable_end_position=False, enable_output_idx_offset=True, input_distrib=NormalFloatDistribution(post_proc_func=<lambda>), idx_oob_fill_value=-1999648, value_oob_fill_value=-1234123412341234, seed=86, check_correctness=True, num_runs=0)
================
[    88/   549, 16%] Running on TestParam(batch_size=512, vocab_size=32768, topk=2048, sorted_value=False, sorted_index=True, return_value=True, dtype=torch.float32, out_idx_dtype=torch.int32, enable_end_position=False, enable_output_idx_offset=False, input_distrib=UniformUIntDistribution(lower=0x00000000, upper=0x00000020), idx_oob_fill_value=-1967232, value_oob_fill_value=-1234123412341234, seed=87, check_correctness=True, num_runs=0)
================
[    89/   549, 16%] Running on TestParam(batch_size=512, vocab_size=32768, topk=1, sorted_value=False, sorted_index=False, return_value=False, dtype=torch.bfloat16, out_idx_dtype=torch.int32, enable_end_position=True, enable_output_idx_offset=False, input_distrib=UniformUIntDistribution(lower=0x00008000, upper=0x0000ff80), idx_oob_fill_value=-1967232, value_oob_fill_value=-1234123412341234, seed=88, check_correctness=True, num_runs=0)
================
[    90/   549, 16%] Running on TestParam(batch_size=4096, vocab_size=123245, topk=1, sorted_value=False, sorted_index=True, return_value=False, dtype=torch.bfloat16, out_idx_dtype=torch.int64, enable_end_position=True, enable_output_idx_offset=False, input_distrib=NormalFloatDistribution(post_proc_func=<lambda>), idx_oob_fill_value=-1876755, value_oob_fill_value=-1234123412341234, seed=89, check_correctness=True, num_runs=0)
================
[    91/   549, 16%] Running on TestParam(batch_size=512, vocab_size=682965, topk=1024, sorted_value=False, sorted_index=False, return_value=True, dtype=torch.bfloat16, out_idx_dtype=torch.int32, enable_end_position=False, enable_output_idx_offset=False, input_distrib=NormalFloatDistribution(post_proc_func=<lambda>), idx_oob_fill_value=-1317035, value_oob_fill_value=-1234123412341234, seed=90, check_correctness=True, num_runs=0)
================
[    92/   549, 17%] Running on TestParam(batch_size=121, vocab_size=682965, topk=330, sorted_value=False, sorted_index=False, return_value=True, dtype=torch.bfloat16, out_idx_dtype=torch.int64, enable_end_position=False, enable_output_idx_offset=True, input_distrib=NormalFloatDistribution(), idx_oob_fill_value=-1317035, value_oob_fill_value=-1234123412341234, seed=91, check_correctness=True, num_runs=0)
================
[    93/   549, 17%] Running on TestParam(batch_size=4096, vocab_size=1, topk=29, sorted_value=False, sorted_index=False, return_value=False, dtype=torch.bfloat16, out_idx_dtype=torch.int64, enable_end_position=True, enable_output_idx_offset=False, input_distrib=UniformUIntDistribution(lower=0x00000000, upper=0x00000020), idx_oob_fill_value=-1999999, value_oob_fill_value=-1234123412341234, seed=92, check_correctness=True, num_runs=0)
================
[    94/   549, 17%] Running on TestParam(batch_size=19, vocab_size=8388607, topk=4096, sorted_value=False, sorted_index=True, return_value=False, dtype=torch.bfloat16, out_idx_dtype=torch.int32, enable_end_position=False, enable_output_idx_offset=True, input_distrib=NormalFloatDistribution(post_proc_func=<lambda>), idx_oob_fill_value=6388607, value_oob_fill_value=-1234123412341234, seed=93, check_correctness=True, num_runs=0)
================
[    95/   549, 17%] Running on TestParam(batch_size=83, vocab_size=1048576, topk=1231, sorted_value=True, sorted_index=False, return_value=True, dtype=torch.float32, out_idx_dtype=torch.int64, enable_end_position=True, enable_output_idx_offset=True, input_distrib=UniformUIntDistribution(lower=0x80000000, upper=0xff800000), idx_oob_fill_value=-951424, value_oob_fill_value=-1234123412341234, seed=94, check_correctness=True, num_runs=0)
================
[    96/   549, 17%] Running on TestParam(batch_size=15, vocab_size=225467, topk=2132, sorted_value=False, sorted_index=True, return_value=True, dtype=torch.float32, out_idx_dtype=torch.int64, enable_end_position=False, enable_output_idx_offset=True, input_distrib=UniformUIntDistribution(lower=0x00000000, upper=0x00001000), idx_oob_fill_value=-1774533, value_oob_fill_value=-1234123412341234, seed=95, check_correctness=True, num_runs=0)
================
[    97/   549, 17%] Running on TestParam(batch_size=121, vocab_size=418673, topk=512, sorted_value=False, sorted_index=False, return_value=False, dtype=torch.float32, out_idx_dtype=torch.int64, enable_end_position=False, enable_output_idx_offset=True, input_distrib=NormalFloatDistribution(post_proc_func=<lambda>), idx_oob_fill_value=-1581327, value_oob_fill_value=-1234123412341234, seed=96, check_correctness=True, num_runs=0)
================
[    98/   549, 18%] Running on TestParam(batch_size=4096, vocab_size=262144, topk=1024, sorted_value=False, sorted_index=False, return_value=True, dtype=torch.bfloat16, out_idx_dtype=torch.int64, enable_end_position=False, enable_output_idx_offset=False, input_distrib=NormalFloatDistribution(post_proc_func=<lambda>), idx_oob_fill_value=-1737856, value_oob_fill_value=-1234123412341234, seed=97, check_correctness=True, num_runs=0)
================
[    99/   549, 18%] Running on TestParam(batch_size=4, vocab_size=1048576, topk=1, sorted_value=False, sorted_index=False, return_value=True, dtype=torch.bfloat16, out_idx_dtype=torch.int32, enable_end_position=True, enable_output_idx_offset=False, input_distrib=UniformUIntDistribution(lower=0x00000000, upper=0x00000001), idx_oob_fill_value=-951424, value_oob_fill_value=-1234123412341234, seed=98, check_correctness=True, num_runs=0)
================
[   100/   549, 18%] Running on TestParam(batch_size=83, vocab_size=225467, topk=2048, sorted_value=True, sorted_index=False, return_value=True, dtype=torch.float32, out_idx_dtype=torch.int64, enable_end_position=False, enable_output_idx_offset=True, input_distrib=UintDistributionWithHotspotAndSpecifiedPivot(pivot=None, topk=2048, hotspots=[(4286578689, 8)], allow_nan=True), idx_oob_fill_value=-1774533, value_oob_fill_value=-1234123412341234, seed=99, check_correctness=True, num_runs=0)
================
[   101/   549, 18%] Running on TestParam(batch_size=4, vocab_size=1048576, topk=512, sorted_value=False, sorted_index=True, return_value=True, dtype=torch.bfloat16, out_idx_dtype=torch.int32, enable_end_position=False, enable_output_idx_offset=False, input_distrib=NormalFloatDistribution(post_proc_func=<lambda>), idx_oob_fill_value=-951424, value_oob_fill_value=-1234123412341234, seed=100, check_correctness=True, num_runs=0)
================
[   102/   549, 18%] Running on TestParam(batch_size=121, vocab_size=1602, topk=1, sorted_value=False, sorted_index=False, return_value=True, dtype=torch.float32, out_idx_dtype=torch.int32, enable_end_position=True, enable_output_idx_offset=True, input_distrib=UniformUIntDistribution(lower=0x80000000, upper=0xff800000), idx_oob_fill_value=-1998398, value_oob_fill_value=-1234123412341234, seed=101, check_correctness=True, num_runs=0)
================
[   103/   549, 19%] Running on TestParam(batch_size=91, vocab_size=225467, topk=4096, sorted_value=False, sorted_index=True, return_value=False, dtype=torch.float32, out_idx_dtype=torch.int64, enable_end_position=False, enable_output_idx_offset=True, input_distrib=NormalFloatDistribution(post_proc_func=<lambda>), idx_oob_fill_value=-1774533, value_oob_fill_value=-1234123412341234, seed=102, check_correctness=True, num_runs=0)
================
[   104/   549, 19%] Running on TestParam(batch_size=4096, vocab_size=1048576, topk=1, sorted_value=False, sorted_index=False, return_value=True, dtype=torch.float32, out_idx_dtype=torch.int32, enable_end_position=True, enable_output_idx_offset=False, input_distrib=NormalFloatDistribution(), idx_oob_fill_value=-951424, value_oob_fill_value=-1234123412341234, seed=103, check_correctness=True, num_runs=0)
================
[   105/   549, 19%] Running on TestParam(batch_size=83, vocab_size=420, topk=454, sorted_value=True, sorted_index=False, return_value=True, dtype=torch.float32, out_idx_dtype=torch.int64, enable_end_position=False, enable_output_idx_offset=True, input_distrib=NormalFloatDistribution(), idx_oob_fill_value=-1999580, value_oob_fill_value=-1234123412341234, seed=104, check_correctness=True, num_runs=0)
================
[   106/   549, 19%] Running on TestParam(batch_size=121, vocab_size=418673, topk=2132, sorted_value=False, sorted_index=False, return_value=False, dtype=torch.float32, out_idx_dtype=torch.int64, enable_end_position=False, enable_output_idx_offset=True, input_distrib=UniformUIntDistribution(lower=0x00000000, upper=0x7f800000), idx_oob_fill_value=-1581327, value_oob_fill_value=-1234123412341234, seed=105, check_correctness=True, num_runs=0)
================
[   107/   549, 19%] Running on TestParam(batch_size=67, vocab_size=466, topk=2333, sorted_value=False, sorted_index=True, return_value=False, dtype=torch.bfloat16, out_idx_dtype=torch.int64, enable_end_position=True, enable_output_idx_offset=True, input_distrib=NormalFloatDistribution(), idx_oob_fill_value=-1999534, value_oob_fill_value=-1234123412341234, seed=106, check_correctness=True, num_runs=0)
================
[   108/   549, 19%] Running on TestParam(batch_size=80, vocab_size=355, topk=2048, sorted_value=False, sorted_index=False, return_value=True, dtype=torch.bfloat16, out_idx_dtype=torch.int32, enable_end_position=False, enable_output_idx_offset=False, input_distrib=NormalFloatDistribution(post_proc_func=<lambda>), idx_oob_fill_value=-1999645, value_oob_fill_value=-1234123412341234, seed=107, check_correctness=True, num_runs=0)
================
[   109/   549, 20%] Running on TestParam(batch_size=4096, vocab_size=1602, topk=2333, sorted_value=False, sorted_index=True, return_value=True, dtype=torch.float32, out_idx_dtype=torch.int32, enable_end_position=True, enable_output_idx_offset=False, input_distrib=UniformUIntDistribution(lower=0x00000000, upper=0x00000001), idx_oob_fill_value=-1998398, value_oob_fill_value=-1234123412341234, seed=108, check_correctness=True, num_runs=0)
================
[   110/   549, 20%] Running on TestParam(batch_size=11, vocab_size=998123, topk=1024, sorted_value=False, sorted_index=True, return_value=False, dtype=torch.float32, out_idx_dtype=torch.int64, enable_end_position=False, enable_output_idx_offset=True, input_distrib=NormalFloatDistribution(post_proc_func=<lambda>), idx_oob_fill_value=-1001877, value_oob_fill_value=-1234123412341234, seed=109, check_correctness=True, num_runs=0)
================
[   111/   549, 20%] Running on TestParam(batch_size=121, vocab_size=225467, topk=1024, sorted_value=False, sorted_index=False, return_value=False, dtype=torch.float32, out_idx_dtype=torch.int32, enable_end_position=False, enable_output_idx_offset=True, input_distrib=UniformUIntDistribution(lower=0x00000000, upper=0x7f800000), idx_oob_fill_value=-1774533, value_oob_fill_value=-1234123412341234, seed=110, check_correctness=True, num_runs=0)
================
[   112/   549, 20%] Running on TestParam(batch_size=121, vocab_size=1602, topk=299, sorted_value=False, sorted_index=False, return_value=True, dtype=torch.bfloat16, out_idx_dtype=torch.int64, enable_end_position=True, enable_output_idx_offset=True, input_distrib=UniformUIntDistribution(lower=0x00000000, upper=0x00000020), idx_oob_fill_value=-1998398, value_oob_fill_value=-1234123412341234, seed=111, check_correctness=True, num_runs=0)
================
[   113/   549, 20%] Running on TestParam(batch_size=512, vocab_size=123245, topk=4096, sorted_value=False, sorted_index=True, return_value=False, dtype=torch.bfloat16, out_idx_dtype=torch.int64, enable_end_position=False, enable_output_idx_offset=False, input_distrib=UintDistributionWithHotspotAndSpecifiedPivot(pivot=None, topk=4096, hotspots=[(65409, 8)], allow_nan=True), idx_oob_fill_value=-1876755, value_oob_fill_value=-1234123412341234, seed=112, check_correctness=True, num_runs=0)
================
[   114/   549, 21%] Running on TestParam(batch_size=121, vocab_size=123245, topk=512, sorted_value=True, sorted_index=False, return_value=True, dtype=torch.float32, out_idx_dtype=torch.int64, enable_end_position=False, enable_output_idx_offset=True, input_distrib=UintDistributionWithHotspotAndSpecifiedPivot(pivot=None, topk=512, hotspots=[(4286578689, 8)], allow_nan=True), idx_oob_fill_value=-1876755, value_oob_fill_value=-1234123412341234, seed=113, check_correctness=True, num_runs=0)
================
[   115/   549, 21%] Running on TestParam(batch_size=19, vocab_size=418673, topk=1231, sorted_value=False, sorted_index=True, return_value=False, dtype=torch.bfloat16, out_idx_dtype=torch.int32, enable_end_position=True, enable_output_idx_offset=True, input_distrib=NormalFloatDistribution(post_proc_func=<lambda>), idx_oob_fill_value=-1581327, value_oob_fill_value=-1234123412341234, seed=114, check_correctness=True, num_runs=0)
================
[   116/   549, 21%] Running on TestParam(batch_size=4096, vocab_size=682965, topk=1024, sorted_value=False, sorted_index=True, return_value=True, dtype=torch.bfloat16, out_idx_dtype=torch.int64, enable_end_position=False, enable_output_idx_offset=False, input_distrib=UintDistributionWithHotspotAndSpecifiedPivot(pivot=None, topk=1024, hotspots=[(65409, 8)], allow_nan=True), idx_oob_fill_value=-1317035, value_oob_fill_value=-1234123412341234, seed=115, check_correctness=True, num_runs=0)
    SKIPPED: out of memory
================
[   117/   549, 21%] Running on TestParam(batch_size=512, vocab_size=1, topk=112, sorted_value=False, sorted_index=False, return_value=False, dtype=torch.bfloat16, out_idx_dtype=torch.int64, enable_end_position=False, enable_output_idx_offset=False, input_distrib=NormalFloatDistribution(post_proc_func=<lambda>), idx_oob_fill_value=-1999999, value_oob_fill_value=-1234123412341234, seed=116, check_correctness=True, num_runs=0)
================
[   118/   549, 21%] Running on TestParam(batch_size=512, vocab_size=123245, topk=2132, sorted_value=False, sorted_index=False, return_value=False, dtype=torch.bfloat16, out_idx_dtype=torch.int32, enable_end_position=False, enable_output_idx_offset=False, input_distrib=NormalFloatDistribution(post_proc_func=<lambda>), idx_oob_fill_value=-1876755, value_oob_fill_value=-1234123412341234, seed=117, check_correctness=True, num_runs=0)
================
[   119/   549, 21%] Running on TestParam(batch_size=512, vocab_size=1, topk=2132, sorted_value=False, sorted_index=True, return_value=True, dtype=torch.bfloat16, out_idx_dtype=torch.int64, enable_end_position=False, enable_output_idx_offset=False, input_distrib=NormalFloatDistribution(post_proc_func=<lambda>), idx_oob_fill_value=-1999999, value_oob_fill_value=-1234123412341234, seed=118, check_correctness=True, num_runs=0)
================
[   120/   549, 22%] Running on TestParam(batch_size=121, vocab_size=1048576, topk=1024, sorted_value=False, sorted_index=True, return_value=True, dtype=torch.bfloat16, out_idx_dtype=torch.int32, enable_end_position=False, enable_output_idx_offset=True, input_distrib=NormalFloatDistribution(post_proc_func=<lambda>), idx_oob_fill_value=-951424, value_oob_fill_value=-1234123412341234, seed=119, check_correctness=True, num_runs=0)
================
[   121/   549, 22%] Running on TestParam(batch_size=512, vocab_size=998123, topk=4096, sorted_value=False, sorted_index=False, return_value=True, dtype=torch.bfloat16, out_idx_dtype=torch.int64, enable_end_position=False, enable_output_idx_offset=False, input_distrib=NormalFloatDistribution(post_proc_func=<lambda>), idx_oob_fill_value=-1001877, value_oob_fill_value=-1234123412341234, seed=120, check_correctness=True, num_runs=0)
================
[   122/   549, 22%] Running on TestParam(batch_size=74, vocab_size=32768, topk=4096, sorted_value=False, sorted_index=False, return_value=False, dtype=torch.bfloat16, out_idx_dtype=torch.int32, enable_end_position=False, enable_output_idx_offset=False, input_distrib=NormalFloatDistribution(post_proc_func=<lambda>), idx_oob_fill_value=-1967232, value_oob_fill_value=-1234123412341234, seed=121, check_correctness=True, num_runs=0)
================
[   123/   549, 22%] Running on TestParam(batch_size=15, vocab_size=225467, topk=1231, sorted_value=False, sorted_index=True, return_value=True, dtype=torch.float32, out_idx_dtype=torch.int64, enable_end_position=True, enable_output_idx_offset=True, input_distrib=UniformUIntDistribution(lower=0x00000000, upper=0x00000001), idx_oob_fill_value=-1774533, value_oob_fill_value=-1234123412341234, seed=122, check_correctness=True, num_runs=0)
================
[   124/   549, 22%] Running on TestParam(batch_size=70, vocab_size=45, topk=2048, sorted_value=False, sorted_index=True, return_value=True, dtype=torch.bfloat16, out_idx_dtype=torch.int32, enable_end_position=False, enable_output_idx_offset=False, input_distrib=NormalFloatDistribution(), idx_oob_fill_value=-1999955, value_oob_fill_value=-1234123412341234, seed=123, check_correctness=True, num_runs=0)
================
[   125/   549, 23%] Running on TestParam(batch_size=121, vocab_size=682965, topk=1231, sorted_value=False, sorted_index=False, return_value=True, dtype=torch.float32, out_idx_dtype=torch.int64, enable_end_position=True, enable_output_idx_offset=True, input_distrib=UniformUIntDistribution(lower=0x00000000, upper=0x00000001), idx_oob_fill_value=-1317035, value_oob_fill_value=-1234123412341234, seed=124, check_correctness=True, num_runs=0)
================
[   126/   549, 23%] Running on TestParam(batch_size=70, vocab_size=998123, topk=2333, sorted_value=False, sorted_index=True, return_value=True, dtype=torch.float32, out_idx_dtype=torch.int32, enable_end_position=True, enable_output_idx_offset=False, input_distrib=UniformUIntDistribution(lower=0x80000000, upper=0xff800000), idx_oob_fill_value=-1001877, value_oob_fill_value=-1234123412341234, seed=125, check_correctness=True, num_runs=0)
================
[   127/   549, 23%] Running on TestParam(batch_size=512, vocab_size=8388607, topk=1024, sorted_value=False, sorted_index=False, return_value=True, dtype=torch.bfloat16, out_idx_dtype=torch.int64, enable_end_position=False, enable_output_idx_offset=False, input_distrib=NormalFloatDistribution(post_proc_func=<lambda>), idx_oob_fill_value=6388607, value_oob_fill_value=-1234123412341234, seed=126, check_correctness=True, num_runs=0)
================
[   128/   549, 23%] Running on TestParam(batch_size=6, vocab_size=32768, topk=2132, sorted_value=False, sorted_index=False, return_value=True, dtype=torch.float32, out_idx_dtype=torch.int32, enable_end_position=False, enable_output_idx_offset=False, input_distrib=NormalFloatDistribution(), idx_oob_fill_value=-1967232, value_oob_fill_value=-1234123412341234, seed=127, check_correctness=True, num_runs=0)
================
[   129/   549, 23%] Running on TestParam(batch_size=4096, vocab_size=225467, topk=2048, sorted_value=False, sorted_index=True, return_value=False, dtype=torch.bfloat16, out_idx_dtype=torch.int64, enable_end_position=False, enable_output_idx_offset=False, input_distrib=UniformUIntDistribution(lower=0x00000000, upper=0x00000020), idx_oob_fill_value=-1774533, value_oob_fill_value=-1234123412341234, seed=128, check_correctness=True, num_runs=0)
================
[   130/   549, 23%] Running on TestParam(batch_size=512, vocab_size=1, topk=2333, sorted_value=False, sorted_index=True, return_value=True, dtype=torch.float32, out_idx_dtype=torch.int32, enable_end_position=True, enable_output_idx_offset=False, input_distrib=UniformUIntDistribution(lower=0x80000000, upper=0xff800000), idx_oob_fill_value=-1999999, value_oob_fill_value=-1234123412341234, seed=129, check_correctness=True, num_runs=0)
================
[   131/   549, 24%] Running on TestParam(batch_size=14, vocab_size=418673, topk=4096, sorted_value=False, sorted_index=True, return_value=True, dtype=torch.bfloat16, out_idx_dtype=torch.int64, enable_end_position=False, enable_output_idx_offset=False, input_distrib=NormalFloatDistribution(), idx_oob_fill_value=-1581327, value_oob_fill_value=-1234123412341234, seed=130, check_correctness=True, num_runs=0)
================
[   132/   549, 24%] Running on TestParam(batch_size=512, vocab_size=998123, topk=1231, sorted_value=False, sorted_index=False, return_value=True, dtype=torch.bfloat16, out_idx_dtype=torch.int32, enable_end_position=True, enable_output_idx_offset=False, input_distrib=UniformUIntDistribution(lower=0x00008000, upper=0x0000ff80), idx_oob_fill_value=-1001877, value_oob_fill_value=-1234123412341234, seed=131, check_correctness=True, num_runs=0)
================
[   133/   549, 24%] Running on TestParam(batch_size=512, vocab_size=225467, topk=2132, sorted_value=True, sorted_index=False, return_value=True, dtype=torch.float32, out_idx_dtype=torch.int64, enable_end_position=False, enable_output_idx_offset=False, input_distrib=UniformUIntDistribution(lower=0x00000000, upper=0x7f800000), idx_oob_fill_value=-1774533, value_oob_fill_value=-1234123412341234, seed=132, check_correctness=True, num_runs=0)
================
[   134/   549, 24%] Running on TestParam(batch_size=4096, vocab_size=262144, topk=2333, sorted_value=False, sorted_index=False, return_value=False, dtype=torch.float32, out_idx_dtype=torch.int64, enable_end_position=True, enable_output_idx_offset=False, input_distrib=NormalFloatDistribution(post_proc_func=<lambda>), idx_oob_fill_value=-1737856, value_oob_fill_value=-1234123412341234, seed=133, check_correctness=True, num_runs=0)
================
[   135/   549, 24%] Running on TestParam(batch_size=121, vocab_size=1048576, topk=4096, sorted_value=False, sorted_index=True, return_value=True, dtype=torch.bfloat16, out_idx_dtype=torch.int64, enable_end_position=False, enable_output_idx_offset=True, input_distrib=NormalFloatDistribution(), idx_oob_fill_value=-951424, value_oob_fill_value=-1234123412341234, seed=134, check_correctness=True, num_runs=0)
================
[   136/   549, 25%] Running on TestParam(batch_size=121, vocab_size=1, topk=4096, sorted_value=False, sorted_index=False, return_value=True, dtype=torch.bfloat16, out_idx_dtype=torch.int32, enable_end_position=False, enable_output_idx_offset=True, input_distrib=NormalFloatDistribution(), idx_oob_fill_value=-1999999, value_oob_fill_value=-1234123412341234, seed=135, check_correctness=True, num_runs=0)
================
[   137/   549, 25%] Running on TestParam(batch_size=47, vocab_size=418673, topk=512, sorted_value=False, sorted_index=False, return_value=False, dtype=torch.float32, out_idx_dtype=torch.int32, enable_end_position=False, enable_output_idx_offset=True, input_distrib=UniformUIntDistribution(lower=0x00000000, upper=0x00000020), idx_oob_fill_value=-1581327, value_oob_fill_value=-1234123412341234, seed=136, check_correctness=True, num_runs=0)
================
[   138/   549, 25%] Running on TestParam(batch_size=80, vocab_size=262144, topk=2048, sorted_value=False, sorted_index=False, return_value=True, dtype=torch.bfloat16, out_idx_dtype=torch.int32, enable_end_position=False, enable_output_idx_offset=False, input_distrib=UniformUIntDistribution(lower=0x00000000, upper=0x00000020), idx_oob_fill_value=-1737856, value_oob_fill_value=-1234123412341234, seed=137, check_correctness=True, num_runs=0)
================
[   139/   549, 25%] Running on TestParam(batch_size=121, vocab_size=8388607, topk=1024, sorted_value=False, sorted_index=False, return_value=False, dtype=torch.bfloat16, out_idx_dtype=torch.int64, enable_end_position=False, enable_output_idx_offset=True, input_distrib=NormalFloatDistribution(post_proc_func=<lambda>), idx_oob_fill_value=6388607, value_oob_fill_value=-1234123412341234, seed=138, check_correctness=True, num_runs=0)
================
[   140/   549, 25%] Running on TestParam(batch_size=121, vocab_size=1048576, topk=2132, sorted_value=False, sorted_index=True, return_value=False, dtype=torch.float32, out_idx_dtype=torch.int32, enable_end_position=False, enable_output_idx_offset=True, input_distrib=NormalFloatDistribution(post_proc_func=<lambda>), idx_oob_fill_value=-951424, value_oob_fill_value=-1234123412341234, seed=139, check_correctness=True, num_runs=0)
================
[   141/   549, 26%] Running on TestParam(batch_size=74, vocab_size=32768, topk=2048, sorted_value=False, sorted_index=False, return_value=False, dtype=torch.bfloat16, out_idx_dtype=torch.int32, enable_end_position=False, enable_output_idx_offset=False, input_distrib=NormalFloatDistribution(), idx_oob_fill_value=-1967232, value_oob_fill_value=-1234123412341234, seed=140, check_correctness=True, num_runs=0)
================
[   142/   549, 26%] Running on TestParam(batch_size=83, vocab_size=8388607, topk=512, sorted_value=True, sorted_index=False, return_value=True, dtype=torch.float32, out_idx_dtype=torch.int64, enable_end_position=False, enable_output_idx_offset=True, input_distrib=UintDistributionWithHotspotAndSpecifiedPivot(pivot=None, topk=512, hotspots=[(4286578689, 8)], allow_nan=True), idx_oob_fill_value=6388607, value_oob_fill_value=-1234123412341234, seed=141, check_correctness=True, num_runs=0)
================
[   143/   549, 26%] Running on TestParam(batch_size=4096, vocab_size=418673, topk=2333, sorted_value=False, sorted_index=True, return_value=False, dtype=torch.bfloat16, out_idx_dtype=torch.int32, enable_end_position=True, enable_output_idx_offset=False, input_distrib=UintDistributionWithHotspotAndSpecifiedPivot(pivot=None, topk=2333, hotspots=[(65409, 8)], allow_nan=True), idx_oob_fill_value=-1581327, value_oob_fill_value=-1234123412341234, seed=142, check_correctness=True, num_runs=0)
    SKIPPED: out of memory
================
[   144/   549, 26%] Running on TestParam(batch_size=121, vocab_size=225467, topk=4096, sorted_value=False, sorted_index=False, return_value=False, dtype=torch.float32, out_idx_dtype=torch.int32, enable_end_position=False, enable_output_idx_offset=True, input_distrib=UintDistributionWithHotspotAndSpecifiedPivot(pivot=None, topk=4096, hotspots=[(2139095041, 8)], allow_nan=True), idx_oob_fill_value=-1774533, value_oob_fill_value=-1234123412341234, seed=143, check_correctness=True, num_runs=0)
================
[   145/   549, 26%] Running on TestParam(batch_size=512, vocab_size=1, topk=2132, sorted_value=False, sorted_index=True, return_value=False, dtype=torch.float32, out_idx_dtype=torch.int32, enable_end_position=False, enable_output_idx_offset=False, input_distrib=UniformUIntDistribution(lower=0x00000000, upper=0x7f800000), idx_oob_fill_value=-1999999, value_oob_fill_value=-1234123412341234, seed=144, check_correctness=True, num_runs=0)
================
[   146/   549, 26%] Running on TestParam(batch_size=17, vocab_size=1602, topk=512, sorted_value=False, sorted_index=True, return_value=False, dtype=torch.bfloat16, out_idx_dtype=torch.int64, enable_end_position=False, enable_output_idx_offset=True, input_distrib=NormalFloatDistribution(post_proc_func=<lambda>), idx_oob_fill_value=-1998398, value_oob_fill_value=-1234123412341234, seed=145, check_correctness=True, num_runs=0)
================
[   147/   549, 27%] Running on TestParam(batch_size=121, vocab_size=123245, topk=1, sorted_value=False, sorted_index=False, return_value=True, dtype=torch.float32, out_idx_dtype=torch.int64, enable_end_position=True, enable_output_idx_offset=True, input_distrib=NormalFloatDistribution(post_proc_func=<lambda>), idx_oob_fill_value=-1876755, value_oob_fill_value=-1234123412341234, seed=146, check_correctness=True, num_runs=0)
================
[   148/   549, 27%] Running on TestParam(batch_size=121, vocab_size=32768, topk=1231, sorted_value=False, sorted_index=True, return_value=False, dtype=torch.bfloat16, out_idx_dtype=torch.int32, enable_end_position=True, enable_output_idx_offset=True, input_distrib=NormalFloatDistribution(post_proc_func=<lambda>), idx_oob_fill_value=-1967232, value_oob_fill_value=-1234123412341234, seed=147, check_correctness=True, num_runs=0)
================
[   149/   549, 27%] Running on TestParam(batch_size=24, vocab_size=123245, topk=512, sorted_value=False, sorted_index=False, return_value=True, dtype=torch.float32, out_idx_dtype=torch.int32, enable_end_position=False, enable_output_idx_offset=False, input_distrib=NormalFloatDistribution(post_proc_func=<lambda>), idx_oob_fill_value=-1876755, value_oob_fill_value=-1234123412341234, seed=148, check_correctness=True, num_runs=0)
================
[   150/   549, 27%] Running on TestParam(batch_size=121, vocab_size=998123, topk=1, sorted_value=False, sorted_index=True, return_value=True, dtype=torch.bfloat16, out_idx_dtype=torch.int64, enable_end_position=True, enable_output_idx_offset=True, input_distrib=UniformUIntDistribution(lower=0x00008000, upper=0x0000ff80), idx_oob_fill_value=-1001877, value_oob_fill_value=-1234123412341234, seed=149, check_correctness=True, num_runs=0)
================
[   151/   549, 27%] Running on TestParam(batch_size=121, vocab_size=225467, topk=1024, sorted_value=False, sorted_index=True, return_value=False, dtype=torch.float32, out_idx_dtype=torch.int32, enable_end_position=False, enable_output_idx_offset=True, input_distrib=UniformUIntDistribution(lower=0x00000000, upper=0x00000020), idx_oob_fill_value=-1774533, value_oob_fill_value=-1234123412341234, seed=150, check_correctness=True, num_runs=0)
================
[   152/   549, 28%] Running on TestParam(batch_size=91, vocab_size=262144, topk=4096, sorted_value=False, sorted_index=True, return_value=False, dtype=torch.float32, out_idx_dtype=torch.int64, enable_end_position=False, enable_output_idx_offset=True, input_distrib=UniformUIntDistribution(lower=0x00000000, upper=0x00000001), idx_oob_fill_value=-1737856, value_oob_fill_value=-1234123412341234, seed=151, check_correctness=True, num_runs=0)
================
[   153/   549, 28%] Running on TestParam(batch_size=121, vocab_size=40, topk=1024, sorted_value=False, sorted_index=False, return_value=True, dtype=torch.bfloat16, out_idx_dtype=torch.int64, enable_end_position=False, enable_output_idx_offset=True, input_distrib=UniformUIntDistribution(lower=0x00000000, upper=0x00000020), idx_oob_fill_value=-1999960, value_oob_fill_value=-1234123412341234, seed=152, check_correctness=True, num_runs=0)
================
[   154/   549, 28%] Running on TestParam(batch_size=4096, vocab_size=225467, topk=2048, sorted_value=False, sorted_index=False, return_value=True, dtype=torch.bfloat16, out_idx_dtype=torch.int32, enable_end_position=False, enable_output_idx_offset=False, input_distrib=UniformUIntDistribution(lower=0x00000000, upper=0x00000020), idx_oob_fill_value=-1774533, value_oob_fill_value=-1234123412341234, seed=153, check_correctness=True, num_runs=0)
================
[   155/   549, 28%] Running on TestParam(batch_size=512, vocab_size=225467, topk=512, sorted_value=False, sorted_index=True, return_value=True, dtype=torch.bfloat16, out_idx_dtype=torch.int32, enable_end_position=False, enable_output_idx_offset=False, input_distrib=UniformUIntDistribution(lower=0x00000000, upper=0x00000001), idx_oob_fill_value=-1774533, value_oob_fill_value=-1234123412341234, seed=154, check_correctness=True, num_runs=0)
================
[   156/   549, 28%] Running on TestParam(batch_size=512, vocab_size=32768, topk=1, sorted_value=False, sorted_index=False, return_value=True, dtype=torch.float32, out_idx_dtype=torch.int32, enable_end_position=True, enable_output_idx_offset=False, input_distrib=NormalFloatDistribution(post_proc_func=<lambda>), idx_oob_fill_value=-1967232, value_oob_fill_value=-1234123412341234, seed=155, check_correctness=True, num_runs=0)
================
[   157/   549, 28%] Running on TestParam(batch_size=121, vocab_size=1, topk=4096, sorted_value=False, sorted_index=False, return_value=True, dtype=torch.float32, out_idx_dtype=torch.int64, enable_end_position=False, enable_output_idx_offset=True, input_distrib=UintDistributionWithHotspotAndSpecifiedPivot(pivot=None, topk=4096, hotspots=[(4286578689, 1)], allow_nan=True), idx_oob_fill_value=-1999999, value_oob_fill_value=-1234123412341234, seed=156, check_correctness=True, num_runs=0)
================
[   158/   549, 29%] Running on TestParam(batch_size=121, vocab_size=1602, topk=4096, sorted_value=False, sorted_index=False, return_value=True, dtype=torch.float32, out_idx_dtype=torch.int32, enable_end_position=False, enable_output_idx_offset=True, input_distrib=NormalFloatDistribution(post_proc_func=<lambda>), idx_oob_fill_value=-1998398, value_oob_fill_value=-1234123412341234, seed=157, check_correctness=True, num_runs=0)
================
[   159/   549, 29%] Running on TestParam(batch_size=70, vocab_size=1602, topk=321, sorted_value=False, sorted_index=True, return_value=True, dtype=torch.bfloat16, out_idx_dtype=torch.int32, enable_end_position=True, enable_output_idx_offset=False, input_distrib=UniformUIntDistribution(lower=0x00008000, upper=0x0000ff80), idx_oob_fill_value=-1998398, value_oob_fill_value=-1234123412341234, seed=158, check_correctness=True, num_runs=0)
================
[   160/   549, 29%] Running on TestParam(batch_size=4096, vocab_size=998123, topk=2333, sorted_value=True, sorted_index=False, return_value=True, dtype=torch.float32, out_idx_dtype=torch.int32, enable_end_position=True, enable_output_idx_offset=False, input_distrib=UintDistributionWithHotspotAndSpecifiedPivot(pivot=None, topk=2333, hotspots=[(2139095041, 8)], allow_nan=True), idx_oob_fill_value=-1001877, value_oob_fill_value=-1234123412341234, seed=159, check_correctness=True, num_runs=0)
    SKIPPED: out of memory
================
[   161/   549, 29%] Running on TestParam(batch_size=4096, vocab_size=123245, topk=1024, sorted_value=False, sorted_index=True, return_value=True, dtype=torch.float32, out_idx_dtype=torch.int64, enable_end_position=False, enable_output_idx_offset=False, input_distrib=NormalFloatDistribution(post_proc_func=<lambda>), idx_oob_fill_value=-1876755, value_oob_fill_value=-1234123412341234, seed=160, check_correctness=True, num_runs=0)
================
[   162/   549, 29%] Running on TestParam(batch_size=20, vocab_size=998123, topk=1, sorted_value=False, sorted_index=False, return_value=False, dtype=torch.float32, out_idx_dtype=torch.int32, enable_end_position=True, enable_output_idx_offset=False, input_distrib=UniformUIntDistribution(lower=0x00000000, upper=0x00001000), idx_oob_fill_value=-1001877, value_oob_fill_value=-1234123412341234, seed=161, check_correctness=True, num_runs=0)
================
[   163/   549, 30%] Running on TestParam(batch_size=512, vocab_size=8388607, topk=512, sorted_value=True, sorted_index=False, return_value=True, dtype=torch.float32, out_idx_dtype=torch.int32, enable_end_position=False, enable_output_idx_offset=False, input_distrib=NormalFloatDistribution(post_proc_func=<lambda>), idx_oob_fill_value=6388607, value_oob_fill_value=-1234123412341234, seed=162, check_correctness=True, num_runs=0)
    SKIPPED: out of memory
================
[   164/   549, 30%] Running on TestParam(batch_size=121, vocab_size=262144, topk=2048, sorted_value=True, sorted_index=False, return_value=True, dtype=torch.float32, out_idx_dtype=torch.int64, enable_end_position=False, enable_output_idx_offset=True, input_distrib=NormalFloatDistribution(post_proc_func=<lambda>), idx_oob_fill_value=-1737856, value_oob_fill_value=-1234123412341234, seed=163, check_correctness=True, num_runs=0)
================
[   165/   549, 30%] Running on TestParam(batch_size=34, vocab_size=32768, topk=1231, sorted_value=False, sorted_index=False, return_value=False, dtype=torch.float32, out_idx_dtype=torch.int64, enable_end_position=True, enable_output_idx_offset=False, input_distrib=UintDistributionWithHotspotAndSpecifiedPivot(pivot=None, topk=1231, hotspots=[(4286578689, 8)], allow_nan=True), idx_oob_fill_value=-1967232, value_oob_fill_value=-1234123412341234, seed=164, check_correctness=True, num_runs=0)
================
[   166/   549, 30%] Running on TestParam(batch_size=20, vocab_size=32768, topk=1, sorted_value=True, sorted_index=False, return_value=True, dtype=torch.float32, out_idx_dtype=torch.int64, enable_end_position=True, enable_output_idx_offset=False, input_distrib=UniformUIntDistribution(lower=0x00000000, upper=0x00000001), idx_oob_fill_value=-1967232, value_oob_fill_value=-1234123412341234, seed=165, check_correctness=True, num_runs=0)
================
[   167/   549, 30%] Running on TestParam(batch_size=512, vocab_size=1602, topk=2132, sorted_value=True, sorted_index=False, return_value=True, dtype=torch.float32, out_idx_dtype=torch.int32, enable_end_position=False, enable_output_idx_offset=False, input_distrib=UniformUIntDistribution(lower=0x00000000, upper=0x7f800000), idx_oob_fill_value=-1998398, value_oob_fill_value=-1234123412341234, seed=166, check_correctness=True, num_runs=0)
================
[   168/   549, 30%] Running on TestParam(batch_size=512, vocab_size=8388607, topk=2048, sorted_value=False, sorted_index=True, return_value=True, dtype=torch.bfloat16, out_idx_dtype=torch.int64, enable_end_position=False, enable_output_idx_offset=False, input_distrib=UintDistributionWithHotspotAndSpecifiedPivot(pivot=None, topk=2048, hotspots=[(65409, 8)], allow_nan=True), idx_oob_fill_value=6388607, value_oob_fill_value=-1234123412341234, seed=167, check_correctness=True, num_runs=0)
    SKIPPED: out of memory
================
[   169/   549, 31%] Running on TestParam(batch_size=4096, vocab_size=32, topk=1, sorted_value=False, sorted_index=False, return_value=False, dtype=torch.float32, out_idx_dtype=torch.int64, enable_end_position=True, enable_output_idx_offset=False, input_distrib=UintDistributionWithHotspotAndSpecifiedPivot(pivot=None, topk=1, hotspots=[(2139095041, 8)], allow_nan=True), idx_oob_fill_value=-1999968, value_oob_fill_value=-1234123412341234, seed=168, check_correctness=True, num_runs=0)
================
[   170/   549, 31%] Running on TestParam(batch_size=121, vocab_size=1048576, topk=4096, sorted_value=False, sorted_index=False, return_value=True, dtype=torch.float32, out_idx_dtype=torch.int64, enable_end_position=False, enable_output_idx_offset=True, input_distrib=NormalFloatDistribution(post_proc_func=<lambda>), idx_oob_fill_value=-951424, value_oob_fill_value=-1234123412341234, seed=169, check_correctness=True, num_runs=0)
================
[   171/   549, 31%] Running on TestParam(batch_size=72, vocab_size=123245, topk=135, sorted_value=False, sorted_index=False, return_value=True, dtype=torch.float32, out_idx_dtype=torch.int64, enable_end_position=True, enable_output_idx_offset=False, input_distrib=UniformUIntDistribution(lower=0x00000000, upper=0x00001000), idx_oob_fill_value=-1876755, value_oob_fill_value=-1234123412341234, seed=170, check_correctness=True, num_runs=0)
================
[   172/   549, 31%] Running on TestParam(batch_size=512, vocab_size=998123, topk=2048, sorted_value=False, sorted_index=False, return_value=False, dtype=torch.float32, out_idx_dtype=torch.int32, enable_end_position=False, enable_output_idx_offset=False, input_distrib=UniformUIntDistribution(lower=0x00000000, upper=0x00000001), idx_oob_fill_value=-1001877, value_oob_fill_value=-1234123412341234, seed=171, check_correctness=True, num_runs=0)
================
[   173/   549, 31%] Running on TestParam(batch_size=37, vocab_size=1048576, topk=94, sorted_value=False, sorted_index=False, return_value=False, dtype=torch.bfloat16, out_idx_dtype=torch.int64, enable_end_position=False, enable_output_idx_offset=True, input_distrib=NormalFloatDistribution(post_proc_func=<lambda>), idx_oob_fill_value=-951424, value_oob_fill_value=-1234123412341234, seed=172, check_correctness=True, num_runs=0)
================
[   174/   549, 32%] Running on TestParam(batch_size=4096, vocab_size=1602, topk=2132, sorted_value=False, sorted_index=True, return_value=True, dtype=torch.float32, out_idx_dtype=torch.int32, enable_end_position=False, enable_output_idx_offset=False, input_distrib=NormalFloatDistribution(post_proc_func=<lambda>), idx_oob_fill_value=-1998398, value_oob_fill_value=-1234123412341234, seed=173, check_correctness=True, num_runs=0)
================
[   175/   549, 32%] Running on TestParam(batch_size=4, vocab_size=262144, topk=2048, sorted_value=False, sorted_index=True, return_value=True, dtype=torch.bfloat16, out_idx_dtype=torch.int32, enable_end_position=False, enable_output_idx_offset=False, input_distrib=NormalFloatDistribution(post_proc_func=<lambda>), idx_oob_fill_value=-1737856, value_oob_fill_value=-1234123412341234, seed=174, check_correctness=True, num_runs=0)
================
[   176/   549, 32%] Running on TestParam(batch_size=512, vocab_size=682965, topk=2132, sorted_value=False, sorted_index=False, return_value=True, dtype=torch.bfloat16, out_idx_dtype=torch.int64, enable_end_position=False, enable_output_idx_offset=False, input_distrib=NormalFloatDistribution(post_proc_func=<lambda>), idx_oob_fill_value=-1317035, value_oob_fill_value=-1234123412341234, seed=175, check_correctness=True, num_runs=0)
================
[   177/   549, 32%] Running on TestParam(batch_size=8, vocab_size=1602, topk=2048, sorted_value=False, sorted_index=False, return_value=True, dtype=torch.bfloat16, out_idx_dtype=torch.int64, enable_end_position=False, enable_output_idx_offset=False, input_distrib=NormalFloatDistribution(post_proc_func=<lambda>), idx_oob_fill_value=-1998398, value_oob_fill_value=-1234123412341234, seed=176, check_correctness=True, num_runs=0)
================
[   178/   549, 32%] Running on TestParam(batch_size=512, vocab_size=1, topk=1024, sorted_value=True, sorted_index=False, return_value=True, dtype=torch.float32, out_idx_dtype=torch.int32, enable_end_position=False, enable_output_idx_offset=False, input_distrib=UintDistributionWithHotspotAndSpecifiedPivot(pivot=None, topk=1024, hotspots=[(4286578689, 1)], allow_nan=True), idx_oob_fill_value=-1999999, value_oob_fill_value=-1234123412341234, seed=177, check_correctness=True, num_runs=0)
================
[   179/   549, 32%] Running on TestParam(batch_size=121, vocab_size=32768, topk=1231, sorted_value=True, sorted_index=False, return_value=True, dtype=torch.float32, out_idx_dtype=torch.int32, enable_end_position=True, enable_output_idx_offset=True, input_distrib=UintDistributionWithHotspotAndSpecifiedPivot(pivot=None, topk=1231, hotspots=[(2139095041, 8)], allow_nan=True), idx_oob_fill_value=-1967232, value_oob_fill_value=-1234123412341234, seed=178, check_correctness=True, num_runs=0)
================
[   180/   549, 33%] Running on TestParam(batch_size=4096, vocab_size=418673, topk=446, sorted_value=False, sorted_index=True, return_value=False, dtype=torch.float32, out_idx_dtype=torch.int64, enable_end_position=False, enable_output_idx_offset=False, input_distrib=NormalFloatDistribution(post_proc_func=<lambda>), idx_oob_fill_value=-1581327, value_oob_fill_value=-1234123412341234, seed=179, check_correctness=True, num_runs=0)
================
[   181/   549, 33%] Running on TestParam(batch_size=121, vocab_size=225467, topk=1024, sorted_value=False, sorted_index=False, return_value=False, dtype=torch.bfloat16, out_idx_dtype=torch.int32, enable_end_position=False, enable_output_idx_offset=True, input_distrib=UniformUIntDistribution(lower=0x00000000, upper=0x00001000), idx_oob_fill_value=-1774533, value_oob_fill_value=-1234123412341234, seed=180, check_correctness=True, num_runs=0)
================
[   182/   549, 33%] Running on TestParam(batch_size=8, vocab_size=418673, topk=512, sorted_value=False, sorted_index=False, return_value=True, dtype=torch.bfloat16, out_idx_dtype=torch.int64, enable_end_position=False, enable_output_idx_offset=False, input_distrib=NormalFloatDistribution(post_proc_func=<lambda>), idx_oob_fill_value=-1581327, value_oob_fill_value=-1234123412341234, seed=181, check_correctness=True, num_runs=0)
================
[   183/   549, 33%] Running on TestParam(batch_size=512, vocab_size=1, topk=2048, sorted_value=False, sorted_index=True, return_value=True, dtype=torch.float32, out_idx_dtype=torch.int32, enable_end_position=False, enable_output_idx_offset=False, input_distrib=NormalFloatDistribution(), idx_oob_fill_value=-1999999, value_oob_fill_value=-1234123412341234, seed=182, check_correctness=True, num_runs=0)
================
[   184/   549, 33%] Running on TestParam(batch_size=4096, vocab_size=225467, topk=1, sorted_value=False, sorted_index=False, return_value=False, dtype=torch.float32, out_idx_dtype=torch.int64, enable_end_position=True, enable_output_idx_offset=False, input_distrib=NormalFloatDistribution(post_proc_func=<lambda>), idx_oob_fill_value=-1774533, value_oob_fill_value=-1234123412341234, seed=183, check_correctness=True, num_runs=0)
================
[   185/   549, 34%] Running on TestParam(batch_size=67, vocab_size=262144, topk=1231, sorted_value=False, sorted_index=True, return_value=False, dtype=torch.bfloat16, out_idx_dtype=torch.int64, enable_end_position=True, enable_output_idx_offset=True, input_distrib=UintDistributionWithHotspotAndSpecifiedPivot(pivot=None, topk=1231, hotspots=[(32641, 8)], allow_nan=True), idx_oob_fill_value=-1737856, value_oob_fill_value=-1234123412341234, seed=184, check_correctness=True, num_runs=0)
================
[   186/   549, 34%] Running on TestParam(batch_size=14, vocab_size=262144, topk=2048, sorted_value=False, sorted_index=False, return_value=True, dtype=torch.float32, out_idx_dtype=torch.int64, enable_end_position=False, enable_output_idx_offset=False, input_distrib=UniformUIntDistribution(lower=0x00000000, upper=0x00000001), idx_oob_fill_value=-1737856, value_oob_fill_value=-1234123412341234, seed=185, check_correctness=True, num_runs=0)
================
[   187/   549, 34%] Running on TestParam(batch_size=512, vocab_size=31, topk=2048, sorted_value=False, sorted_index=True, return_value=True, dtype=torch.float32, out_idx_dtype=torch.int32, enable_end_position=False, enable_output_idx_offset=False, input_distrib=NormalFloatDistribution(post_proc_func=<lambda>), idx_oob_fill_value=-1999969, value_oob_fill_value=-1234123412341234, seed=186, check_correctness=True, num_runs=0)
================
[   188/   549, 34%] Running on TestParam(batch_size=4096, vocab_size=32768, topk=512, sorted_value=False, sorted_index=True, return_value=False, dtype=torch.bfloat16, out_idx_dtype=torch.int32, enable_end_position=False, enable_output_idx_offset=False, input_distrib=NormalFloatDistribution(), idx_oob_fill_value=-1967232, value_oob_fill_value=-1234123412341234, seed=187, check_correctness=True, num_runs=0)
================
[   189/   549, 34%] Running on TestParam(batch_size=20, vocab_size=225467, topk=2132, sorted_value=False, sorted_index=False, return_value=False, dtype=torch.float32, out_idx_dtype=torch.int32, enable_end_position=False, enable_output_idx_offset=False, input_distrib=NormalFloatDistribution(post_proc_func=<lambda>), idx_oob_fill_value=-1774533, value_oob_fill_value=-1234123412341234, seed=188, check_correctness=True, num_runs=0)
================
[   190/   549, 34%] Running on TestParam(batch_size=73, vocab_size=8388607, topk=1231, sorted_value=False, sorted_index=True, return_value=True, dtype=torch.float32, out_idx_dtype=torch.int64, enable_end_position=True, enable_output_idx_offset=True, input_distrib=UniformUIntDistribution(lower=0x80000000, upper=0xff800000), idx_oob_fill_value=6388607, value_oob_fill_value=-1234123412341234, seed=189, check_correctness=True, num_runs=0)
================
[   191/   549, 35%] Running on TestParam(batch_size=95, vocab_size=8388607, topk=1024, sorted_value=True, sorted_index=False, return_value=True, dtype=torch.float32, out_idx_dtype=torch.int32, enable_end_position=False, enable_output_idx_offset=True, input_distrib=UniformUIntDistribution(lower=0x00000000, upper=0x00000020), idx_oob_fill_value=6388607, value_oob_fill_value=-1234123412341234, seed=190, check_correctness=True, num_runs=0)
================
[   192/   549, 35%] Running on TestParam(batch_size=512, vocab_size=32768, topk=2333, sorted_value=False, sorted_index=False, return_value=True, dtype=torch.float32, out_idx_dtype=torch.int64, enable_end_position=True, enable_output_idx_offset=False, input_distrib=UintDistributionWithHotspotAndSpecifiedPivot(pivot=None, topk=2333, hotspots=[(2139095041, 8)], allow_nan=True), idx_oob_fill_value=-1967232, value_oob_fill_value=-1234123412341234, seed=191, check_correctness=True, num_runs=0)
================
[   193/   549, 35%] Running on TestParam(batch_size=4096, vocab_size=1048576, topk=1231, sorted_value=False, sorted_index=False, return_value=True, dtype=torch.bfloat16, out_idx_dtype=torch.int32, enable_end_position=True, enable_output_idx_offset=False, input_distrib=NormalFloatDistribution(post_proc_func=<lambda>), idx_oob_fill_value=-951424, value_oob_fill_value=-1234123412341234, seed=192, check_correctness=True, num_runs=0)
================
[   194/   549, 35%] Running on TestParam(batch_size=83, vocab_size=1048576, topk=1, sorted_value=True, sorted_index=False, return_value=True, dtype=torch.float32, out_idx_dtype=torch.int64, enable_end_position=True, enable_output_idx_offset=True, input_distrib=UniformUIntDistribution(lower=0x00000000, upper=0x00000020), idx_oob_fill_value=-951424, value_oob_fill_value=-1234123412341234, seed=193, check_correctness=True, num_runs=0)
================
[   195/   549, 35%] Running on TestParam(batch_size=4, vocab_size=418673, topk=2048, sorted_value=False, sorted_index=False, return_value=True, dtype=torch.bfloat16, out_idx_dtype=torch.int32, enable_end_position=False, enable_output_idx_offset=False, input_distrib=UniformUIntDistribution(lower=0x00000000, upper=0x00000001), idx_oob_fill_value=-1581327, value_oob_fill_value=-1234123412341234, seed=194, check_correctness=True, num_runs=0)
================
[   196/   549, 36%] Running on TestParam(batch_size=95, vocab_size=262144, topk=2048, sorted_value=True, sorted_index=False, return_value=True, dtype=torch.float32, out_idx_dtype=torch.int32, enable_end_position=False, enable_output_idx_offset=True, input_distrib=UniformUIntDistribution(lower=0x00000000, upper=0x00000020), idx_oob_fill_value=-1737856, value_oob_fill_value=-1234123412341234, seed=195, check_correctness=True, num_runs=0)
================
[   197/   549, 36%] Running on TestParam(batch_size=512, vocab_size=1048576, topk=2048, sorted_value=True, sorted_index=False, return_value=True, dtype=torch.float32, out_idx_dtype=torch.int64, enable_end_position=False, enable_output_idx_offset=False, input_distrib=UintDistributionWithHotspotAndSpecifiedPivot(pivot=None, topk=2048, hotspots=[(2139095041, 8)], allow_nan=True), idx_oob_fill_value=-951424, value_oob_fill_value=-1234123412341234, seed=196, check_correctness=True, num_runs=0)
================
[   198/   549, 36%] Running on TestParam(batch_size=4096, vocab_size=998123, topk=512, sorted_value=True, sorted_index=False, return_value=True, dtype=torch.float32, out_idx_dtype=torch.int64, enable_end_position=False, enable_output_idx_offset=False, input_distrib=UniformUIntDistribution(lower=0x00000000, upper=0x00000001), idx_oob_fill_value=-1001877, value_oob_fill_value=-1234123412341234, seed=197, check_correctness=True, num_runs=0)
================
[   199/   549, 36%] Running on TestParam(batch_size=20, vocab_size=418673, topk=2333, sorted_value=True, sorted_index=False, return_value=True, dtype=torch.float32, out_idx_dtype=torch.int64, enable_end_position=True, enable_output_idx_offset=False, input_distrib=NormalFloatDistribution(post_proc_func=<lambda>), idx_oob_fill_value=-1581327, value_oob_fill_value=-1234123412341234, seed=198, check_correctness=True, num_runs=0)
================
[   200/   549, 36%] Running on TestParam(batch_size=121, vocab_size=998123, topk=1231, sorted_value=False, sorted_index=True, return_value=False, dtype=torch.bfloat16, out_idx_dtype=torch.int64, enable_end_position=True, enable_output_idx_offset=True, input_distrib=UniformUIntDistribution(lower=0x00000000, upper=0x00000001), idx_oob_fill_value=-1001877, value_oob_fill_value=-1234123412341234, seed=199, check_correctness=True, num_runs=0)
================
[   201/   549, 36%] Running on TestParam(batch_size=15, vocab_size=418673, topk=4096, sorted_value=False, sorted_index=True, return_value=True, dtype=torch.float32, out_idx_dtype=torch.int64, enable_end_position=False, enable_output_idx_offset=True, input_distrib=UniformUIntDistribution(lower=0x00000000, upper=0x00000020), idx_oob_fill_value=-1581327, value_oob_fill_value=-1234123412341234, seed=200, check_correctness=True, num_runs=0)
================
[   202/   549, 37%] Running on TestParam(batch_size=70, vocab_size=998123, topk=1231, sorted_value=False, sorted_index=True, return_value=True, dtype=torch.bfloat16, out_idx_dtype=torch.int32, enable_end_position=True, enable_output_idx_offset=False, input_distrib=UniformUIntDistribution(lower=0x00008000, upper=0x0000ff80), idx_oob_fill_value=-1001877, value_oob_fill_value=-1234123412341234, seed=201, check_correctness=True, num_runs=0)
================
[   203/   549, 37%] Running on TestParam(batch_size=24, vocab_size=262144, topk=1, sorted_value=False, sorted_index=False, return_value=True, dtype=torch.float32, out_idx_dtype=torch.int32, enable_end_position=True, enable_output_idx_offset=False, input_distrib=NormalFloatDistribution(post_proc_func=<lambda>), idx_oob_fill_value=-1737856, value_oob_fill_value=-1234123412341234, seed=202, check_correctness=True, num_runs=0)
================
[   204/   549, 37%] Running on TestParam(batch_size=121, vocab_size=262144, topk=2333, sorted_value=False, sorted_index=False, return_value=True, dtype=torch.bfloat16, out_idx_dtype=torch.int64, enable_end_position=True, enable_output_idx_offset=True, input_distrib=NormalFloatDistribution(post_proc_func=<lambda>), idx_oob_fill_value=-1737856, value_oob_fill_value=-1234123412341234, seed=203, check_correctness=True, num_runs=0)
================
[   205/   549, 37%] Running on TestParam(batch_size=4096, vocab_size=225467, topk=2333, sorted_value=False, sorted_index=True, return_value=False, dtype=torch.float32, out_idx_dtype=torch.int64, enable_end_position=True, enable_output_idx_offset=False, input_distrib=NormalFloatDistribution(post_proc_func=<lambda>), idx_oob_fill_value=-1774533, value_oob_fill_value=-1234123412341234, seed=204, check_correctness=True, num_runs=0)
================
[   206/   549, 37%] Running on TestParam(batch_size=4096, vocab_size=196, topk=145, sorted_value=False, sorted_index=False, return_value=False, dtype=torch.float32, out_idx_dtype=torch.int32, enable_end_position=True, enable_output_idx_offset=False, input_distrib=NormalFloatDistribution(post_proc_func=<lambda>), idx_oob_fill_value=-1999804, value_oob_fill_value=-1234123412341234, seed=205, check_correctness=True, num_runs=0)
================
[   207/   549, 38%] Running on TestParam(batch_size=121, vocab_size=8388607, topk=2132, sorted_value=False, sorted_index=False, return_value=False, dtype=torch.bfloat16, out_idx_dtype=torch.int64, enable_end_position=False, enable_output_idx_offset=True, input_distrib=NormalFloatDistribution(post_proc_func=<lambda>), idx_oob_fill_value=6388607, value_oob_fill_value=-1234123412341234, seed=206, check_correctness=True, num_runs=0)
================
[   208/   549, 38%] Running on TestParam(batch_size=8, vocab_size=1048576, topk=1231, sorted_value=False, sorted_index=False, return_value=True, dtype=torch.bfloat16, out_idx_dtype=torch.int64, enable_end_position=True, enable_output_idx_offset=False, input_distrib=UniformUIntDistribution(lower=0x00008000, upper=0x0000ff80), idx_oob_fill_value=-951424, value_oob_fill_value=-1234123412341234, seed=207, check_correctness=True, num_runs=0)
================
[   209/   549, 38%] Running on TestParam(batch_size=512, vocab_size=1048576, topk=4096, sorted_value=False, sorted_index=True, return_value=True, dtype=torch.float32, out_idx_dtype=torch.int64, enable_end_position=False, enable_output_idx_offset=False, input_distrib=UniformUIntDistribution(lower=0x00000000, upper=0x00001000), idx_oob_fill_value=-951424, value_oob_fill_value=-1234123412341234, seed=208, check_correctness=True, num_runs=0)
================
[   210/   549, 38%] Running on TestParam(batch_size=70, vocab_size=418673, topk=512, sorted_value=False, sorted_index=True, return_value=True, dtype=torch.bfloat16, out_idx_dtype=torch.int32, enable_end_position=False, enable_output_idx_offset=False, input_distrib=UniformUIntDistribution(lower=0x00000000, upper=0x00000001), idx_oob_fill_value=-1581327, value_oob_fill_value=-1234123412341234, seed=209, check_correctness=True, num_runs=0)
================
[   211/   549, 38%] Running on TestParam(batch_size=13, vocab_size=418673, topk=1, sorted_value=False, sorted_index=False, return_value=False, dtype=torch.bfloat16, out_idx_dtype=torch.int64, enable_end_position=True, enable_output_idx_offset=True, input_distrib=UniformUIntDistribution(lower=0x00000000, upper=0x00000020), idx_oob_fill_value=-1581327, value_oob_fill_value=-1234123412341234, seed=210, check_correctness=True, num_runs=0)
================
[   212/   549, 38%] Running on TestParam(batch_size=4096, vocab_size=262144, topk=1231, sorted_value=True, sorted_index=False, return_value=True, dtype=torch.float32, out_idx_dtype=torch.int64, enable_end_position=True, enable_output_idx_offset=False, input_distrib=UniformUIntDistribution(lower=0x00000000, upper=0x00000001), idx_oob_fill_value=-1737856, value_oob_fill_value=-1234123412341234, seed=211, check_correctness=True, num_runs=0)
================
[   213/   549, 39%] Running on TestParam(batch_size=4, vocab_size=123245, topk=1231, sorted_value=False, sorted_index=True, return_value=True, dtype=torch.bfloat16, out_idx_dtype=torch.int32, enable_end_position=True, enable_output_idx_offset=False, input_distrib=UniformUIntDistribution(lower=0x00000000, upper=0x00000001), idx_oob_fill_value=-1876755, value_oob_fill_value=-1234123412341234, seed=212, check_correctness=True, num_runs=0)
================
[   214/   549, 39%] Running on TestParam(batch_size=6, vocab_size=32768, topk=34, sorted_value=False, sorted_index=False, return_value=True, dtype=torch.float32, out_idx_dtype=torch.int32, enable_end_position=False, enable_output_idx_offset=False, input_distrib=UniformUIntDistribution(lower=0x00000000, upper=0x7f800000), idx_oob_fill_value=-1967232, value_oob_fill_value=-1234123412341234, seed=213, check_correctness=True, num_runs=0)
================
[   215/   549, 39%] Running on TestParam(batch_size=512, vocab_size=682965, topk=4096, sorted_value=False, sorted_index=False, return_value=True, dtype=torch.float32, out_idx_dtype=torch.int32, enable_end_position=False, enable_output_idx_offset=False, input_distrib=NormalFloatDistribution(post_proc_func=<lambda>), idx_oob_fill_value=-1317035, value_oob_fill_value=-1234123412341234, seed=214, check_correctness=True, num_runs=0)
================
[   216/   549, 39%] Running on TestParam(batch_size=512, vocab_size=1, topk=2333, sorted_value=False, sorted_index=False, return_value=True, dtype=torch.float32, out_idx_dtype=torch.int32, enable_end_position=True, enable_output_idx_offset=False, input_distrib=NormalFloatDistribution(post_proc_func=<lambda>), idx_oob_fill_value=-1999999, value_oob_fill_value=-1234123412341234, seed=215, check_correctness=True, num_runs=0)
================
[   217/   549, 39%] Running on TestParam(batch_size=4096, vocab_size=1, topk=65, sorted_value=True, sorted_index=False, return_value=True, dtype=torch.float32, out_idx_dtype=torch.int32, enable_end_position=True, enable_output_idx_offset=False, input_distrib=UniformUIntDistribution(lower=0x80000000, upper=0xff800000), idx_oob_fill_value=-1999999, value_oob_fill_value=-1234123412341234, seed=216, check_correctness=True, num_runs=0)
================
[   218/   549, 40%] Running on TestParam(batch_size=6, vocab_size=262144, topk=2333, sorted_value=False, sorted_index=True, return_value=True, dtype=torch.float32, out_idx_dtype=torch.int32, enable_end_position=True, enable_output_idx_offset=False, input_distrib=NormalFloatDistribution(post_proc_func=<lambda>), idx_oob_fill_value=-1737856, value_oob_fill_value=-1234123412341234, seed=217, check_correctness=True, num_runs=0)
================
[   219/   549, 40%] Running on TestParam(batch_size=80, vocab_size=8388607, topk=2048, sorted_value=False, sorted_index=False, return_value=True, dtype=torch.bfloat16, out_idx_dtype=torch.int32, enable_end_position=False, enable_output_idx_offset=False, input_distrib=NormalFloatDistribution(post_proc_func=<lambda>), idx_oob_fill_value=6388607, value_oob_fill_value=-1234123412341234, seed=218, check_correctness=True, num_runs=0)
================
[   220/   549, 40%] Running on TestParam(batch_size=512, vocab_size=16, topk=85, sorted_value=False, sorted_index=False, return_value=True, dtype=torch.float32, out_idx_dtype=torch.int64, enable_end_position=True, enable_output_idx_offset=False, input_distrib=NormalFloatDistribution(post_proc_func=<lambda>), idx_oob_fill_value=-1999984, value_oob_fill_value=-1234123412341234, seed=219, check_correctness=True, num_runs=0)
================
[   221/   549, 40%] Running on TestParam(batch_size=121, vocab_size=32768, topk=4096, sorted_value=False, sorted_index=True, return_value=False, dtype=torch.bfloat16, out_idx_dtype=torch.int32, enable_end_position=False, enable_output_idx_offset=True, input_distrib=UniformUIntDistribution(lower=0x00000000, upper=0x00000001), idx_oob_fill_value=-1967232, value_oob_fill_value=-1234123412341234, seed=220, check_correctness=True, num_runs=0)
================
[   222/   549, 40%] Running on TestParam(batch_size=6, vocab_size=8388607, topk=2333, sorted_value=False, sorted_index=True, return_value=True, dtype=torch.float32, out_idx_dtype=torch.int32, enable_end_position=True, enable_output_idx_offset=False, input_distrib=UintDistributionWithHotspotAndSpecifiedPivot(pivot=None, topk=2333, hotspots=[(4286578689, 8)], allow_nan=True), idx_oob_fill_value=6388607, value_oob_fill_value=-1234123412341234, seed=221, check_correctness=True, num_runs=0)
================
[   223/   549, 40%] Running on TestParam(batch_size=121, vocab_size=998123, topk=1231, sorted_value=False, sorted_index=False, return_value=False, dtype=torch.bfloat16, out_idx_dtype=torch.int64, enable_end_position=True, enable_output_idx_offset=True, input_distrib=NormalFloatDistribution(post_proc_func=<lambda>), idx_oob_fill_value=-1001877, value_oob_fill_value=-1234123412341234, seed=222, check_correctness=True, num_runs=0)
================
[   224/   549, 41%] Running on TestParam(batch_size=512, vocab_size=6, topk=2333, sorted_value=False, sorted_index=True, return_value=True, dtype=torch.bfloat16, out_idx_dtype=torch.int32, enable_end_position=True, enable_output_idx_offset=False, input_distrib=NormalFloatDistribution(post_proc_func=<lambda>), idx_oob_fill_value=-1999994, value_oob_fill_value=-1234123412341234, seed=223, check_correctness=True, num_runs=0)
================
[   225/   549, 41%] Running on TestParam(batch_size=121, vocab_size=1048576, topk=2333, sorted_value=False, sorted_index=True, return_value=False, dtype=torch.bfloat16, out_idx_dtype=torch.int32, enable_end_position=True, enable_output_idx_offset=True, input_distrib=NormalFloatDistribution(), idx_oob_fill_value=-951424, value_oob_fill_value=-1234123412341234, seed=224, check_correctness=True, num_runs=0)
================
[   226/   549, 41%] Running on TestParam(batch_size=73, vocab_size=1048576, topk=2048, sorted_value=False, sorted_index=True, return_value=True, dtype=torch.float32, out_idx_dtype=torch.int64, enable_end_position=False, enable_output_idx_offset=True, input_distrib=NormalFloatDistribution(post_proc_func=<lambda>), idx_oob_fill_value=-951424, value_oob_fill_value=-1234123412341234, seed=225, check_correctness=True, num_runs=0)
================
[   227/   549, 41%] Running on TestParam(batch_size=47, vocab_size=32768, topk=2048, sorted_value=False, sorted_index=False, return_value=False, dtype=torch.float32, out_idx_dtype=torch.int32, enable_end_position=False, enable_output_idx_offset=True, input_distrib=UniformUIntDistribution(lower=0x00000000, upper=0x00000020), idx_oob_fill_value=-1967232, value_oob_fill_value=-1234123412341234, seed=226, check_correctness=True, num_runs=0)
================
[   228/   549, 41%] Running on TestParam(batch_size=512, vocab_size=418673, topk=279, sorted_value=False, sorted_index=False, return_value=True, dtype=torch.float32, out_idx_dtype=torch.int32, enable_end_position=True, enable_output_idx_offset=False, input_distrib=NormalFloatDistribution(post_proc_func=<lambda>), idx_oob_fill_value=-1581327, value_oob_fill_value=-1234123412341234, seed=227, check_correctness=True, num_runs=0)
================
[   229/   549, 42%] Running on TestParam(batch_size=121, vocab_size=998123, topk=1, sorted_value=False, sorted_index=False, return_value=True, dtype=torch.bfloat16, out_idx_dtype=torch.int32, enable_end_position=True, enable_output_idx_offset=True, input_distrib=NormalFloatDistribution(post_proc_func=<lambda>), idx_oob_fill_value=-1001877, value_oob_fill_value=-1234123412341234, seed=228, check_correctness=True, num_runs=0)
================
[   230/   549, 42%] Running on TestParam(batch_size=4096, vocab_size=1048576, topk=280, sorted_value=True, sorted_index=False, return_value=True, dtype=torch.float32, out_idx_dtype=torch.int64, enable_end_position=False, enable_output_idx_offset=False, input_distrib=NormalFloatDistribution(post_proc_func=<lambda>), idx_oob_fill_value=-951424, value_oob_fill_value=-1234123412341234, seed=229, check_correctness=True, num_runs=0)
    SKIPPED: out of memory
================
[   231/   549, 42%] Running on TestParam(batch_size=8, vocab_size=262144, topk=1, sorted_value=False, sorted_index=False, return_value=True, dtype=torch.bfloat16, out_idx_dtype=torch.int64, enable_end_position=True, enable_output_idx_offset=False, input_distrib=UniformUIntDistribution(lower=0x00000000, upper=0x00000001), idx_oob_fill_value=-1737856, value_oob_fill_value=-1234123412341234, seed=230, check_correctness=True, num_runs=0)
================
[   232/   549, 42%] Running on TestParam(batch_size=512, vocab_size=225467, topk=1231, sorted_value=False, sorted_index=False, return_value=False, dtype=torch.float32, out_idx_dtype=torch.int64, enable_end_position=True, enable_output_idx_offset=False, input_distrib=NormalFloatDistribution(post_proc_func=<lambda>), idx_oob_fill_value=-1774533, value_oob_fill_value=-1234123412341234, seed=231, check_correctness=True, num_runs=0)
================
[   233/   549, 42%] Running on TestParam(batch_size=20, vocab_size=418673, topk=2333, sorted_value=False, sorted_index=True, return_value=False, dtype=torch.float32, out_idx_dtype=torch.int32, enable_end_position=True, enable_output_idx_offset=False, input_distrib=UintDistributionWithHotspotAndSpecifiedPivot(pivot=None, topk=2333, hotspots=[(4286578689, 8)], allow_nan=True), idx_oob_fill_value=-1581327, value_oob_fill_value=-1234123412341234, seed=232, check_correctness=True, num_runs=0)
================
[   234/   549, 42%] Running on TestParam(batch_size=4, vocab_size=337, topk=2132, sorted_value=False, sorted_index=False, return_value=False, dtype=torch.bfloat16, out_idx_dtype=torch.int32, enable_end_position=False, enable_output_idx_offset=False, input_distrib=NormalFloatDistribution(post_proc_func=<lambda>), idx_oob_fill_value=-1999663, value_oob_fill_value=-1234123412341234, seed=233, check_correctness=True, num_runs=0)
================
[   235/   549, 43%] Running on TestParam(batch_size=121, vocab_size=1048576, topk=2048, sorted_value=False, sorted_index=True, return_value=True, dtype=torch.bfloat16, out_idx_dtype=torch.int32, enable_end_position=False, enable_output_idx_offset=True, input_distrib=NormalFloatDistribution(post_proc_func=<lambda>), idx_oob_fill_value=-951424, value_oob_fill_value=-1234123412341234, seed=234, check_correctness=True, num_runs=0)
================
[   236/   549, 43%] Running on TestParam(batch_size=121, vocab_size=1, topk=1231, sorted_value=True, sorted_index=False, return_value=True, dtype=torch.float32, out_idx_dtype=torch.int32, enable_end_position=True, enable_output_idx_offset=True, input_distrib=NormalFloatDistribution(post_proc_func=<lambda>), idx_oob_fill_value=-1999999, value_oob_fill_value=-1234123412341234, seed=235, check_correctness=True, num_runs=0)
================
[   237/   549, 43%] Running on TestParam(batch_size=4096, vocab_size=998123, topk=1024, sorted_value=False, sorted_index=False, return_value=True, dtype=torch.float32, out_idx_dtype=torch.int64, enable_end_position=False, enable_output_idx_offset=False, input_distrib=UintDistributionWithHotspotAndSpecifiedPivot(pivot=None, topk=1024, hotspots=[(4286578689, 8)], allow_nan=True), idx_oob_fill_value=-1001877, value_oob_fill_value=-1234123412341234, seed=236, check_correctness=True, num_runs=0)
    SKIPPED: out of memory
================
[   238/   549, 43%] Running on TestParam(batch_size=512, vocab_size=1602, topk=1, sorted_value=False, sorted_index=True, return_value=True, dtype=torch.bfloat16, out_idx_dtype=torch.int64, enable_end_position=True, enable_output_idx_offset=False, input_distrib=NormalFloatDistribution(post_proc_func=<lambda>), idx_oob_fill_value=-1998398, value_oob_fill_value=-1234123412341234, seed=237, check_correctness=True, num_runs=0)
================
[   239/   549, 43%] Running on TestParam(batch_size=4096, vocab_size=1, topk=1024, sorted_value=False, sorted_index=True, return_value=True, dtype=torch.bfloat16, out_idx_dtype=torch.int32, enable_end_position=False, enable_output_idx_offset=False, input_distrib=NormalFloatDistribution(post_proc_func=<lambda>), idx_oob_fill_value=-1999999, value_oob_fill_value=-1234123412341234, seed=238, check_correctness=True, num_runs=0)
================
[   240/   549, 44%] Running on TestParam(batch_size=121, vocab_size=123245, topk=2048, sorted_value=False, sorted_index=False, return_value=True, dtype=torch.bfloat16, out_idx_dtype=torch.int64, enable_end_position=False, enable_output_idx_offset=True, input_distrib=NormalFloatDistribution(post_proc_func=<lambda>), idx_oob_fill_value=-1876755, value_oob_fill_value=-1234123412341234, seed=239, check_correctness=True, num_runs=0)
================
[   241/   549, 44%] Running on TestParam(batch_size=512, vocab_size=32768, topk=512, sorted_value=False, sorted_index=True, return_value=False, dtype=torch.bfloat16, out_idx_dtype=torch.int32, enable_end_position=False, enable_output_idx_offset=False, input_distrib=NormalFloatDistribution(post_proc_func=<lambda>), idx_oob_fill_value=-1967232, value_oob_fill_value=-1234123412341234, seed=240, check_correctness=True, num_runs=0)
================
[   242/   549, 44%] Running on TestParam(batch_size=121, vocab_size=1048576, topk=2333, sorted_value=True, sorted_index=False, return_value=True, dtype=torch.float32, out_idx_dtype=torch.int32, enable_end_position=True, enable_output_idx_offset=True, input_distrib=NormalFloatDistribution(post_proc_func=<lambda>), idx_oob_fill_value=-951424, value_oob_fill_value=-1234123412341234, seed=241, check_correctness=True, num_runs=0)
================
[   243/   549, 44%] Running on TestParam(batch_size=95, vocab_size=32768, topk=512, sorted_value=False, sorted_index=True, return_value=False, dtype=torch.bfloat16, out_idx_dtype=torch.int32, enable_end_position=False, enable_output_idx_offset=True, input_distrib=UintDistributionWithHotspotAndSpecifiedPivot(pivot=None, topk=512, hotspots=[(32641, 8)], allow_nan=True), idx_oob_fill_value=-1967232, value_oob_fill_value=-1234123412341234, seed=242, check_correctness=True, num_runs=0)
================
[   244/   549, 44%] Running on TestParam(batch_size=13, vocab_size=123245, topk=326, sorted_value=False, sorted_index=False, return_value=False, dtype=torch.bfloat16, out_idx_dtype=torch.int64, enable_end_position=False, enable_output_idx_offset=True, input_distrib=NormalFloatDistribution(post_proc_func=<lambda>), idx_oob_fill_value=-1876755, value_oob_fill_value=-1234123412341234, seed=243, check_correctness=True, num_runs=0)
================
[   245/   549, 44%] Running on TestParam(batch_size=512, vocab_size=418673, topk=1024, sorted_value=False, sorted_index=False, return_value=False, dtype=torch.bfloat16, out_idx_dtype=torch.int64, enable_end_position=False, enable_output_idx_offset=False, input_distrib=UniformUIntDistribution(lower=0x00000000, upper=0x00000020), idx_oob_fill_value=-1581327, value_oob_fill_value=-1234123412341234, seed=244, check_correctness=True, num_runs=0)
================
[   246/   549, 45%] Running on TestParam(batch_size=8, vocab_size=418673, topk=2132, sorted_value=False, sorted_index=False, return_value=True, dtype=torch.bfloat16, out_idx_dtype=torch.int64, enable_end_position=False, enable_output_idx_offset=False, input_distrib=UintDistributionWithHotspotAndSpecifiedPivot(pivot=None, topk=2132, hotspots=[(32641, 8)], allow_nan=True), idx_oob_fill_value=-1581327, value_oob_fill_value=-1234123412341234, seed=245, check_correctness=True, num_runs=0)
================
[   247/   549, 45%] Running on TestParam(batch_size=512, vocab_size=16, topk=2333, sorted_value=False, sorted_index=False, return_value=True, dtype=torch.float32, out_idx_dtype=torch.int64, enable_end_position=True, enable_output_idx_offset=False, input_distrib=UintDistributionWithHotspotAndSpecifiedPivot(pivot=None, topk=2333, hotspots=[(2139095041, 8)], allow_nan=True), idx_oob_fill_value=-1999984, value_oob_fill_value=-1234123412341234, seed=246, check_correctness=True, num_runs=0)
================
[   248/   549, 45%] Running on TestParam(batch_size=17, vocab_size=225467, topk=395, sorted_value=False, sorted_index=True, return_value=False, dtype=torch.bfloat16, out_idx_dtype=torch.int64, enable_end_position=True, enable_output_idx_offset=True, input_distrib=UniformUIntDistribution(lower=0x00000000, upper=0x00000001), idx_oob_fill_value=-1774533, value_oob_fill_value=-1234123412341234, seed=247, check_correctness=True, num_runs=0)
================
[   249/   549, 45%] Running on TestParam(batch_size=121, vocab_size=1, topk=1231, sorted_value=False, sorted_index=True, return_value=False, dtype=torch.float32, out_idx_dtype=torch.int64, enable_end_position=True, enable_output_idx_offset=True, input_distrib=UniformUIntDistribution(lower=0x80000000, upper=0xff800000), idx_oob_fill_value=-1999999, value_oob_fill_value=-1234123412341234, seed=248, check_correctness=True, num_runs=0)
================
[   250/   549, 45%] Running on TestParam(batch_size=121, vocab_size=123245, topk=1, sorted_value=False, sorted_index=True, return_value=True, dtype=torch.float32, out_idx_dtype=torch.int64, enable_end_position=True, enable_output_idx_offset=True, input_distrib=NormalFloatDistribution(post_proc_func=<lambda>), idx_oob_fill_value=-1876755, value_oob_fill_value=-1234123412341234, seed=249, check_correctness=True, num_runs=0)
================
[   251/   549, 46%] Running on TestParam(batch_size=512, vocab_size=13, topk=512, sorted_value=False, sorted_index=True, return_value=True, dtype=torch.float32, out_idx_dtype=torch.int64, enable_end_position=False, enable_output_idx_offset=False, input_distrib=UintDistributionWithHotspotAndSpecifiedPivot(pivot=None, topk=512, hotspots=[(4286578689, 8)], allow_nan=True), idx_oob_fill_value=-1999987, value_oob_fill_value=-1234123412341234, seed=250, check_correctness=True, num_runs=0)
================
[   252/   549, 46%] Running on TestParam(batch_size=95, vocab_size=225467, topk=4096, sorted_value=False, sorted_index=True, return_value=False, dtype=torch.bfloat16, out_idx_dtype=torch.int32, enable_end_position=False, enable_output_idx_offset=True, input_distrib=NormalFloatDistribution(post_proc_func=<lambda>), idx_oob_fill_value=-1774533, value_oob_fill_value=-1234123412341234, seed=251, check_correctness=True, num_runs=0)
================
[   253/   549, 46%] Running on TestParam(batch_size=121, vocab_size=1602, topk=1, sorted_value=False, sorted_index=True, return_value=True, dtype=torch.float32, out_idx_dtype=torch.int64, enable_end_position=True, enable_output_idx_offset=True, input_distrib=UintDistributionWithHotspotAndSpecifiedPivot(pivot=None, topk=1, hotspots=[(2139095041, 8)], allow_nan=True), idx_oob_fill_value=-1998398, value_oob_fill_value=-1234123412341234, seed=252, check_correctness=True, num_runs=0)
================
[   254/   549, 46%] Running on TestParam(batch_size=121, vocab_size=123245, topk=2132, sorted_value=False, sorted_index=False, return_value=True, dtype=torch.float32, out_idx_dtype=torch.int64, enable_end_position=False, enable_output_idx_offset=True, input_distrib=NormalFloatDistribution(), idx_oob_fill_value=-1876755, value_oob_fill_value=-1234123412341234, seed=253, check_correctness=True, num_runs=0)
================
[   255/   549, 46%] Running on TestParam(batch_size=4096, vocab_size=682965, topk=145, sorted_value=True, sorted_index=False, return_value=True, dtype=torch.float32, out_idx_dtype=torch.int32, enable_end_position=True, enable_output_idx_offset=False, input_distrib=UniformUIntDistribution(lower=0x00000000, upper=0x00001000), idx_oob_fill_value=-1317035, value_oob_fill_value=-1234123412341234, seed=254, check_correctness=True, num_runs=0)
================
[   256/   549, 46%] Running on TestParam(batch_size=512, vocab_size=262144, topk=1, sorted_value=False, sorted_index=True, return_value=True, dtype=torch.float32, out_idx_dtype=torch.int64, enable_end_position=True, enable_output_idx_offset=False, input_distrib=NormalFloatDistribution(post_proc_func=<lambda>), idx_oob_fill_value=-1737856, value_oob_fill_value=-1234123412341234, seed=255, check_correctness=True, num_runs=0)
================
[   257/   549, 47%] Running on TestParam(batch_size=512, vocab_size=181, topk=1, sorted_value=False, sorted_index=False, return_value=True, dtype=torch.bfloat16, out_idx_dtype=torch.int32, enable_end_position=True, enable_output_idx_offset=False, input_distrib=NormalFloatDistribution(post_proc_func=<lambda>), idx_oob_fill_value=-1999819, value_oob_fill_value=-1234123412341234, seed=256, check_correctness=True, num_runs=0)
================
[   258/   549, 47%] Running on TestParam(batch_size=8, vocab_size=1602, topk=1024, sorted_value=False, sorted_index=True, return_value=True, dtype=torch.bfloat16, out_idx_dtype=torch.int64, enable_end_position=False, enable_output_idx_offset=False, input_distrib=NormalFloatDistribution(post_proc_func=<lambda>), idx_oob_fill_value=-1998398, value_oob_fill_value=-1234123412341234, seed=257, check_correctness=True, num_runs=0)
================
[   259/   549, 47%] Running on TestParam(batch_size=121, vocab_size=225467, topk=1, sorted_value=False, sorted_index=True, return_value=False, dtype=torch.float32, out_idx_dtype=torch.int64, enable_end_position=True, enable_output_idx_offset=True, input_distrib=UniformUIntDistribution(lower=0x00000000, upper=0x00000020), idx_oob_fill_value=-1774533, value_oob_fill_value=-1234123412341234, seed=258, check_correctness=True, num_runs=0)
================
[   260/   549, 47%] Running on TestParam(batch_size=17, vocab_size=1, topk=1, sorted_value=False, sorted_index=False, return_value=False, dtype=torch.float32, out_idx_dtype=torch.int64, enable_end_position=True, enable_output_idx_offset=True, input_distrib=UintDistributionWithHotspotAndSpecifiedPivot(pivot=None, topk=1, hotspots=[(2139095041, 1)], allow_nan=True), idx_oob_fill_value=-1999999, value_oob_fill_value=-1234123412341234, seed=259, check_correctness=True, num_runs=0)
================
[   261/   549, 47%] Running on TestParam(batch_size=4, vocab_size=262144, topk=4096, sorted_value=False, sorted_index=True, return_value=True, dtype=torch.bfloat16, out_idx_dtype=torch.int32, enable_end_position=False, enable_output_idx_offset=False, input_distrib=NormalFloatDistribution(), idx_oob_fill_value=-1737856, value_oob_fill_value=-1234123412341234, seed=260, check_correctness=True, num_runs=0)
================
[   262/   549, 48%] Running on TestParam(batch_size=512, vocab_size=1048576, topk=2132, sorted_value=False, sorted_index=True, return_value=True, dtype=torch.bfloat16, out_idx_dtype=torch.int64, enable_end_position=False, enable_output_idx_offset=False, input_distrib=UniformUIntDistribution(lower=0x00000000, upper=0x00001000), idx_oob_fill_value=-951424, value_oob_fill_value=-1234123412341234, seed=261, check_correctness=True, num_runs=0)
================
[   263/   549, 48%] Running on TestParam(batch_size=512, vocab_size=1, topk=1231, sorted_value=False, sorted_index=True, return_value=False, dtype=torch.float32, out_idx_dtype=torch.int32, enable_end_position=True, enable_output_idx_offset=False, input_distrib=UintDistributionWithHotspotAndSpecifiedPivot(pivot=None, topk=1231, hotspots=[(2139095041, 1)], allow_nan=True), idx_oob_fill_value=-1999999, value_oob_fill_value=-1234123412341234, seed=262, check_correctness=True, num_runs=0)
================
[   264/   549, 48%] Running on TestParam(batch_size=121, vocab_size=1, topk=1231, sorted_value=False, sorted_index=True, return_value=True, dtype=torch.bfloat16, out_idx_dtype=torch.int64, enable_end_position=True, enable_output_idx_offset=True, input_distrib=UintDistributionWithHotspotAndSpecifiedPivot(pivot=None, topk=1231, hotspots=[(65409, 1)], allow_nan=True), idx_oob_fill_value=-1999999, value_oob_fill_value=-1234123412341234, seed=263, check_correctness=True, num_runs=0)
================
[   265/   549, 48%] Running on TestParam(batch_size=512, vocab_size=8388607, topk=1231, sorted_value=False, sorted_index=True, return_value=True, dtype=torch.bfloat16, out_idx_dtype=torch.int64, enable_end_position=True, enable_output_idx_offset=False, input_distrib=NormalFloatDistribution(), idx_oob_fill_value=6388607, value_oob_fill_value=-1234123412341234, seed=264, check_correctness=True, num_runs=0)
================
[   266/   549, 48%] Running on TestParam(batch_size=4096, vocab_size=298, topk=285, sorted_value=True, sorted_index=False, return_value=True, dtype=torch.float32, out_idx_dtype=torch.int64, enable_end_position=True, enable_output_idx_offset=False, input_distrib=NormalFloatDistribution(post_proc_func=<lambda>), idx_oob_fill_value=-1999702, value_oob_fill_value=-1234123412341234, seed=265, check_correctness=True, num_runs=0)
================
[   267/   549, 48%] Running on TestParam(batch_size=121, vocab_size=32768, topk=1, sorted_value=False, sorted_index=True, return_value=False, dtype=torch.float32, out_idx_dtype=torch.int32, enable_end_position=True, enable_output_idx_offset=True, input_distrib=UniformUIntDistribution(lower=0x00000000, upper=0x00001000), idx_oob_fill_value=-1967232, value_oob_fill_value=-1234123412341234, seed=266, check_correctness=True, num_runs=0)
================
[   268/   549, 49%] Running on TestParam(batch_size=4, vocab_size=998123, topk=336, sorted_value=False, sorted_index=False, return_value=True, dtype=torch.bfloat16, out_idx_dtype=torch.int32, enable_end_position=False, enable_output_idx_offset=False, input_distrib=UniformUIntDistribution(lower=0x00000000, upper=0x00000001), idx_oob_fill_value=-1001877, value_oob_fill_value=-1234123412341234, seed=267, check_correctness=True, num_runs=0)
================
[   269/   549, 49%] Running on TestParam(batch_size=24, vocab_size=262144, topk=512, sorted_value=False, sorted_index=False, return_value=True, dtype=torch.float32, out_idx_dtype=torch.int32, enable_end_position=False, enable_output_idx_offset=False, input_distrib=UniformUIntDistribution(lower=0x00000000, upper=0x00000001), idx_oob_fill_value=-1737856, value_oob_fill_value=-1234123412341234, seed=268, check_correctness=True, num_runs=0)
================
[   270/   549, 49%] Running on TestParam(batch_size=4096, vocab_size=1048576, topk=1231, sorted_value=False, sorted_index=False, return_value=True, dtype=torch.float32, out_idx_dtype=torch.int64, enable_end_position=True, enable_output_idx_offset=False, input_distrib=NormalFloatDistribution(post_proc_func=<lambda>), idx_oob_fill_value=-951424, value_oob_fill_value=-1234123412341234, seed=269, check_correctness=True, num_runs=0)
    SKIPPED: out of memory
================
[   271/   549, 49%] Running on TestParam(batch_size=512, vocab_size=225467, topk=512, sorted_value=False, sorted_index=True, return_value=True, dtype=torch.bfloat16, out_idx_dtype=torch.int32, enable_end_position=False, enable_output_idx_offset=False, input_distrib=UintDistributionWithHotspotAndSpecifiedPivot(pivot=None, topk=512, hotspots=[(65409, 8)], allow_nan=True), idx_oob_fill_value=-1774533, value_oob_fill_value=-1234123412341234, seed=270, check_correctness=True, num_runs=0)
================
[   272/   549, 49%] Running on TestParam(batch_size=121, vocab_size=418673, topk=512, sorted_value=False, sorted_index=True, return_value=False, dtype=torch.bfloat16, out_idx_dtype=torch.int64, enable_end_position=False, enable_output_idx_offset=True, input_distrib=NormalFloatDistribution(), idx_oob_fill_value=-1581327, value_oob_fill_value=-1234123412341234, seed=271, check_correctness=True, num_runs=0)
================
[   273/   549, 50%] Running on TestParam(batch_size=512, vocab_size=16, topk=1024, sorted_value=False, sorted_index=False, return_value=True, dtype=torch.float32, out_idx_dtype=torch.int64, enable_end_position=False, enable_output_idx_offset=False, input_distrib=UniformUIntDistribution(lower=0x00000000, upper=0x7f800000), idx_oob_fill_value=-1999984, value_oob_fill_value=-1234123412341234, seed=272, check_correctness=True, num_runs=0)
================
[   274/   549, 50%] Running on TestParam(batch_size=121, vocab_size=682965, topk=1231, sorted_value=False, sorted_index=False, return_value=True, dtype=torch.bfloat16, out_idx_dtype=torch.int64, enable_end_position=True, enable_output_idx_offset=True, input_distrib=NormalFloatDistribution(post_proc_func=<lambda>), idx_oob_fill_value=-1317035, value_oob_fill_value=-1234123412341234, seed=273, check_correctness=True, num_runs=0)
================
[   275/   549, 50%] Running on TestParam(batch_size=20, vocab_size=32768, topk=2048, sorted_value=True, sorted_index=False, return_value=True, dtype=torch.float32, out_idx_dtype=torch.int64, enable_end_position=False, enable_output_idx_offset=False, input_distrib=NormalFloatDistribution(post_proc_func=<lambda>), idx_oob_fill_value=-1967232, value_oob_fill_value=-1234123412341234, seed=274, check_correctness=True, num_runs=0)
================
[   276/   549, 50%] Running on TestParam(batch_size=4096, vocab_size=998123, topk=2048, sorted_value=True, sorted_index=False, return_value=True, dtype=torch.float32, out_idx_dtype=torch.int64, enable_end_position=False, enable_output_idx_offset=False, input_distrib=UniformUIntDistribution(lower=0x00000000, upper=0x00001000), idx_oob_fill_value=-1001877, value_oob_fill_value=-1234123412341234, seed=275, check_correctness=True, num_runs=0)
    CRASHED: RuntimeError: maca_topk.cu:2381: cudaMalloc(&grown, need_workspace) failed: out of memory
================
[   277/   549, 50%] Running on TestParam(batch_size=8, vocab_size=488, topk=4096, sorted_value=False, sorted_index=True, return_value=True, dtype=torch.bfloat16, out_idx_dtype=torch.int64, enable_end_position=False, enable_output_idx_offset=False, input_distrib=NormalFloatDistribution(post_proc_func=<lambda>), idx_oob_fill_value=-1999512, value_oob_fill_value=-1234123412341234, seed=276, check_correctness=True, num_runs=0)
    CRASHED: RuntimeError: CUDA error: out of memory
CUDA kernel errors might be asynchronously reported at some other API call, so the stacktrace below might be incorrect.
For debugging consider passing CUDA_LAUNCH_BLOCKING=1

================
[   278/   549, 50%] Running on TestParam(batch_size=4096, vocab_size=1, topk=512, sorted_value=False, sorted_index=False, return_value=True, dtype=torch.bfloat16, out_idx_dtype=torch.int32, enable_end_position=False, enable_output_idx_offset=False, input_distrib=NormalFloatDistribution(post_proc_func=<lambda>), idx_oob_fill_value=-1999999, value_oob_fill_value=-1234123412341234, seed=277, check_correctness=True, num_runs=0)
================
[   279/   549, 51%] Running on TestParam(batch_size=4096, vocab_size=1602, topk=2048, sorted_value=False, sorted_index=False, return_value=False, dtype=torch.float32, out_idx_dtype=torch.int64, enable_end_position=False, enable_output_idx_offset=False, input_distrib=UniformUIntDistribution(lower=0x00000000, upper=0x7f800000), idx_oob_fill_value=-1998398, value_oob_fill_value=-1234123412341234, seed=278, check_correctness=True, num_runs=0)
================
[   280/   549, 51%] Running on TestParam(batch_size=83, vocab_size=998123, topk=1, sorted_value=False, sorted_index=False, return_value=True, dtype=torch.bfloat16, out_idx_dtype=torch.int64, enable_end_position=True, enable_output_idx_offset=True, input_distrib=UintDistributionWithHotspotAndSpecifiedPivot(pivot=None, topk=1, hotspots=[(32641, 8)], allow_nan=True), idx_oob_fill_value=-1001877, value_oob_fill_value=-1234123412341234, seed=279, check_correctness=True, num_runs=0)
================
[   281/   549, 51%] Running on TestParam(batch_size=6, vocab_size=32768, topk=4096, sorted_value=False, sorted_index=False, return_value=True, dtype=torch.float32, out_idx_dtype=torch.int32, enable_end_position=False, enable_output_idx_offset=False, input_distrib=NormalFloatDistribution(post_proc_func=<lambda>), idx_oob_fill_value=-1967232, value_oob_fill_value=-1234123412341234, seed=280, check_correctness=True, num_runs=0)
================
[   282/   549, 51%] Running on TestParam(batch_size=4096, vocab_size=998123, topk=4096, sorted_value=False, sorted_index=False, return_value=True, dtype=torch.float32, out_idx_dtype=torch.int32, enable_end_position=False, enable_output_idx_offset=False, input_distrib=NormalFloatDistribution(post_proc_func=<lambda>), idx_oob_fill_value=-1001877, value_oob_fill_value=-1234123412341234, seed=281, check_correctness=True, num_runs=0)
    CRASHED: RuntimeError: maca_topk.cu:2381: cudaMalloc(&grown, need_workspace) failed: out of memory
================
[   283/   549, 51%] Running on TestParam(batch_size=80, vocab_size=1, topk=1024, sorted_value=False, sorted_index=False, return_value=True, dtype=torch.bfloat16, out_idx_dtype=torch.int32, enable_end_position=False, enable_output_idx_offset=False, input_distrib=NormalFloatDistribution(), idx_oob_fill_value=-1999999, value_oob_fill_value=-1234123412341234, seed=282, check_correctness=True, num_runs=0)
    CRASHED: RuntimeError: CUDA error: out of memory
CUDA kernel errors might be asynchronously reported at some other API call, so the stacktrace below might be incorrect.
For debugging consider passing CUDA_LAUNCH_BLOCKING=1

================
[   284/   549, 52%] Running on TestParam(batch_size=4096, vocab_size=431, topk=1024, sorted_value=False, sorted_index=True, return_value=True, dtype=torch.float32, out_idx_dtype=torch.int32, enable_end_position=False, enable_output_idx_offset=False, input_distrib=NormalFloatDistribution(post_proc_func=<lambda>), idx_oob_fill_value=-1999569, value_oob_fill_value=-1234123412341234, seed=283, check_correctness=True, num_runs=0)
================
[   285/   549, 52%] Running on TestParam(batch_size=20, vocab_size=396, topk=2132, sorted_value=True, sorted_index=False, return_value=True, dtype=torch.float32, out_idx_dtype=torch.int64, enable_end_position=False, enable_output_idx_offset=False, input_distrib=UintDistributionWithHotspotAndSpecifiedPivot(pivot=None, topk=2132, hotspots=[(4286578689, 8)], allow_nan=True), idx_oob_fill_value=-1999604, value_oob_fill_value=-1234123412341234, seed=284, check_correctness=True, num_runs=0)
================
[   286/   549, 52%] Running on TestParam(batch_size=512, vocab_size=262144, topk=2132, sorted_value=False, sorted_index=True, return_value=True, dtype=torch.bfloat16, out_idx_dtype=torch.int32, enable_end_position=False, enable_output_idx_offset=False, input_distrib=NormalFloatDistribution(post_proc_func=<lambda>), idx_oob_fill_value=-1737856, value_oob_fill_value=-1234123412341234, seed=285, check_correctness=True, num_runs=0)
================
[   287/   549, 52%] Running on TestParam(batch_size=47, vocab_size=262144, topk=2132, sorted_value=False, sorted_index=False, return_value=False, dtype=torch.float32, out_idx_dtype=torch.int32, enable_end_position=False, enable_output_idx_offset=True, input_distrib=UintDistributionWithHotspotAndSpecifiedPivot(pivot=None, topk=2132, hotspots=[(4286578689, 8)], allow_nan=True), idx_oob_fill_value=-1737856, value_oob_fill_value=-1234123412341234, seed=286, check_correctness=True, num_runs=0)
================
[   288/   549, 52%] Running on TestParam(batch_size=512, vocab_size=32768, topk=1, sorted_value=True, sorted_index=False, return_value=True, dtype=torch.float32, out_idx_dtype=torch.int32, enable_end_position=True, enable_output_idx_offset=False, input_distrib=NormalFloatDistribution(), idx_oob_fill_value=-1967232, value_oob_fill_value=-1234123412341234, seed=287, check_correctness=True, num_runs=0)
================
[   289/   549, 52%] Running on TestParam(batch_size=70, vocab_size=418673, topk=1231, sorted_value=False, sorted_index=True, return_value=True, dtype=torch.bfloat16, out_idx_dtype=torch.int32, enable_end_position=True, enable_output_idx_offset=False, input_distrib=UniformUIntDistribution(lower=0x00000000, upper=0x00000001), idx_oob_fill_value=-1581327, value_oob_fill_value=-1234123412341234, seed=288, check_correctness=True, num_runs=0)
================
[   290/   549, 53%] Running on TestParam(batch_size=121, vocab_size=123245, topk=1, sorted_value=False, sorted_index=False, return_value=True, dtype=torch.bfloat16, out_idx_dtype=torch.int32, enable_end_position=True, enable_output_idx_offset=True, input_distrib=NormalFloatDistribution(), idx_oob_fill_value=-1876755, value_oob_fill_value=-1234123412341234, seed=289, check_correctness=True, num_runs=0)
================
[   291/   549, 53%] Running on TestParam(batch_size=83, vocab_size=262144, topk=158, sorted_value=False, sorted_index=False, return_value=True, dtype=torch.bfloat16, out_idx_dtype=torch.int64, enable_end_position=False, enable_output_idx_offset=True, input_distrib=NormalFloatDistribution(post_proc_func=<lambda>), idx_oob_fill_value=-1737856, value_oob_fill_value=-1234123412341234, seed=290, check_correctness=True, num_runs=0)
================
[   292/   549, 53%] Running on TestParam(batch_size=512, vocab_size=123245, topk=1231, sorted_value=False, sorted_index=False, return_value=False, dtype=torch.bfloat16, out_idx_dtype=torch.int64, enable_end_position=True, enable_output_idx_offset=False, input_distrib=UniformUIntDistribution(lower=0x00008000, upper=0x0000ff80), idx_oob_fill_value=-1876755, value_oob_fill_value=-1234123412341234, seed=291, check_correctness=True, num_runs=0)
================
[   293/   549, 53%] Running on TestParam(batch_size=6, vocab_size=682965, topk=454, sorted_value=False, sorted_index=True, return_value=True, dtype=torch.float32, out_idx_dtype=torch.int32, enable_end_position=False, enable_output_idx_offset=False, input_distrib=NormalFloatDistribution(post_proc_func=<lambda>), idx_oob_fill_value=-1317035, value_oob_fill_value=-1234123412341234, seed=292, check_correctness=True, num_runs=0)
================
[   294/   549, 53%] Running on TestParam(batch_size=4096, vocab_size=1602, topk=1231, sorted_value=False, sorted_index=True, return_value=False, dtype=torch.float32, out_idx_dtype=torch.int32, enable_end_position=True, enable_output_idx_offset=False, input_distrib=NormalFloatDistribution(post_proc_func=<lambda>), idx_oob_fill_value=-1998398, value_oob_fill_value=-1234123412341234, seed=293, check_correctness=True, num_runs=0)
================
[   295/   549, 54%] Running on TestParam(batch_size=121, vocab_size=32768, topk=4096, sorted_value=False, sorted_index=True, return_value=True, dtype=torch.float32, out_idx_dtype=torch.int32, enable_end_position=False, enable_output_idx_offset=True, input_distrib=UniformUIntDistribution(lower=0x00000000, upper=0x7f800000), idx_oob_fill_value=-1967232, value_oob_fill_value=-1234123412341234, seed=294, check_correctness=True, num_runs=0)
================
[   296/   549, 54%] Running on TestParam(batch_size=4096, vocab_size=418673, topk=1024, sorted_value=False, sorted_index=True, return_value=False, dtype=torch.float32, out_idx_dtype=torch.int64, enable_end_position=False, enable_output_idx_offset=False, input_distrib=NormalFloatDistribution(post_proc_func=<lambda>), idx_oob_fill_value=-1581327, value_oob_fill_value=-1234123412341234, seed=295, check_correctness=True, num_runs=0)
================
[   297/   549, 54%] Running on TestParam(batch_size=512, vocab_size=6, topk=4096, sorted_value=False, sorted_index=True, return_value=True, dtype=torch.bfloat16, out_idx_dtype=torch.int32, enable_end_position=False, enable_output_idx_offset=False, input_distrib=NormalFloatDistribution(post_proc_func=<lambda>), idx_oob_fill_value=-1999994, value_oob_fill_value=-1234123412341234, seed=296, check_correctness=True, num_runs=0)
================
[   298/   549, 54%] Running on TestParam(batch_size=121, vocab_size=1602, topk=4096, sorted_value=False, sorted_index=False, return_value=False, dtype=torch.bfloat16, out_idx_dtype=torch.int32, enable_end_position=False, enable_output_idx_offset=True, input_distrib=NormalFloatDistribution(post_proc_func=<lambda>), idx_oob_fill_value=-1998398, value_oob_fill_value=-1234123412341234, seed=297, check_correctness=True, num_runs=0)
================
[   299/   549, 54%] Running on TestParam(batch_size=121, vocab_size=418673, topk=1, sorted_value=False, sorted_index=True, return_value=True, dtype=torch.float32, out_idx_dtype=torch.int64, enable_end_position=True, enable_output_idx_offset=True, input_distrib=NormalFloatDistribution(post_proc_func=<lambda>), idx_oob_fill_value=-1581327, value_oob_fill_value=-1234123412341234, seed=298, check_correctness=True, num_runs=0)
================
[   300/   549, 54%] Running on TestParam(batch_size=74, vocab_size=1048576, topk=1024, sorted_value=False, sorted_index=False, return_value=False, dtype=torch.bfloat16, out_idx_dtype=torch.int32, enable_end_position=False, enable_output_idx_offset=False, input_distrib=NormalFloatDistribution(post_proc_func=<lambda>), idx_oob_fill_value=-951424, value_oob_fill_value=-1234123412341234, seed=299, check_correctness=True, num_runs=0)
================
[   301/   549, 55%] Running on TestParam(batch_size=512, vocab_size=418673, topk=1231, sorted_value=False, sorted_index=False, return_value=False, dtype=torch.float32, out_idx_dtype=torch.int32, enable_end_position=True, enable_output_idx_offset=False, input_distrib=UniformUIntDistribution(lower=0x00000000, upper=0x00000020), idx_oob_fill_value=-1581327, value_oob_fill_value=-1234123412341234, seed=300, check_correctness=True, num_runs=0)
================
[   302/   549, 55%] Running on TestParam(batch_size=121, vocab_size=998123, topk=1024, sorted_value=False, sorted_index=False, return_value=True, dtype=torch.bfloat16, out_idx_dtype=torch.int64, enable_end_position=False, enable_output_idx_offset=True, input_distrib=UniformUIntDistribution(lower=0x00000000, upper=0x00001000), idx_oob_fill_value=-1001877, value_oob_fill_value=-1234123412341234, seed=301, check_correctness=True, num_runs=0)
================
[   303/   549, 55%] Running on TestParam(batch_size=512, vocab_size=1, topk=354, sorted_value=True, sorted_index=False, return_value=True, dtype=torch.float32, out_idx_dtype=torch.int32, enable_end_position=False, enable_output_idx_offset=False, input_distrib=UniformUIntDistribution(lower=0x00000000, upper=0x00001000), idx_oob_fill_value=-1999999, value_oob_fill_value=-1234123412341234, seed=302, check_correctness=True, num_runs=0)
================
[   304/   549, 55%] Running on TestParam(batch_size=6, vocab_size=1602, topk=512, sorted_value=False, sorted_index=False, return_value=True, dtype=torch.float32, out_idx_dtype=torch.int32, enable_end_position=False, enable_output_idx_offset=False, input_distrib=UniformUIntDistribution(lower=0x00000000, upper=0x7f800000), idx_oob_fill_value=-1998398, value_oob_fill_value=-1234123412341234, seed=303, check_correctness=True, num_runs=0)
================
[   305/   549, 55%] Running on TestParam(batch_size=4096, vocab_size=262144, topk=1024, sorted_value=False, sorted_index=True, return_value=True, dtype=torch.float32, out_idx_dtype=torch.int32, enable_end_position=False, enable_output_idx_offset=False, input_distrib=UniformUIntDistribution(lower=0x00000000, upper=0x7f800000), idx_oob_fill_value=-1737856, value_oob_fill_value=-1234123412341234, seed=304, check_correctness=True, num_runs=0)
================
[   306/   549, 56%] Running on TestParam(batch_size=4096, vocab_size=1048576, topk=1231, sorted_value=False, sorted_index=True, return_value=False, dtype=torch.bfloat16, out_idx_dtype=torch.int32, enable_end_position=True, enable_output_idx_offset=False, input_distrib=UintDistributionWithHotspotAndSpecifiedPivot(pivot=None, topk=1231, hotspots=[(65409, 8)], allow_nan=True), idx_oob_fill_value=-951424, value_oob_fill_value=-1234123412341234, seed=305, check_correctness=True, num_runs=0)
    SKIPPED: out of memory
================
[   307/   549, 56%] Running on TestParam(batch_size=121, vocab_size=682965, topk=2048, sorted_value=False, sorted_index=False, return_value=False, dtype=torch.bfloat16, out_idx_dtype=torch.int64, enable_end_position=False, enable_output_idx_offset=True, input_distrib=NormalFloatDistribution(post_proc_func=<lambda>), idx_oob_fill_value=-1317035, value_oob_fill_value=-1234123412341234, seed=306, check_correctness=True, num_runs=0)
================
[   308/   549, 56%] Running on TestParam(batch_size=95, vocab_size=1602, topk=2333, sorted_value=False, sorted_index=True, return_value=False, dtype=torch.bfloat16, out_idx_dtype=torch.int32, enable_end_position=True, enable_output_idx_offset=True, input_distrib=NormalFloatDistribution(), idx_oob_fill_value=-1998398, value_oob_fill_value=-1234123412341234, seed=307, check_correctness=True, num_runs=0)
================
[   309/   549, 56%] Running on TestParam(batch_size=4096, vocab_size=682965, topk=2333, sorted_value=False, sorted_index=True, return_value=True, dtype=torch.float32, out_idx_dtype=torch.int32, enable_end_position=True, enable_output_idx_offset=False, input_distrib=UintDistributionWithHotspotAndSpecifiedPivot(pivot=None, topk=2333, hotspots=[(2139095041, 8)], allow_nan=True), idx_oob_fill_value=-1317035, value_oob_fill_value=-1234123412341234, seed=308, check_correctness=True, num_runs=0)
    SKIPPED: out of memory
================
[   310/   549, 56%] Running on TestParam(batch_size=512, vocab_size=1048576, topk=1231, sorted_value=False, sorted_index=False, return_value=False, dtype=torch.float32, out_idx_dtype=torch.int64, enable_end_position=True, enable_output_idx_offset=False, input_distrib=NormalFloatDistribution(post_proc_func=<lambda>), idx_oob_fill_value=-951424, value_oob_fill_value=-1234123412341234, seed=309, check_correctness=True, num_runs=0)
================
[   311/   549, 56%] Running on TestParam(batch_size=4096, vocab_size=1, topk=1231, sorted_value=False, sorted_index=False, return_value=True, dtype=torch.bfloat16, out_idx_dtype=torch.int32, enable_end_position=True, enable_output_idx_offset=False, input_distrib=UniformUIntDistribution(lower=0x00008000, upper=0x0000ff80), idx_oob_fill_value=-1999999, value_oob_fill_value=-1234123412341234, seed=310, check_correctness=True, num_runs=0)
================
[   312/   549, 57%] Running on TestParam(batch_size=512, vocab_size=998123, topk=2132, sorted_value=False, sorted_index=False, return_value=True, dtype=torch.float32, out_idx_dtype=torch.int32, enable_end_position=False, enable_output_idx_offset=False, input_distrib=NormalFloatDistribution(post_proc_func=<lambda>), idx_oob_fill_value=-1001877, value_oob_fill_value=-1234123412341234, seed=311, check_correctness=True, num_runs=0)
================
[   313/   549, 57%] Running on TestParam(batch_size=512, vocab_size=1048576, topk=439, sorted_value=True, sorted_index=False, return_value=True, dtype=torch.float32, out_idx_dtype=torch.int32, enable_end_position=True, enable_output_idx_offset=False, input_distrib=UniformUIntDistribution(lower=0x00000000, upper=0x00000020), idx_oob_fill_value=-951424, value_oob_fill_value=-1234123412341234, seed=312, check_correctness=True, num_runs=0)
================
[   314/   549, 57%] Running on TestParam(batch_size=83, vocab_size=1, topk=2333, sorted_value=False, sorted_index=False, return_value=True, dtype=torch.bfloat16, out_idx_dtype=torch.int64, enable_end_position=True, enable_output_idx_offset=True, input_distrib=UintDistributionWithHotspotAndSpecifiedPivot(pivot=None, topk=2333, hotspots=[(65409, 1)], allow_nan=True), idx_oob_fill_value=-1999999, value_oob_fill_value=-1234123412341234, seed=313, check_correctness=True, num_runs=0)
================
[   315/   549, 57%] Running on TestParam(batch_size=512, vocab_size=8388607, topk=512, sorted_value=False, sorted_index=False, return_value=False, dtype=torch.float32, out_idx_dtype=torch.int32, enable_end_position=False, enable_output_idx_offset=False, input_distrib=UniformUIntDistribution(lower=0x00000000, upper=0x00000020), idx_oob_fill_value=6388607, value_oob_fill_value=-1234123412341234, seed=314, check_correctness=True, num_runs=0)
    SKIPPED: out of memory
================
[   316/   549, 57%] Running on TestParam(batch_size=8, vocab_size=262144, topk=257, sorted_value=False, sorted_index=False, return_value=True, dtype=torch.bfloat16, out_idx_dtype=torch.int64, enable_end_position=True, enable_output_idx_offset=False, input_distrib=UniformUIntDistribution(lower=0x00000000, upper=0x00000020), idx_oob_fill_value=-1737856, value_oob_fill_value=-1234123412341234, seed=315, check_correctness=True, num_runs=0)
================
[   317/   549, 58%] Running on TestParam(batch_size=121, vocab_size=225467, topk=4096, sorted_value=False, sorted_index=False, return_value=False, dtype=torch.float32, out_idx_dtype=torch.int64, enable_end_position=False, enable_output_idx_offset=True, input_distrib=NormalFloatDistribution(), idx_oob_fill_value=-1774533, value_oob_fill_value=-1234123412341234, seed=316, check_correctness=True, num_runs=0)
================
[   318/   549, 58%] Running on TestParam(batch_size=121, vocab_size=123245, topk=2132, sorted_value=False, sorted_index=False, return_value=False, dtype=torch.float32, out_idx_dtype=torch.int32, enable_end_position=False, enable_output_idx_offset=True, input_distrib=NormalFloatDistribution(post_proc_func=<lambda>), idx_oob_fill_value=-1876755, value_oob_fill_value=-1234123412341234, seed=317, check_correctness=True, num_runs=0)
================
[   319/   549, 58%] Running on TestParam(batch_size=24, vocab_size=682965, topk=2048, sorted_value=False, sorted_index=False, return_value=True, dtype=torch.float32, out_idx_dtype=torch.int32, enable_end_position=False, enable_output_idx_offset=False, input_distrib=UniformUIntDistribution(lower=0x00000000, upper=0x00000020), idx_oob_fill_value=-1317035, value_oob_fill_value=-1234123412341234, seed=318, check_correctness=True, num_runs=0)
================
[   320/   549, 58%] Running on TestParam(batch_size=512, vocab_size=8388607, topk=1024, sorted_value=False, sorted_index=True, return_value=True, dtype=torch.float32, out_idx_dtype=torch.int32, enable_end_position=False, enable_output_idx_offset=False, input_distrib=NormalFloatDistribution(post_proc_func=<lambda>), idx_oob_fill_value=6388607, value_oob_fill_value=-1234123412341234, seed=319, check_correctness=True, num_runs=0)
    SKIPPED: out of memory
================
[   321/   549, 58%] Running on TestParam(batch_size=121, vocab_size=8388607, topk=1024, sorted_value=False, sorted_index=True, return_value=False, dtype=torch.bfloat16, out_idx_dtype=torch.int32, enable_end_position=False, enable_output_idx_offset=True, input_distrib=UniformUIntDistribution(lower=0x00000000, upper=0x00000020), idx_oob_fill_value=6388607, value_oob_fill_value=-1234123412341234, seed=320, check_correctness=True, num_runs=0)
================
[   322/   549, 58%] Running on TestParam(batch_size=4096, vocab_size=1, topk=512, sorted_value=True, sorted_index=False, return_value=True, dtype=torch.float32, out_idx_dtype=torch.int32, enable_end_position=False, enable_output_idx_offset=False, input_distrib=NormalFloatDistribution(post_proc_func=<lambda>), idx_oob_fill_value=-1999999, value_oob_fill_value=-1234123412341234, seed=321, check_correctness=True, num_runs=0)
================
[   323/   549, 59%] Running on TestParam(batch_size=121, vocab_size=1048576, topk=2333, sorted_value=False, sorted_index=False, return_value=True, dtype=torch.float32, out_idx_dtype=torch.int64, enable_end_position=True, enable_output_idx_offset=True, input_distrib=UniformUIntDistribution(lower=0x00000000, upper=0x00000020), idx_oob_fill_value=-951424, value_oob_fill_value=-1234123412341234, seed=322, check_correctness=True, num_runs=0)
================
[   324/   549, 59%] Running on TestParam(batch_size=4096, vocab_size=998123, topk=1024, sorted_value=True, sorted_index=False, return_value=True, dtype=torch.float32, out_idx_dtype=torch.int64, enable_end_position=False, enable_output_idx_offset=False, input_distrib=NormalFloatDistribution(post_proc_func=<lambda>), idx_oob_fill_value=-1001877, value_oob_fill_value=-1234123412341234, seed=323, check_correctness=True, num_runs=0)
================
[   325/   549, 59%] Running on TestParam(batch_size=80, vocab_size=1048576, topk=4096, sorted_value=False, sorted_index=False, return_value=True, dtype=torch.bfloat16, out_idx_dtype=torch.int32, enable_end_position=False, enable_output_idx_offset=False, input_distrib=UniformUIntDistribution(lower=0x00000000, upper=0x00000001), idx_oob_fill_value=-951424, value_oob_fill_value=-1234123412341234, seed=324, check_correctness=True, num_runs=0)
================
[   326/   549, 59%] Running on TestParam(batch_size=121, vocab_size=8388607, topk=4096, sorted_value=False, sorted_index=True, return_value=True, dtype=torch.bfloat16, out_idx_dtype=torch.int32, enable_end_position=False, enable_output_idx_offset=True, input_distrib=UintDistributionWithHotspotAndSpecifiedPivot(pivot=None, topk=4096, hotspots=[(65409, 8)], allow_nan=True), idx_oob_fill_value=6388607, value_oob_fill_value=-1234123412341234, seed=325, check_correctness=True, num_runs=0)
================
[   327/   549, 59%] Running on TestParam(batch_size=121, vocab_size=32768, topk=512, sorted_value=False, sorted_index=False, return_value=True, dtype=torch.float32, out_idx_dtype=torch.int64, enable_end_position=False, enable_output_idx_offset=True, input_distrib=NormalFloatDistribution(post_proc_func=<lambda>), idx_oob_fill_value=-1967232, value_oob_fill_value=-1234123412341234, seed=326, check_correctness=True, num_runs=0)
================
[   328/   549, 60%] Running on TestParam(batch_size=20, vocab_size=8388607, topk=131, sorted_value=False, sorted_index=False, return_value=False, dtype=torch.float32, out_idx_dtype=torch.int32, enable_end_position=True, enable_output_idx_offset=False, input_distrib=NormalFloatDistribution(post_proc_func=<lambda>), idx_oob_fill_value=6388607, value_oob_fill_value=-1234123412341234, seed=327, check_correctness=True, num_runs=0)
================
[   329/   549, 60%] Running on TestParam(batch_size=512, vocab_size=225467, topk=512, sorted_value=False, sorted_index=True, return_value=False, dtype=torch.bfloat16, out_idx_dtype=torch.int64, enable_end_position=False, enable_output_idx_offset=False, input_distrib=UintDistributionWithHotspotAndSpecifiedPivot(pivot=None, topk=512, hotspots=[(65409, 8)], allow_nan=True), idx_oob_fill_value=-1774533, value_oob_fill_value=-1234123412341234, seed=328, check_correctness=True, num_runs=0)
================
[   330/   549, 60%] Running on TestParam(batch_size=121, vocab_size=262144, topk=1231, sorted_value=False, sorted_index=True, return_value=False, dtype=torch.float32, out_idx_dtype=torch.int64, enable_end_position=True, enable_output_idx_offset=True, input_distrib=UniformUIntDistribution(lower=0x00000000, upper=0x00001000), idx_oob_fill_value=-1737856, value_oob_fill_value=-1234123412341234, seed=329, check_correctness=True, num_runs=0)
================
[   331/   549, 60%] Running on TestParam(batch_size=121, vocab_size=418673, topk=2132, sorted_value=False, sorted_index=True, return_value=True, dtype=torch.bfloat16, out_idx_dtype=torch.int32, enable_end_position=False, enable_output_idx_offset=True, input_distrib=UintDistributionWithHotspotAndSpecifiedPivot(pivot=None, topk=2132, hotspots=[(32641, 8)], allow_nan=True), idx_oob_fill_value=-1581327, value_oob_fill_value=-1234123412341234, seed=330, check_correctness=True, num_runs=0)
================
[   332/   549, 60%] Running on TestParam(batch_size=72, vocab_size=388, topk=2132, sorted_value=False, sorted_index=False, return_value=True, dtype=torch.float32, out_idx_dtype=torch.int64, enable_end_position=False, enable_output_idx_offset=False, input_distrib=UniformUIntDistribution(lower=0x00000000, upper=0x00000020), idx_oob_fill_value=-1999612, value_oob_fill_value=-1234123412341234, seed=331, check_correctness=True, num_runs=0)
================
[   333/   549, 60%] Running on TestParam(batch_size=4096, vocab_size=32768, topk=1231, sorted_value=False, sorted_index=False, return_value=False, dtype=torch.bfloat16, out_idx_dtype=torch.int32, enable_end_position=True, enable_output_idx_offset=False, input_distrib=UniformUIntDistribution(lower=0x00000000, upper=0x00000001), idx_oob_fill_value=-1967232, value_oob_fill_value=-1234123412341234, seed=332, check_correctness=True, num_runs=0)
================
[   334/   549, 61%] Running on TestParam(batch_size=48, vocab_size=1602, topk=1024, sorted_value=False, sorted_index=True, return_value=False, dtype=torch.float32, out_idx_dtype=torch.int32, enable_end_position=False, enable_output_idx_offset=False, input_distrib=NormalFloatDistribution(post_proc_func=<lambda>), idx_oob_fill_value=-1998398, value_oob_fill_value=-1234123412341234, seed=333, check_correctness=True, num_runs=0)
================
[   335/   549, 61%] Running on TestParam(batch_size=72, vocab_size=225467, topk=512, sorted_value=False, sorted_index=False, return_value=True, dtype=torch.float32, out_idx_dtype=torch.int64, enable_end_position=False, enable_output_idx_offset=False, input_distrib=NormalFloatDistribution(post_proc_func=<lambda>), idx_oob_fill_value=-1774533, value_oob_fill_value=-1234123412341234, seed=334, check_correctness=True, num_runs=0)
================
[   336/   549, 61%] Running on TestParam(batch_size=4096, vocab_size=1, topk=1, sorted_value=False, sorted_index=True, return_value=True, dtype=torch.float32, out_idx_dtype=torch.int32, enable_end_position=True, enable_output_idx_offset=False, input_distrib=UintDistributionWithHotspotAndSpecifiedPivot(pivot=None, topk=1, hotspots=[(2139095041, 1)], allow_nan=True), idx_oob_fill_value=-1999999, value_oob_fill_value=-1234123412341234, seed=335, check_correctness=True, num_runs=0)
================
[   337/   549, 61%] Running on TestParam(batch_size=4096, vocab_size=998123, topk=2333, sorted_value=True, sorted_index=False, return_value=True, dtype=torch.float32, out_idx_dtype=torch.int32, enable_end_position=True, enable_output_idx_offset=False, input_distrib=UniformUIntDistribution(lower=0x80000000, upper=0xff800000), idx_oob_fill_value=-1001877, value_oob_fill_value=-1234123412341234, seed=336, check_correctness=True, num_runs=0)
    SKIPPED: out of memory
================
[   338/   549, 61%] Running on TestParam(batch_size=95, vocab_size=377, topk=512, sorted_value=False, sorted_index=True, return_value=False, dtype=torch.bfloat16, out_idx_dtype=torch.int32, enable_end_position=False, enable_output_idx_offset=True, input_distrib=UniformUIntDistribution(lower=0x00000000, upper=0x00001000), idx_oob_fill_value=-1999623, value_oob_fill_value=-1234123412341234, seed=337, check_correctness=True, num_runs=0)
================
[   339/   549, 62%] Running on TestParam(batch_size=512, vocab_size=998123, topk=1231, sorted_value=False, sorted_index=False, return_value=True, dtype=torch.bfloat16, out_idx_dtype=torch.int64, enable_end_position=True, enable_output_idx_offset=False, input_distrib=NormalFloatDistribution(post_proc_func=<lambda>), idx_oob_fill_value=-1001877, value_oob_fill_value=-1234123412341234, seed=338, check_correctness=True, num_runs=0)
================
[   340/   549, 62%] Running on TestParam(batch_size=121, vocab_size=998123, topk=2048, sorted_value=False, sorted_index=True, return_value=True, dtype=torch.float32, out_idx_dtype=torch.int32, enable_end_position=False, enable_output_idx_offset=True, input_distrib=NormalFloatDistribution(post_proc_func=<lambda>), idx_oob_fill_value=-1001877, value_oob_fill_value=-1234123412341234, seed=339, check_correctness=True, num_runs=0)
================
[   341/   549, 62%] Running on TestParam(batch_size=4096, vocab_size=418673, topk=1024, sorted_value=False, sorted_index=True, return_value=True, dtype=torch.bfloat16, out_idx_dtype=torch.int64, enable_end_position=False, enable_output_idx_offset=False, input_distrib=NormalFloatDistribution(post_proc_func=<lambda>), idx_oob_fill_value=-1581327, value_oob_fill_value=-1234123412341234, seed=340, check_correctness=True, num_runs=0)
================
[   342/   549, 62%] Running on TestParam(batch_size=73, vocab_size=418673, topk=1, sorted_value=False, sorted_index=True, return_value=True, dtype=torch.float32, out_idx_dtype=torch.int64, enable_end_position=True, enable_output_idx_offset=True, input_distrib=NormalFloatDistribution(post_proc_func=<lambda>), idx_oob_fill_value=-1581327, value_oob_fill_value=-1234123412341234, seed=341, check_correctness=True, num_runs=0)
================
[   343/   549, 62%] Running on TestParam(batch_size=91, vocab_size=1, topk=56, sorted_value=False, sorted_index=True, return_value=False, dtype=torch.float32, out_idx_dtype=torch.int64, enable_end_position=False, enable_output_idx_offset=True, input_distrib=UniformUIntDistribution(lower=0x00000000, upper=0x7f800000), idx_oob_fill_value=-1999999, value_oob_fill_value=-1234123412341234, seed=342, check_correctness=True, num_runs=0)
================
[   344/   549, 62%] Running on TestParam(batch_size=47, vocab_size=225467, topk=512, sorted_value=False, sorted_index=False, return_value=False, dtype=torch.float32, out_idx_dtype=torch.int32, enable_end_position=False, enable_output_idx_offset=True, input_distrib=UniformUIntDistribution(lower=0x00000000, upper=0x7f800000), idx_oob_fill_value=-1774533, value_oob_fill_value=-1234123412341234, seed=343, check_correctness=True, num_runs=0)
================
[   345/   549, 63%] Running on TestParam(batch_size=70, vocab_size=123245, topk=1024, sorted_value=False, sorted_index=True, return_value=True, dtype=torch.float32, out_idx_dtype=torch.int32, enable_end_position=False, enable_output_idx_offset=False, input_distrib=UniformUIntDistribution(lower=0x00000000, upper=0x00000001), idx_oob_fill_value=-1876755, value_oob_fill_value=-1234123412341234, seed=344, check_correctness=True, num_runs=0)
================
[   346/   549, 63%] Running on TestParam(batch_size=4096, vocab_size=32, topk=2333, sorted_value=False, sorted_index=False, return_value=False, dtype=torch.float32, out_idx_dtype=torch.int64, enable_end_position=True, enable_output_idx_offset=False, input_distrib=UniformUIntDistribution(lower=0x80000000, upper=0xff800000), idx_oob_fill_value=-1999968, value_oob_fill_value=-1234123412341234, seed=345, check_correctness=True, num_runs=0)
================
[   347/   549, 63%] Running on TestParam(batch_size=4096, vocab_size=1, topk=2048, sorted_value=False, sorted_index=False, return_value=False, dtype=torch.bfloat16, out_idx_dtype=torch.int32, enable_end_position=False, enable_output_idx_offset=False, input_distrib=NormalFloatDistribution(post_proc_func=<lambda>), idx_oob_fill_value=-1999999, value_oob_fill_value=-1234123412341234, seed=346, check_correctness=True, num_runs=0)
================
[   348/   549, 63%] Running on TestParam(batch_size=6, vocab_size=262144, topk=2048, sorted_value=False, sorted_index=False, return_value=True, dtype=torch.float32, out_idx_dtype=torch.int32, enable_end_position=False, enable_output_idx_offset=False, input_distrib=UniformUIntDistribution(lower=0x00000000, upper=0x7f800000), idx_oob_fill_value=-1737856, value_oob_fill_value=-1234123412341234, seed=347, check_correctness=True, num_runs=0)
================
[   349/   549, 63%] Running on TestParam(batch_size=4096, vocab_size=1, topk=2132, sorted_value=False, sorted_index=False, return_value=False, dtype=torch.bfloat16, out_idx_dtype=torch.int32, enable_end_position=False, enable_output_idx_offset=False, input_distrib=NormalFloatDistribution(post_proc_func=<lambda>), idx_oob_fill_value=-1999999, value_oob_fill_value=-1234123412341234, seed=348, check_correctness=True, num_runs=0)
================
[   350/   549, 64%] Running on TestParam(batch_size=6, vocab_size=1, topk=2132, sorted_value=False, sorted_index=False, return_value=True, dtype=torch.float32, out_idx_dtype=torch.int32, enable_end_position=False, enable_output_idx_offset=False, input_distrib=UniformUIntDistribution(lower=0x00000000, upper=0x00000020), idx_oob_fill_value=-1999999, value_oob_fill_value=-1234123412341234, seed=349, check_correctness=True, num_runs=0)
================
[   351/   549, 64%] Running on TestParam(batch_size=121, vocab_size=998123, topk=1, sorted_value=False, sorted_index=True, return_value=False, dtype=torch.float32, out_idx_dtype=torch.int32, enable_end_position=True, enable_output_idx_offset=True, input_distrib=NormalFloatDistribution(post_proc_func=<lambda>), idx_oob_fill_value=-1001877, value_oob_fill_value=-1234123412341234, seed=350, check_correctness=True, num_runs=0)
================
[   352/   549, 64%] Running on TestParam(batch_size=91, vocab_size=476, topk=4096, sorted_value=False, sorted_index=True, return_value=False, dtype=torch.float32, out_idx_dtype=torch.int64, enable_end_position=False, enable_output_idx_offset=True, input_distrib=NormalFloatDistribution(post_proc_func=<lambda>), idx_oob_fill_value=-1999524, value_oob_fill_value=-1234123412341234, seed=351, check_correctness=True, num_runs=0)
================
[   353/   549, 64%] Running on TestParam(batch_size=121, vocab_size=32768, topk=1231, sorted_value=False, sorted_index=False, return_value=False, dtype=torch.bfloat16, out_idx_dtype=torch.int32, enable_end_position=True, enable_output_idx_offset=True, input_distrib=UniformUIntDistribution(lower=0x00008000, upper=0x0000ff80), idx_oob_fill_value=-1967232, value_oob_fill_value=-1234123412341234, seed=352, check_correctness=True, num_runs=0)
================
[   354/   549, 64%] Running on TestParam(batch_size=512, vocab_size=1, topk=2132, sorted_value=False, sorted_index=True, return_value=False, dtype=torch.float32, out_idx_dtype=torch.int32, enable_end_position=False, enable_output_idx_offset=False, input_distrib=NormalFloatDistribution(post_proc_func=<lambda>), idx_oob_fill_value=-1999999, value_oob_fill_value=-1234123412341234, seed=353, check_correctness=True, num_runs=0)
================
[   355/   549, 64%] Running on TestParam(batch_size=14, vocab_size=32768, topk=2132, sorted_value=False, sorted_index=True, return_value=True, dtype=torch.bfloat16, out_idx_dtype=torch.int64, enable_end_position=False, enable_output_idx_offset=False, input_distrib=UintDistributionWithHotspotAndSpecifiedPivot(pivot=None, topk=2132, hotspots=[(32641, 8)], allow_nan=True), idx_oob_fill_value=-1967232, value_oob_fill_value=-1234123412341234, seed=354, check_correctness=True, num_runs=0)
================
[   356/   549, 65%] Running on TestParam(batch_size=512, vocab_size=682965, topk=2333, sorted_value=False, sorted_index=False, return_value=True, dtype=torch.float32, out_idx_dtype=torch.int64, enable_end_position=True, enable_output_idx_offset=False, input_distrib=UniformUIntDistribution(lower=0x00000000, upper=0x00000001), idx_oob_fill_value=-1317035, value_oob_fill_value=-1234123412341234, seed=355, check_correctness=True, num_runs=0)
================
[   357/   549, 65%] Running on TestParam(batch_size=83, vocab_size=418673, topk=1231, sorted_value=False, sorted_index=False, return_value=True, dtype=torch.bfloat16, out_idx_dtype=torch.int64, enable_end_position=True, enable_output_idx_offset=True, input_distrib=NormalFloatDistribution(post_proc_func=<lambda>), idx_oob_fill_value=-1581327, value_oob_fill_value=-1234123412341234, seed=356, check_correctness=True, num_runs=0)
================
[   358/   549, 65%] Running on TestParam(batch_size=74, vocab_size=8388607, topk=2048, sorted_value=False, sorted_index=False, return_value=False, dtype=torch.bfloat16, out_idx_dtype=torch.int32, enable_end_position=False, enable_output_idx_offset=False, input_distrib=UintDistributionWithHotspotAndSpecifiedPivot(pivot=None, topk=2048, hotspots=[(65409, 8)], allow_nan=True), idx_oob_fill_value=6388607, value_oob_fill_value=-1234123412341234, seed=357, check_correctness=True, num_runs=0)
================
[   359/   549, 65%] Running on TestParam(batch_size=95, vocab_size=1048576, topk=4096, sorted_value=False, sorted_index=True, return_value=False, dtype=torch.bfloat16, out_idx_dtype=torch.int32, enable_end_position=False, enable_output_idx_offset=True, input_distrib=UniformUIntDistribution(lower=0x00000000, upper=0x00000020), idx_oob_fill_value=-951424, value_oob_fill_value=-1234123412341234, seed=358, check_correctness=True, num_runs=0)
================
[   360/   549, 65%] Running on TestParam(batch_size=121, vocab_size=32768, topk=2048, sorted_value=False, sorted_index=True, return_value=False, dtype=torch.bfloat16, out_idx_dtype=torch.int32, enable_end_position=False, enable_output_idx_offset=True, input_distrib=UintDistributionWithHotspotAndSpecifiedPivot(pivot=None, topk=2048, hotspots=[(65409, 8)], allow_nan=True), idx_oob_fill_value=-1967232, value_oob_fill_value=-1234123412341234, seed=359, check_correctness=True, num_runs=0)
================
[   361/   549, 66%] Running on TestParam(batch_size=83, vocab_size=440, topk=2048, sorted_value=False, sorted_index=False, return_value=True, dtype=torch.bfloat16, out_idx_dtype=torch.int64, enable_end_position=False, enable_output_idx_offset=True, input_distrib=UniformUIntDistribution(lower=0x00000000, upper=0x00000020), idx_oob_fill_value=-1999560, value_oob_fill_value=-1234123412341234, seed=360, check_correctness=True, num_runs=0)
================
[   362/   549, 66%] Running on TestParam(batch_size=4096, vocab_size=32768, topk=512, sorted_value=False, sorted_index=False, return_value=True, dtype=torch.bfloat16, out_idx_dtype=torch.int64, enable_end_position=False, enable_output_idx_offset=False, input_distrib=UniformUIntDistribution(lower=0x00000000, upper=0x00000020), idx_oob_fill_value=-1967232, value_oob_fill_value=-1234123412341234, seed=361, check_correctness=True, num_runs=0)
================
[   363/   549, 66%] Running on TestParam(batch_size=4096, vocab_size=1, topk=2132, sorted_value=True, sorted_index=False, return_value=True, dtype=torch.float32, out_idx_dtype=torch.int32, enable_end_position=False, enable_output_idx_offset=False, input_distrib=NormalFloatDistribution(post_proc_func=<lambda>), idx_oob_fill_value=-1999999, value_oob_fill_value=-1234123412341234, seed=362, check_correctness=True, num_runs=0)
================
[   364/   549, 66%] Running on TestParam(batch_size=6, vocab_size=123245, topk=1231, sorted_value=False, sorted_index=False, return_value=True, dtype=torch.float32, out_idx_dtype=torch.int32, enable_end_position=True, enable_output_idx_offset=False, input_distrib=UniformUIntDistribution(lower=0x00000000, upper=0x00000001), idx_oob_fill_value=-1876755, value_oob_fill_value=-1234123412341234, seed=363, check_correctness=True, num_runs=0)
================
[   365/   549, 66%] Running on TestParam(batch_size=512, vocab_size=1, topk=512, sorted_value=False, sorted_index=False, return_value=False, dtype=torch.float32, out_idx_dtype=torch.int32, enable_end_position=False, enable_output_idx_offset=False, input_distrib=UintDistributionWithHotspotAndSpecifiedPivot(pivot=None, topk=512, hotspots=[(2139095041, 1)], allow_nan=True), idx_oob_fill_value=-1999999, value_oob_fill_value=-1234123412341234, seed=364, check_correctness=True, num_runs=0)
================
[   366/   549, 66%] Running on TestParam(batch_size=4096, vocab_size=295, topk=1231, sorted_value=False, sorted_index=False, return_value=True, dtype=torch.bfloat16, out_idx_dtype=torch.int32, enable_end_position=True, enable_output_idx_offset=False, input_distrib=UniformUIntDistribution(lower=0x00000000, upper=0x00000001), idx_oob_fill_value=-1999705, value_oob_fill_value=-1234123412341234, seed=365, check_correctness=True, num_runs=0)
================
[   367/   549, 67%] Running on TestParam(batch_size=512, vocab_size=31, topk=2333, sorted_value=False, sorted_index=True, return_value=True, dtype=torch.float32, out_idx_dtype=torch.int32, enable_end_position=True, enable_output_idx_offset=False, input_distrib=NormalFloatDistribution(post_proc_func=<lambda>), idx_oob_fill_value=-1999969, value_oob_fill_value=-1234123412341234, seed=366, check_correctness=True, num_runs=0)
================
[   368/   549, 67%] Running on TestParam(batch_size=4096, vocab_size=418673, topk=2048, sorted_value=False, sorted_index=False, return_value=True, dtype=torch.bfloat16, out_idx_dtype=torch.int64, enable_end_position=False, enable_output_idx_offset=False, input_distrib=NormalFloatDistribution(post_proc_func=<lambda>), idx_oob_fill_value=-1581327, value_oob_fill_value=-1234123412341234, seed=367, check_correctness=True, num_runs=0)
================
[   369/   549, 67%] Running on TestParam(batch_size=4, vocab_size=1, topk=2132, sorted_value=False, sorted_index=True, return_value=True, dtype=torch.bfloat16, out_idx_dtype=torch.int32, enable_end_position=False, enable_output_idx_offset=False, input_distrib=UintDistributionWithHotspotAndSpecifiedPivot(pivot=None, topk=2132, hotspots=[(65409, 1)], allow_nan=True), idx_oob_fill_value=-1999999, value_oob_fill_value=-1234123412341234, seed=368, check_correctness=True, num_runs=0)
================
[   370/   549, 67%] Running on TestParam(batch_size=512, vocab_size=1602, topk=2048, sorted_value=False, sorted_index=False, return_value=True, dtype=torch.bfloat16, out_idx_dtype=torch.int32, enable_end_position=False, enable_output_idx_offset=False, input_distrib=NormalFloatDistribution(), idx_oob_fill_value=-1998398, value_oob_fill_value=-1234123412341234, seed=369, check_correctness=True, num_runs=0)
================
[   371/   549, 67%] Running on TestParam(batch_size=121, vocab_size=225467, topk=1, sorted_value=False, sorted_index=False, return_value=True, dtype=torch.bfloat16, out_idx_dtype=torch.int32, enable_end_position=True, enable_output_idx_offset=True, input_distrib=NormalFloatDistribution(post_proc_func=<lambda>), idx_oob_fill_value=-1774533, value_oob_fill_value=-1234123412341234, seed=370, check_correctness=True, num_runs=0)
================
[   372/   549, 68%] Running on TestParam(batch_size=70, vocab_size=45, topk=512, sorted_value=False, sorted_index=True, return_value=True, dtype=torch.bfloat16, out_idx_dtype=torch.int32, enable_end_position=False, enable_output_idx_offset=False, input_distrib=UintDistributionWithHotspotAndSpecifiedPivot(pivot=None, topk=512, hotspots=[(65409, 8)], allow_nan=True), idx_oob_fill_value=-1999955, value_oob_fill_value=-1234123412341234, seed=371, check_correctness=True, num_runs=0)
================
[   373/   549, 68%] Running on TestParam(batch_size=4096, vocab_size=1602, topk=2333, sorted_value=False, sorted_index=False, return_value=True, dtype=torch.float32, out_idx_dtype=torch.int64, enable_end_position=True, enable_output_idx_offset=False, input_distrib=UniformUIntDistribution(lower=0x00000000, upper=0x00000020), idx_oob_fill_value=-1998398, value_oob_fill_value=-1234123412341234, seed=372, check_correctness=True, num_runs=0)
================
[   374/   549, 68%] Running on TestParam(batch_size=512, vocab_size=8388607, topk=1024, sorted_value=False, sorted_index=True, return_value=False, dtype=torch.float32, out_idx_dtype=torch.int32, enable_end_position=False, enable_output_idx_offset=False, input_distrib=UintDistributionWithHotspotAndSpecifiedPivot(pivot=None, topk=1024, hotspots=[(4286578689, 8)], allow_nan=True), idx_oob_fill_value=6388607, value_oob_fill_value=-1234123412341234, seed=373, check_correctness=True, num_runs=0)
    SKIPPED: out of memory
================
[   375/   549, 68%] Running on TestParam(batch_size=512, vocab_size=56, topk=334, sorted_value=False, sorted_index=True, return_value=False, dtype=torch.float32, out_idx_dtype=torch.int64, enable_end_position=False, enable_output_idx_offset=False, input_distrib=UniformUIntDistribution(lower=0x00000000, upper=0x00001000), idx_oob_fill_value=-1999944, value_oob_fill_value=-1234123412341234, seed=374, check_correctness=True, num_runs=0)
================
[   376/   549, 68%] Running on TestParam(batch_size=121, vocab_size=1602, topk=1, sorted_value=False, sorted_index=True, return_value=False, dtype=torch.bfloat16, out_idx_dtype=torch.int64, enable_end_position=True, enable_output_idx_offset=True, input_distrib=NormalFloatDistribution(), idx_oob_fill_value=-1998398, value_oob_fill_value=-1234123412341234, seed=375, check_correctness=True, num_runs=0)
================
[   377/   549, 68%] Running on TestParam(batch_size=512, vocab_size=8388607, topk=488, sorted_value=False, sorted_index=False, return_value=True, dtype=torch.bfloat16, out_idx_dtype=torch.int64, enable_end_position=False, enable_output_idx_offset=False, input_distrib=NormalFloatDistribution(), idx_oob_fill_value=6388607, value_oob_fill_value=-1234123412341234, seed=376, check_correctness=True, num_runs=0)
================
[   378/   549, 69%] Running on TestParam(batch_size=95, vocab_size=418673, topk=335, sorted_value=True, sorted_index=False, return_value=True, dtype=torch.float32, out_idx_dtype=torch.int32, enable_end_position=True, enable_output_idx_offset=True, input_distrib=UniformUIntDistribution(lower=0x00000000, upper=0x00001000), idx_oob_fill_value=-1581327, value_oob_fill_value=-1234123412341234, seed=377, check_correctness=True, num_runs=0)
================
[   379/   549, 69%] Running on TestParam(batch_size=121, vocab_size=1, topk=1231, sorted_value=False, sorted_index=True, return_value=True, dtype=torch.float32, out_idx_dtype=torch.int64, enable_end_position=True, enable_output_idx_offset=True, input_distrib=UniformUIntDistribution(lower=0x00000000, upper=0x00001000), idx_oob_fill_value=-1999999, value_oob_fill_value=-1234123412341234, seed=378, check_correctness=True, num_runs=0)
================
[   380/   549, 69%] Running on TestParam(batch_size=512, vocab_size=8388607, topk=1024, sorted_value=False, sorted_index=True, return_value=True, dtype=torch.float32, out_idx_dtype=torch.int64, enable_end_position=False, enable_output_idx_offset=False, input_distrib=UintDistributionWithHotspotAndSpecifiedPivot(pivot=None, topk=1024, hotspots=[(4286578689, 8)], allow_nan=True), idx_oob_fill_value=6388607, value_oob_fill_value=-1234123412341234, seed=379, check_correctness=True, num_runs=0)
    SKIPPED: out of memory
================
[   381/   549, 69%] Running on TestParam(batch_size=4096, vocab_size=123245, topk=1231, sorted_value=False, sorted_index=False, return_value=False, dtype=torch.float32, out_idx_dtype=torch.int64, enable_end_position=True, enable_output_idx_offset=False, input_distrib=UniformUIntDistribution(lower=0x00000000, upper=0x00001000), idx_oob_fill_value=-1876755, value_oob_fill_value=-1234123412341234, seed=380, check_correctness=True, num_runs=0)
================
[   382/   549, 69%] Running on TestParam(batch_size=121, vocab_size=1048576, topk=1024, sorted_value=False, sorted_index=False, return_value=False, dtype=torch.float32, out_idx_dtype=torch.int32, enable_end_position=False, enable_output_idx_offset=True, input_distrib=NormalFloatDistribution(), idx_oob_fill_value=-951424, value_oob_fill_value=-1234123412341234, seed=381, check_correctness=True, num_runs=0)
================
[   383/   549, 70%] Running on TestParam(batch_size=121, vocab_size=1048576, topk=2333, sorted_value=False, sorted_index=True, return_value=True, dtype=torch.float32, out_idx_dtype=torch.int64, enable_end_position=True, enable_output_idx_offset=True, input_distrib=UniformUIntDistribution(lower=0x00000000, upper=0x00000020), idx_oob_fill_value=-951424, value_oob_fill_value=-1234123412341234, seed=382, check_correctness=True, num_runs=0)
================
[   384/   549, 70%] Running on TestParam(batch_size=14, vocab_size=998123, topk=2132, sorted_value=False, sorted_index=False, return_value=True, dtype=torch.float32, out_idx_dtype=torch.int64, enable_end_position=False, enable_output_idx_offset=False, input_distrib=UniformUIntDistribution(lower=0x00000000, upper=0x00001000), idx_oob_fill_value=-1001877, value_oob_fill_value=-1234123412341234, seed=383, check_correctness=True, num_runs=0)
================
[   385/   549, 70%] Running on TestParam(batch_size=121, vocab_size=1602, topk=2048, sorted_value=False, sorted_index=True, return_value=False, dtype=torch.bfloat16, out_idx_dtype=torch.int64, enable_end_position=False, enable_output_idx_offset=True, input_distrib=UintDistributionWithHotspotAndSpecifiedPivot(pivot=None, topk=2048, hotspots=[(65409, 8)], allow_nan=True), idx_oob_fill_value=-1998398, value_oob_fill_value=-1234123412341234, seed=384, check_correctness=True, num_runs=0)
================
[   386/   549, 70%] Running on TestParam(batch_size=512, vocab_size=1602, topk=1231, sorted_value=False, sorted_index=True, return_value=False, dtype=torch.bfloat16, out_idx_dtype=torch.int32, enable_end_position=True, enable_output_idx_offset=False, input_distrib=NormalFloatDistribution(post_proc_func=<lambda>), idx_oob_fill_value=-1998398, value_oob_fill_value=-1234123412341234, seed=385, check_correctness=True, num_runs=0)
================
[   387/   549, 70%] Running on TestParam(batch_size=121, vocab_size=418673, topk=2048, sorted_value=False, sorted_index=False, return_value=False, dtype=torch.bfloat16, out_idx_dtype=torch.int64, enable_end_position=False, enable_output_idx_offset=True, input_distrib=NormalFloatDistribution(post_proc_func=<lambda>), idx_oob_fill_value=-1581327, value_oob_fill_value=-1234123412341234, seed=386, check_correctness=True, num_runs=0)
================
[   388/   549, 70%] Running on TestParam(batch_size=67, vocab_size=123245, topk=1231, sorted_value=False, sorted_index=True, return_value=False, dtype=torch.bfloat16, out_idx_dtype=torch.int64, enable_end_position=True, enable_output_idx_offset=True, input_distrib=NormalFloatDistribution(post_proc_func=<lambda>), idx_oob_fill_value=-1876755, value_oob_fill_value=-1234123412341234, seed=387, check_correctness=True, num_runs=0)
================
[   389/   549, 71%] Running on TestParam(batch_size=4096, vocab_size=1, topk=2132, sorted_value=False, sorted_index=True, return_value=True, dtype=torch.bfloat16, out_idx_dtype=torch.int64, enable_end_position=False, enable_output_idx_offset=False, input_distrib=NormalFloatDistribution(post_proc_func=<lambda>), idx_oob_fill_value=-1999999, value_oob_fill_value=-1234123412341234, seed=388, check_correctness=True, num_runs=0)
================
[   390/   549, 71%] Running on TestParam(batch_size=121, vocab_size=1602, topk=512, sorted_value=False, sorted_index=True, return_value=False, dtype=torch.bfloat16, out_idx_dtype=torch.int64, enable_end_position=False, enable_output_idx_offset=True, input_distrib=UintDistributionWithHotspotAndSpecifiedPivot(pivot=None, topk=512, hotspots=[(65409, 8)], allow_nan=True), idx_oob_fill_value=-1998398, value_oob_fill_value=-1234123412341234, seed=389, check_correctness=True, num_runs=0)
================
[   391/   549, 71%] Running on TestParam(batch_size=121, vocab_size=225467, topk=1, sorted_value=True, sorted_index=False, return_value=True, dtype=torch.float32, out_idx_dtype=torch.int64, enable_end_position=True, enable_output_idx_offset=True, input_distrib=UniformUIntDistribution(lower=0x80000000, upper=0xff800000), idx_oob_fill_value=-1774533, value_oob_fill_value=-1234123412341234, seed=390, check_correctness=True, num_runs=0)
================
[   392/   549, 71%] Running on TestParam(batch_size=67, vocab_size=262144, topk=4096, sorted_value=False, sorted_index=True, return_value=False, dtype=torch.bfloat16, out_idx_dtype=torch.int64, enable_end_position=False, enable_output_idx_offset=True, input_distrib=UintDistributionWithHotspotAndSpecifiedPivot(pivot=None, topk=4096, hotspots=[(32641, 8)], allow_nan=True), idx_oob_fill_value=-1737856, value_oob_fill_value=-1234123412341234, seed=391, check_correctness=True, num_runs=0)
================
[   393/   549, 71%] Running on TestParam(batch_size=4096, vocab_size=1048576, topk=4096, sorted_value=False, sorted_index=False, return_value=False, dtype=torch.float32, out_idx_dtype=torch.int32, enable_end_position=False, enable_output_idx_offset=False, input_distrib=NormalFloatDistribution(post_proc_func=<lambda>), idx_oob_fill_value=-951424, value_oob_fill_value=-1234123412341234, seed=392, check_correctness=True, num_runs=0)
    SKIPPED: out of memory
================
[   394/   549, 72%] Running on TestParam(batch_size=70, vocab_size=8388607, topk=1231, sorted_value=False, sorted_index=True, return_value=True, dtype=torch.bfloat16, out_idx_dtype=torch.int32, enable_end_position=True, enable_output_idx_offset=False, input_distrib=UintDistributionWithHotspotAndSpecifiedPivot(pivot=None, topk=1231, hotspots=[(32641, 8)], allow_nan=True), idx_oob_fill_value=6388607, value_oob_fill_value=-1234123412341234, seed=393, check_correctness=True, num_runs=0)
================
[   395/   549, 72%] Running on TestParam(batch_size=34, vocab_size=1602, topk=2048, sorted_value=False, sorted_index=False, return_value=False, dtype=torch.float32, out_idx_dtype=torch.int64, enable_end_position=False, enable_output_idx_offset=False, input_distrib=NormalFloatDistribution(), idx_oob_fill_value=-1998398, value_oob_fill_value=-1234123412341234, seed=394, check_correctness=True, num_runs=0)
================
[   396/   549, 72%] Running on TestParam(batch_size=14, vocab_size=225467, topk=512, sorted_value=False, sorted_index=False, return_value=True, dtype=torch.float32, out_idx_dtype=torch.int64, enable_end_position=False, enable_output_idx_offset=False, input_distrib=UniformUIntDistribution(lower=0x00000000, upper=0x00000001), idx_oob_fill_value=-1774533, value_oob_fill_value=-1234123412341234, seed=395, check_correctness=True, num_runs=0)
================
[   397/   549, 72%] Running on TestParam(batch_size=121, vocab_size=240, topk=512, sorted_value=False, sorted_index=False, return_value=True, dtype=torch.float32, out_idx_dtype=torch.int64, enable_end_position=False, enable_output_idx_offset=True, input_distrib=NormalFloatDistribution(post_proc_func=<lambda>), idx_oob_fill_value=-1999760, value_oob_fill_value=-1234123412341234, seed=396, check_correctness=True, num_runs=0)
================
[   398/   549, 72%] Running on TestParam(batch_size=11, vocab_size=1602, topk=512, sorted_value=False, sorted_index=True, return_value=False, dtype=torch.float32, out_idx_dtype=torch.int64, enable_end_position=False, enable_output_idx_offset=True, input_distrib=NormalFloatDistribution(post_proc_func=<lambda>), idx_oob_fill_value=-1998398, value_oob_fill_value=-1234123412341234, seed=397, check_correctness=True, num_runs=0)
================
[   399/   549, 72%] Running on TestParam(batch_size=512, vocab_size=123245, topk=512, sorted_value=False, sorted_index=False, return_value=True, dtype=torch.float32, out_idx_dtype=torch.int64, enable_end_position=False, enable_output_idx_offset=False, input_distrib=NormalFloatDistribution(post_proc_func=<lambda>), idx_oob_fill_value=-1876755, value_oob_fill_value=-1234123412341234, seed=398, check_correctness=True, num_runs=0)
================
[   400/   549, 73%] Running on TestParam(batch_size=512, vocab_size=1, topk=71, sorted_value=False, sorted_index=True, return_value=True, dtype=torch.bfloat16, out_idx_dtype=torch.int64, enable_end_position=True, enable_output_idx_offset=False, input_distrib=UintDistributionWithHotspotAndSpecifiedPivot(pivot=None, topk=71, hotspots=[(32641, 1)], allow_nan=True), idx_oob_fill_value=-1999999, value_oob_fill_value=-1234123412341234, seed=399, check_correctness=True, num_runs=0)
================
[   401/   549, 73%] Running on TestParam(batch_size=67, vocab_size=32768, topk=2333, sorted_value=False, sorted_index=True, return_value=False, dtype=torch.bfloat16, out_idx_dtype=torch.int64, enable_end_position=True, enable_output_idx_offset=True, input_distrib=UniformUIntDistribution(lower=0x00000000, upper=0x00001000), idx_oob_fill_value=-1967232, value_oob_fill_value=-1234123412341234, seed=400, check_correctness=True, num_runs=0)
================
[   402/   549, 73%] Running on TestParam(batch_size=4, vocab_size=350, topk=1024, sorted_value=False, sorted_index=False, return_value=True, dtype=torch.bfloat16, out_idx_dtype=torch.int32, enable_end_position=False, enable_output_idx_offset=False, input_distrib=NormalFloatDistribution(), idx_oob_fill_value=-1999650, value_oob_fill_value=-1234123412341234, seed=401, check_correctness=True, num_runs=0)
================
[   403/   549, 73%] Running on TestParam(batch_size=6, vocab_size=256, topk=512, sorted_value=False, sorted_index=False, return_value=False, dtype=torch.bfloat16, out_idx_dtype=torch.int32, enable_end_position=False, enable_output_idx_offset=False, input_distrib=NormalFloatDistribution(), idx_oob_fill_value=-2147483647, value_oob_fill_value=-1234123412341234, seed=402, check_correctness=True, num_runs=10)
topk           :     3.456 us, 0.004 TB/s
================
[   404/   549, 73%] Running on TestParam(batch_size=6, vocab_size=1024, topk=512, sorted_value=False, sorted_index=False, return_value=False, dtype=torch.bfloat16, out_idx_dtype=torch.int32, enable_end_position=False, enable_output_idx_offset=False, input_distrib=NormalFloatDistribution(), idx_oob_fill_value=-2147483647, value_oob_fill_value=-1234123412341234, seed=403, check_correctness=True, num_runs=10)
topk           :    15.821 us, 0.002 TB/s
torch.topk     :    27.392 us, 0.001 TB/s  (speedup 1.73x)
================
[   405/   549, 74%] Running on TestParam(batch_size=6, vocab_size=4096, topk=512, sorted_value=False, sorted_index=False, return_value=False, dtype=torch.bfloat16, out_idx_dtype=torch.int32, enable_end_position=False, enable_output_idx_offset=False, input_distrib=NormalFloatDistribution(), idx_oob_fill_value=-2147483647, value_oob_fill_value=-1234123412341234, seed=404, check_correctness=True, num_runs=10)
topk           :    17.357 us, 0.004 TB/s
torch.topk     :    50.637 us, 0.001 TB/s  (speedup 2.92x)
================
[   406/   549, 74%] Running on TestParam(batch_size=6, vocab_size=16384, topk=512, sorted_value=False, sorted_index=False, return_value=False, dtype=torch.bfloat16, out_idx_dtype=torch.int32, enable_end_position=False, enable_output_idx_offset=False, input_distrib=NormalFloatDistribution(), idx_oob_fill_value=-2147483647, value_oob_fill_value=-1234123412341234, seed=405, check_correctness=True, num_runs=10)
topk           :    27.981 us, 0.007 TB/s
torch.topk     :   149.555 us, 0.001 TB/s  (speedup 5.34x)
================
[   407/   549, 74%] Running on TestParam(batch_size=6, vocab_size=65536, topk=512, sorted_value=False, sorted_index=False, return_value=False, dtype=torch.bfloat16, out_idx_dtype=torch.int32, enable_end_position=False, enable_output_idx_offset=False, input_distrib=NormalFloatDistribution(), idx_oob_fill_value=-2147483647, value_oob_fill_value=-1234123412341234, seed=406, check_correctness=True, num_runs=10)
topk           :    49.050 us, 0.016 TB/s
torch.topk     :   179.994 us, 0.004 TB/s  (speedup 3.67x)
================
[   408/   549, 74%] Running on TestParam(batch_size=6, vocab_size=131072, topk=512, sorted_value=False, sorted_index=False, return_value=False, dtype=torch.bfloat16, out_idx_dtype=torch.int32, enable_end_position=False, enable_output_idx_offset=False, input_distrib=NormalFloatDistribution(), idx_oob_fill_value=-2147483647, value_oob_fill_value=-1234123412341234, seed=407, check_correctness=True, num_runs=10)
topk           :    76.877 us, 0.021 TB/s
torch.topk     :   225.792 us, 0.007 TB/s  (speedup 2.94x)
================
[   409/   549, 74%] Running on TestParam(batch_size=6, vocab_size=262144, topk=512, sorted_value=False, sorted_index=False, return_value=False, dtype=torch.bfloat16, out_idx_dtype=torch.int32, enable_end_position=False, enable_output_idx_offset=False, input_distrib=NormalFloatDistribution(), idx_oob_fill_value=-2147483647, value_oob_fill_value=-1234123412341234, seed=408, check_correctness=True, num_runs=10)
topk           :    83.251 us, 0.038 TB/s
torch.topk     :   268.390 us, 0.012 TB/s  (speedup 3.22x)
================
[   410/   549, 74%] Running on TestParam(batch_size=6, vocab_size=524288, topk=512, sorted_value=False, sorted_index=False, return_value=False, dtype=torch.bfloat16, out_idx_dtype=torch.int32, enable_end_position=False, enable_output_idx_offset=False, input_distrib=NormalFloatDistribution(), idx_oob_fill_value=-2147483647, value_oob_fill_value=-1234123412341234, seed=409, check_correctness=True, num_runs=10)
topk           :    82.150 us, 0.077 TB/s
torch.topk     :   299.162 us, 0.021 TB/s  (speedup 3.64x)
================
[   411/   549, 75%] Running on TestParam(batch_size=6, vocab_size=1048576, topk=512, sorted_value=False, sorted_index=False, return_value=False, dtype=torch.bfloat16, out_idx_dtype=torch.int32, enable_end_position=False, enable_output_idx_offset=False, input_distrib=NormalFloatDistribution(), idx_oob_fill_value=-2147483647, value_oob_fill_value=-1234123412341234, seed=410, check_correctness=True, num_runs=10)
topk           :   111.155 us, 0.113 TB/s
torch.topk     :   381.824 us, 0.033 TB/s  (speedup 3.44x)
================
[   412/   549, 75%] Running on TestParam(batch_size=256, vocab_size=256, topk=512, sorted_value=False, sorted_index=False, return_value=False, dtype=torch.bfloat16, out_idx_dtype=torch.int32, enable_end_position=False, enable_output_idx_offset=False, input_distrib=NormalFloatDistribution(), idx_oob_fill_value=-2147483647, value_oob_fill_value=-1234123412341234, seed=411, check_correctness=True, num_runs=10)
topk           :     6.374 us, 0.103 TB/s
================
[   413/   549, 75%] Running on TestParam(batch_size=256, vocab_size=1024, topk=512, sorted_value=False, sorted_index=False, return_value=False, dtype=torch.bfloat16, out_idx_dtype=torch.int32, enable_end_position=False, enable_output_idx_offset=False, input_distrib=NormalFloatDistribution(), idx_oob_fill_value=-2147483647, value_oob_fill_value=-1234123412341234, seed=412, check_correctness=True, num_runs=10)
topk           :    26.598 us, 0.039 TB/s
torch.topk     :    60.723 us, 0.017 TB/s  (speedup 2.28x)
================
[   414/   549, 75%] Running on TestParam(batch_size=256, vocab_size=4096, topk=512, sorted_value=False, sorted_index=False, return_value=False, dtype=torch.bfloat16, out_idx_dtype=torch.int32, enable_end_position=False, enable_output_idx_offset=False, input_distrib=NormalFloatDistribution(), idx_oob_fill_value=-2147483647, value_oob_fill_value=-1234123412341234, seed=413, check_correctness=True, num_runs=10)
topk           :    35.994 us, 0.073 TB/s
torch.topk     :   212.864 us, 0.012 TB/s  (speedup 5.91x)
================
[   415/   549, 75%] Running on TestParam(batch_size=256, vocab_size=16384, topk=512, sorted_value=False, sorted_index=False, return_value=False, dtype=torch.bfloat16, out_idx_dtype=torch.int32, enable_end_position=False, enable_output_idx_offset=False, input_distrib=NormalFloatDistribution(), idx_oob_fill_value=-2147483647, value_oob_fill_value=-1234123412341234, seed=414, check_correctness=True, num_runs=10)
topk           :    56.602 us, 0.157 TB/s
torch.topk     :   319.258 us, 0.028 TB/s  (speedup 5.64x)
================
[   416/   549, 76%] Running on TestParam(batch_size=256, vocab_size=65536, topk=512, sorted_value=False, sorted_index=False, return_value=False, dtype=torch.bfloat16, out_idx_dtype=torch.int32, enable_end_position=False, enable_output_idx_offset=False, input_distrib=NormalFloatDistribution(), idx_oob_fill_value=-2147483647, value_oob_fill_value=-1234123412341234, seed=415, check_correctness=True, num_runs=10)
topk           :   148.915 us, 0.229 TB/s
torch.topk     :   707.354 us, 0.048 TB/s  (speedup 4.75x)
================
[   417/   549, 76%] Running on TestParam(batch_size=256, vocab_size=131072, topk=512, sorted_value=False, sorted_index=False, return_value=False, dtype=torch.bfloat16, out_idx_dtype=torch.int32, enable_end_position=False, enable_output_idx_offset=False, input_distrib=NormalFloatDistribution(), idx_oob_fill_value=-2147483647, value_oob_fill_value=-1234123412341234, seed=416, check_correctness=True, num_runs=10)
topk           :   239.488 us, 0.282 TB/s
torch.topk     :  1208.448 us, 0.056 TB/s  (speedup 5.05x)
================
[   418/   549, 76%] Running on TestParam(batch_size=256, vocab_size=262144, topk=512, sorted_value=False, sorted_index=False, return_value=False, dtype=torch.bfloat16, out_idx_dtype=torch.int32, enable_end_position=False, enable_output_idx_offset=False, input_distrib=NormalFloatDistribution(), idx_oob_fill_value=-2147483647, value_oob_fill_value=-1234123412341234, seed=417, check_correctness=True, num_runs=10)
topk           :   412.595 us, 0.327 TB/s
torch.topk     :  2040.499 us, 0.066 TB/s  (speedup 4.95x)
================
[   419/   549, 76%] Running on TestParam(batch_size=256, vocab_size=524288, topk=512, sorted_value=False, sorted_index=False, return_value=False, dtype=torch.bfloat16, out_idx_dtype=torch.int32, enable_end_position=False, enable_output_idx_offset=False, input_distrib=NormalFloatDistribution(), idx_oob_fill_value=-2147483647, value_oob_fill_value=-1234123412341234, seed=418, check_correctness=True, num_runs=10)
topk           :   753.434 us, 0.357 TB/s
torch.topk     :  3696.742 us, 0.073 TB/s  (speedup 4.91x)
================
[   420/   549, 76%] Running on TestParam(batch_size=256, vocab_size=1048576, topk=512, sorted_value=False, sorted_index=False, return_value=False, dtype=torch.bfloat16, out_idx_dtype=torch.int32, enable_end_position=False, enable_output_idx_offset=False, input_distrib=NormalFloatDistribution(), idx_oob_fill_value=-2147483647, value_oob_fill_value=-1234123412341234, seed=419, check_correctness=True, num_runs=10)
topk           :  1440.384 us, 0.373 TB/s
torch.topk     :  6972.390 us, 0.077 TB/s  (speedup 4.84x)
================
[   421/   549, 77%] Running on TestParam(batch_size=512, vocab_size=256, topk=512, sorted_value=False, sorted_index=False, return_value=False, dtype=torch.bfloat16, out_idx_dtype=torch.int32, enable_end_position=False, enable_output_idx_offset=False, input_distrib=NormalFloatDistribution(), idx_oob_fill_value=-2147483647, value_oob_fill_value=-1234123412341234, seed=420, check_correctness=True, num_runs=10)
topk           :     7.168 us, 0.183 TB/s
================
[   422/   549, 77%] Running on TestParam(batch_size=512, vocab_size=1024, topk=512, sorted_value=False, sorted_index=False, return_value=False, dtype=torch.bfloat16, out_idx_dtype=torch.int32, enable_end_position=False, enable_output_idx_offset=False, input_distrib=NormalFloatDistribution(), idx_oob_fill_value=-2147483647, value_oob_fill_value=-1234123412341234, seed=421, check_correctness=True, num_runs=10)
topk           :    37.965 us, 0.055 TB/s
torch.topk     :    89.421 us, 0.023 TB/s  (speedup 2.36x)
================
[   423/   549, 77%] Running on TestParam(batch_size=512, vocab_size=4096, topk=512, sorted_value=False, sorted_index=False, return_value=False, dtype=torch.bfloat16, out_idx_dtype=torch.int32, enable_end_position=False, enable_output_idx_offset=False, input_distrib=NormalFloatDistribution(), idx_oob_fill_value=-2147483647, value_oob_fill_value=-1234123412341234, seed=422, check_correctness=True, num_runs=10)
topk           :    49.024 us, 0.107 TB/s
torch.topk     :   252.646 us, 0.021 TB/s  (speedup 5.15x)
================
[   424/   549, 77%] Running on TestParam(batch_size=512, vocab_size=16384, topk=512, sorted_value=False, sorted_index=False, return_value=False, dtype=torch.bfloat16, out_idx_dtype=torch.int32, enable_end_position=False, enable_output_idx_offset=False, input_distrib=NormalFloatDistribution(), idx_oob_fill_value=-2147483647, value_oob_fill_value=-1234123412341234, seed=423, check_correctness=True, num_runs=10)
topk           :    84.813 us, 0.210 TB/s
torch.topk     :   460.544 us, 0.039 TB/s  (speedup 5.43x)
================
[   425/   549, 77%] Running on TestParam(batch_size=512, vocab_size=65536, topk=512, sorted_value=False, sorted_index=False, return_value=False, dtype=torch.bfloat16, out_idx_dtype=torch.int32, enable_end_position=False, enable_output_idx_offset=False, input_distrib=NormalFloatDistribution(), idx_oob_fill_value=-2147483647, value_oob_fill_value=-1234123412341234, seed=424, check_correctness=True, num_runs=10)
topk           :   247.373 us, 0.276 TB/s
torch.topk     :  1220.838 us, 0.056 TB/s  (speedup 4.94x)
================
[   426/   549, 77%] Running on TestParam(batch_size=512, vocab_size=131072, topk=512, sorted_value=False, sorted_index=False, return_value=False, dtype=torch.bfloat16, out_idx_dtype=torch.int32, enable_end_position=False, enable_output_idx_offset=False, input_distrib=NormalFloatDistribution(), idx_oob_fill_value=-2147483647, value_oob_fill_value=-1234123412341234, seed=425, check_correctness=True, num_runs=10)
topk           :   398.310 us, 0.340 TB/s
torch.topk     :  2141.773 us, 0.063 TB/s  (speedup 5.38x)
================
[   427/   549, 78%] Running on TestParam(batch_size=512, vocab_size=262144, topk=512, sorted_value=False, sorted_index=False, return_value=False, dtype=torch.bfloat16, out_idx_dtype=torch.int32, enable_end_position=False, enable_output_idx_offset=False, input_distrib=NormalFloatDistribution(), idx_oob_fill_value=-2147483647, value_oob_fill_value=-1234123412341234, seed=426, check_correctness=True, num_runs=10)
topk           :   690.125 us, 0.390 TB/s
torch.topk     :  3804.595 us, 0.071 TB/s  (speedup 5.51x)
================
[   428/   549, 78%] Running on TestParam(batch_size=512, vocab_size=524288, topk=512, sorted_value=False, sorted_index=False, return_value=False, dtype=torch.bfloat16, out_idx_dtype=torch.int32, enable_end_position=False, enable_output_idx_offset=False, input_distrib=NormalFloatDistribution(), idx_oob_fill_value=-2147483647, value_oob_fill_value=-1234123412341234, seed=427, check_correctness=True, num_runs=10)
topk           :  1265.946 us, 0.425 TB/s
torch.topk     :  7080.192 us, 0.076 TB/s  (speedup 5.59x)
================
[   429/   549, 78%] Running on TestParam(batch_size=512, vocab_size=1048576, topk=512, sorted_value=False, sorted_index=False, return_value=False, dtype=torch.bfloat16, out_idx_dtype=torch.int32, enable_end_position=False, enable_output_idx_offset=False, input_distrib=NormalFloatDistribution(), idx_oob_fill_value=-2147483647, value_oob_fill_value=-1234123412341234, seed=428, check_correctness=True, num_runs=10)
topk           :  2419.405 us, 0.444 TB/s
torch.topk     : 13637.734 us, 0.079 TB/s  (speedup 5.64x)
================
[   430/   549, 78%] Running on TestParam(batch_size=768, vocab_size=256, topk=512, sorted_value=False, sorted_index=False, return_value=False, dtype=torch.bfloat16, out_idx_dtype=torch.int32, enable_end_position=False, enable_output_idx_offset=False, input_distrib=NormalFloatDistribution(), idx_oob_fill_value=-2147483647, value_oob_fill_value=-1234123412341234, seed=429, check_correctness=True, num_runs=10)
topk           :     8.909 us, 0.221 TB/s
================
[   431/   549, 78%] Running on TestParam(batch_size=768, vocab_size=1024, topk=512, sorted_value=False, sorted_index=False, return_value=False, dtype=torch.bfloat16, out_idx_dtype=torch.int32, enable_end_position=False, enable_output_idx_offset=False, input_distrib=NormalFloatDistribution(), idx_oob_fill_value=-2147483647, value_oob_fill_value=-1234123412341234, seed=430, check_correctness=True, num_runs=10)
topk           :    50.278 us, 0.063 TB/s
torch.topk     :   128.998 us, 0.024 TB/s  (speedup 2.57x)
================
[   432/   549, 79%] Running on TestParam(batch_size=768, vocab_size=4096, topk=512, sorted_value=False, sorted_index=False, return_value=False, dtype=torch.bfloat16, out_idx_dtype=torch.int32, enable_end_position=False, enable_output_idx_offset=False, input_distrib=NormalFloatDistribution(), idx_oob_fill_value=-2147483647, value_oob_fill_value=-1234123412341234, seed=431, check_correctness=True, num_runs=10)
topk           :    65.920 us, 0.119 TB/s
torch.topk     :   311.398 us, 0.025 TB/s  (speedup 4.72x)
================
[   433/   549, 79%] Running on TestParam(batch_size=768, vocab_size=16384, topk=512, sorted_value=False, sorted_index=False, return_value=False, dtype=torch.bfloat16, out_idx_dtype=torch.int32, enable_end_position=False, enable_output_idx_offset=False, input_distrib=NormalFloatDistribution(), idx_oob_fill_value=-2147483647, value_oob_fill_value=-1234123412341234, seed=432, check_correctness=True, num_runs=10)
topk           :   121.242 us, 0.221 TB/s
torch.topk     :   672.666 us, 0.040 TB/s  (speedup 5.55x)
================
[   434/   549, 79%] Running on TestParam(batch_size=768, vocab_size=65536, topk=512, sorted_value=False, sorted_index=False, return_value=False, dtype=torch.bfloat16, out_idx_dtype=torch.int32, enable_end_position=False, enable_output_idx_offset=False, input_distrib=NormalFloatDistribution(), idx_oob_fill_value=-2147483647, value_oob_fill_value=-1234123412341234, seed=433, check_correctness=True, num_runs=10)
topk           :   386.765 us, 0.264 TB/s
torch.topk     :  1677.619 us, 0.061 TB/s  (speedup 4.34x)
================
[   435/   549, 79%] Running on TestParam(batch_size=768, vocab_size=131072, topk=512, sorted_value=False, sorted_index=False, return_value=False, dtype=torch.bfloat16, out_idx_dtype=torch.int32, enable_end_position=False, enable_output_idx_offset=False, input_distrib=NormalFloatDistribution(), idx_oob_fill_value=-2147483647, value_oob_fill_value=-1234123412341234, seed=434, check_correctness=True, num_runs=10)
topk           :   627.174 us, 0.324 TB/s
torch.topk     :  3093.478 us, 0.066 TB/s  (speedup 4.93x)
================
[   436/   549, 79%] Running on TestParam(batch_size=768, vocab_size=262144, topk=512, sorted_value=False, sorted_index=False, return_value=False, dtype=torch.bfloat16, out_idx_dtype=torch.int32, enable_end_position=False, enable_output_idx_offset=False, input_distrib=NormalFloatDistribution(), idx_oob_fill_value=-2147483647, value_oob_fill_value=-1234123412341234, seed=435, check_correctness=True, num_runs=10)
topk           :  1091.866 us, 0.370 TB/s
torch.topk     :  5539.686 us, 0.073 TB/s  (speedup 5.07x)
================
[   437/   549, 79%] Running on TestParam(batch_size=768, vocab_size=524288, topk=512, sorted_value=False, sorted_index=False, return_value=False, dtype=torch.bfloat16, out_idx_dtype=torch.int32, enable_end_position=False, enable_output_idx_offset=False, input_distrib=NormalFloatDistribution(), idx_oob_fill_value=-2147483647, value_oob_fill_value=-1234123412341234, seed=436, check_correctness=True, num_runs=10)
topk           :  2008.013 us, 0.402 TB/s
torch.topk     : 10416.640 us, 0.077 TB/s  (speedup 5.19x)
================
[   438/   549, 80%] Running on TestParam(batch_size=768, vocab_size=1048576, topk=512, sorted_value=False, sorted_index=False, return_value=False, dtype=torch.bfloat16, out_idx_dtype=torch.int32, enable_end_position=False, enable_output_idx_offset=False, input_distrib=NormalFloatDistribution(), idx_oob_fill_value=-2147483647, value_oob_fill_value=-1234123412341234, seed=437, check_correctness=True, num_runs=10)
topk           :  3844.147 us, 0.419 TB/s
torch.topk     : 20286.054 us, 0.079 TB/s  (speedup 5.28x)
================
[   439/   549, 80%] Running on TestParam(batch_size=4096, vocab_size=256, topk=512, sorted_value=False, sorted_index=False, return_value=False, dtype=torch.bfloat16, out_idx_dtype=torch.int32, enable_end_position=False, enable_output_idx_offset=False, input_distrib=NormalFloatDistribution(), idx_oob_fill_value=-2147483647, value_oob_fill_value=-1234123412341234, seed=438, check_correctness=True, num_runs=10)
topk           :    32.358 us, 0.324 TB/s
================
[   440/   549, 80%] Running on TestParam(batch_size=4096, vocab_size=1024, topk=512, sorted_value=False, sorted_index=False, return_value=False, dtype=torch.bfloat16, out_idx_dtype=torch.int32, enable_end_position=False, enable_output_idx_offset=False, input_distrib=NormalFloatDistribution(), idx_oob_fill_value=-2147483647, value_oob_fill_value=-1234123412341234, seed=439, check_correctness=True, num_runs=10)
topk           :   207.974 us, 0.081 TB/s
torch.topk     :   384.410 us, 0.044 TB/s  (speedup 1.85x)
================
[   441/   549, 80%] Running on TestParam(batch_size=4096, vocab_size=4096, topk=512, sorted_value=False, sorted_index=False, return_value=False, dtype=torch.bfloat16, out_idx_dtype=torch.int32, enable_end_position=False, enable_output_idx_offset=False, input_distrib=NormalFloatDistribution(), idx_oob_fill_value=-2147483647, value_oob_fill_value=-1234123412341234, seed=440, check_correctness=True, num_runs=10)
topk           :   298.931 us, 0.140 TB/s
torch.topk     :   706.765 us, 0.059 TB/s  (speedup 2.36x)
================
[   442/   549, 80%] Running on TestParam(batch_size=4096, vocab_size=16384, topk=512, sorted_value=False, sorted_index=False, return_value=False, dtype=torch.bfloat16, out_idx_dtype=torch.int32, enable_end_position=False, enable_output_idx_offset=False, input_distrib=NormalFloatDistribution(), idx_oob_fill_value=-2147483647, value_oob_fill_value=-1234123412341234, seed=441, check_correctness=True, num_runs=10)
topk           :   564.301 us, 0.253 TB/s
torch.topk     :  2022.682 us, 0.071 TB/s  (speedup 3.58x)
================
[   443/   549, 81%] Running on TestParam(batch_size=4096, vocab_size=65536, topk=512, sorted_value=False, sorted_index=False, return_value=False, dtype=torch.bfloat16, out_idx_dtype=torch.int32, enable_end_position=False, enable_output_idx_offset=False, input_distrib=NormalFloatDistribution(), idx_oob_fill_value=-2147483647, value_oob_fill_value=-1234123412341234, seed=442, check_correctness=True, num_runs=10)
topk           :  1912.013 us, 0.285 TB/s
torch.topk     :  7780.326 us, 0.070 TB/s  (speedup 4.07x)
================
[   444/   549, 81%] Running on TestParam(batch_size=4096, vocab_size=131072, topk=512, sorted_value=False, sorted_index=False, return_value=False, dtype=torch.bfloat16, out_idx_dtype=torch.int32, enable_end_position=False, enable_output_idx_offset=False, input_distrib=NormalFloatDistribution(), idx_oob_fill_value=-2147483647, value_oob_fill_value=-1234123412341234, seed=443, check_correctness=True, num_runs=10)
topk           :  3115.008 us, 0.347 TB/s
torch.topk     : 15372.442 us, 0.070 TB/s  (speedup 4.93x)
================
[   445/   549, 81%] Running on TestParam(batch_size=4096, vocab_size=262144, topk=512, sorted_value=False, sorted_index=False, return_value=False, dtype=torch.bfloat16, out_idx_dtype=torch.int32, enable_end_position=False, enable_output_idx_offset=False, input_distrib=NormalFloatDistribution(), idx_oob_fill_value=-2147483647, value_oob_fill_value=-1234123412341234, seed=444, check_correctness=True, num_runs=10)
topk           :  5450.112 us, 0.396 TB/s
torch.topk     : 29508.813 us, 0.073 TB/s  (speedup 5.41x)
================
[   446/   549, 81%] Running on TestParam(batch_size=4096, vocab_size=524288, topk=512, sorted_value=False, sorted_index=False, return_value=False, dtype=torch.bfloat16, out_idx_dtype=torch.int32, enable_end_position=False, enable_output_idx_offset=False, input_distrib=NormalFloatDistribution(), idx_oob_fill_value=-2147483647, value_oob_fill_value=-1234123412341234, seed=445, check_correctness=True, num_runs=10)
topk           : 10054.656 us, 0.428 TB/s
torch.topk     : 57702.477 us, 0.075 TB/s  (speedup 5.74x)
================
[   447/   549, 81%] Running on TestParam(batch_size=4096, vocab_size=1048576, topk=512, sorted_value=False, sorted_index=False, return_value=False, dtype=torch.bfloat16, out_idx_dtype=torch.int32, enable_end_position=False, enable_output_idx_offset=False, input_distrib=NormalFloatDistribution(), idx_oob_fill_value=-2147483647, value_oob_fill_value=-1234123412341234, seed=446, check_correctness=True, num_runs=10)
topk           : 19272.269 us, 0.446 TB/s
torch.topk     : 111802.982 us, 0.077 TB/s  (speedup 5.80x)
================
[   448/   549, 81%] Running on TestParam(batch_size=6, vocab_size=256, topk=1024, sorted_value=False, sorted_index=False, return_value=False, dtype=torch.bfloat16, out_idx_dtype=torch.int32, enable_end_position=False, enable_output_idx_offset=False, input_distrib=NormalFloatDistribution(), idx_oob_fill_value=-2147483647, value_oob_fill_value=-1234123412341234, seed=447, check_correctness=True, num_runs=10)
topk           :     3.584 us, 0.008 TB/s
================
[   449/   549, 82%] Running on TestParam(batch_size=6, vocab_size=1024, topk=1024, sorted_value=False, sorted_index=False, return_value=False, dtype=torch.bfloat16, out_idx_dtype=torch.int32, enable_end_position=False, enable_output_idx_offset=False, input_distrib=NormalFloatDistribution(), idx_oob_fill_value=-2147483647, value_oob_fill_value=-1234123412341234, seed=448, check_correctness=True, num_runs=10)
topk           :     3.507 us, 0.011 TB/s
torch.topk     :    24.371 us, 0.002 TB/s  (speedup 6.95x)
================
[   450/   549, 82%] Running on TestParam(batch_size=6, vocab_size=4096, topk=1024, sorted_value=False, sorted_index=False, return_value=False, dtype=torch.bfloat16, out_idx_dtype=torch.int32, enable_end_position=False, enable_output_idx_offset=False, input_distrib=NormalFloatDistribution(), idx_oob_fill_value=-2147483647, value_oob_fill_value=-1234123412341234, seed=449, check_correctness=True, num_runs=10)
topk           :    17.946 us, 0.004 TB/s
torch.topk     :    50.995 us, 0.001 TB/s  (speedup 2.84x)
================
[   451/   549, 82%] Running on TestParam(batch_size=6, vocab_size=16384, topk=1024, sorted_value=False, sorted_index=False, return_value=False, dtype=torch.bfloat16, out_idx_dtype=torch.int32, enable_end_position=False, enable_output_idx_offset=False, input_distrib=NormalFloatDistribution(), idx_oob_fill_value=-2147483647, value_oob_fill_value=-1234123412341234, seed=450, check_correctness=True, num_runs=10)
topk           :    28.928 us, 0.008 TB/s
torch.topk     :   147.174 us, 0.002 TB/s  (speedup 5.09x)
================
[   452/   549, 82%] Running on TestParam(batch_size=6, vocab_size=65536, topk=1024, sorted_value=False, sorted_index=False, return_value=False, dtype=torch.bfloat16, out_idx_dtype=torch.int32, enable_end_position=False, enable_output_idx_offset=False, input_distrib=NormalFloatDistribution(), idx_oob_fill_value=-2147483647, value_oob_fill_value=-1234123412341234, seed=451, check_correctness=True, num_runs=10)
topk           :    52.992 us, 0.015 TB/s
torch.topk     :   180.224 us, 0.005 TB/s  (speedup 3.40x)
================
[   453/   549, 82%] Running on TestParam(batch_size=6, vocab_size=131072, topk=1024, sorted_value=False, sorted_index=False, return_value=False, dtype=torch.bfloat16, out_idx_dtype=torch.int32, enable_end_position=False, enable_output_idx_offset=False, input_distrib=NormalFloatDistribution(), idx_oob_fill_value=-2147483647, value_oob_fill_value=-1234123412341234, seed=452, check_correctness=True, num_runs=10)
topk           :    83.430 us, 0.019 TB/s
torch.topk     :   226.560 us, 0.007 TB/s  (speedup 2.72x)
================
[   454/   549, 83%] Running on TestParam(batch_size=6, vocab_size=262144, topk=1024, sorted_value=False, sorted_index=False, return_value=False, dtype=torch.bfloat16, out_idx_dtype=torch.int32, enable_end_position=False, enable_output_idx_offset=False, input_distrib=NormalFloatDistribution(), idx_oob_fill_value=-2147483647, value_oob_fill_value=-1234123412341234, seed=453, check_correctness=True, num_runs=10)
topk           :    99.840 us, 0.032 TB/s
torch.topk     :   269.107 us, 0.012 TB/s  (speedup 2.70x)
================
[   455/   549, 83%] Running on TestParam(batch_size=6, vocab_size=524288, topk=1024, sorted_value=False, sorted_index=False, return_value=False, dtype=torch.bfloat16, out_idx_dtype=torch.int32, enable_end_position=False, enable_output_idx_offset=False, input_distrib=NormalFloatDistribution(), idx_oob_fill_value=-2147483647, value_oob_fill_value=-1234123412341234, seed=454, check_correctness=True, num_runs=10)
topk           :   142.797 us, 0.044 TB/s
torch.topk     :   299.238 us, 0.021 TB/s  (speedup 2.10x)
================
[   456/   549, 83%] Running on TestParam(batch_size=6, vocab_size=1048576, topk=1024, sorted_value=False, sorted_index=False, return_value=False, dtype=torch.bfloat16, out_idx_dtype=torch.int32, enable_end_position=False, enable_output_idx_offset=False, input_distrib=NormalFloatDistribution(), idx_oob_fill_value=-2147483647, value_oob_fill_value=-1234123412341234, seed=455, check_correctness=True, num_runs=10)
topk           :   137.805 us, 0.091 TB/s
torch.topk     :   385.357 us, 0.033 TB/s  (speedup 2.80x)
================
[   457/   549, 83%] Running on TestParam(batch_size=256, vocab_size=256, topk=1024, sorted_value=False, sorted_index=False, return_value=False, dtype=torch.bfloat16, out_idx_dtype=torch.int32, enable_end_position=False, enable_output_idx_offset=False, input_distrib=NormalFloatDistribution(), idx_oob_fill_value=-2147483647, value_oob_fill_value=-1234123412341234, seed=456, check_correctness=True, num_runs=10)
topk           :     5.939 us, 0.199 TB/s
================
[   458/   549, 83%] Running on TestParam(batch_size=256, vocab_size=1024, topk=1024, sorted_value=False, sorted_index=False, return_value=False, dtype=torch.bfloat16, out_idx_dtype=torch.int32, enable_end_position=False, enable_output_idx_offset=False, input_distrib=NormalFloatDistribution(), idx_oob_fill_value=-2147483647, value_oob_fill_value=-1234123412341234, seed=457, check_correctness=True, num_runs=10)
topk           :     6.042 us, 0.260 TB/s
torch.topk     :    56.627 us, 0.028 TB/s  (speedup 9.37x)
================
[   459/   549, 83%] Running on TestParam(batch_size=256, vocab_size=4096, topk=1024, sorted_value=False, sorted_index=False, return_value=False, dtype=torch.bfloat16, out_idx_dtype=torch.int32, enable_end_position=False, enable_output_idx_offset=False, input_distrib=NormalFloatDistribution(), idx_oob_fill_value=-2147483647, value_oob_fill_value=-1234123412341234, seed=458, check_correctness=True, num_runs=10)
topk           :    38.861 us, 0.081 TB/s
torch.topk     :   211.968 us, 0.015 TB/s  (speedup 5.45x)
================
[   460/   549, 84%] Running on TestParam(batch_size=256, vocab_size=16384, topk=1024, sorted_value=False, sorted_index=False, return_value=False, dtype=torch.bfloat16, out_idx_dtype=torch.int32, enable_end_position=False, enable_output_idx_offset=False, input_distrib=NormalFloatDistribution(), idx_oob_fill_value=-2147483647, value_oob_fill_value=-1234123412341234, seed=459, check_correctness=True, num_runs=10)
topk           :    61.670 us, 0.153 TB/s
torch.topk     :   320.000 us, 0.029 TB/s  (speedup 5.19x)
================
[   461/   549, 84%] Running on TestParam(batch_size=256, vocab_size=65536, topk=1024, sorted_value=False, sorted_index=False, return_value=False, dtype=torch.bfloat16, out_idx_dtype=torch.int32, enable_end_position=False, enable_output_idx_offset=False, input_distrib=NormalFloatDistribution(), idx_oob_fill_value=-2147483647, value_oob_fill_value=-1234123412341234, seed=460, check_correctness=True, num_runs=10)
topk           :   163.814 us, 0.211 TB/s
torch.topk     :   723.354 us, 0.048 TB/s  (speedup 4.42x)
================
[   462/   549, 84%] Running on TestParam(batch_size=256, vocab_size=131072, topk=1024, sorted_value=False, sorted_index=False, return_value=False, dtype=torch.bfloat16, out_idx_dtype=torch.int32, enable_end_position=False, enable_output_idx_offset=False, input_distrib=NormalFloatDistribution(), idx_oob_fill_value=-2147483647, value_oob_fill_value=-1234123412341234, seed=461, check_correctness=True, num_runs=10)
topk           :   262.784 us, 0.259 TB/s
torch.topk     :  1221.914 us, 0.056 TB/s  (speedup 4.65x)
================
[   463/   549, 84%] Running on TestParam(batch_size=256, vocab_size=262144, topk=1024, sorted_value=False, sorted_index=False, return_value=False, dtype=torch.bfloat16, out_idx_dtype=torch.int32, enable_end_position=False, enable_output_idx_offset=False, input_distrib=NormalFloatDistribution(), idx_oob_fill_value=-2147483647, value_oob_fill_value=-1234123412341234, seed=462, check_correctness=True, num_runs=10)
topk           :   441.037 us, 0.307 TB/s
torch.topk     :  2050.355 us, 0.066 TB/s  (speedup 4.65x)
================
[   464/   549, 84%] Running on TestParam(batch_size=256, vocab_size=524288, topk=1024, sorted_value=False, sorted_index=False, return_value=False, dtype=torch.bfloat16, out_idx_dtype=torch.int32, enable_end_position=False, enable_output_idx_offset=False, input_distrib=NormalFloatDistribution(), idx_oob_fill_value=-2147483647, value_oob_fill_value=-1234123412341234, seed=463, check_correctness=True, num_runs=10)
topk           :   784.794 us, 0.343 TB/s
torch.topk     :  3680.538 us, 0.073 TB/s  (speedup 4.69x)
================
[   465/   549, 85%] Running on TestParam(batch_size=256, vocab_size=1048576, topk=1024, sorted_value=False, sorted_index=False, return_value=False, dtype=torch.bfloat16, out_idx_dtype=torch.int32, enable_end_position=False, enable_output_idx_offset=False, input_distrib=NormalFloatDistribution(), idx_oob_fill_value=-2147483647, value_oob_fill_value=-1234123412341234, seed=464, check_correctness=True, num_runs=10)
topk           :  1470.003 us, 0.366 TB/s
torch.topk     :  6977.638 us, 0.077 TB/s  (speedup 4.75x)
================
[   466/   549, 85%] Running on TestParam(batch_size=512, vocab_size=256, topk=1024, sorted_value=False, sorted_index=False, return_value=False, dtype=torch.bfloat16, out_idx_dtype=torch.int32, enable_end_position=False, enable_output_idx_offset=False, input_distrib=NormalFloatDistribution(), idx_oob_fill_value=-2147483647, value_oob_fill_value=-1234123412341234, seed=465, check_correctness=True, num_runs=10)
topk           :     6.784 us, 0.348 TB/s
================
[   467/   549, 85%] Running on TestParam(batch_size=512, vocab_size=1024, topk=1024, sorted_value=False, sorted_index=False, return_value=False, dtype=torch.bfloat16, out_idx_dtype=torch.int32, enable_end_position=False, enable_output_idx_offset=False, input_distrib=NormalFloatDistribution(), idx_oob_fill_value=-2147483647, value_oob_fill_value=-1234123412341234, seed=466, check_correctness=True, num_runs=10)
topk           :     6.682 us, 0.471 TB/s
torch.topk     :    85.990 us, 0.037 TB/s  (speedup 12.87x)
================
[   468/   549, 85%] Running on TestParam(batch_size=512, vocab_size=4096, topk=1024, sorted_value=False, sorted_index=False, return_value=False, dtype=torch.bfloat16, out_idx_dtype=torch.int32, enable_end_position=False, enable_output_idx_offset=False, input_distrib=NormalFloatDistribution(), idx_oob_fill_value=-2147483647, value_oob_fill_value=-1234123412341234, seed=467, check_correctness=True, num_runs=10)
topk           :    52.710 us, 0.119 TB/s
torch.topk     :   255.078 us, 0.025 TB/s  (speedup 4.84x)
================
[   469/   549, 85%] Running on TestParam(batch_size=512, vocab_size=16384, topk=1024, sorted_value=False, sorted_index=False, return_value=False, dtype=torch.bfloat16, out_idx_dtype=torch.int32, enable_end_position=False, enable_output_idx_offset=False, input_distrib=NormalFloatDistribution(), idx_oob_fill_value=-2147483647, value_oob_fill_value=-1234123412341234, seed=468, check_correctness=True, num_runs=10)
topk           :    91.341 us, 0.207 TB/s
torch.topk     :   465.203 us, 0.041 TB/s  (speedup 5.09x)
================
[   470/   549, 85%] Running on TestParam(batch_size=512, vocab_size=65536, topk=1024, sorted_value=False, sorted_index=False, return_value=False, dtype=torch.bfloat16, out_idx_dtype=torch.int32, enable_end_position=False, enable_output_idx_offset=False, input_distrib=NormalFloatDistribution(), idx_oob_fill_value=-2147483647, value_oob_fill_value=-1234123412341234, seed=469, check_correctness=True, num_runs=10)
topk           :   270.746 us, 0.256 TB/s
torch.topk     :  1232.512 us, 0.056 TB/s  (speedup 4.55x)
================
[   471/   549, 86%] Running on TestParam(batch_size=512, vocab_size=131072, topk=1024, sorted_value=False, sorted_index=False, return_value=False, dtype=torch.bfloat16, out_idx_dtype=torch.int32, enable_end_position=False, enable_output_idx_offset=False, input_distrib=NormalFloatDistribution(), idx_oob_fill_value=-2147483647, value_oob_fill_value=-1234123412341234, seed=470, check_correctness=True, num_runs=10)
topk           :   435.942 us, 0.313 TB/s
torch.topk     :  2168.602 us, 0.063 TB/s  (speedup 4.97x)
================
[   472/   549, 86%] Running on TestParam(batch_size=512, vocab_size=262144, topk=1024, sorted_value=False, sorted_index=False, return_value=False, dtype=torch.bfloat16, out_idx_dtype=torch.int32, enable_end_position=False, enable_output_idx_offset=False, input_distrib=NormalFloatDistribution(), idx_oob_fill_value=-2147483647, value_oob_fill_value=-1234123412341234, seed=471, check_correctness=True, num_runs=10)
topk           :   736.051 us, 0.368 TB/s
torch.topk     :  3810.074 us, 0.071 TB/s  (speedup 5.18x)
================
[   473/   549, 86%] Running on TestParam(batch_size=512, vocab_size=524288, topk=1024, sorted_value=False, sorted_index=False, return_value=False, dtype=torch.bfloat16, out_idx_dtype=torch.int32, enable_end_position=False, enable_output_idx_offset=False, input_distrib=NormalFloatDistribution(), idx_oob_fill_value=-2147483647, value_oob_fill_value=-1234123412341234, seed=472, check_correctness=True, num_runs=10)
topk           :  1316.710 us, 0.409 TB/s
torch.topk     :  7103.821 us, 0.076 TB/s  (speedup 5.40x)
================
[   474/   549, 86%] Running on TestParam(batch_size=512, vocab_size=1048576, topk=1024, sorted_value=False, sorted_index=False, return_value=False, dtype=torch.bfloat16, out_idx_dtype=torch.int32, enable_end_position=False, enable_output_idx_offset=False, input_distrib=NormalFloatDistribution(), idx_oob_fill_value=-2147483647, value_oob_fill_value=-1234123412341234, seed=473, check_correctness=True, num_runs=10)
topk           :  2468.506 us, 0.436 TB/s
torch.topk     : 13661.773 us, 0.079 TB/s  (speedup 5.53x)
================
[   475/   549, 86%] Running on TestParam(batch_size=768, vocab_size=256, topk=1024, sorted_value=False, sorted_index=False, return_value=False, dtype=torch.bfloat16, out_idx_dtype=torch.int32, enable_end_position=False, enable_output_idx_offset=False, input_distrib=NormalFloatDistribution(), idx_oob_fill_value=-2147483647, value_oob_fill_value=-1234123412341234, seed=474, check_correctness=True, num_runs=10)
topk           :     8.474 us, 0.418 TB/s
================
[   476/   549, 87%] Running on TestParam(batch_size=768, vocab_size=1024, topk=1024, sorted_value=False, sorted_index=False, return_value=False, dtype=torch.bfloat16, out_idx_dtype=torch.int32, enable_end_position=False, enable_output_idx_offset=False, input_distrib=NormalFloatDistribution(), idx_oob_fill_value=-2147483647, value_oob_fill_value=-1234123412341234, seed=475, check_correctness=True, num_runs=10)
topk           :     8.397 us, 0.562 TB/s
torch.topk     :   117.197 us, 0.040 TB/s  (speedup 13.96x)
================
[   477/   549, 87%] Running on TestParam(batch_size=768, vocab_size=4096, topk=1024, sorted_value=False, sorted_index=False, return_value=False, dtype=torch.bfloat16, out_idx_dtype=torch.int32, enable_end_position=False, enable_output_idx_offset=False, input_distrib=NormalFloatDistribution(), idx_oob_fill_value=-2147483647, value_oob_fill_value=-1234123412341234, seed=476, check_correctness=True, num_runs=10)
topk           :    69.478 us, 0.136 TB/s
torch.topk     :   309.786 us, 0.030 TB/s  (speedup 4.46x)
================
[   478/   549, 87%] Running on TestParam(batch_size=768, vocab_size=16384, topk=1024, sorted_value=False, sorted_index=False, return_value=False, dtype=torch.bfloat16, out_idx_dtype=torch.int32, enable_end_position=False, enable_output_idx_offset=False, input_distrib=NormalFloatDistribution(), idx_oob_fill_value=-2147483647, value_oob_fill_value=-1234123412341234, seed=477, check_correctness=True, num_runs=10)
topk           :   129.587 us, 0.218 TB/s
torch.topk     :   677.222 us, 0.042 TB/s  (speedup 5.23x)
================
[   479/   549, 87%] Running on TestParam(batch_size=768, vocab_size=65536, topk=1024, sorted_value=False, sorted_index=False, return_value=False, dtype=torch.bfloat16, out_idx_dtype=torch.int32, enable_end_position=False, enable_output_idx_offset=False, input_distrib=NormalFloatDistribution(), idx_oob_fill_value=-2147483647, value_oob_fill_value=-1234123412341234, seed=478, check_correctness=True, num_runs=10)
topk           :   424.499 us, 0.245 TB/s
torch.topk     :  1691.238 us, 0.061 TB/s  (speedup 3.98x)
================
[   480/   549, 87%] Running on TestParam(batch_size=768, vocab_size=131072, topk=1024, sorted_value=False, sorted_index=False, return_value=False, dtype=torch.bfloat16, out_idx_dtype=torch.int32, enable_end_position=False, enable_output_idx_offset=False, input_distrib=NormalFloatDistribution(), idx_oob_fill_value=-2147483647, value_oob_fill_value=-1234123412341234, seed=479, check_correctness=True, num_runs=10)
topk           :   686.208 us, 0.298 TB/s
torch.topk     :  3133.952 us, 0.065 TB/s  (speedup 4.57x)
================
[   481/   549, 87%] Running on TestParam(batch_size=768, vocab_size=262144, topk=1024, sorted_value=False, sorted_index=False, return_value=False, dtype=torch.bfloat16, out_idx_dtype=torch.int32, enable_end_position=False, enable_output_idx_offset=False, input_distrib=NormalFloatDistribution(), idx_oob_fill_value=-2147483647, value_oob_fill_value=-1234123412341234, seed=480, check_correctness=True, num_runs=10)
topk           :  1164.032 us, 0.349 TB/s
torch.topk     :  5611.904 us, 0.072 TB/s  (speedup 4.82x)
================
[   482/   549, 88%] Running on TestParam(batch_size=768, vocab_size=524288, topk=1024, sorted_value=False, sorted_index=False, return_value=False, dtype=torch.bfloat16, out_idx_dtype=torch.int32, enable_end_position=False, enable_output_idx_offset=False, input_distrib=NormalFloatDistribution(), idx_oob_fill_value=-2147483647, value_oob_fill_value=-1234123412341234, seed=481, check_correctness=True, num_runs=10)
topk           :  2087.962 us, 0.387 TB/s
torch.topk     : 10470.042 us, 0.077 TB/s  (speedup 5.01x)
================
[   483/   549, 88%] Running on TestParam(batch_size=768, vocab_size=1048576, topk=1024, sorted_value=False, sorted_index=False, return_value=False, dtype=torch.bfloat16, out_idx_dtype=torch.int32, enable_end_position=False, enable_output_idx_offset=False, input_distrib=NormalFloatDistribution(), idx_oob_fill_value=-2147483647, value_oob_fill_value=-1234123412341234, seed=482, check_correctness=True, num_runs=10)
topk           :  3924.429 us, 0.411 TB/s
torch.topk     : 20313.702 us, 0.079 TB/s  (speedup 5.18x)
================
[   484/   549, 88%] Running on TestParam(batch_size=4096, vocab_size=256, topk=1024, sorted_value=False, sorted_index=False, return_value=False, dtype=torch.bfloat16, out_idx_dtype=torch.int32, enable_end_position=False, enable_output_idx_offset=False, input_distrib=NormalFloatDistribution(), idx_oob_fill_value=-2147483647, value_oob_fill_value=-1234123412341234, seed=483, check_correctness=True, num_runs=10)
topk           :    31.514 us, 0.599 TB/s
================
[   485/   549, 88%] Running on TestParam(batch_size=4096, vocab_size=1024, topk=1024, sorted_value=False, sorted_index=False, return_value=False, dtype=torch.bfloat16, out_idx_dtype=torch.int32, enable_end_position=False, enable_output_idx_offset=False, input_distrib=NormalFloatDistribution(), idx_oob_fill_value=-2147483647, value_oob_fill_value=-1234123412341234, seed=484, check_correctness=True, num_runs=10)
topk           :    30.848 us, 0.816 TB/s
torch.topk     :   385.229 us, 0.065 TB/s  (speedup 12.49x)
================
[   486/   549, 88%] Running on TestParam(batch_size=4096, vocab_size=4096, topk=1024, sorted_value=False, sorted_index=False, return_value=False, dtype=torch.bfloat16, out_idx_dtype=torch.int32, enable_end_position=False, enable_output_idx_offset=False, input_distrib=NormalFloatDistribution(), idx_oob_fill_value=-2147483647, value_oob_fill_value=-1234123412341234, seed=485, check_correctness=True, num_runs=10)
topk           :   319.334 us, 0.158 TB/s
torch.topk     :   712.781 us, 0.071 TB/s  (speedup 2.23x)
================
[   487/   549, 89%] Running on TestParam(batch_size=4096, vocab_size=16384, topk=1024, sorted_value=False, sorted_index=False, return_value=False, dtype=torch.bfloat16, out_idx_dtype=torch.int32, enable_end_position=False, enable_output_idx_offset=False, input_distrib=NormalFloatDistribution(), idx_oob_fill_value=-2147483647, value_oob_fill_value=-1234123412341234, seed=486, check_correctness=True, num_runs=10)
topk           :   608.282 us, 0.248 TB/s
torch.topk     :  2024.934 us, 0.075 TB/s  (speedup 3.33x)
================
[   488/   549, 89%] Running on TestParam(batch_size=4096, vocab_size=65536, topk=1024, sorted_value=False, sorted_index=False, return_value=False, dtype=torch.bfloat16, out_idx_dtype=torch.int32, enable_end_position=False, enable_output_idx_offset=False, input_distrib=NormalFloatDistribution(), idx_oob_fill_value=-2147483647, value_oob_fill_value=-1234123412341234, seed=487, check_correctness=True, num_runs=10)
topk           :  2095.181 us, 0.264 TB/s
torch.topk     :  7895.552 us, 0.070 TB/s  (speedup 3.77x)
================
[   489/   549, 89%] Running on TestParam(batch_size=4096, vocab_size=131072, topk=1024, sorted_value=False, sorted_index=False, return_value=False, dtype=torch.bfloat16, out_idx_dtype=torch.int32, enable_end_position=False, enable_output_idx_offset=False, input_distrib=NormalFloatDistribution(), idx_oob_fill_value=-2147483647, value_oob_fill_value=-1234123412341234, seed=488, check_correctness=True, num_runs=10)
topk           :  3392.973 us, 0.321 TB/s
torch.topk     : 15555.226 us, 0.070 TB/s  (speedup 4.58x)
================
[   490/   549, 89%] Running on TestParam(batch_size=4096, vocab_size=262144, topk=1024, sorted_value=False, sorted_index=False, return_value=False, dtype=torch.bfloat16, out_idx_dtype=torch.int32, enable_end_position=False, enable_output_idx_offset=False, input_distrib=NormalFloatDistribution(), idx_oob_fill_value=-2147483647, value_oob_fill_value=-1234123412341234, seed=489, check_correctness=True, num_runs=10)
topk           :  5798.272 us, 0.373 TB/s
torch.topk     : 29661.696 us, 0.073 TB/s  (speedup 5.12x)
================
[   491/   549, 89%] Running on TestParam(batch_size=4096, vocab_size=524288, topk=1024, sorted_value=False, sorted_index=False, return_value=False, dtype=torch.bfloat16, out_idx_dtype=torch.int32, enable_end_position=False, enable_output_idx_offset=False, input_distrib=NormalFloatDistribution(), idx_oob_fill_value=-2147483647, value_oob_fill_value=-1234123412341234, seed=490, check_correctness=True, num_runs=10)
topk           : 10444.544 us, 0.413 TB/s
torch.topk     : 58052.864 us, 0.074 TB/s  (speedup 5.56x)
================
[   492/   549, 89%] Running on TestParam(batch_size=4096, vocab_size=1048576, topk=1024, sorted_value=False, sorted_index=False, return_value=False, dtype=torch.bfloat16, out_idx_dtype=torch.int32, enable_end_position=False, enable_output_idx_offset=False, input_distrib=NormalFloatDistribution(), idx_oob_fill_value=-2147483647, value_oob_fill_value=-1234123412341234, seed=491, check_correctness=True, num_runs=10)
topk           : 19658.957 us, 0.438 TB/s
torch.topk     : 112068.019 us, 0.077 TB/s  (speedup 5.70x)
================
[   493/   549, 90%] Running on TestParam(batch_size=1, vocab_size=131072, topk=512, sorted_value=False, sorted_index=False, return_value=False, dtype=torch.bfloat16, out_idx_dtype=torch.int32, enable_end_position=False, enable_output_idx_offset=False, input_distrib=NormalFloatDistribution(), idx_oob_fill_value=-2147483647, value_oob_fill_value=-1234123412341234, seed=492, check_correctness=True, num_runs=10)
topk           :    76.365 us, 0.003 TB/s
torch.topk     :   168.371 us, 0.002 TB/s  (speedup 2.20x)
================
[   494/   549, 90%] Running on TestParam(batch_size=1, vocab_size=262144, topk=512, sorted_value=False, sorted_index=False, return_value=False, dtype=torch.bfloat16, out_idx_dtype=torch.int32, enable_end_position=False, enable_output_idx_offset=False, input_distrib=NormalFloatDistribution(), idx_oob_fill_value=-2147483647, value_oob_fill_value=-1234123412341234, seed=493, check_correctness=True, num_runs=10)
topk           :    82.893 us, 0.006 TB/s
torch.topk     :   183.629 us, 0.003 TB/s  (speedup 2.22x)
================
[   495/   549, 90%] Running on TestParam(batch_size=1, vocab_size=1048576, topk=512, sorted_value=False, sorted_index=False, return_value=False, dtype=torch.bfloat16, out_idx_dtype=torch.int32, enable_end_position=False, enable_output_idx_offset=False, input_distrib=NormalFloatDistribution(), idx_oob_fill_value=-2147483647, value_oob_fill_value=-1234123412341234, seed=494, check_correctness=True, num_runs=10)
topk           :   105.754 us, 0.020 TB/s
torch.topk     :   289.843 us, 0.007 TB/s  (speedup 2.74x)
================
[   496/   549, 90%] Running on TestParam(batch_size=64, vocab_size=131072, topk=512, sorted_value=False, sorted_index=False, return_value=False, dtype=torch.bfloat16, out_idx_dtype=torch.int32, enable_end_position=False, enable_output_idx_offset=False, input_distrib=NormalFloatDistribution(), idx_oob_fill_value=-2147483647, value_oob_fill_value=-1234123412341234, seed=495, check_correctness=True, num_runs=10)
topk           :    83.328 us, 0.203 TB/s
torch.topk     :   445.414 us, 0.038 TB/s  (speedup 5.35x)
================
[   497/   549, 90%] Running on TestParam(batch_size=64, vocab_size=262144, topk=512, sorted_value=False, sorted_index=False, return_value=False, dtype=torch.bfloat16, out_idx_dtype=torch.int32, enable_end_position=False, enable_output_idx_offset=False, input_distrib=NormalFloatDistribution(), idx_oob_fill_value=-2147483647, value_oob_fill_value=-1234123412341234, seed=496, check_correctness=True, num_runs=10)
topk           :   320.794 us, 0.105 TB/s
torch.topk     :   708.531 us, 0.048 TB/s  (speedup 2.21x)
================
[   498/   549, 91%] Running on TestParam(batch_size=64, vocab_size=1048576, topk=512, sorted_value=False, sorted_index=False, return_value=False, dtype=torch.bfloat16, out_idx_dtype=torch.int32, enable_end_position=False, enable_output_idx_offset=False, input_distrib=NormalFloatDistribution(), idx_oob_fill_value=-2147483647, value_oob_fill_value=-1234123412341234, seed=497, check_correctness=True, num_runs=10)
topk           :   505.958 us, 0.266 TB/s
torch.topk     :  1948.416 us, 0.069 TB/s  (speedup 3.85x)
================
[   499/   549, 91%] Running on TestParam(batch_size=128, vocab_size=131072, topk=512, sorted_value=False, sorted_index=False, return_value=False, dtype=torch.bfloat16, out_idx_dtype=torch.int32, enable_end_position=False, enable_output_idx_offset=False, input_distrib=NormalFloatDistribution(), idx_oob_fill_value=-2147483647, value_oob_fill_value=-1234123412341234, seed=498, check_correctness=True, num_runs=10)
topk           :   158.950 us, 0.213 TB/s
torch.topk     :   700.237 us, 0.048 TB/s  (speedup 4.41x)
================
[   500/   549, 91%] Running on TestParam(batch_size=128, vocab_size=262144, topk=512, sorted_value=False, sorted_index=False, return_value=False, dtype=torch.bfloat16, out_idx_dtype=torch.int32, enable_end_position=False, enable_output_idx_offset=False, input_distrib=NormalFloatDistribution(), idx_oob_fill_value=-2147483647, value_oob_fill_value=-1234123412341234, seed=499, check_correctness=True, num_runs=10)
topk           :   274.202 us, 0.246 TB/s
torch.topk     :  1151.974 us, 0.058 TB/s  (speedup 4.20x)
================
[   501/   549, 91%] Running on TestParam(batch_size=128, vocab_size=1048576, topk=512, sorted_value=False, sorted_index=False, return_value=False, dtype=torch.bfloat16, out_idx_dtype=torch.int32, enable_end_position=False, enable_output_idx_offset=False, input_distrib=NormalFloatDistribution(), idx_oob_fill_value=-2147483647, value_oob_fill_value=-1234123412341234, seed=500, check_correctness=True, num_runs=10)
topk           :   950.451 us, 0.283 TB/s
torch.topk     :  3612.570 us, 0.074 TB/s  (speedup 3.80x)
================
[   502/   549, 91%] Running on TestParam(batch_size=1, vocab_size=131072, topk=1024, sorted_value=False, sorted_index=False, return_value=False, dtype=torch.bfloat16, out_idx_dtype=torch.int32, enable_end_position=False, enable_output_idx_offset=False, input_distrib=NormalFloatDistribution(), idx_oob_fill_value=-2147483647, value_oob_fill_value=-1234123412341234, seed=501, check_correctness=True, num_runs=10)
topk           :    82.611 us, 0.003 TB/s
torch.topk     :   168.832 us, 0.002 TB/s  (speedup 2.04x)
================
[   503/   549, 91%] Running on TestParam(batch_size=1, vocab_size=262144, topk=1024, sorted_value=False, sorted_index=False, return_value=False, dtype=torch.bfloat16, out_idx_dtype=torch.int32, enable_end_position=False, enable_output_idx_offset=False, input_distrib=NormalFloatDistribution(), idx_oob_fill_value=-2147483647, value_oob_fill_value=-1234123412341234, seed=502, check_correctness=True, num_runs=10)
topk           :   100.173 us, 0.005 TB/s
torch.topk     :   188.621 us, 0.003 TB/s  (speedup 1.88x)
================
[   504/   549, 92%] Running on TestParam(batch_size=1, vocab_size=1048576, topk=1024, sorted_value=False, sorted_index=False, return_value=False, dtype=torch.bfloat16, out_idx_dtype=torch.int32, enable_end_position=False, enable_output_idx_offset=False, input_distrib=NormalFloatDistribution(), idx_oob_fill_value=-2147483647, value_oob_fill_value=-1234123412341234, seed=503, check_correctness=True, num_runs=10)
topk           :   131.994 us, 0.016 TB/s
torch.topk     :   295.731 us, 0.007 TB/s  (speedup 2.24x)
================
[   505/   549, 92%] Running on TestParam(batch_size=64, vocab_size=131072, topk=1024, sorted_value=False, sorted_index=False, return_value=False, dtype=torch.bfloat16, out_idx_dtype=torch.int32, enable_end_position=False, enable_output_idx_offset=False, input_distrib=NormalFloatDistribution(), idx_oob_fill_value=-2147483647, value_oob_fill_value=-1234123412341234, seed=504, check_correctness=True, num_runs=10)
topk           :    90.214 us, 0.189 TB/s
torch.topk     :   437.376 us, 0.039 TB/s  (speedup 4.85x)
================
[   506/   549, 92%] Running on TestParam(batch_size=64, vocab_size=262144, topk=1024, sorted_value=False, sorted_index=False, return_value=False, dtype=torch.bfloat16, out_idx_dtype=torch.int32, enable_end_position=False, enable_output_idx_offset=False, input_distrib=NormalFloatDistribution(), idx_oob_fill_value=-2147483647, value_oob_fill_value=-1234123412341234, seed=505, check_correctness=True, num_runs=10)
topk           :   351.334 us, 0.096 TB/s
torch.topk     :   717.363 us, 0.047 TB/s  (speedup 2.04x)
================
[   507/   549, 92%] Running on TestParam(batch_size=64, vocab_size=1048576, topk=1024, sorted_value=False, sorted_index=False, return_value=False, dtype=torch.bfloat16, out_idx_dtype=torch.int32, enable_end_position=False, enable_output_idx_offset=False, input_distrib=NormalFloatDistribution(), idx_oob_fill_value=-2147483647, value_oob_fill_value=-1234123412341234, seed=506, check_correctness=True, num_runs=10)
topk           :   552.320 us, 0.243 TB/s
torch.topk     :  1984.102 us, 0.068 TB/s  (speedup 3.59x)
================
[   508/   549, 92%] Running on TestParam(batch_size=128, vocab_size=131072, topk=1024, sorted_value=False, sorted_index=False, return_value=False, dtype=torch.bfloat16, out_idx_dtype=torch.int32, enable_end_position=False, enable_output_idx_offset=False, input_distrib=NormalFloatDistribution(), idx_oob_fill_value=-2147483647, value_oob_fill_value=-1234123412341234, seed=507, check_correctness=True, num_runs=10)
topk           :   174.643 us, 0.195 TB/s
torch.topk     :   715.162 us, 0.048 TB/s  (speedup 4.09x)
================
[   509/   549, 93%] Running on TestParam(batch_size=128, vocab_size=262144, topk=1024, sorted_value=False, sorted_index=False, return_value=False, dtype=torch.bfloat16, out_idx_dtype=torch.int32, enable_end_position=False, enable_output_idx_offset=False, input_distrib=NormalFloatDistribution(), idx_oob_fill_value=-2147483647, value_oob_fill_value=-1234123412341234, seed=508, check_correctness=True, num_runs=10)
topk           :   293.018 us, 0.231 TB/s
torch.topk     :  1161.626 us, 0.058 TB/s  (speedup 3.96x)
================
[   510/   549, 93%] Running on TestParam(batch_size=128, vocab_size=1048576, topk=1024, sorted_value=False, sorted_index=False, return_value=False, dtype=torch.bfloat16, out_idx_dtype=torch.int32, enable_end_position=False, enable_output_idx_offset=False, input_distrib=NormalFloatDistribution(), idx_oob_fill_value=-2147483647, value_oob_fill_value=-1234123412341234, seed=509, check_correctness=True, num_runs=10)
topk           :   970.752 us, 0.277 TB/s
torch.topk     :  3648.538 us, 0.074 TB/s  (speedup 3.76x)
================
[   511/   549, 93%] Running on TestParam(batch_size=1, vocab_size=131072, topk=2048, sorted_value=False, sorted_index=False, return_value=False, dtype=torch.bfloat16, out_idx_dtype=torch.int32, enable_end_position=False, enable_output_idx_offset=False, input_distrib=NormalFloatDistribution(), idx_oob_fill_value=-2147483647, value_oob_fill_value=-1234123412341234, seed=510, check_correctness=True, num_runs=10)
topk           :   127.718 us, 0.002 TB/s
torch.topk     :   169.139 us, 0.002 TB/s  (speedup 1.32x)
================
[   512/   549, 93%] Running on TestParam(batch_size=1, vocab_size=262144, topk=2048, sorted_value=False, sorted_index=False, return_value=False, dtype=torch.bfloat16, out_idx_dtype=torch.int32, enable_end_position=False, enable_output_idx_offset=False, input_distrib=NormalFloatDistribution(), idx_oob_fill_value=-2147483647, value_oob_fill_value=-1234123412341234, seed=511, check_correctness=True, num_runs=10)
topk           :   217.523 us, 0.002 TB/s
torch.topk     :   188.518 us, 0.003 TB/s  (speedup 0.87x)
================
[   513/   549, 93%] Running on TestParam(batch_size=1, vocab_size=1048576, topk=2048, sorted_value=False, sorted_index=False, return_value=False, dtype=torch.bfloat16, out_idx_dtype=torch.int32, enable_end_position=False, enable_output_idx_offset=False, input_distrib=NormalFloatDistribution(), idx_oob_fill_value=-2147483647, value_oob_fill_value=-1234123412341234, seed=512, check_correctness=True, num_runs=10)
topk           :   705.075 us, 0.003 TB/s
torch.topk     :   294.374 us, 0.007 TB/s  (speedup 0.42x)
================
[   514/   549, 93%] Running on TestParam(batch_size=64, vocab_size=131072, topk=2048, sorted_value=False, sorted_index=False, return_value=False, dtype=torch.bfloat16, out_idx_dtype=torch.int32, enable_end_position=False, enable_output_idx_offset=False, input_distrib=NormalFloatDistribution(), idx_oob_fill_value=-2147483647, value_oob_fill_value=-1234123412341234, seed=513, check_correctness=True, num_runs=10)
topk           :   141.542 us, 0.122 TB/s
torch.topk     :   440.294 us, 0.039 TB/s  (speedup 3.11x)
================
[   515/   549, 94%] Running on TestParam(batch_size=64, vocab_size=262144, topk=2048, sorted_value=False, sorted_index=False, return_value=False, dtype=torch.bfloat16, out_idx_dtype=torch.int32, enable_end_position=False, enable_output_idx_offset=False, input_distrib=NormalFloatDistribution(), idx_oob_fill_value=-2147483647, value_oob_fill_value=-1234123412341234, seed=514, check_correctness=True, num_runs=10)
topk           :   240.896 us, 0.141 TB/s
torch.topk     :   716.237 us, 0.048 TB/s  (speedup 2.97x)
================
[   516/   549, 94%] Running on TestParam(batch_size=64, vocab_size=1048576, topk=2048, sorted_value=False, sorted_index=False, return_value=False, dtype=torch.bfloat16, out_idx_dtype=torch.int32, enable_end_position=False, enable_output_idx_offset=False, input_distrib=NormalFloatDistribution(), idx_oob_fill_value=-2147483647, value_oob_fill_value=-1234123412341234, seed=515, check_correctness=True, num_runs=10)
topk           :   777.958 us, 0.173 TB/s
torch.topk     :  1942.810 us, 0.069 TB/s  (speedup 2.50x)
================
[   517/   549, 94%] Running on TestParam(batch_size=128, vocab_size=131072, topk=2048, sorted_value=False, sorted_index=False, return_value=False, dtype=torch.bfloat16, out_idx_dtype=torch.int32, enable_end_position=False, enable_output_idx_offset=False, input_distrib=NormalFloatDistribution(), idx_oob_fill_value=-2147483647, value_oob_fill_value=-1234123412341234, seed=516, check_correctness=True, num_runs=10)
topk           :   179.763 us, 0.192 TB/s
torch.topk     :   720.205 us, 0.048 TB/s  (speedup 4.01x)
================
[   518/   549, 94%] Running on TestParam(batch_size=128, vocab_size=262144, topk=2048, sorted_value=False, sorted_index=False, return_value=False, dtype=torch.bfloat16, out_idx_dtype=torch.int32, enable_end_position=False, enable_output_idx_offset=False, input_distrib=NormalFloatDistribution(), idx_oob_fill_value=-2147483647, value_oob_fill_value=-1234123412341234, seed=517, check_correctness=True, num_runs=10)
topk           :   309.402 us, 0.220 TB/s
torch.topk     :  1166.362 us, 0.058 TB/s  (speedup 3.77x)
================
[   519/   549, 94%] Running on TestParam(batch_size=128, vocab_size=1048576, topk=2048, sorted_value=False, sorted_index=False, return_value=False, dtype=torch.bfloat16, out_idx_dtype=torch.int32, enable_end_position=False, enable_output_idx_offset=False, input_distrib=NormalFloatDistribution(), idx_oob_fill_value=-2147483647, value_oob_fill_value=-1234123412341234, seed=518, check_correctness=True, num_runs=10)
topk           :  1013.760 us, 0.266 TB/s
torch.topk     :  3617.920 us, 0.074 TB/s  (speedup 3.57x)
================
[   520/   549, 95%] Running on TestParam(batch_size=6, vocab_size=129280, topk=512, sorted_value=True, sorted_index=False, return_value=True, dtype=torch.float32, out_idx_dtype=torch.int64, enable_end_position=False, enable_output_idx_offset=False, input_distrib=NormalFloatDistribution(), idx_oob_fill_value=-2147483647, value_oob_fill_value=-1234123412341234, seed=519, check_correctness=True, num_runs=10)
topk           :   103.142 us, 0.030 TB/s
torch.topk     :   351.718 us, 0.009 TB/s  (speedup 3.41x)
================
[   521/   549, 95%] Running on TestParam(batch_size=256, vocab_size=129280, topk=512, sorted_value=True, sorted_index=False, return_value=True, dtype=torch.float32, out_idx_dtype=torch.int64, enable_end_position=False, enable_output_idx_offset=False, input_distrib=NormalFloatDistribution(), idx_oob_fill_value=-2147483647, value_oob_fill_value=-1234123412341234, seed=520, check_correctness=True, num_runs=10)
topk           :   287.488 us, 0.466 TB/s
torch.topk     :  1598.874 us, 0.084 TB/s  (speedup 5.56x)
================
[   522/   549, 95%] Running on TestParam(batch_size=512, vocab_size=129280, topk=512, sorted_value=True, sorted_index=False, return_value=True, dtype=torch.float32, out_idx_dtype=torch.int64, enable_end_position=False, enable_output_idx_offset=False, input_distrib=NormalFloatDistribution(), idx_oob_fill_value=-2147483647, value_oob_fill_value=-1234123412341234, seed=521, check_correctness=True, num_runs=10)
topk           :   498.688 us, 0.537 TB/s
torch.topk     :  2803.098 us, 0.096 TB/s  (speedup 5.62x)
================
[   523/   549, 95%] Running on TestParam(batch_size=768, vocab_size=129280, topk=512, sorted_value=True, sorted_index=False, return_value=True, dtype=torch.float32, out_idx_dtype=torch.int64, enable_end_position=False, enable_output_idx_offset=False, input_distrib=NormalFloatDistribution(), idx_oob_fill_value=-2147483647, value_oob_fill_value=-1234123412341234, seed=522, check_correctness=True, num_runs=10)
topk           :   745.677 us, 0.539 TB/s
torch.topk     :  4060.493 us, 0.099 TB/s  (speedup 5.45x)
================
[   524/   549, 95%] Running on TestParam(batch_size=4096, vocab_size=129280, topk=512, sorted_value=True, sorted_index=False, return_value=True, dtype=torch.float32, out_idx_dtype=torch.int64, enable_end_position=False, enable_output_idx_offset=False, input_distrib=NormalFloatDistribution(), idx_oob_fill_value=-2147483647, value_oob_fill_value=-1234123412341234, seed=523, check_correctness=True, num_runs=10)
topk           :  4274.765 us, 0.501 TB/s
torch.topk     : 20158.029 us, 0.106 TB/s  (speedup 4.72x)
================
[   525/   549, 95%] Running on TestParam(batch_size=1, vocab_size=66551, topk=2048, sorted_value=False, sorted_index=False, return_value=False, dtype=torch.float32, out_idx_dtype=torch.int32, enable_end_position=False, enable_output_idx_offset=False, input_distrib=NormalFloatDistribution(), idx_oob_fill_value=-2147483647, value_oob_fill_value=-1234123412341234, seed=524, check_correctness=True, num_runs=10)
topk           :    66.790 us, 0.004 TB/s
torch.topk     :   220.902 us, 0.001 TB/s  (speedup 3.31x)
================
[   526/   549, 96%] Running on TestParam(batch_size=16, vocab_size=66551, topk=2048, sorted_value=False, sorted_index=False, return_value=False, dtype=torch.float32, out_idx_dtype=torch.int32, enable_end_position=False, enable_output_idx_offset=False, input_distrib=NormalFloatDistribution(), idx_oob_fill_value=-2147483647, value_oob_fill_value=-1234123412341234, seed=525, check_correctness=True, num_runs=10)
topk           :    86.784 us, 0.051 TB/s
torch.topk     :   347.290 us, 0.013 TB/s  (speedup 4.00x)
================
[   527/   549, 96%] Running on TestParam(batch_size=132, vocab_size=66551, topk=2048, sorted_value=False, sorted_index=False, return_value=False, dtype=torch.float32, out_idx_dtype=torch.int32, enable_end_position=False, enable_output_idx_offset=False, input_distrib=NormalFloatDistribution(), idx_oob_fill_value=-2147483647, value_oob_fill_value=-1234123412341234, seed=526, check_correctness=True, num_runs=10)
topk           :   132.045 us, 0.274 TB/s
torch.topk     :   648.064 us, 0.056 TB/s  (speedup 4.91x)
================
[   528/   549, 96%] Running on TestParam(batch_size=512, vocab_size=66551, topk=2048, sorted_value=False, sorted_index=False, return_value=False, dtype=torch.float32, out_idx_dtype=torch.int32, enable_end_position=False, enable_output_idx_offset=False, input_distrib=NormalFloatDistribution(), idx_oob_fill_value=-2147483647, value_oob_fill_value=-1234123412341234, seed=527, check_correctness=True, num_runs=10)
topk           :   275.302 us, 0.510 TB/s
torch.topk     :  1599.846 us, 0.088 TB/s  (speedup 5.81x)
================
[   529/   549, 96%] Running on TestParam(batch_size=1, vocab_size=131072, topk=2048, sorted_value=False, sorted_index=False, return_value=False, dtype=torch.float32, out_idx_dtype=torch.int32, enable_end_position=False, enable_output_idx_offset=False, input_distrib=NormalFloatDistribution(), idx_oob_fill_value=-2147483647, value_oob_fill_value=-1234123412341234, seed=528, check_correctness=True, num_runs=10)
topk           :    77.696 us, 0.007 TB/s
torch.topk     :   261.811 us, 0.002 TB/s  (speedup 3.37x)
================
[   530/   549, 96%] Running on TestParam(batch_size=1, vocab_size=131072, topk=2048, sorted_value=False, sorted_index=False, return_value=False, dtype=torch.float32, out_idx_dtype=torch.int32, enable_end_position=False, enable_output_idx_offset=False, input_distrib=NormalFloatDistribution(), idx_oob_fill_value=-2147483647, value_oob_fill_value=-1234123412341234, seed=529, check_correctness=True, num_runs=10)
topk           :    78.003 us, 0.007 TB/s
torch.topk     :   265.114 us, 0.002 TB/s  (speedup 3.40x)
================
[   531/   549, 97%] Running on TestParam(batch_size=1, vocab_size=131072, topk=2048, sorted_value=False, sorted_index=False, return_value=False, dtype=torch.float32, out_idx_dtype=torch.int32, enable_end_position=False, enable_output_idx_offset=False, input_distrib=NormalFloatDistribution(), idx_oob_fill_value=-2147483647, value_oob_fill_value=-1234123412341234, seed=530, check_correctness=True, num_runs=10)
topk           :    77.722 us, 0.007 TB/s
torch.topk     :   262.477 us, 0.002 TB/s  (speedup 3.38x)
================
[   532/   549, 97%] Running on TestParam(batch_size=1, vocab_size=131072, topk=2048, sorted_value=False, sorted_index=False, return_value=False, dtype=torch.float32, out_idx_dtype=torch.int32, enable_end_position=False, enable_output_idx_offset=False, input_distrib=NormalFloatDistribution(), idx_oob_fill_value=-2147483647, value_oob_fill_value=-1234123412341234, seed=531, check_correctness=True, num_runs=10)
topk           :    77.747 us, 0.007 TB/s
torch.topk     :   260.019 us, 0.002 TB/s  (speedup 3.34x)
================
[   533/   549, 97%] Running on TestParam(batch_size=132, vocab_size=131072, topk=2048, sorted_value=False, sorted_index=False, return_value=False, dtype=torch.float32, out_idx_dtype=torch.int32, enable_end_position=False, enable_output_idx_offset=False, input_distrib=NormalFloatDistribution(), idx_oob_fill_value=-2147483647, value_oob_fill_value=-1234123412341234, seed=532, check_correctness=True, num_runs=10)
topk           :   205.645 us, 0.342 TB/s
torch.topk     :  1016.883 us, 0.069 TB/s  (speedup 4.94x)
================
[   534/   549, 97%] Running on TestParam(batch_size=132, vocab_size=131072, topk=2048, sorted_value=False, sorted_index=False, return_value=False, dtype=torch.float32, out_idx_dtype=torch.int32, enable_end_position=False, enable_output_idx_offset=False, input_distrib=NormalFloatDistribution(), idx_oob_fill_value=-2147483647, value_oob_fill_value=-1234123412341234, seed=533, check_correctness=True, num_runs=10)
topk           :   205.568 us, 0.342 TB/s
torch.topk     :  1011.994 us, 0.069 TB/s  (speedup 4.92x)
================
[   535/   549, 97%] Running on TestParam(batch_size=132, vocab_size=131072, topk=2048, sorted_value=False, sorted_index=False, return_value=False, dtype=torch.float32, out_idx_dtype=torch.int32, enable_end_position=False, enable_output_idx_offset=False, input_distrib=NormalFloatDistribution(), idx_oob_fill_value=-2147483647, value_oob_fill_value=-1234123412341234, seed=534, check_correctness=True, num_runs=10)
topk           :   205.952 us, 0.341 TB/s
torch.topk     :  1002.778 us, 0.070 TB/s  (speedup 4.87x)
================
[   536/   549, 97%] Running on TestParam(batch_size=132, vocab_size=131072, topk=2048, sorted_value=False, sorted_index=False, return_value=False, dtype=torch.float32, out_idx_dtype=torch.int32, enable_end_position=False, enable_output_idx_offset=False, input_distrib=NormalFloatDistribution(), idx_oob_fill_value=-2147483647, value_oob_fill_value=-1234123412341234, seed=535, check_correctness=True, num_runs=10)
topk           :   204.595 us, 0.344 TB/s
torch.topk     :  1018.163 us, 0.069 TB/s  (speedup 4.98x)
================
[   537/   549, 98%] Running on TestParam(batch_size=256, vocab_size=131072, topk=2048, sorted_value=False, sorted_index=False, return_value=False, dtype=torch.float32, out_idx_dtype=torch.int32, enable_end_position=False, enable_output_idx_offset=False, input_distrib=NormalFloatDistribution(), idx_oob_fill_value=-2147483647, value_oob_fill_value=-1234123412341234, seed=536, check_correctness=True, num_runs=10)
topk           :   276.915 us, 0.492 TB/s
torch.topk     :  1617.331 us, 0.084 TB/s  (speedup 5.84x)
================
[   538/   549, 98%] Running on TestParam(batch_size=256, vocab_size=131072, topk=2048, sorted_value=False, sorted_index=False, return_value=False, dtype=torch.float32, out_idx_dtype=torch.int32, enable_end_position=False, enable_output_idx_offset=False, input_distrib=NormalFloatDistribution(), idx_oob_fill_value=-2147483647, value_oob_fill_value=-1234123412341234, seed=537, check_correctness=True, num_runs=10)
topk           :   277.376 us, 0.491 TB/s
torch.topk     :  1616.486 us, 0.084 TB/s  (speedup 5.83x)
================
[   539/   549, 98%] Running on TestParam(batch_size=256, vocab_size=131072, topk=2048, sorted_value=False, sorted_index=False, return_value=False, dtype=torch.float32, out_idx_dtype=torch.int32, enable_end_position=False, enable_output_idx_offset=False, input_distrib=NormalFloatDistribution(), idx_oob_fill_value=-2147483647, value_oob_fill_value=-1234123412341234, seed=538, check_correctness=True, num_runs=10)
topk           :   276.250 us, 0.493 TB/s
torch.topk     :  1610.061 us, 0.085 TB/s  (speedup 5.83x)
================
[   540/   549, 98%] Running on TestParam(batch_size=256, vocab_size=131072, topk=2048, sorted_value=False, sorted_index=False, return_value=False, dtype=torch.float32, out_idx_dtype=torch.int32, enable_end_position=False, enable_output_idx_offset=False, input_distrib=NormalFloatDistribution(), idx_oob_fill_value=-2147483647, value_oob_fill_value=-1234123412341234, seed=539, check_correctness=True, num_runs=10)
topk           :   276.147 us, 0.494 TB/s
torch.topk     :  1614.131 us, 0.084 TB/s  (speedup 5.85x)
================
[   541/   549, 98%] Running on TestParam(batch_size=4096, vocab_size=131072, topk=2048, sorted_value=False, sorted_index=False, return_value=False, dtype=torch.float32, out_idx_dtype=torch.int32, enable_end_position=False, enable_output_idx_offset=False, input_distrib=NormalFloatDistribution(), idx_oob_fill_value=-2147483647, value_oob_fill_value=-1234123412341234, seed=540, check_correctness=True, num_runs=10)
topk           :  3411.405 us, 0.639 TB/s
torch.topk     : 20475.750 us, 0.107 TB/s  (speedup 6.00x)
================
[   542/   549, 99%] Running on TestParam(batch_size=4096, vocab_size=131072, topk=2048, sorted_value=False, sorted_index=False, return_value=False, dtype=torch.float32, out_idx_dtype=torch.int32, enable_end_position=False, enable_output_idx_offset=False, input_distrib=NormalFloatDistribution(), idx_oob_fill_value=-2147483647, value_oob_fill_value=-1234123412341234, seed=541, check_correctness=True, num_runs=10)
topk           :  3410.278 us, 0.640 TB/s
torch.topk     : 20525.338 us, 0.106 TB/s  (speedup 6.02x)
================
[   543/   549, 99%] Running on TestParam(batch_size=4096, vocab_size=131072, topk=2048, sorted_value=False, sorted_index=False, return_value=False, dtype=torch.float32, out_idx_dtype=torch.int32, enable_end_position=False, enable_output_idx_offset=False, input_distrib=NormalFloatDistribution(), idx_oob_fill_value=-2147483647, value_oob_fill_value=-1234123412341234, seed=542, check_correctness=True, num_runs=10)
topk           :  3411.533 us, 0.639 TB/s
torch.topk     : 20479.846 us, 0.106 TB/s  (speedup 6.00x)
================
[   544/   549, 99%] Running on TestParam(batch_size=4096, vocab_size=131072, topk=2048, sorted_value=False, sorted_index=False, return_value=False, dtype=torch.float32, out_idx_dtype=torch.int32, enable_end_position=False, enable_output_idx_offset=False, input_distrib=NormalFloatDistribution(), idx_oob_fill_value=-2147483647, value_oob_fill_value=-1234123412341234, seed=543, check_correctness=True, num_runs=10)
topk           :  3413.094 us, 0.639 TB/s
torch.topk     : 20506.061 us, 0.106 TB/s  (speedup 6.01x)
================
[   545/   549, 99%] Running on TestParam(batch_size=1, vocab_size=107520, topk=2048, sorted_value=False, sorted_index=False, return_value=False, dtype=torch.float32, out_idx_dtype=torch.int32, enable_end_position=False, enable_output_idx_offset=False, input_distrib=NormalFloatDistribution(), idx_oob_fill_value=-2147483647, value_oob_fill_value=-1234123412341234, seed=544, check_correctness=True, num_runs=10)
topk           :    74.880 us, 0.006 TB/s
torch.topk     :   265.498 us, 0.002 TB/s  (speedup 3.55x)
================
[   546/   549, 99%] Running on TestParam(batch_size=16, vocab_size=66551, topk=2048, sorted_value=False, sorted_index=False, return_value=False, dtype=torch.float32, out_idx_dtype=torch.int32, enable_end_position=False, enable_output_idx_offset=False, input_distrib=NormalFloatDistribution(), idx_oob_fill_value=-2147483647, value_oob_fill_value=-1234123412341234, seed=545, check_correctness=True, num_runs=10)
topk           :    87.245 us, 0.050 TB/s
torch.topk     :   344.346 us, 0.013 TB/s  (speedup 3.95x)
================
[   547/   549, 99%] Running on TestParam(batch_size=132, vocab_size=107520, topk=2048, sorted_value=False, sorted_index=False, return_value=False, dtype=torch.float32, out_idx_dtype=torch.int32, enable_end_position=False, enable_output_idx_offset=False, input_distrib=NormalFloatDistribution(), idx_oob_fill_value=-2147483647, value_oob_fill_value=-1234123412341234, seed=546, check_correctness=True, num_runs=10)
topk           :   173.619 us, 0.333 TB/s
torch.topk     :   885.376 us, 0.065 TB/s  (speedup 5.10x)
================
[   548/   549, 100%] Running on TestParam(batch_size=256, vocab_size=107520, topk=2048, sorted_value=False, sorted_index=False, return_value=False, dtype=torch.float32, out_idx_dtype=torch.int32, enable_end_position=False, enable_output_idx_offset=False, input_distrib=NormalFloatDistribution(), idx_oob_fill_value=-2147483647, value_oob_fill_value=-1234123412341234, seed=547, check_correctness=True, num_runs=10)
topk           :   231.987 us, 0.484 TB/s
torch.topk     :  1363.789 us, 0.082 TB/s  (speedup 5.88x)
================
[   549/   549, 100%] Running on TestParam(batch_size=4096, vocab_size=107520, topk=2048, sorted_value=False, sorted_index=False, return_value=False, dtype=torch.float32, out_idx_dtype=torch.int32, enable_end_position=False, enable_output_idx_offset=False, input_distrib=NormalFloatDistribution(), idx_oob_fill_value=-2147483647, value_oob_fill_value=-1234123412341234, seed=548, check_correctness=True, num_runs=10)
topk           :  2845.824 us, 0.631 TB/s
torch.topk     : 15745.152 us, 0.114 TB/s  (speedup 5.53x)

================================================================
  pass             525
  check_fail         0
  crash              4
  skip              20
  unsupported        0
  crash        TestParam(batch_size=4096, vocab_size=998123, topk=2048, sorted_value=True, sorted_index=False, return_value=True, dtype=torch.float32, out_idx_dtype=torch.int64, enable_end_position=False, enable_output_idx_offset=False, input_distrib=UniformUIntDistribution(lower=0x00000000, upper=0x00001000), idx_oob_fill_value=-1001877, value_oob_fill_value=-1234123412341234, seed=275, check_correctness=True, num_runs=0)
               [RuntimeError: maca_topk.cu:2381: cudaMalloc(&grown, need_workspace) failed: out of memory]
  crash        TestParam(batch_size=8, vocab_size=488, topk=4096, sorted_value=False, sorted_index=True, return_value=True, dtype=torch.bfloat16, out_idx_dtype=torch.int64, enable_end_position=False, enable_output_idx_offset=False, input_distrib=NormalFloatDistribution(post_proc_func=<lambda>), idx_oob_fill_value=-1999512, value_oob_fill_value=-1234123412341234, seed=276, check_correctness=True, num_runs=0)
               [RuntimeError: CUDA error: out of memory
CUDA kernel errors might be asynchronously reported at some other API call, so the stacktrace below might be incorrect.
For debugging consider passing CUDA_LAUNCH_BLOCKING=1
]
  crash        TestParam(batch_size=4096, vocab_size=998123, topk=4096, sorted_value=False, sorted_index=False, return_value=True, dtype=torch.float32, out_idx_dtype=torch.int32, enable_end_position=False, enable_output_idx_offset=False, input_distrib=NormalFloatDistribution(post_proc_func=<lambda>), idx_oob_fill_value=-1001877, value_oob_fill_value=-1234123412341234, seed=281, check_correctness=True, num_runs=0)
               [RuntimeError: maca_topk.cu:2381: cudaMalloc(&grown, need_workspace) failed: out of memory]
  crash        TestParam(batch_size=80, vocab_size=1, topk=1024, sorted_value=False, sorted_index=False, return_value=True, dtype=torch.bfloat16, out_idx_dtype=torch.int32, enable_end_position=False, enable_output_idx_offset=False, input_distrib=NormalFloatDistribution(), idx_oob_fill_value=-1999999, value_oob_fill_value=-1234123412341234, seed=282, check_correctness=True, num_runs=0)
               [RuntimeError: CUDA error: out of memory
CUDA kernel errors might be asynchronously reported at some other API call, so the stacktrace below might be incorrect.
For debugging consider passing CUDA_LAUNCH_BLOCKING=1
]
  skip         TestParam(batch_size=512, vocab_size=8388607, topk=4096, sorted_value=False, sorted_index=True, return_value=False, dtype=torch.float32, out_idx_dtype=torch.int64, enable_end_position=False, enable_output_idx_offset=False, input_distrib=NormalFloatDistribution(post_proc_func=<lambda>), idx_oob_fill_value=6388607, value_oob_fill_value=-1234123412341234, seed=21, check_correctness=True, num_runs=0)
               [out of memory: CUDA out of memory. Tried to allocate 16.00 GiB. GPU 0 has a total capacity of 63.59 GiB of which 14.41 GiB is free. Of ]
  skip         TestParam(batch_size=4096, vocab_size=998123, topk=4096, sorted_value=False, sorted_index=True, return_value=False, dtype=torch.bfloat16, out_idx_dtype=torch.int64, enable_end_position=False, enable_output_idx_offset=False, input_distrib=UintDistributionWithHotspotAndSpecifiedPivot(pivot=None, topk=4096, hotspots=[(65409, 8)], allow_nan=True), idx_oob_fill_value=-1001877, value_oob_fill_value=-1234123412341234, seed=27, check_correctness=True, num_runs=0)
               [out of memory: CUDA out of memory. Tried to allocate 30.46 GiB. GPU 0 has a total capacity of 63.59 GiB of which 14.41 GiB is free. Of ]
  skip         TestParam(batch_size=4096, vocab_size=418673, topk=1, sorted_value=False, sorted_index=False, return_value=False, dtype=torch.bfloat16, out_idx_dtype=torch.int64, enable_end_position=True, enable_output_idx_offset=False, input_distrib=UintDistributionWithHotspotAndSpecifiedPivot(pivot=None, topk=1, hotspots=[(32641, 8)], allow_nan=True), idx_oob_fill_value=-1581327, value_oob_fill_value=-1234123412341234, seed=50, check_correctness=True, num_runs=0)
               [out of memory: CUDA out of memory. Tried to allocate 19.17 GiB. GPU 0 has a total capacity of 63.59 GiB of which 14.41 GiB is free. Of ]
  skip         TestParam(batch_size=4096, vocab_size=998123, topk=2333, sorted_value=False, sorted_index=True, return_value=True, dtype=torch.float32, out_idx_dtype=torch.int32, enable_end_position=True, enable_output_idx_offset=False, input_distrib=UintDistributionWithHotspotAndSpecifiedPivot(pivot=None, topk=2333, hotspots=[(2139095041, 8)], allow_nan=True), idx_oob_fill_value=-1001877, value_oob_fill_value=-1234123412341234, seed=57, check_correctness=True, num_runs=0)
               [out of memory: CUDA out of memory. Tried to allocate 30.46 GiB. GPU 0 has a total capacity of 63.59 GiB of which 14.41 GiB is free. Of ]
  skip         TestParam(batch_size=4096, vocab_size=682965, topk=1024, sorted_value=False, sorted_index=True, return_value=True, dtype=torch.bfloat16, out_idx_dtype=torch.int64, enable_end_position=False, enable_output_idx_offset=False, input_distrib=UintDistributionWithHotspotAndSpecifiedPivot(pivot=None, topk=1024, hotspots=[(65409, 8)], allow_nan=True), idx_oob_fill_value=-1317035, value_oob_fill_value=-1234123412341234, seed=115, check_correctness=True, num_runs=0)
               [out of memory: CUDA out of memory. Tried to allocate 16.00 GiB. GPU 0 has a total capacity of 63.59 GiB of which 8.04 GiB is free. Of t]
  skip         TestParam(batch_size=4096, vocab_size=418673, topk=2333, sorted_value=False, sorted_index=True, return_value=False, dtype=torch.bfloat16, out_idx_dtype=torch.int32, enable_end_position=True, enable_output_idx_offset=False, input_distrib=UintDistributionWithHotspotAndSpecifiedPivot(pivot=None, topk=2333, hotspots=[(65409, 8)], allow_nan=True), idx_oob_fill_value=-1581327, value_oob_fill_value=-1234123412341234, seed=142, check_correctness=True, num_runs=0)
               [out of memory: CUDA out of memory. Tried to allocate 19.17 GiB. GPU 0 has a total capacity of 63.59 GiB of which 3.29 GiB is free. Of t]
  skip         TestParam(batch_size=4096, vocab_size=998123, topk=2333, sorted_value=True, sorted_index=False, return_value=True, dtype=torch.float32, out_idx_dtype=torch.int32, enable_end_position=True, enable_output_idx_offset=False, input_distrib=UintDistributionWithHotspotAndSpecifiedPivot(pivot=None, topk=2333, hotspots=[(2139095041, 8)], allow_nan=True), idx_oob_fill_value=-1001877, value_oob_fill_value=-1234123412341234, seed=159, check_correctness=True, num_runs=0)
               [out of memory: CUDA out of memory. Tried to allocate 30.46 GiB. GPU 0 has a total capacity of 63.59 GiB of which 15.16 GiB is free. Of ]
  skip         TestParam(batch_size=512, vocab_size=8388607, topk=512, sorted_value=True, sorted_index=False, return_value=True, dtype=torch.float32, out_idx_dtype=torch.int32, enable_end_position=False, enable_output_idx_offset=False, input_distrib=NormalFloatDistribution(post_proc_func=<lambda>), idx_oob_fill_value=6388607, value_oob_fill_value=-1234123412341234, seed=162, check_correctness=True, num_runs=0)
               [out of memory: CUDA out of memory. Tried to allocate 16.00 GiB. GPU 0 has a total capacity of 63.59 GiB of which 12.91 GiB is free. Of ]
  skip         TestParam(batch_size=512, vocab_size=8388607, topk=2048, sorted_value=False, sorted_index=True, return_value=True, dtype=torch.bfloat16, out_idx_dtype=torch.int64, enable_end_position=False, enable_output_idx_offset=False, input_distrib=UintDistributionWithHotspotAndSpecifiedPivot(pivot=None, topk=2048, hotspots=[(65409, 8)], allow_nan=True), idx_oob_fill_value=6388607, value_oob_fill_value=-1234123412341234, seed=167, check_correctness=True, num_runs=0)
               [out of memory: CUDA out of memory. Tried to allocate 32.00 GiB. GPU 0 has a total capacity of 63.59 GiB of which 12.91 GiB is free. Of ]
  skip         TestParam(batch_size=4096, vocab_size=1048576, topk=280, sorted_value=True, sorted_index=False, return_value=True, dtype=torch.float32, out_idx_dtype=torch.int64, enable_end_position=False, enable_output_idx_offset=False, input_distrib=NormalFloatDistribution(post_proc_func=<lambda>), idx_oob_fill_value=-951424, value_oob_fill_value=-1234123412341234, seed=229, check_correctness=True, num_runs=0)
               [out of memory: CUDA out of memory. Tried to allocate 16.00 GiB. GPU 0 has a total capacity of 63.59 GiB of which 14.41 GiB is free. Of ]
  skip         TestParam(batch_size=4096, vocab_size=998123, topk=1024, sorted_value=False, sorted_index=False, return_value=True, dtype=torch.float32, out_idx_dtype=torch.int64, enable_end_position=False, enable_output_idx_offset=False, input_distrib=UintDistributionWithHotspotAndSpecifiedPivot(pivot=None, topk=1024, hotspots=[(4286578689, 8)], allow_nan=True), idx_oob_fill_value=-1001877, value_oob_fill_value=-1234123412341234, seed=236, check_correctness=True, num_runs=0)
               [out of memory: CUDA out of memory. Tried to allocate 30.46 GiB. GPU 0 has a total capacity of 63.59 GiB of which 14.41 GiB is free. Of ]
  skip         TestParam(batch_size=4096, vocab_size=1048576, topk=1231, sorted_value=False, sorted_index=False, return_value=True, dtype=torch.float32, out_idx_dtype=torch.int64, enable_end_position=True, enable_output_idx_offset=False, input_distrib=NormalFloatDistribution(post_proc_func=<lambda>), idx_oob_fill_value=-951424, value_oob_fill_value=-1234123412341234, seed=269, check_correctness=True, num_runs=0)
               [out of memory: CUDA out of memory. Tried to allocate 16.00 GiB. GPU 0 has a total capacity of 63.59 GiB of which 14.41 GiB is free. Of ]
  skip         TestParam(batch_size=4096, vocab_size=1048576, topk=1231, sorted_value=False, sorted_index=True, return_value=False, dtype=torch.bfloat16, out_idx_dtype=torch.int32, enable_end_position=True, enable_output_idx_offset=False, input_distrib=UintDistributionWithHotspotAndSpecifiedPivot(pivot=None, topk=1231, hotspots=[(65409, 8)], allow_nan=True), idx_oob_fill_value=-951424, value_oob_fill_value=-1234123412341234, seed=305, check_correctness=True, num_runs=0)
               [out of memory: CUDA out of memory. Tried to allocate 32.00 GiB. GPU 0 has a total capacity of 63.59 GiB of which 0 bytes is free. Of th]
  skip         TestParam(batch_size=4096, vocab_size=682965, topk=2333, sorted_value=False, sorted_index=True, return_value=True, dtype=torch.float32, out_idx_dtype=torch.int32, enable_end_position=True, enable_output_idx_offset=False, input_distrib=UintDistributionWithHotspotAndSpecifiedPivot(pivot=None, topk=2333, hotspots=[(2139095041, 8)], allow_nan=True), idx_oob_fill_value=-1317035, value_oob_fill_value=-1234123412341234, seed=308, check_correctness=True, num_runs=0)
               [out of memory: CUDA out of memory. Tried to allocate 20.84 GiB. GPU 0 has a total capacity of 63.59 GiB of which 19.16 GiB is free. Of ]
  skip         TestParam(batch_size=512, vocab_size=8388607, topk=512, sorted_value=False, sorted_index=False, return_value=False, dtype=torch.float32, out_idx_dtype=torch.int32, enable_end_position=False, enable_output_idx_offset=False, input_distrib=UniformUIntDistribution(lower=0x00000000, upper=0x00000020), idx_oob_fill_value=6388607, value_oob_fill_value=-1234123412341234, seed=314, check_correctness=True, num_runs=0)
               [out of memory: CUDA out of memory. Tried to allocate 16.00 GiB. GPU 0 has a total capacity of 63.59 GiB of which 12.85 GiB is free. Of ]
  skip         TestParam(batch_size=512, vocab_size=8388607, topk=1024, sorted_value=False, sorted_index=True, return_value=True, dtype=torch.float32, out_idx_dtype=torch.int32, enable_end_position=False, enable_output_idx_offset=False, input_distrib=NormalFloatDistribution(post_proc_func=<lambda>), idx_oob_fill_value=6388607, value_oob_fill_value=-1234123412341234, seed=319, check_correctness=True, num_runs=0)
               [out of memory: CUDA out of memory. Tried to allocate 16.00 GiB. GPU 0 has a total capacity of 63.59 GiB of which 12.85 GiB is free. Of ]
  skip         TestParam(batch_size=4096, vocab_size=998123, topk=2333, sorted_value=True, sorted_index=False, return_value=True, dtype=torch.float32, out_idx_dtype=torch.int32, enable_end_position=True, enable_output_idx_offset=False, input_distrib=UniformUIntDistribution(lower=0x80000000, upper=0xff800000), idx_oob_fill_value=-1001877, value_oob_fill_value=-1234123412341234, seed=336, check_correctness=True, num_runs=0)
               [out of memory: CUDA out of memory. Tried to allocate 15.23 GiB. GPU 0 has a total capacity of 63.59 GiB of which 12.85 GiB is free. Of ]
  skip         TestParam(batch_size=512, vocab_size=8388607, topk=1024, sorted_value=False, sorted_index=True, return_value=False, dtype=torch.float32, out_idx_dtype=torch.int32, enable_end_position=False, enable_output_idx_offset=False, input_distrib=UintDistributionWithHotspotAndSpecifiedPivot(pivot=None, topk=1024, hotspots=[(4286578689, 8)], allow_nan=True), idx_oob_fill_value=6388607, value_oob_fill_value=-1234123412341234, seed=373, check_correctness=True, num_runs=0)
               [out of memory: CUDA out of memory. Tried to allocate 32.00 GiB. GPU 0 has a total capacity of 63.59 GiB of which 12.85 GiB is free. Of ]
  skip         TestParam(batch_size=512, vocab_size=8388607, topk=1024, sorted_value=False, sorted_index=True, return_value=True, dtype=torch.float32, out_idx_dtype=torch.int64, enable_end_position=False, enable_output_idx_offset=False, input_distrib=UintDistributionWithHotspotAndSpecifiedPivot(pivot=None, topk=1024, hotspots=[(4286578689, 8)], allow_nan=True), idx_oob_fill_value=6388607, value_oob_fill_value=-1234123412341234, seed=379, check_correctness=True, num_runs=0)
               [out of memory: CUDA out of memory. Tried to allocate 32.00 GiB. GPU 0 has a total capacity of 63.59 GiB of which 12.85 GiB is free. Of ]
  skip         TestParam(batch_size=4096, vocab_size=1048576, topk=4096, sorted_value=False, sorted_index=False, return_value=False, dtype=torch.float32, out_idx_dtype=torch.int32, enable_end_position=False, enable_output_idx_offset=False, input_distrib=NormalFloatDistribution(post_proc_func=<lambda>), idx_oob_fill_value=-951424, value_oob_fill_value=-1234123412341234, seed=392, check_correctness=True, num_runs=0)
               [out of memory: CUDA out of memory. Tried to allocate 16.00 GiB. GPU 0 has a total capacity of 63.59 GiB of which 10.66 GiB is free. Of ]
[31m[1m0 case(s) selected wrong, 4 crashed, of 549 run[0m
# exit 1
