chip,device_name,sm_count,git_commit,extension_md5,case_source,family,n_rows,n_cols,top_k,sorted_value,return_value,input_dtype,index_dtype,num_runs,backend,status,error_type,error_message,time(us),wall_us,throughput(TB/s),bandwidth(GB/s),Byte(MB),relative_pct_vs_maca_c,wall_relative_pct_vs_maca_c,note
MetaX_C500,MetaX C500,104,8445068cb9ab5db2c105cf9b52db9dc0765c404e,4f0c4ceae8a1e20e10ac225ddb5ff3bd,official,lightning_indexer,6,256,512,0,0,bfloat16,int32,10,maca_c,pass,,,3.584,41.114,0.004286,4.286,0.015,100.0,100.0,
MetaX_C500,MetaX C500,104,8445068cb9ab5db2c105cf9b52db9dc0765c404e,4f0c4ceae8a1e20e10ac225ddb5ff3bd,official,lightning_indexer,6,256,512,0,0,bfloat16,int32,10,torch,pass,,"not applicable: the reference backend needs vocab_size >= topk, no window, no offset (tests/test.py's own guard)",,,,,,,,
MetaX_C500,MetaX C500,104,8445068cb9ab5db2c105cf9b52db9dc0765c404e,4f0c4ceae8a1e20e10ac225ddb5ff3bd,official,lightning_indexer,6,256,512,0,0,bfloat16,int32,10,deep_gemm,unsupported,UnsupportedByBackend,"backend 'deep_gemm' ranks float32 scores, and was given torch.bfloat16; 'maca_c' and 'torch' take bfloat16 as well",,,,,,,,
MetaX_C500,MetaX C500,104,8445068cb9ab5db2c105cf9b52db9dc0765c404e,4f0c4ceae8a1e20e10ac225ddb5ff3bd,official,lightning_indexer,6,1024,512,0,0,bfloat16,int32,10,maca_c,pass,,,15.565,42.061,0.001579,1.579,0.025,100.0,100.0,
MetaX_C500,MetaX C500,104,8445068cb9ab5db2c105cf9b52db9dc0765c404e,4f0c4ceae8a1e20e10ac225ddb5ff3bd,official,lightning_indexer,6,1024,512,0,0,bfloat16,int32,10,torch,pass,,,26.163,26.47,0.000939,0.939,,59.49,158.9,
MetaX_C500,MetaX C500,104,8445068cb9ab5db2c105cf9b52db9dc0765c404e,4f0c4ceae8a1e20e10ac225ddb5ff3bd,official,lightning_indexer,6,1024,512,0,0,bfloat16,int32,10,deep_gemm,unsupported,UnsupportedByBackend,"backend 'deep_gemm' ranks float32 scores, and was given torch.bfloat16; 'maca_c' and 'torch' take bfloat16 as well",,,,,,,,
MetaX_C500,MetaX C500,104,8445068cb9ab5db2c105cf9b52db9dc0765c404e,4f0c4ceae8a1e20e10ac225ddb5ff3bd,official,lightning_indexer,6,4096,512,0,0,bfloat16,int32,10,maca_c,pass,,,17.485,41.882,0.003514,3.514,0.061,100.0,100.0,
MetaX_C500,MetaX C500,104,8445068cb9ab5db2c105cf9b52db9dc0765c404e,4f0c4ceae8a1e20e10ac225ddb5ff3bd,official,lightning_indexer,6,4096,512,0,0,bfloat16,int32,10,torch,pass,,,51.149,51.482,0.001201,1.201,,34.18,81.35,
MetaX_C500,MetaX C500,104,8445068cb9ab5db2c105cf9b52db9dc0765c404e,4f0c4ceae8a1e20e10ac225ddb5ff3bd,official,lightning_indexer,6,4096,512,0,0,bfloat16,int32,10,deep_gemm,unsupported,UnsupportedByBackend,"backend 'deep_gemm' ranks float32 scores, and was given torch.bfloat16; 'maca_c' and 'torch' take bfloat16 as well",,,,,,,,
MetaX_C500,MetaX C500,104,8445068cb9ab5db2c105cf9b52db9dc0765c404e,4f0c4ceae8a1e20e10ac225ddb5ff3bd,official,lightning_indexer,6,16384,512,0,0,bfloat16,int32,10,maca_c,pass,,,27.674,40.934,0.007548,7.548,0.209,100.0,100.0,
MetaX_C500,MetaX C500,104,8445068cb9ab5db2c105cf9b52db9dc0765c404e,4f0c4ceae8a1e20e10ac225ddb5ff3bd,official,lightning_indexer,6,16384,512,0,0,bfloat16,int32,10,torch,pass,,,140.698,140.237,0.001485,1.485,,19.67,29.19,
MetaX_C500,MetaX C500,104,8445068cb9ab5db2c105cf9b52db9dc0765c404e,4f0c4ceae8a1e20e10ac225ddb5ff3bd,official,lightning_indexer,6,16384,512,0,0,bfloat16,int32,10,deep_gemm,unsupported,UnsupportedByBackend,"backend 'deep_gemm' ranks float32 scores, and was given torch.bfloat16; 'maca_c' and 'torch' take bfloat16 as well",,,,,,,,
MetaX_C500,MetaX C500,104,8445068cb9ab5db2c105cf9b52db9dc0765c404e,4f0c4ceae8a1e20e10ac225ddb5ff3bd,official,lightning_indexer,6,65536,512,0,0,bfloat16,int32,10,maca_c,pass,,,49.562,52.762,0.016116,16.116,0.799,100.0,100.0,
MetaX_C500,MetaX C500,104,8445068cb9ab5db2c105cf9b52db9dc0765c404e,4f0c4ceae8a1e20e10ac225ddb5ff3bd,official,lightning_indexer,6,65536,512,0,0,bfloat16,int32,10,torch,pass,,,179.763,156.211,0.004443,4.443,,27.57,33.78,
MetaX_C500,MetaX C500,104,8445068cb9ab5db2c105cf9b52db9dc0765c404e,4f0c4ceae8a1e20e10ac225ddb5ff3bd,official,lightning_indexer,6,65536,512,0,0,bfloat16,int32,10,deep_gemm,unsupported,UnsupportedByBackend,"backend 'deep_gemm' ranks float32 scores, and was given torch.bfloat16; 'maca_c' and 'torch' take bfloat16 as well",,,,,,,,
MetaX_C500,MetaX C500,104,8445068cb9ab5db2c105cf9b52db9dc0765c404e,4f0c4ceae8a1e20e10ac225ddb5ff3bd,official,lightning_indexer,6,131072,512,0,0,bfloat16,int32,10,maca_c,pass,,,76.928,79.104,0.020606,20.606,1.585,100.0,100.0,
MetaX_C500,MetaX C500,104,8445068cb9ab5db2c105cf9b52db9dc0765c404e,4f0c4ceae8a1e20e10ac225ddb5ff3bd,official,lightning_indexer,6,131072,512,0,0,bfloat16,int32,10,torch,pass,,,222.362,205.619,0.007129,7.129,,34.6,38.47,
MetaX_C500,MetaX C500,104,8445068cb9ab5db2c105cf9b52db9dc0765c404e,4f0c4ceae8a1e20e10ac225ddb5ff3bd,official,lightning_indexer,6,131072,512,0,0,bfloat16,int32,10,deep_gemm,unsupported,UnsupportedByBackend,"backend 'deep_gemm' ranks float32 scores, and was given torch.bfloat16; 'maca_c' and 'torch' take bfloat16 as well",,,,,,,,
MetaX_C500,MetaX C500,104,8445068cb9ab5db2c105cf9b52db9dc0765c404e,4f0c4ceae8a1e20e10ac225ddb5ff3bd,official,lightning_indexer,6,262144,512,0,0,bfloat16,int32,10,maca_c,pass,,,81.946,115.84,0.038538,38.538,3.158,100.0,100.0,
MetaX_C500,MetaX C500,104,8445068cb9ab5db2c105cf9b52db9dc0765c404e,4f0c4ceae8a1e20e10ac225ddb5ff3bd,official,lightning_indexer,6,262144,512,0,0,bfloat16,int32,10,torch,pass,,,266.445,245.837,0.011852,11.852,,30.76,47.12,
MetaX_C500,MetaX C500,104,8445068cb9ab5db2c105cf9b52db9dc0765c404e,4f0c4ceae8a1e20e10ac225ddb5ff3bd,official,lightning_indexer,6,262144,512,0,0,bfloat16,int32,10,deep_gemm,unsupported,UnsupportedByBackend,"backend 'deep_gemm' ranks float32 scores, and was given torch.bfloat16; 'maca_c' and 'torch' take bfloat16 as well",,,,,,,,
MetaX_C500,MetaX C500,104,8445068cb9ab5db2c105cf9b52db9dc0765c404e,4f0c4ceae8a1e20e10ac225ddb5ff3bd,official,lightning_indexer,6,524288,512,0,0,bfloat16,int32,10,maca_c,pass,,,81.024,120.064,0.077801,77.801,6.304,100.0,100.0,
MetaX_C500,MetaX C500,104,8445068cb9ab5db2c105cf9b52db9dc0765c404e,4f0c4ceae8a1e20e10ac225ddb5ff3bd,official,lightning_indexer,6,524288,512,0,0,bfloat16,int32,10,torch,pass,,,303.386,278.835,0.020778,20.778,,26.71,43.06,
MetaX_C500,MetaX C500,104,8445068cb9ab5db2c105cf9b52db9dc0765c404e,4f0c4ceae8a1e20e10ac225ddb5ff3bd,official,lightning_indexer,6,524288,512,0,0,bfloat16,int32,10,deep_gemm,unsupported,UnsupportedByBackend,"backend 'deep_gemm' ranks float32 scores, and was given torch.bfloat16; 'maca_c' and 'torch' take bfloat16 as well",,,,,,,,
MetaX_C500,MetaX C500,104,8445068cb9ab5db2c105cf9b52db9dc0765c404e,4f0c4ceae8a1e20e10ac225ddb5ff3bd,official,lightning_indexer,6,1048576,512,0,0,bfloat16,int32,10,maca_c,pass,,,110.208,160.666,0.114286,114.286,12.595,100.0,100.0,
MetaX_C500,MetaX C500,104,8445068cb9ab5db2c105cf9b52db9dc0765c404e,4f0c4ceae8a1e20e10ac225ddb5ff3bd,official,lightning_indexer,6,1048576,512,0,0,bfloat16,int32,10,torch,pass,,,364.979,354.458,0.034509,34.509,,30.2,45.33,
MetaX_C500,MetaX C500,104,8445068cb9ab5db2c105cf9b52db9dc0765c404e,4f0c4ceae8a1e20e10ac225ddb5ff3bd,official,lightning_indexer,6,1048576,512,0,0,bfloat16,int32,10,deep_gemm,unsupported,UnsupportedByBackend,"backend 'deep_gemm' ranks float32 scores, and was given torch.bfloat16; 'maca_c' and 'torch' take bfloat16 as well",,,,,,,,
MetaX_C500,MetaX C500,104,8445068cb9ab5db2c105cf9b52db9dc0765c404e,4f0c4ceae8a1e20e10ac225ddb5ff3bd,official,lightning_indexer,256,256,512,0,0,bfloat16,int32,10,maca_c,pass,,,5.53,41.165,0.11851,118.51,0.655,100.0,100.0,
MetaX_C500,MetaX C500,104,8445068cb9ab5db2c105cf9b52db9dc0765c404e,4f0c4ceae8a1e20e10ac225ddb5ff3bd,official,lightning_indexer,256,256,512,0,0,bfloat16,int32,10,torch,pass,,"not applicable: the reference backend needs vocab_size >= topk, no window, no offset (tests/test.py's own guard)",,,,,,,,
MetaX_C500,MetaX C500,104,8445068cb9ab5db2c105cf9b52db9dc0765c404e,4f0c4ceae8a1e20e10ac225ddb5ff3bd,official,lightning_indexer,256,256,512,0,0,bfloat16,int32,10,deep_gemm,unsupported,UnsupportedByBackend,"backend 'deep_gemm' ranks float32 scores, and was given torch.bfloat16; 'maca_c' and 'torch' take bfloat16 as well",,,,,,,,
MetaX_C500,MetaX C500,104,8445068cb9ab5db2c105cf9b52db9dc0765c404e,4f0c4ceae8a1e20e10ac225ddb5ff3bd,official,lightning_indexer,256,1024,512,0,0,bfloat16,int32,10,maca_c,pass,,,25.498,39.552,0.041124,41.124,1.049,100.0,100.0,
MetaX_C500,MetaX C500,104,8445068cb9ab5db2c105cf9b52db9dc0765c404e,4f0c4ceae8a1e20e10ac225ddb5ff3bd,official,lightning_indexer,256,1024,512,0,0,bfloat16,int32,10,torch,pass,,,61.286,61.542,0.01711,17.11,,41.6,64.27,
MetaX_C500,MetaX C500,104,8445068cb9ab5db2c105cf9b52db9dc0765c404e,4f0c4ceae8a1e20e10ac225ddb5ff3bd,official,lightning_indexer,256,1024,512,0,0,bfloat16,int32,10,deep_gemm,unsupported,UnsupportedByBackend,"backend 'deep_gemm' ranks float32 scores, and was given torch.bfloat16; 'maca_c' and 'torch' take bfloat16 as well",,,,,,,,
MetaX_C500,MetaX C500,104,8445068cb9ab5db2c105cf9b52db9dc0765c404e,4f0c4ceae8a1e20e10ac225ddb5ff3bd,official,lightning_indexer,256,4096,512,0,0,bfloat16,int32,10,maca_c,pass,,,36.019,40.806,0.072779,72.779,2.621,100.0,100.0,
MetaX_C500,MetaX C500,104,8445068cb9ab5db2c105cf9b52db9dc0765c404e,4f0c4ceae8a1e20e10ac225ddb5ff3bd,official,lightning_indexer,256,4096,512,0,0,bfloat16,int32,10,torch,pass,,,212.736,198.042,0.012323,12.323,,16.93,20.6,
MetaX_C500,MetaX C500,104,8445068cb9ab5db2c105cf9b52db9dc0765c404e,4f0c4ceae8a1e20e10ac225ddb5ff3bd,official,lightning_indexer,256,4096,512,0,0,bfloat16,int32,10,deep_gemm,unsupported,UnsupportedByBackend,"backend 'deep_gemm' ranks float32 scores, and was given torch.bfloat16; 'maca_c' and 'torch' take bfloat16 as well",,,,,,,,
MetaX_C500,MetaX C500,104,8445068cb9ab5db2c105cf9b52db9dc0765c404e,4f0c4ceae8a1e20e10ac225ddb5ff3bd,official,lightning_indexer,256,16384,512,0,0,bfloat16,int32,10,maca_c,pass,,,57.216,56.397,0.155776,155.776,8.913,100.0,100.0,
MetaX_C500,MetaX C500,104,8445068cb9ab5db2c105cf9b52db9dc0765c404e,4f0c4ceae8a1e20e10ac225ddb5ff3bd,official,lightning_indexer,256,16384,512,0,0,bfloat16,int32,10,torch,pass,,,318.49,303.334,0.027985,27.985,,17.96,18.59,
MetaX_C500,MetaX C500,104,8445068cb9ab5db2c105cf9b52db9dc0765c404e,4f0c4ceae8a1e20e10ac225ddb5ff3bd,official,lightning_indexer,256,16384,512,0,0,bfloat16,int32,10,deep_gemm,unsupported,UnsupportedByBackend,"backend 'deep_gemm' ranks float32 scores, and was given torch.bfloat16; 'maca_c' and 'torch' take bfloat16 as well",,,,,,,,
MetaX_C500,MetaX C500,104,8445068cb9ab5db2c105cf9b52db9dc0765c404e,4f0c4ceae8a1e20e10ac225ddb5ff3bd,official,lightning_indexer,256,65536,512,0,0,bfloat16,int32,10,maca_c,pass,,,148.787,149.811,0.229044,229.044,34.079,100.0,100.0,
MetaX_C500,MetaX C500,104,8445068cb9ab5db2c105cf9b52db9dc0765c404e,4f0c4ceae8a1e20e10ac225ddb5ff3bd,official,lightning_indexer,256,65536,512,0,0,bfloat16,int32,10,torch,pass,,,710.451,701.594,0.047968,47.968,,20.94,21.35,
MetaX_C500,MetaX C500,104,8445068cb9ab5db2c105cf9b52db9dc0765c404e,4f0c4ceae8a1e20e10ac225ddb5ff3bd,official,lightning_indexer,256,65536,512,0,0,bfloat16,int32,10,deep_gemm,unsupported,UnsupportedByBackend,"backend 'deep_gemm' ranks float32 scores, and was given torch.bfloat16; 'maca_c' and 'torch' take bfloat16 as well",,,,,,,,
MetaX_C500,MetaX C500,104,8445068cb9ab5db2c105cf9b52db9dc0765c404e,4f0c4ceae8a1e20e10ac225ddb5ff3bd,official,lightning_indexer,256,131072,512,0,0,bfloat16,int32,10,maca_c,pass,,,239.002,240.538,0.282982,282.982,67.633,100.0,100.0,
MetaX_C500,MetaX C500,104,8445068cb9ab5db2c105cf9b52db9dc0765c404e,4f0c4ceae8a1e20e10ac225ddb5ff3bd,official,lightning_indexer,256,131072,512,0,0,bfloat16,int32,10,torch,pass,,,1203.686,1202.278,0.056188,56.188,,19.86,20.01,
MetaX_C500,MetaX C500,104,8445068cb9ab5db2c105cf9b52db9dc0765c404e,4f0c4ceae8a1e20e10ac225ddb5ff3bd,official,lightning_indexer,256,131072,512,0,0,bfloat16,int32,10,deep_gemm,unsupported,UnsupportedByBackend,"backend 'deep_gemm' ranks float32 scores, and was given torch.bfloat16; 'maca_c' and 'torch' take bfloat16 as well",,,,,,,,
MetaX_C500,MetaX C500,104,8445068cb9ab5db2c105cf9b52db9dc0765c404e,4f0c4ceae8a1e20e10ac225ddb5ff3bd,official,lightning_indexer,256,262144,512,0,0,bfloat16,int32,10,maca_c,pass,,,412.314,414.029,0.326795,326.795,134.742,100.0,100.0,
MetaX_C500,MetaX C500,104,8445068cb9ab5db2c105cf9b52db9dc0765c404e,4f0c4ceae8a1e20e10ac225ddb5ff3bd,official,lightning_indexer,256,262144,512,0,0,bfloat16,int32,10,torch,pass,,,2038.298,2029.338,0.066105,66.105,,20.23,20.4,
MetaX_C500,MetaX C500,104,8445068cb9ab5db2c105cf9b52db9dc0765c404e,4f0c4ceae8a1e20e10ac225ddb5ff3bd,official,lightning_indexer,256,262144,512,0,0,bfloat16,int32,10,deep_gemm,unsupported,UnsupportedByBackend,"backend 'deep_gemm' ranks float32 scores, and was given torch.bfloat16; 'maca_c' and 'torch' take bfloat16 as well",,,,,,,,
MetaX_C500,MetaX C500,104,8445068cb9ab5db2c105cf9b52db9dc0765c404e,4f0c4ceae8a1e20e10ac225ddb5ff3bd,official,lightning_indexer,256,524288,512,0,0,bfloat16,int32,10,maca_c,pass,,,754.56,756.429,0.356446,356.446,268.96,100.0,100.0,
MetaX_C500,MetaX C500,104,8445068cb9ab5db2c105cf9b52db9dc0765c404e,4f0c4ceae8a1e20e10ac225ddb5ff3bd,official,lightning_indexer,256,524288,512,0,0,bfloat16,int32,10,torch,pass,,,3691.264,3689.984,0.072864,72.864,,20.44,20.5,
MetaX_C500,MetaX C500,104,8445068cb9ab5db2c105cf9b52db9dc0765c404e,4f0c4ceae8a1e20e10ac225ddb5ff3bd,official,lightning_indexer,256,524288,512,0,0,bfloat16,int32,10,deep_gemm,unsupported,UnsupportedByBackend,"backend 'deep_gemm' ranks float32 scores, and was given torch.bfloat16; 'maca_c' and 'torch' take bfloat16 as well",,,,,,,,
MetaX_C500,MetaX C500,104,8445068cb9ab5db2c105cf9b52db9dc0765c404e,4f0c4ceae8a1e20e10ac225ddb5ff3bd,official,lightning_indexer,256,1048576,512,0,0,bfloat16,int32,10,maca_c,pass,,,1439.462,1442.304,0.373331,373.331,537.395,100.0,100.0,
MetaX_C500,MetaX C500,104,8445068cb9ab5db2c105cf9b52db9dc0765c404e,4f0c4ceae8a1e20e10ac225ddb5ff3bd,official,lightning_indexer,256,1048576,512,0,0,bfloat16,int32,10,torch,pass,,,6970.419,6978.586,0.077097,77.097,,20.65,20.67,
MetaX_C500,MetaX C500,104,8445068cb9ab5db2c105cf9b52db9dc0765c404e,4f0c4ceae8a1e20e10ac225ddb5ff3bd,official,lightning_indexer,256,1048576,512,0,0,bfloat16,int32,10,deep_gemm,unsupported,UnsupportedByBackend,"backend 'deep_gemm' ranks float32 scores, and was given torch.bfloat16; 'maca_c' and 'torch' take bfloat16 as well",,,,,,,,
MetaX_C500,MetaX C500,104,8445068cb9ab5db2c105cf9b52db9dc0765c404e,4f0c4ceae8a1e20e10ac225ddb5ff3bd,official,lightning_indexer,512,256,512,0,0,bfloat16,int32,10,maca_c,pass,,,7.142,42.266,0.183523,183.523,1.311,100.0,100.0,
MetaX_C500,MetaX C500,104,8445068cb9ab5db2c105cf9b52db9dc0765c404e,4f0c4ceae8a1e20e10ac225ddb5ff3bd,official,lightning_indexer,512,256,512,0,0,bfloat16,int32,10,torch,pass,,"not applicable: the reference backend needs vocab_size >= topk, no window, no offset (tests/test.py's own guard)",,,,,,,,
MetaX_C500,MetaX C500,104,8445068cb9ab5db2c105cf9b52db9dc0765c404e,4f0c4ceae8a1e20e10ac225ddb5ff3bd,official,lightning_indexer,512,256,512,0,0,bfloat16,int32,10,deep_gemm,unsupported,UnsupportedByBackend,"backend 'deep_gemm' ranks float32 scores, and was given torch.bfloat16; 'maca_c' and 'torch' take bfloat16 as well",,,,,,,,
MetaX_C500,MetaX C500,104,8445068cb9ab5db2c105cf9b52db9dc0765c404e,4f0c4ceae8a1e20e10ac225ddb5ff3bd,official,lightning_indexer,512,1024,512,0,0,bfloat16,int32,10,maca_c,pass,,,37.555,44.57,0.055842,55.842,2.097,100.0,100.0,
MetaX_C500,MetaX C500,104,8445068cb9ab5db2c105cf9b52db9dc0765c404e,4f0c4ceae8a1e20e10ac225ddb5ff3bd,official,lightning_indexer,512,1024,512,0,0,bfloat16,int32,10,torch,pass,,,92.314,92.544,0.022718,22.718,,40.68,48.16,
MetaX_C500,MetaX C500,104,8445068cb9ab5db2c105cf9b52db9dc0765c404e,4f0c4ceae8a1e20e10ac225ddb5ff3bd,official,lightning_indexer,512,1024,512,0,0,bfloat16,int32,10,deep_gemm,unsupported,UnsupportedByBackend,"backend 'deep_gemm' ranks float32 scores, and was given torch.bfloat16; 'maca_c' and 'torch' take bfloat16 as well",,,,,,,,
MetaX_C500,MetaX C500,104,8445068cb9ab5db2c105cf9b52db9dc0765c404e,4f0c4ceae8a1e20e10ac225ddb5ff3bd,official,lightning_indexer,512,4096,512,0,0,bfloat16,int32,10,maca_c,pass,,,49.69,48.64,0.105512,105.512,5.243,100.0,100.0,
MetaX_C500,MetaX C500,104,8445068cb9ab5db2c105cf9b52db9dc0765c404e,4f0c4ceae8a1e20e10ac225ddb5ff3bd,official,lightning_indexer,512,4096,512,0,0,bfloat16,int32,10,torch,pass,,,248.832,239.77,0.02107,21.07,,19.97,20.29,
MetaX_C500,MetaX C500,104,8445068cb9ab5db2c105cf9b52db9dc0765c404e,4f0c4ceae8a1e20e10ac225ddb5ff3bd,official,lightning_indexer,512,4096,512,0,0,bfloat16,int32,10,deep_gemm,unsupported,UnsupportedByBackend,"backend 'deep_gemm' ranks float32 scores, and was given torch.bfloat16; 'maca_c' and 'torch' take bfloat16 as well",,,,,,,,
MetaX_C500,MetaX C500,104,8445068cb9ab5db2c105cf9b52db9dc0765c404e,4f0c4ceae8a1e20e10ac225ddb5ff3bd,official,lightning_indexer,512,16384,512,0,0,bfloat16,int32,10,maca_c,pass,,,85.376,85.12,0.208792,208.792,17.826,100.0,100.0,
MetaX_C500,MetaX C500,104,8445068cb9ab5db2c105cf9b52db9dc0765c404e,4f0c4ceae8a1e20e10ac225ddb5ff3bd,official,lightning_indexer,512,16384,512,0,0,bfloat16,int32,10,torch,pass,,,467.533,455.066,0.038127,38.127,,18.26,18.7,
MetaX_C500,MetaX C500,104,8445068cb9ab5db2c105cf9b52db9dc0765c404e,4f0c4ceae8a1e20e10ac225ddb5ff3bd,official,lightning_indexer,512,16384,512,0,0,bfloat16,int32,10,deep_gemm,unsupported,UnsupportedByBackend,"backend 'deep_gemm' ranks float32 scores, and was given torch.bfloat16; 'maca_c' and 'torch' take bfloat16 as well",,,,,,,,
MetaX_C500,MetaX C500,104,8445068cb9ab5db2c105cf9b52db9dc0765c404e,4f0c4ceae8a1e20e10ac225ddb5ff3bd,official,lightning_indexer,512,65536,512,0,0,bfloat16,int32,10,maca_c,pass,,,246.963,247.526,0.275982,275.982,68.157,100.0,100.0,
MetaX_C500,MetaX C500,104,8445068cb9ab5db2c105cf9b52db9dc0765c404e,4f0c4ceae8a1e20e10ac225ddb5ff3bd,official,lightning_indexer,512,65536,512,0,0,bfloat16,int32,10,torch,pass,,,1198.08,1201.843,0.056889,56.889,,20.61,20.6,
MetaX_C500,MetaX C500,104,8445068cb9ab5db2c105cf9b52db9dc0765c404e,4f0c4ceae8a1e20e10ac225ddb5ff3bd,official,lightning_indexer,512,65536,512,0,0,bfloat16,int32,10,deep_gemm,unsupported,UnsupportedByBackend,"backend 'deep_gemm' ranks float32 scores, and was given torch.bfloat16; 'maca_c' and 'torch' take bfloat16 as well",,,,,,,,
MetaX_C500,MetaX C500,104,8445068cb9ab5db2c105cf9b52db9dc0765c404e,4f0c4ceae8a1e20e10ac225ddb5ff3bd,official,lightning_indexer,512,131072,512,0,0,bfloat16,int32,10,maca_c,pass,,,397.645,398.771,0.340169,340.169,135.266,100.0,100.0,
MetaX_C500,MetaX C500,104,8445068cb9ab5db2c105cf9b52db9dc0765c404e,4f0c4ceae8a1e20e10ac225ddb5ff3bd,official,lightning_indexer,512,131072,512,0,0,bfloat16,int32,10,torch,pass,,,2150.195,2148.045,0.062909,62.909,,18.49,18.56,
MetaX_C500,MetaX C500,104,8445068cb9ab5db2c105cf9b52db9dc0765c404e,4f0c4ceae8a1e20e10ac225ddb5ff3bd,official,lightning_indexer,512,131072,512,0,0,bfloat16,int32,10,deep_gemm,unsupported,UnsupportedByBackend,"backend 'deep_gemm' ranks float32 scores, and was given torch.bfloat16; 'maca_c' and 'torch' take bfloat16 as well",,,,,,,,
MetaX_C500,MetaX C500,104,8445068cb9ab5db2c105cf9b52db9dc0765c404e,4f0c4ceae8a1e20e10ac225ddb5ff3bd,official,lightning_indexer,512,262144,512,0,0,bfloat16,int32,10,maca_c,pass,,,690.765,691.098,0.390124,390.124,269.484,100.0,100.0,
MetaX_C500,MetaX C500,104,8445068cb9ab5db2c105cf9b52db9dc0765c404e,4f0c4ceae8a1e20e10ac225ddb5ff3bd,official,lightning_indexer,512,262144,512,0,0,bfloat16,int32,10,torch,pass,,,3785.626,3788.16,0.071186,71.186,,18.25,18.24,
MetaX_C500,MetaX C500,104,8445068cb9ab5db2c105cf9b52db9dc0765c404e,4f0c4ceae8a1e20e10ac225ddb5ff3bd,official,lightning_indexer,512,262144,512,0,0,bfloat16,int32,10,deep_gemm,unsupported,UnsupportedByBackend,"backend 'deep_gemm' ranks float32 scores, and was given torch.bfloat16; 'maca_c' and 'torch' take bfloat16 as well",,,,,,,,
MetaX_C500,MetaX C500,104,8445068cb9ab5db2c105cf9b52db9dc0765c404e,4f0c4ceae8a1e20e10ac225ddb5ff3bd,official,lightning_indexer,512,524288,512,0,0,bfloat16,int32,10,maca_c,pass,,,1266.816,1270.4,0.424623,424.623,537.919,100.0,100.0,
MetaX_C500,MetaX C500,104,8445068cb9ab5db2c105cf9b52db9dc0765c404e,4f0c4ceae8a1e20e10ac225ddb5ff3bd,official,lightning_indexer,512,524288,512,0,0,bfloat16,int32,10,torch,pass,,,7061.734,7060.992,0.076174,76.174,,17.94,17.99,
MetaX_C500,MetaX C500,104,8445068cb9ab5db2c105cf9b52db9dc0765c404e,4f0c4ceae8a1e20e10ac225ddb5ff3bd,official,lightning_indexer,512,524288,512,0,0,bfloat16,int32,10,deep_gemm,unsupported,UnsupportedByBackend,"backend 'deep_gemm' ranks float32 scores, and was given torch.bfloat16; 'maca_c' and 'torch' take bfloat16 as well",,,,,,,,
MetaX_C500,MetaX C500,104,8445068cb9ab5db2c105cf9b52db9dc0765c404e,4f0c4ceae8a1e20e10ac225ddb5ff3bd,official,lightning_indexer,512,1048576,512,0,0,bfloat16,int32,10,maca_c,pass,,,2421.402,2423.603,0.443871,443.871,1074.79,100.0,100.0,
MetaX_C500,MetaX C500,104,8445068cb9ab5db2c105cf9b52db9dc0765c404e,4f0c4ceae8a1e20e10ac225ddb5ff3bd,official,lightning_indexer,512,1048576,512,0,0,bfloat16,int32,10,torch,pass,,,13632.947,13642.291,0.078838,78.838,,17.76,17.77,
MetaX_C500,MetaX C500,104,8445068cb9ab5db2c105cf9b52db9dc0765c404e,4f0c4ceae8a1e20e10ac225ddb5ff3bd,official,lightning_indexer,512,1048576,512,0,0,bfloat16,int32,10,deep_gemm,unsupported,UnsupportedByBackend,"backend 'deep_gemm' ranks float32 scores, and was given torch.bfloat16; 'maca_c' and 'torch' take bfloat16 as well",,,,,,,,
MetaX_C500,MetaX C500,104,8445068cb9ab5db2c105cf9b52db9dc0765c404e,4f0c4ceae8a1e20e10ac225ddb5ff3bd,official,lightning_indexer,768,256,512,0,0,bfloat16,int32,10,maca_c,pass,,,8.755,39.731,0.224567,224.567,1.966,100.0,100.0,
MetaX_C500,MetaX C500,104,8445068cb9ab5db2c105cf9b52db9dc0765c404e,4f0c4ceae8a1e20e10ac225ddb5ff3bd,official,lightning_indexer,768,256,512,0,0,bfloat16,int32,10,torch,pass,,"not applicable: the reference backend needs vocab_size >= topk, no window, no offset (tests/test.py's own guard)",,,,,,,,
MetaX_C500,MetaX C500,104,8445068cb9ab5db2c105cf9b52db9dc0765c404e,4f0c4ceae8a1e20e10ac225ddb5ff3bd,official,lightning_indexer,768,256,512,0,0,bfloat16,int32,10,deep_gemm,unsupported,UnsupportedByBackend,"backend 'deep_gemm' ranks float32 scores, and was given torch.bfloat16; 'maca_c' and 'torch' take bfloat16 as well",,,,,,,,
MetaX_C500,MetaX C500,104,8445068cb9ab5db2c105cf9b52db9dc0765c404e,4f0c4ceae8a1e20e10ac225ddb5ff3bd,official,lightning_indexer,768,1024,512,0,0,bfloat16,int32,10,maca_c,pass,,,49.382,51.2,0.063702,63.702,3.146,100.0,100.0,
MetaX_C500,MetaX C500,104,8445068cb9ab5db2c105cf9b52db9dc0765c404e,4f0c4ceae8a1e20e10ac225ddb5ff3bd,official,lightning_indexer,768,1024,512,0,0,bfloat16,int32,10,torch,pass,,,126.106,126.669,0.024945,24.945,,39.16,40.42,
MetaX_C500,MetaX C500,104,8445068cb9ab5db2c105cf9b52db9dc0765c404e,4f0c4ceae8a1e20e10ac225ddb5ff3bd,official,lightning_indexer,768,1024,512,0,0,bfloat16,int32,10,deep_gemm,unsupported,UnsupportedByBackend,"backend 'deep_gemm' ranks float32 scores, and was given torch.bfloat16; 'maca_c' and 'torch' take bfloat16 as well",,,,,,,,
MetaX_C500,MetaX C500,104,8445068cb9ab5db2c105cf9b52db9dc0765c404e,4f0c4ceae8a1e20e10ac225ddb5ff3bd,official,lightning_indexer,768,4096,512,0,0,bfloat16,int32,10,maca_c,pass,,,66.022,67.558,0.119117,119.117,7.864,100.0,100.0,
MetaX_C500,MetaX C500,104,8445068cb9ab5db2c105cf9b52db9dc0765c404e,4f0c4ceae8a1e20e10ac225ddb5ff3bd,official,lightning_indexer,768,4096,512,0,0,bfloat16,int32,10,torch,pass,,,308.506,297.165,0.025492,25.492,,21.4,22.73,
MetaX_C500,MetaX C500,104,8445068cb9ab5db2c105cf9b52db9dc0765c404e,4f0c4ceae8a1e20e10ac225ddb5ff3bd,official,lightning_indexer,768,4096,512,0,0,bfloat16,int32,10,deep_gemm,unsupported,UnsupportedByBackend,"backend 'deep_gemm' ranks float32 scores, and was given torch.bfloat16; 'maca_c' and 'torch' take bfloat16 as well",,,,,,,,
MetaX_C500,MetaX C500,104,8445068cb9ab5db2c105cf9b52db9dc0765c404e,4f0c4ceae8a1e20e10ac225ddb5ff3bd,official,lightning_indexer,768,16384,512,0,0,bfloat16,int32,10,maca_c,pass,,,121.165,120.576,0.22068,220.68,26.739,100.0,100.0,
MetaX_C500,MetaX C500,104,8445068cb9ab5db2c105cf9b52db9dc0765c404e,4f0c4ceae8a1e20e10ac225ddb5ff3bd,official,lightning_indexer,768,16384,512,0,0,bfloat16,int32,10,torch,pass,,,672.64,674.842,0.039752,39.752,,18.01,17.87,
MetaX_C500,MetaX C500,104,8445068cb9ab5db2c105cf9b52db9dc0765c404e,4f0c4ceae8a1e20e10ac225ddb5ff3bd,official,lightning_indexer,768,16384,512,0,0,bfloat16,int32,10,deep_gemm,unsupported,UnsupportedByBackend,"backend 'deep_gemm' ranks float32 scores, and was given torch.bfloat16; 'maca_c' and 'torch' take bfloat16 as well",,,,,,,,
MetaX_C500,MetaX C500,104,8445068cb9ab5db2c105cf9b52db9dc0765c404e,4f0c4ceae8a1e20e10ac225ddb5ff3bd,official,lightning_indexer,768,65536,512,0,0,bfloat16,int32,10,maca_c,pass,,,386.15,386.637,0.264758,264.758,102.236,100.0,100.0,
MetaX_C500,MetaX C500,104,8445068cb9ab5db2c105cf9b52db9dc0765c404e,4f0c4ceae8a1e20e10ac225ddb5ff3bd,official,lightning_indexer,768,65536,512,0,0,bfloat16,int32,10,torch,pass,,,1679.181,1672.166,0.060885,60.885,,23.0,23.12,
MetaX_C500,MetaX C500,104,8445068cb9ab5db2c105cf9b52db9dc0765c404e,4f0c4ceae8a1e20e10ac225ddb5ff3bd,official,lightning_indexer,768,65536,512,0,0,bfloat16,int32,10,deep_gemm,unsupported,UnsupportedByBackend,"backend 'deep_gemm' ranks float32 scores, and was given torch.bfloat16; 'maca_c' and 'torch' take bfloat16 as well",,,,,,,,
MetaX_C500,MetaX C500,104,8445068cb9ab5db2c105cf9b52db9dc0765c404e,4f0c4ceae8a1e20e10ac225ddb5ff3bd,official,lightning_indexer,768,131072,512,0,0,bfloat16,int32,10,maca_c,pass,,,627.533,627.686,0.323329,323.329,202.899,100.0,100.0,
MetaX_C500,MetaX C500,104,8445068cb9ab5db2c105cf9b52db9dc0765c404e,4f0c4ceae8a1e20e10ac225ddb5ff3bd,official,lightning_indexer,768,131072,512,0,0,bfloat16,int32,10,torch,pass,,,3085.286,3078.912,0.065764,65.764,,20.34,20.39,
MetaX_C500,MetaX C500,104,8445068cb9ab5db2c105cf9b52db9dc0765c404e,4f0c4ceae8a1e20e10ac225ddb5ff3bd,official,lightning_indexer,768,131072,512,0,0,bfloat16,int32,10,deep_gemm,unsupported,UnsupportedByBackend,"backend 'deep_gemm' ranks float32 scores, and was given torch.bfloat16; 'maca_c' and 'torch' take bfloat16 as well",,,,,,,,
MetaX_C500,MetaX C500,104,8445068cb9ab5db2c105cf9b52db9dc0765c404e,4f0c4ceae8a1e20e10ac225ddb5ff3bd,official,lightning_indexer,768,262144,512,0,0,bfloat16,int32,10,maca_c,pass,,,1091.968,1092.096,0.370181,370.181,404.226,100.0,100.0,
MetaX_C500,MetaX C500,104,8445068cb9ab5db2c105cf9b52db9dc0765c404e,4f0c4ceae8a1e20e10ac225ddb5ff3bd,official,lightning_indexer,768,262144,512,0,0,bfloat16,int32,10,torch,pass,,,5551.181,5548.186,0.072818,72.818,,19.67,19.68,
MetaX_C500,MetaX C500,104,8445068cb9ab5db2c105cf9b52db9dc0765c404e,4f0c4ceae8a1e20e10ac225ddb5ff3bd,official,lightning_indexer,768,262144,512,0,0,bfloat16,int32,10,deep_gemm,unsupported,UnsupportedByBackend,"backend 'deep_gemm' ranks float32 scores, and was given torch.bfloat16; 'maca_c' and 'torch' take bfloat16 as well",,,,,,,,
MetaX_C500,MetaX C500,104,8445068cb9ab5db2c105cf9b52db9dc0765c404e,4f0c4ceae8a1e20e10ac225ddb5ff3bd,official,lightning_indexer,768,524288,512,0,0,bfloat16,int32,10,maca_c,pass,,,2008.704,2010.189,0.401691,401.691,806.879,100.0,100.0,
MetaX_C500,MetaX C500,104,8445068cb9ab5db2c105cf9b52db9dc0765c404e,4f0c4ceae8a1e20e10ac225ddb5ff3bd,official,lightning_indexer,768,524288,512,0,0,bfloat16,int32,10,torch,pass,,,10392.704,10401.28,0.077639,77.639,,19.33,19.33,
MetaX_C500,MetaX C500,104,8445068cb9ab5db2c105cf9b52db9dc0765c404e,4f0c4ceae8a1e20e10ac225ddb5ff3bd,official,lightning_indexer,768,524288,512,0,0,bfloat16,int32,10,deep_gemm,unsupported,UnsupportedByBackend,"backend 'deep_gemm' ranks float32 scores, and was given torch.bfloat16; 'maca_c' and 'torch' take bfloat16 as well",,,,,,,,
MetaX_C500,MetaX C500,104,8445068cb9ab5db2c105cf9b52db9dc0765c404e,4f0c4ceae8a1e20e10ac225ddb5ff3bd,official,lightning_indexer,768,1048576,512,0,0,bfloat16,int32,10,maca_c,pass,,,3845.53,3850.906,0.419236,419.236,1612.186,100.0,100.0,
MetaX_C500,MetaX C500,104,8445068cb9ab5db2c105cf9b52db9dc0765c404e,4f0c4ceae8a1e20e10ac225ddb5ff3bd,official,lightning_indexer,768,1048576,512,0,0,bfloat16,int32,10,torch,pass,,,20111.078,20128.615,0.080164,80.164,,19.12,19.13,
MetaX_C500,MetaX C500,104,8445068cb9ab5db2c105cf9b52db9dc0765c404e,4f0c4ceae8a1e20e10ac225ddb5ff3bd,official,lightning_indexer,768,1048576,512,0,0,bfloat16,int32,10,deep_gemm,unsupported,UnsupportedByBackend,"backend 'deep_gemm' ranks float32 scores, and was given torch.bfloat16; 'maca_c' and 'torch' take bfloat16 as well",,,,,,,,
MetaX_C500,MetaX C500,104,8445068cb9ab5db2c105cf9b52db9dc0765c404e,4f0c4ceae8a1e20e10ac225ddb5ff3bd,official,lightning_indexer,4096,256,512,0,0,bfloat16,int32,10,maca_c,pass,,,31.411,42.624,0.333824,333.824,10.486,100.0,100.0,
MetaX_C500,MetaX C500,104,8445068cb9ab5db2c105cf9b52db9dc0765c404e,4f0c4ceae8a1e20e10ac225ddb5ff3bd,official,lightning_indexer,4096,256,512,0,0,bfloat16,int32,10,torch,pass,,"not applicable: the reference backend needs vocab_size >= topk, no window, no offset (tests/test.py's own guard)",,,,,,,,
MetaX_C500,MetaX C500,104,8445068cb9ab5db2c105cf9b52db9dc0765c404e,4f0c4ceae8a1e20e10ac225ddb5ff3bd,official,lightning_indexer,4096,256,512,0,0,bfloat16,int32,10,deep_gemm,unsupported,UnsupportedByBackend,"backend 'deep_gemm' ranks float32 scores, and was given torch.bfloat16; 'maca_c' and 'torch' take bfloat16 as well",,,,,,,,
MetaX_C500,MetaX C500,104,8445068cb9ab5db2c105cf9b52db9dc0765c404e,4f0c4ceae8a1e20e10ac225ddb5ff3bd,official,lightning_indexer,4096,1024,512,0,0,bfloat16,int32,10,maca_c,pass,,,206.387,209.766,0.08129,81.29,16.777,100.0,100.0,
MetaX_C500,MetaX C500,104,8445068cb9ab5db2c105cf9b52db9dc0765c404e,4f0c4ceae8a1e20e10ac225ddb5ff3bd,official,lightning_indexer,4096,1024,512,0,0,bfloat16,int32,10,torch,pass,,,377.907,374.784,0.044395,44.395,,54.61,55.97,
MetaX_C500,MetaX C500,104,8445068cb9ab5db2c105cf9b52db9dc0765c404e,4f0c4ceae8a1e20e10ac225ddb5ff3bd,official,lightning_indexer,4096,1024,512,0,0,bfloat16,int32,10,deep_gemm,unsupported,UnsupportedByBackend,"backend 'deep_gemm' ranks float32 scores, and was given torch.bfloat16; 'maca_c' and 'torch' take bfloat16 as well",,,,,,,,
MetaX_C500,MetaX C500,104,8445068cb9ab5db2c105cf9b52db9dc0765c404e,4f0c4ceae8a1e20e10ac225ddb5ff3bd,official,lightning_indexer,4096,4096,512,0,0,bfloat16,int32,10,maca_c,pass,,,298.88,302.003,0.140334,140.334,41.943,100.0,100.0,
MetaX_C500,MetaX C500,104,8445068cb9ab5db2c105cf9b52db9dc0765c404e,4f0c4ceae8a1e20e10ac225ddb5ff3bd,official,lightning_indexer,4096,4096,512,0,0,bfloat16,int32,10,torch,pass,,,705.459,697.114,0.059455,59.455,,42.37,43.32,
MetaX_C500,MetaX C500,104,8445068cb9ab5db2c105cf9b52db9dc0765c404e,4f0c4ceae8a1e20e10ac225ddb5ff3bd,official,lightning_indexer,4096,4096,512,0,0,bfloat16,int32,10,deep_gemm,unsupported,UnsupportedByBackend,"backend 'deep_gemm' ranks float32 scores, and was given torch.bfloat16; 'maca_c' and 'torch' take bfloat16 as well",,,,,,,,
MetaX_C500,MetaX C500,104,8445068cb9ab5db2c105cf9b52db9dc0765c404e,4f0c4ceae8a1e20e10ac225ddb5ff3bd,official,lightning_indexer,4096,16384,512,0,0,bfloat16,int32,10,maca_c,pass,,,564.326,565.914,0.252702,252.702,142.606,100.0,100.0,
MetaX_C500,MetaX C500,104,8445068cb9ab5db2c105cf9b52db9dc0765c404e,4f0c4ceae8a1e20e10ac225ddb5ff3bd,official,lightning_indexer,4096,16384,512,0,0,bfloat16,int32,10,torch,pass,,,2000.87,2002.867,0.071272,71.272,,28.2,28.26,
MetaX_C500,MetaX C500,104,8445068cb9ab5db2c105cf9b52db9dc0765c404e,4f0c4ceae8a1e20e10ac225ddb5ff3bd,official,lightning_indexer,4096,16384,512,0,0,bfloat16,int32,10,deep_gemm,unsupported,UnsupportedByBackend,"backend 'deep_gemm' ranks float32 scores, and was given torch.bfloat16; 'maca_c' and 'torch' take bfloat16 as well",,,,,,,,
MetaX_C500,MetaX C500,104,8445068cb9ab5db2c105cf9b52db9dc0765c404e,4f0c4ceae8a1e20e10ac225ddb5ff3bd,official,lightning_indexer,4096,65536,512,0,0,bfloat16,int32,10,maca_c,pass,,,1912.499,1913.498,0.285103,285.103,545.26,100.0,100.0,
MetaX_C500,MetaX C500,104,8445068cb9ab5db2c105cf9b52db9dc0765c404e,4f0c4ceae8a1e20e10ac225ddb5ff3bd,official,lightning_indexer,4096,65536,512,0,0,bfloat16,int32,10,torch,pass,,,7792.87,7798.144,0.069969,69.969,,24.54,24.54,
MetaX_C500,MetaX C500,104,8445068cb9ab5db2c105cf9b52db9dc0765c404e,4f0c4ceae8a1e20e10ac225ddb5ff3bd,official,lightning_indexer,4096,65536,512,0,0,bfloat16,int32,10,deep_gemm,unsupported,UnsupportedByBackend,"backend 'deep_gemm' ranks float32 scores, and was given torch.bfloat16; 'maca_c' and 'torch' take bfloat16 as well",,,,,,,,
MetaX_C500,MetaX C500,104,8445068cb9ab5db2c105cf9b52db9dc0765c404e,4f0c4ceae8a1e20e10ac225ddb5ff3bd,official,lightning_indexer,4096,131072,512,0,0,bfloat16,int32,10,maca_c,pass,,,3115.11,3115.264,0.347381,347.381,1082.13,100.0,100.0,
MetaX_C500,MetaX C500,104,8445068cb9ab5db2c105cf9b52db9dc0765c404e,4f0c4ceae8a1e20e10ac225ddb5ff3bd,official,lightning_indexer,4096,131072,512,0,0,bfloat16,int32,10,torch,pass,,,15376.538,15397.734,0.070375,70.375,,20.26,20.23,
MetaX_C500,MetaX C500,104,8445068cb9ab5db2c105cf9b52db9dc0765c404e,4f0c4ceae8a1e20e10ac225ddb5ff3bd,official,lightning_indexer,4096,131072,512,0,0,bfloat16,int32,10,deep_gemm,unsupported,UnsupportedByBackend,"backend 'deep_gemm' ranks float32 scores, and was given torch.bfloat16; 'maca_c' and 'torch' take bfloat16 as well",,,,,,,,
MetaX_C500,MetaX C500,104,8445068cb9ab5db2c105cf9b52db9dc0765c404e,4f0c4ceae8a1e20e10ac225ddb5ff3bd,official,lightning_indexer,4096,262144,512,0,0,bfloat16,int32,10,maca_c,pass,,,5448.294,5460.352,0.395697,395.697,2155.872,100.0,100.0,
MetaX_C500,MetaX C500,104,8445068cb9ab5db2c105cf9b52db9dc0765c404e,4f0c4ceae8a1e20e10ac225ddb5ff3bd,official,lightning_indexer,4096,262144,512,0,0,bfloat16,int32,10,torch,pass,,,29489.92,29530.548,0.073105,73.105,,18.48,18.49,
MetaX_C500,MetaX C500,104,8445068cb9ab5db2c105cf9b52db9dc0765c404e,4f0c4ceae8a1e20e10ac225ddb5ff3bd,official,lightning_indexer,4096,262144,512,0,0,bfloat16,int32,10,deep_gemm,unsupported,UnsupportedByBackend,"backend 'deep_gemm' ranks float32 scores, and was given torch.bfloat16; 'maca_c' and 'torch' take bfloat16 as well",,,,,,,,
MetaX_C500,MetaX C500,104,8445068cb9ab5db2c105cf9b52db9dc0765c404e,4f0c4ceae8a1e20e10ac225ddb5ff3bd,official,lightning_indexer,4096,524288,512,0,0,bfloat16,int32,10,maca_c,pass,,,10052.582,10069.939,0.428085,428.085,4303.356,100.0,100.0,
MetaX_C500,MetaX C500,104,8445068cb9ab5db2c105cf9b52db9dc0765c404e,4f0c4ceae8a1e20e10ac225ddb5ff3bd,official,lightning_indexer,4096,524288,512,0,0,bfloat16,int32,10,torch,pass,,,57709.184,57748.456,0.07457,74.57,,17.42,17.44,
MetaX_C500,MetaX C500,104,8445068cb9ab5db2c105cf9b52db9dc0765c404e,4f0c4ceae8a1e20e10ac225ddb5ff3bd,official,lightning_indexer,4096,524288,512,0,0,bfloat16,int32,10,deep_gemm,unsupported,UnsupportedByBackend,"backend 'deep_gemm' ranks float32 scores, and was given torch.bfloat16; 'maca_c' and 'torch' take bfloat16 as well",,,,,,,,
MetaX_C500,MetaX C500,104,8445068cb9ab5db2c105cf9b52db9dc0765c404e,4f0c4ceae8a1e20e10ac225ddb5ff3bd,official,lightning_indexer,4096,1048576,512,0,0,bfloat16,int32,10,maca_c,pass,,,19274.547,19292.799,0.446097,446.097,8598.323,100.0,100.0,
MetaX_C500,MetaX C500,104,8445068cb9ab5db2c105cf9b52db9dc0765c404e,4f0c4ceae8a1e20e10ac225ddb5ff3bd,official,lightning_indexer,4096,1048576,512,0,0,bfloat16,int32,10,torch,pass,,,111894.144,111964.6,0.076843,76.843,,17.23,17.23,
MetaX_C500,MetaX C500,104,8445068cb9ab5db2c105cf9b52db9dc0765c404e,4f0c4ceae8a1e20e10ac225ddb5ff3bd,official,lightning_indexer,4096,1048576,512,0,0,bfloat16,int32,10,deep_gemm,unsupported,UnsupportedByBackend,"backend 'deep_gemm' ranks float32 scores, and was given torch.bfloat16; 'maca_c' and 'torch' take bfloat16 as well",,,,,,,,
MetaX_C500,MetaX C500,104,8445068cb9ab5db2c105cf9b52db9dc0765c404e,4f0c4ceae8a1e20e10ac225ddb5ff3bd,official,lightning_indexer,6,256,1024,0,0,bfloat16,int32,10,maca_c,pass,,,3.43,39.219,0.008061,8.061,0.028,100.0,100.0,
MetaX_C500,MetaX C500,104,8445068cb9ab5db2c105cf9b52db9dc0765c404e,4f0c4ceae8a1e20e10ac225ddb5ff3bd,official,lightning_indexer,6,256,1024,0,0,bfloat16,int32,10,torch,pass,,"not applicable: the reference backend needs vocab_size >= topk, no window, no offset (tests/test.py's own guard)",,,,,,,,
MetaX_C500,MetaX C500,104,8445068cb9ab5db2c105cf9b52db9dc0765c404e,4f0c4ceae8a1e20e10ac225ddb5ff3bd,official,lightning_indexer,6,256,1024,0,0,bfloat16,int32,10,deep_gemm,unsupported,UnsupportedByBackend,"backend 'deep_gemm' ranks float32 scores, and was given torch.bfloat16; 'maca_c' and 'torch' take bfloat16 as well",,,,,,,,
MetaX_C500,MetaX C500,104,8445068cb9ab5db2c105cf9b52db9dc0765c404e,4f0c4ceae8a1e20e10ac225ddb5ff3bd,official,lightning_indexer,6,1024,1024,0,0,bfloat16,int32,10,maca_c,pass,,,3.61,40.038,0.010212,10.212,0.037,100.0,100.0,
MetaX_C500,MetaX C500,104,8445068cb9ab5db2c105cf9b52db9dc0765c404e,4f0c4ceae8a1e20e10ac225ddb5ff3bd,official,lightning_indexer,6,1024,1024,0,0,bfloat16,int32,10,torch,pass,,,24.806,25.472,0.001486,1.486,,14.55,157.18,
MetaX_C500,MetaX C500,104,8445068cb9ab5db2c105cf9b52db9dc0765c404e,4f0c4ceae8a1e20e10ac225ddb5ff3bd,official,lightning_indexer,6,1024,1024,0,0,bfloat16,int32,10,deep_gemm,unsupported,UnsupportedByBackend,"backend 'deep_gemm' ranks float32 scores, and was given torch.bfloat16; 'maca_c' and 'torch' take bfloat16 as well",,,,,,,,
MetaX_C500,MetaX C500,104,8445068cb9ab5db2c105cf9b52db9dc0765c404e,4f0c4ceae8a1e20e10ac225ddb5ff3bd,official,lightning_indexer,6,4096,1024,0,0,bfloat16,int32,10,maca_c,pass,,,17.971,38.272,0.004103,4.103,0.074,100.0,100.0,
MetaX_C500,MetaX C500,104,8445068cb9ab5db2c105cf9b52db9dc0765c404e,4f0c4ceae8a1e20e10ac225ddb5ff3bd,official,lightning_indexer,6,4096,1024,0,0,bfloat16,int32,10,torch,pass,,,50.816,51.098,0.001451,1.451,,35.36,74.9,
MetaX_C500,MetaX C500,104,8445068cb9ab5db2c105cf9b52db9dc0765c404e,4f0c4ceae8a1e20e10ac225ddb5ff3bd,official,lightning_indexer,6,4096,1024,0,0,bfloat16,int32,10,deep_gemm,unsupported,UnsupportedByBackend,"backend 'deep_gemm' ranks float32 scores, and was given torch.bfloat16; 'maca_c' and 'torch' take bfloat16 as well",,,,,,,,
MetaX_C500,MetaX C500,104,8445068cb9ab5db2c105cf9b52db9dc0765c404e,4f0c4ceae8a1e20e10ac225ddb5ff3bd,official,lightning_indexer,6,16384,1024,0,0,bfloat16,int32,10,maca_c,pass,,,28.928,41.318,0.007646,7.646,0.221,100.0,100.0,
MetaX_C500,MetaX C500,104,8445068cb9ab5db2c105cf9b52db9dc0765c404e,4f0c4ceae8a1e20e10ac225ddb5ff3bd,official,lightning_indexer,6,16384,1024,0,0,bfloat16,int32,10,torch,pass,,,144.051,143.565,0.001535,1.535,,20.08,28.78,
MetaX_C500,MetaX C500,104,8445068cb9ab5db2c105cf9b52db9dc0765c404e,4f0c4ceae8a1e20e10ac225ddb5ff3bd,official,lightning_indexer,6,16384,1024,0,0,bfloat16,int32,10,deep_gemm,unsupported,UnsupportedByBackend,"backend 'deep_gemm' ranks float32 scores, and was given torch.bfloat16; 'maca_c' and 'torch' take bfloat16 as well",,,,,,,,
MetaX_C500,MetaX C500,104,8445068cb9ab5db2c105cf9b52db9dc0765c404e,4f0c4ceae8a1e20e10ac225ddb5ff3bd,official,lightning_indexer,6,65536,1024,0,0,bfloat16,int32,10,maca_c,pass,,,53.325,55.936,0.015209,15.209,0.811,100.0,100.0,
MetaX_C500,MetaX C500,104,8445068cb9ab5db2c105cf9b52db9dc0765c404e,4f0c4ceae8a1e20e10ac225ddb5ff3bd,official,lightning_indexer,6,65536,1024,0,0,bfloat16,int32,10,torch,pass,,,180.019,156.314,0.004505,4.505,,29.62,35.78,
MetaX_C500,MetaX C500,104,8445068cb9ab5db2c105cf9b52db9dc0765c404e,4f0c4ceae8a1e20e10ac225ddb5ff3bd,official,lightning_indexer,6,65536,1024,0,0,bfloat16,int32,10,deep_gemm,unsupported,UnsupportedByBackend,"backend 'deep_gemm' ranks float32 scores, and was given torch.bfloat16; 'maca_c' and 'torch' take bfloat16 as well",,,,,,,,
MetaX_C500,MetaX C500,104,8445068cb9ab5db2c105cf9b52db9dc0765c404e,4f0c4ceae8a1e20e10ac225ddb5ff3bd,official,lightning_indexer,6,131072,1024,0,0,bfloat16,int32,10,maca_c,pass,,,83.226,85.197,0.019194,19.194,1.597,100.0,100.0,
MetaX_C500,MetaX C500,104,8445068cb9ab5db2c105cf9b52db9dc0765c404e,4f0c4ceae8a1e20e10ac225ddb5ff3bd,official,lightning_indexer,6,131072,1024,0,0,bfloat16,int32,10,torch,pass,,,224.896,204.365,0.007103,7.103,,37.01,41.69,
MetaX_C500,MetaX C500,104,8445068cb9ab5db2c105cf9b52db9dc0765c404e,4f0c4ceae8a1e20e10ac225ddb5ff3bd,official,lightning_indexer,6,131072,1024,0,0,bfloat16,int32,10,deep_gemm,unsupported,UnsupportedByBackend,"backend 'deep_gemm' ranks float32 scores, and was given torch.bfloat16; 'maca_c' and 'torch' take bfloat16 as well",,,,,,,,
MetaX_C500,MetaX C500,104,8445068cb9ab5db2c105cf9b52db9dc0765c404e,4f0c4ceae8a1e20e10ac225ddb5ff3bd,official,lightning_indexer,6,262144,1024,0,0,bfloat16,int32,10,maca_c,pass,,,97.894,131.738,0.032385,32.385,3.17,100.0,100.0,
MetaX_C500,MetaX C500,104,8445068cb9ab5db2c105cf9b52db9dc0765c404e,4f0c4ceae8a1e20e10ac225ddb5ff3bd,official,lightning_indexer,6,262144,1024,0,0,bfloat16,int32,10,torch,pass,,,256.512,244.403,0.012359,12.359,,38.16,53.9,
MetaX_C500,MetaX C500,104,8445068cb9ab5db2c105cf9b52db9dc0765c404e,4f0c4ceae8a1e20e10ac225ddb5ff3bd,official,lightning_indexer,6,262144,1024,0,0,bfloat16,int32,10,deep_gemm,unsupported,UnsupportedByBackend,"backend 'deep_gemm' ranks float32 scores, and was given torch.bfloat16; 'maca_c' and 'torch' take bfloat16 as well",,,,,,,,
MetaX_C500,MetaX C500,104,8445068cb9ab5db2c105cf9b52db9dc0765c404e,4f0c4ceae8a1e20e10ac225ddb5ff3bd,official,lightning_indexer,6,524288,1024,0,0,bfloat16,int32,10,maca_c,pass,,,141.107,181.069,0.044761,44.761,6.316,100.0,100.0,
MetaX_C500,MetaX C500,104,8445068cb9ab5db2c105cf9b52db9dc0765c404e,4f0c4ceae8a1e20e10ac225ddb5ff3bd,official,lightning_indexer,6,524288,1024,0,0,bfloat16,int32,10,torch,pass,,,298.522,278.221,0.021158,21.158,,47.27,65.08,
MetaX_C500,MetaX C500,104,8445068cb9ab5db2c105cf9b52db9dc0765c404e,4f0c4ceae8a1e20e10ac225ddb5ff3bd,official,lightning_indexer,6,524288,1024,0,0,bfloat16,int32,10,deep_gemm,unsupported,UnsupportedByBackend,"backend 'deep_gemm' ranks float32 scores, and was given torch.bfloat16; 'maca_c' and 'torch' take bfloat16 as well",,,,,,,,
MetaX_C500,MetaX C500,104,8445068cb9ab5db2c105cf9b52db9dc0765c404e,4f0c4ceae8a1e20e10ac225ddb5ff3bd,official,lightning_indexer,6,1048576,1024,0,0,bfloat16,int32,10,maca_c,pass,,,135.706,186.598,0.092903,92.903,12.607,100.0,100.0,
MetaX_C500,MetaX C500,104,8445068cb9ab5db2c105cf9b52db9dc0765c404e,4f0c4ceae8a1e20e10ac225ddb5ff3bd,official,lightning_indexer,6,1048576,1024,0,0,bfloat16,int32,10,torch,pass,,,375.117,357.274,0.033609,33.609,,36.18,52.23,
MetaX_C500,MetaX C500,104,8445068cb9ab5db2c105cf9b52db9dc0765c404e,4f0c4ceae8a1e20e10ac225ddb5ff3bd,official,lightning_indexer,6,1048576,1024,0,0,bfloat16,int32,10,deep_gemm,unsupported,UnsupportedByBackend,"backend 'deep_gemm' ranks float32 scores, and was given torch.bfloat16; 'maca_c' and 'torch' take bfloat16 as well",,,,,,,,
MetaX_C500,MetaX C500,104,8445068cb9ab5db2c105cf9b52db9dc0765c404e,4f0c4ceae8a1e20e10ac225ddb5ff3bd,official,lightning_indexer,256,256,1024,0,0,bfloat16,int32,10,maca_c,pass,,,5.171,40.55,0.228128,228.128,1.18,100.0,100.0,
MetaX_C500,MetaX C500,104,8445068cb9ab5db2c105cf9b52db9dc0765c404e,4f0c4ceae8a1e20e10ac225ddb5ff3bd,official,lightning_indexer,256,256,1024,0,0,bfloat16,int32,10,torch,pass,,"not applicable: the reference backend needs vocab_size >= topk, no window, no offset (tests/test.py's own guard)",,,,,,,,
MetaX_C500,MetaX C500,104,8445068cb9ab5db2c105cf9b52db9dc0765c404e,4f0c4ceae8a1e20e10ac225ddb5ff3bd,official,lightning_indexer,256,256,1024,0,0,bfloat16,int32,10,deep_gemm,unsupported,UnsupportedByBackend,"backend 'deep_gemm' ranks float32 scores, and was given torch.bfloat16; 'maca_c' and 'torch' take bfloat16 as well",,,,,,,,
MetaX_C500,MetaX C500,104,8445068cb9ab5db2c105cf9b52db9dc0765c404e,4f0c4ceae8a1e20e10ac225ddb5ff3bd,official,lightning_indexer,256,1024,1024,0,0,bfloat16,int32,10,maca_c,pass,,,5.043,37.453,0.311891,311.891,1.573,100.0,100.0,
MetaX_C500,MetaX C500,104,8445068cb9ab5db2c105cf9b52db9dc0765c404e,4f0c4ceae8a1e20e10ac225ddb5ff3bd,official,lightning_indexer,256,1024,1024,0,0,bfloat16,int32,10,torch,pass,,,53.837,56.141,0.029215,29.215,,9.37,66.71,
MetaX_C500,MetaX C500,104,8445068cb9ab5db2c105cf9b52db9dc0765c404e,4f0c4ceae8a1e20e10ac225ddb5ff3bd,official,lightning_indexer,256,1024,1024,0,0,bfloat16,int32,10,deep_gemm,unsupported,UnsupportedByBackend,"backend 'deep_gemm' ranks float32 scores, and was given torch.bfloat16; 'maca_c' and 'torch' take bfloat16 as well",,,,,,,,
MetaX_C500,MetaX C500,104,8445068cb9ab5db2c105cf9b52db9dc0765c404e,4f0c4ceae8a1e20e10ac225ddb5ff3bd,official,lightning_indexer,256,4096,1024,0,0,bfloat16,int32,10,maca_c,pass,,,38.093,40.397,0.08258,82.58,3.146,100.0,100.0,
MetaX_C500,MetaX C500,104,8445068cb9ab5db2c105cf9b52db9dc0765c404e,4f0c4ceae8a1e20e10ac225ddb5ff3bd,official,lightning_indexer,256,4096,1024,0,0,bfloat16,int32,10,torch,pass,,,212.275,197.427,0.014819,14.819,,17.95,20.46,
MetaX_C500,MetaX C500,104,8445068cb9ab5db2c105cf9b52db9dc0765c404e,4f0c4ceae8a1e20e10ac225ddb5ff3bd,official,lightning_indexer,256,4096,1024,0,0,bfloat16,int32,10,deep_gemm,unsupported,UnsupportedByBackend,"backend 'deep_gemm' ranks float32 scores, and was given torch.bfloat16; 'maca_c' and 'torch' take bfloat16 as well",,,,,,,,
MetaX_C500,MetaX C500,104,8445068cb9ab5db2c105cf9b52db9dc0765c404e,4f0c4ceae8a1e20e10ac225ddb5ff3bd,official,lightning_indexer,256,16384,1024,0,0,bfloat16,int32,10,maca_c,pass,,,61.107,60.493,0.154437,154.437,9.437,100.0,100.0,
MetaX_C500,MetaX C500,104,8445068cb9ab5db2c105cf9b52db9dc0765c404e,4f0c4ceae8a1e20e10ac225ddb5ff3bd,official,lightning_indexer,256,16384,1024,0,0,bfloat16,int32,10,torch,pass,,,322.048,308.659,0.029304,29.304,,18.97,19.6,
MetaX_C500,MetaX C500,104,8445068cb9ab5db2c105cf9b52db9dc0765c404e,4f0c4ceae8a1e20e10ac225ddb5ff3bd,official,lightning_indexer,256,16384,1024,0,0,bfloat16,int32,10,deep_gemm,unsupported,UnsupportedByBackend,"backend 'deep_gemm' ranks float32 scores, and was given torch.bfloat16; 'maca_c' and 'torch' take bfloat16 as well",,,,,,,,
MetaX_C500,MetaX C500,104,8445068cb9ab5db2c105cf9b52db9dc0765c404e,4f0c4ceae8a1e20e10ac225ddb5ff3bd,official,lightning_indexer,256,65536,1024,0,0,bfloat16,int32,10,maca_c,pass,,,163.584,164.378,0.211531,211.531,34.603,100.0,100.0,
MetaX_C500,MetaX C500,104,8445068cb9ab5db2c105cf9b52db9dc0765c404e,4f0c4ceae8a1e20e10ac225ddb5ff3bd,official,lightning_indexer,256,65536,1024,0,0,bfloat16,int32,10,torch,pass,,,714.317,716.083,0.048442,48.442,,22.9,22.96,
MetaX_C500,MetaX C500,104,8445068cb9ab5db2c105cf9b52db9dc0765c404e,4f0c4ceae8a1e20e10ac225ddb5ff3bd,official,lightning_indexer,256,65536,1024,0,0,bfloat16,int32,10,deep_gemm,unsupported,UnsupportedByBackend,"backend 'deep_gemm' ranks float32 scores, and was given torch.bfloat16; 'maca_c' and 'torch' take bfloat16 as well",,,,,,,,
MetaX_C500,MetaX C500,104,8445068cb9ab5db2c105cf9b52db9dc0765c404e,4f0c4ceae8a1e20e10ac225ddb5ff3bd,official,lightning_indexer,256,131072,1024,0,0,bfloat16,int32,10,maca_c,pass,,,262.451,262.682,0.259696,259.696,68.157,100.0,100.0,
MetaX_C500,MetaX C500,104,8445068cb9ab5db2c105cf9b52db9dc0765c404e,4f0c4ceae8a1e20e10ac225ddb5ff3bd,official,lightning_indexer,256,131072,1024,0,0,bfloat16,int32,10,torch,pass,,,1208.474,1208.832,0.0564,56.4,,21.72,21.73,
MetaX_C500,MetaX C500,104,8445068cb9ab5db2c105cf9b52db9dc0765c404e,4f0c4ceae8a1e20e10ac225ddb5ff3bd,official,lightning_indexer,256,131072,1024,0,0,bfloat16,int32,10,deep_gemm,unsupported,UnsupportedByBackend,"backend 'deep_gemm' ranks float32 scores, and was given torch.bfloat16; 'maca_c' and 'torch' take bfloat16 as well",,,,,,,,
MetaX_C500,MetaX C500,104,8445068cb9ab5db2c105cf9b52db9dc0765c404e,4f0c4ceae8a1e20e10ac225ddb5ff3bd,official,lightning_indexer,256,262144,1024,0,0,bfloat16,int32,10,maca_c,pass,,,441.805,441.856,0.306167,306.167,135.266,100.0,100.0,
MetaX_C500,MetaX C500,104,8445068cb9ab5db2c105cf9b52db9dc0765c404e,4f0c4ceae8a1e20e10ac225ddb5ff3bd,official,lightning_indexer,256,262144,1024,0,0,bfloat16,int32,10,torch,pass,,,2037.76,2024.243,0.06638,66.38,,21.68,21.83,
MetaX_C500,MetaX C500,104,8445068cb9ab5db2c105cf9b52db9dc0765c404e,4f0c4ceae8a1e20e10ac225ddb5ff3bd,official,lightning_indexer,256,262144,1024,0,0,bfloat16,int32,10,deep_gemm,unsupported,UnsupportedByBackend,"backend 'deep_gemm' ranks float32 scores, and was given torch.bfloat16; 'maca_c' and 'torch' take bfloat16 as well",,,,,,,,
MetaX_C500,MetaX C500,104,8445068cb9ab5db2c105cf9b52db9dc0765c404e,4f0c4ceae8a1e20e10ac225ddb5ff3bd,official,lightning_indexer,256,524288,1024,0,0,bfloat16,int32,10,maca_c,pass,,,785.638,787.302,0.343013,343.013,269.484,100.0,100.0,
MetaX_C500,MetaX C500,104,8445068cb9ab5db2c105cf9b52db9dc0765c404e,4f0c4ceae8a1e20e10ac225ddb5ff3bd,official,lightning_indexer,256,524288,1024,0,0,bfloat16,int32,10,torch,pass,,,3677.184,3683.046,0.073285,73.285,,21.37,21.38,
MetaX_C500,MetaX C500,104,8445068cb9ab5db2c105cf9b52db9dc0765c404e,4f0c4ceae8a1e20e10ac225ddb5ff3bd,official,lightning_indexer,256,524288,1024,0,0,bfloat16,int32,10,deep_gemm,unsupported,UnsupportedByBackend,"backend 'deep_gemm' ranks float32 scores, and was given torch.bfloat16; 'maca_c' and 'torch' take bfloat16 as well",,,,,,,,
MetaX_C500,MetaX C500,104,8445068cb9ab5db2c105cf9b52db9dc0765c404e,4f0c4ceae8a1e20e10ac225ddb5ff3bd,official,lightning_indexer,256,1048576,1024,0,0,bfloat16,int32,10,maca_c,pass,,,1470.157,1474.022,0.365893,365.893,537.919,100.0,100.0,
MetaX_C500,MetaX C500,104,8445068cb9ab5db2c105cf9b52db9dc0765c404e,4f0c4ceae8a1e20e10ac225ddb5ff3bd,official,lightning_indexer,256,1048576,1024,0,0,bfloat16,int32,10,torch,pass,,,6945.792,6948.377,0.077445,77.445,,21.17,21.21,
MetaX_C500,MetaX C500,104,8445068cb9ab5db2c105cf9b52db9dc0765c404e,4f0c4ceae8a1e20e10ac225ddb5ff3bd,official,lightning_indexer,256,1048576,1024,0,0,bfloat16,int32,10,deep_gemm,unsupported,UnsupportedByBackend,"backend 'deep_gemm' ranks float32 scores, and was given torch.bfloat16; 'maca_c' and 'torch' take bfloat16 as well",,,,,,,,
MetaX_C500,MetaX C500,104,8445068cb9ab5db2c105cf9b52db9dc0765c404e,4f0c4ceae8a1e20e10ac225ddb5ff3bd,official,lightning_indexer,512,256,1024,0,0,bfloat16,int32,10,maca_c,pass,,,7.757,41.318,0.304151,304.151,2.359,100.0,100.0,
MetaX_C500,MetaX C500,104,8445068cb9ab5db2c105cf9b52db9dc0765c404e,4f0c4ceae8a1e20e10ac225ddb5ff3bd,official,lightning_indexer,512,256,1024,0,0,bfloat16,int32,10,torch,pass,,"not applicable: the reference backend needs vocab_size >= topk, no window, no offset (tests/test.py's own guard)",,,,,,,,
MetaX_C500,MetaX C500,104,8445068cb9ab5db2c105cf9b52db9dc0765c404e,4f0c4ceae8a1e20e10ac225ddb5ff3bd,official,lightning_indexer,512,256,1024,0,0,bfloat16,int32,10,deep_gemm,unsupported,UnsupportedByBackend,"backend 'deep_gemm' ranks float32 scores, and was given torch.bfloat16; 'maca_c' and 'torch' take bfloat16 as well",,,,,,,,
MetaX_C500,MetaX C500,104,8445068cb9ab5db2c105cf9b52db9dc0765c404e,4f0c4ceae8a1e20e10ac225ddb5ff3bd,official,lightning_indexer,512,1024,1024,0,0,bfloat16,int32,10,maca_c,pass,,,7.808,37.683,0.402885,402.885,3.146,100.0,100.0,
MetaX_C500,MetaX C500,104,8445068cb9ab5db2c105cf9b52db9dc0765c404e,4f0c4ceae8a1e20e10ac225ddb5ff3bd,official,lightning_indexer,512,1024,1024,0,0,bfloat16,int32,10,torch,pass,,,87.066,87.987,0.03613,36.13,,8.97,42.83,
MetaX_C500,MetaX C500,104,8445068cb9ab5db2c105cf9b52db9dc0765c404e,4f0c4ceae8a1e20e10ac225ddb5ff3bd,official,lightning_indexer,512,1024,1024,0,0,bfloat16,int32,10,deep_gemm,unsupported,UnsupportedByBackend,"backend 'deep_gemm' ranks float32 scores, and was given torch.bfloat16; 'maca_c' and 'torch' take bfloat16 as well",,,,,,,,
MetaX_C500,MetaX C500,104,8445068cb9ab5db2c105cf9b52db9dc0765c404e,4f0c4ceae8a1e20e10ac225ddb5ff3bd,official,lightning_indexer,512,4096,1024,0,0,bfloat16,int32,10,maca_c,pass,,,52.813,52.07,0.119127,119.127,6.291,100.0,100.0,
MetaX_C500,MetaX C500,104,8445068cb9ab5db2c105cf9b52db9dc0765c404e,4f0c4ceae8a1e20e10ac225ddb5ff3bd,official,lightning_indexer,512,4096,1024,0,0,bfloat16,int32,10,torch,pass,,,257.971,242.637,0.024388,24.388,,20.47,21.46,
MetaX_C500,MetaX C500,104,8445068cb9ab5db2c105cf9b52db9dc0765c404e,4f0c4ceae8a1e20e10ac225ddb5ff3bd,official,lightning_indexer,512,4096,1024,0,0,bfloat16,int32,10,deep_gemm,unsupported,UnsupportedByBackend,"backend 'deep_gemm' ranks float32 scores, and was given torch.bfloat16; 'maca_c' and 'torch' take bfloat16 as well",,,,,,,,
MetaX_C500,MetaX C500,104,8445068cb9ab5db2c105cf9b52db9dc0765c404e,4f0c4ceae8a1e20e10ac225ddb5ff3bd,official,lightning_indexer,512,16384,1024,0,0,bfloat16,int32,10,maca_c,pass,,,91.648,91.11,0.205944,205.944,18.874,100.0,100.0,
MetaX_C500,MetaX C500,104,8445068cb9ab5db2c105cf9b52db9dc0765c404e,4f0c4ceae8a1e20e10ac225ddb5ff3bd,official,lightning_indexer,512,16384,1024,0,0,bfloat16,int32,10,torch,pass,,,466.022,455.987,0.040501,40.501,,19.67,19.98,
MetaX_C500,MetaX C500,104,8445068cb9ab5db2c105cf9b52db9dc0765c404e,4f0c4ceae8a1e20e10ac225ddb5ff3bd,official,lightning_indexer,512,16384,1024,0,0,bfloat16,int32,10,deep_gemm,unsupported,UnsupportedByBackend,"backend 'deep_gemm' ranks float32 scores, and was given torch.bfloat16; 'maca_c' and 'torch' take bfloat16 as well",,,,,,,,
MetaX_C500,MetaX C500,104,8445068cb9ab5db2c105cf9b52db9dc0765c404e,4f0c4ceae8a1e20e10ac225ddb5ff3bd,official,lightning_indexer,512,65536,1024,0,0,bfloat16,int32,10,maca_c,pass,,,271.616,272.461,0.254794,254.794,69.206,100.0,100.0,
MetaX_C500,MetaX C500,104,8445068cb9ab5db2c105cf9b52db9dc0765c404e,4f0c4ceae8a1e20e10ac225ddb5ff3bd,official,lightning_indexer,512,65536,1024,0,0,bfloat16,int32,10,torch,pass,,,1224.986,1217.894,0.056495,56.495,,22.17,22.37,
MetaX_C500,MetaX C500,104,8445068cb9ab5db2c105cf9b52db9dc0765c404e,4f0c4ceae8a1e20e10ac225ddb5ff3bd,official,lightning_indexer,512,65536,1024,0,0,bfloat16,int32,10,deep_gemm,unsupported,UnsupportedByBackend,"backend 'deep_gemm' ranks float32 scores, and was given torch.bfloat16; 'maca_c' and 'torch' take bfloat16 as well",,,,,,,,
MetaX_C500,MetaX C500,104,8445068cb9ab5db2c105cf9b52db9dc0765c404e,4f0c4ceae8a1e20e10ac225ddb5ff3bd,official,lightning_indexer,512,131072,1024,0,0,bfloat16,int32,10,maca_c,pass,,,435.891,436.89,0.312727,312.727,136.315,100.0,100.0,
MetaX_C500,MetaX C500,104,8445068cb9ab5db2c105cf9b52db9dc0765c404e,4f0c4ceae8a1e20e10ac225ddb5ff3bd,official,lightning_indexer,512,131072,1024,0,0,bfloat16,int32,10,torch,pass,,,2164.352,2167.654,0.062982,62.982,,20.14,20.15,
MetaX_C500,MetaX C500,104,8445068cb9ab5db2c105cf9b52db9dc0765c404e,4f0c4ceae8a1e20e10ac225ddb5ff3bd,official,lightning_indexer,512,131072,1024,0,0,bfloat16,int32,10,deep_gemm,unsupported,UnsupportedByBackend,"backend 'deep_gemm' ranks float32 scores, and was given torch.bfloat16; 'maca_c' and 'torch' take bfloat16 as well",,,,,,,,
MetaX_C500,MetaX C500,104,8445068cb9ab5db2c105cf9b52db9dc0765c404e,4f0c4ceae8a1e20e10ac225ddb5ff3bd,official,lightning_indexer,512,262144,1024,0,0,bfloat16,int32,10,maca_c,pass,,,736.742,738.278,0.367201,367.201,270.533,100.0,100.0,
MetaX_C500,MetaX C500,104,8445068cb9ab5db2c105cf9b52db9dc0765c404e,4f0c4ceae8a1e20e10ac225ddb5ff3bd,official,lightning_indexer,512,262144,1024,0,0,bfloat16,int32,10,torch,pass,,,3851.878,3851.392,0.070234,70.234,,19.13,19.17,
MetaX_C500,MetaX C500,104,8445068cb9ab5db2c105cf9b52db9dc0765c404e,4f0c4ceae8a1e20e10ac225ddb5ff3bd,official,lightning_indexer,512,262144,1024,0,0,bfloat16,int32,10,deep_gemm,unsupported,UnsupportedByBackend,"backend 'deep_gemm' ranks float32 scores, and was given torch.bfloat16; 'maca_c' and 'torch' take bfloat16 as well",,,,,,,,
MetaX_C500,MetaX C500,104,8445068cb9ab5db2c105cf9b52db9dc0765c404e,4f0c4ceae8a1e20e10ac225ddb5ff3bd,official,lightning_indexer,512,524288,1024,0,0,bfloat16,int32,10,maca_c,pass,,,1317.478,1318.63,0.409091,409.091,538.968,100.0,100.0,
MetaX_C500,MetaX C500,104,8445068cb9ab5db2c105cf9b52db9dc0765c404e,4f0c4ceae8a1e20e10ac225ddb5ff3bd,official,lightning_indexer,512,524288,1024,0,0,bfloat16,int32,10,torch,pass,,,7120.333,7123.686,0.075694,75.694,,18.5,18.51,
MetaX_C500,MetaX C500,104,8445068cb9ab5db2c105cf9b52db9dc0765c404e,4f0c4ceae8a1e20e10ac225ddb5ff3bd,official,lightning_indexer,512,524288,1024,0,0,bfloat16,int32,10,deep_gemm,unsupported,UnsupportedByBackend,"backend 'deep_gemm' ranks float32 scores, and was given torch.bfloat16; 'maca_c' and 'torch' take bfloat16 as well",,,,,,,,
MetaX_C500,MetaX C500,104,8445068cb9ab5db2c105cf9b52db9dc0765c404e,4f0c4ceae8a1e20e10ac225ddb5ff3bd,official,lightning_indexer,512,1048576,1024,0,0,bfloat16,int32,10,maca_c,pass,,,2468.71,2471.68,0.43579,435.79,1075.839,100.0,100.0,
MetaX_C500,MetaX C500,104,8445068cb9ab5db2c105cf9b52db9dc0765c404e,4f0c4ceae8a1e20e10ac225ddb5ff3bd,official,lightning_indexer,512,1048576,1024,0,0,bfloat16,int32,10,torch,pass,,,13613.747,13623.987,0.079026,79.026,,18.13,18.14,
MetaX_C500,MetaX C500,104,8445068cb9ab5db2c105cf9b52db9dc0765c404e,4f0c4ceae8a1e20e10ac225ddb5ff3bd,official,lightning_indexer,512,1048576,1024,0,0,bfloat16,int32,10,deep_gemm,unsupported,UnsupportedByBackend,"backend 'deep_gemm' ranks float32 scores, and was given torch.bfloat16; 'maca_c' and 'torch' take bfloat16 as well",,,,,,,,
MetaX_C500,MetaX C500,104,8445068cb9ab5db2c105cf9b52db9dc0765c404e,4f0c4ceae8a1e20e10ac225ddb5ff3bd,official,lightning_indexer,768,256,1024,0,0,bfloat16,int32,10,maca_c,pass,,,8.499,38.17,0.416395,416.395,3.539,100.0,100.0,
MetaX_C500,MetaX C500,104,8445068cb9ab5db2c105cf9b52db9dc0765c404e,4f0c4ceae8a1e20e10ac225ddb5ff3bd,official,lightning_indexer,768,256,1024,0,0,bfloat16,int32,10,torch,pass,,"not applicable: the reference backend needs vocab_size >= topk, no window, no offset (tests/test.py's own guard)",,,,,,,,
MetaX_C500,MetaX C500,104,8445068cb9ab5db2c105cf9b52db9dc0765c404e,4f0c4ceae8a1e20e10ac225ddb5ff3bd,official,lightning_indexer,768,256,1024,0,0,bfloat16,int32,10,deep_gemm,unsupported,UnsupportedByBackend,"backend 'deep_gemm' ranks float32 scores, and was given torch.bfloat16; 'maca_c' and 'torch' take bfloat16 as well",,,,,,,,
MetaX_C500,MetaX C500,104,8445068cb9ab5db2c105cf9b52db9dc0765c404e,4f0c4ceae8a1e20e10ac225ddb5ff3bd,official,lightning_indexer,768,1024,1024,0,0,bfloat16,int32,10,maca_c,pass,,,9.267,40.627,0.509182,509.182,4.719,100.0,100.0,
MetaX_C500,MetaX C500,104,8445068cb9ab5db2c105cf9b52db9dc0765c404e,4f0c4ceae8a1e20e10ac225ddb5ff3bd,official,lightning_indexer,768,1024,1024,0,0,bfloat16,int32,10,torch,pass,,,117.12,117.658,0.040289,40.289,,7.91,34.53,
MetaX_C500,MetaX C500,104,8445068cb9ab5db2c105cf9b52db9dc0765c404e,4f0c4ceae8a1e20e10ac225ddb5ff3bd,official,lightning_indexer,768,1024,1024,0,0,bfloat16,int32,10,deep_gemm,unsupported,UnsupportedByBackend,"backend 'deep_gemm' ranks float32 scores, and was given torch.bfloat16; 'maca_c' and 'torch' take bfloat16 as well",,,,,,,,
MetaX_C500,MetaX C500,104,8445068cb9ab5db2c105cf9b52db9dc0765c404e,4f0c4ceae8a1e20e10ac225ddb5ff3bd,official,lightning_indexer,768,4096,1024,0,0,bfloat16,int32,10,maca_c,pass,,,69.734,70.989,0.135331,135.331,9.437,100.0,100.0,
MetaX_C500,MetaX C500,104,8445068cb9ab5db2c105cf9b52db9dc0765c404e,4f0c4ceae8a1e20e10ac225ddb5ff3bd,official,lightning_indexer,768,4096,1024,0,0,bfloat16,int32,10,torch,pass,,,311.834,291.405,0.030263,30.263,,22.36,24.36,
MetaX_C500,MetaX C500,104,8445068cb9ab5db2c105cf9b52db9dc0765c404e,4f0c4ceae8a1e20e10ac225ddb5ff3bd,official,lightning_indexer,768,4096,1024,0,0,bfloat16,int32,10,deep_gemm,unsupported,UnsupportedByBackend,"backend 'deep_gemm' ranks float32 scores, and was given torch.bfloat16; 'maca_c' and 'torch' take bfloat16 as well",,,,,,,,
MetaX_C500,MetaX C500,104,8445068cb9ab5db2c105cf9b52db9dc0765c404e,4f0c4ceae8a1e20e10ac225ddb5ff3bd,official,lightning_indexer,768,16384,1024,0,0,bfloat16,int32,10,maca_c,pass,,,130.278,131.021,0.217316,217.316,28.312,100.0,100.0,
MetaX_C500,MetaX C500,104,8445068cb9ab5db2c105cf9b52db9dc0765c404e,4f0c4ceae8a1e20e10ac225ddb5ff3bd,official,lightning_indexer,768,16384,1024,0,0,bfloat16,int32,10,torch,pass,,,671.283,666.547,0.042175,42.175,,19.41,19.66,
MetaX_C500,MetaX C500,104,8445068cb9ab5db2c105cf9b52db9dc0765c404e,4f0c4ceae8a1e20e10ac225ddb5ff3bd,official,lightning_indexer,768,16384,1024,0,0,bfloat16,int32,10,deep_gemm,unsupported,UnsupportedByBackend,"backend 'deep_gemm' ranks float32 scores, and was given torch.bfloat16; 'maca_c' and 'torch' take bfloat16 as well",,,,,,,,
MetaX_C500,MetaX C500,104,8445068cb9ab5db2c105cf9b52db9dc0765c404e,4f0c4ceae8a1e20e10ac225ddb5ff3bd,official,lightning_indexer,768,65536,1024,0,0,bfloat16,int32,10,maca_c,pass,,,424.243,424.602,0.244692,244.692,103.809,100.0,100.0,
MetaX_C500,MetaX C500,104,8445068cb9ab5db2c105cf9b52db9dc0765c404e,4f0c4ceae8a1e20e10ac225ddb5ff3bd,official,lightning_indexer,768,65536,1024,0,0,bfloat16,int32,10,torch,pass,,,1691.776,1691.878,0.061361,61.361,,25.08,25.1,
MetaX_C500,MetaX C500,104,8445068cb9ab5db2c105cf9b52db9dc0765c404e,4f0c4ceae8a1e20e10ac225ddb5ff3bd,official,lightning_indexer,768,65536,1024,0,0,bfloat16,int32,10,deep_gemm,unsupported,UnsupportedByBackend,"backend 'deep_gemm' ranks float32 scores, and was given torch.bfloat16; 'maca_c' and 'torch' take bfloat16 as well",,,,,,,,
MetaX_C500,MetaX C500,104,8445068cb9ab5db2c105cf9b52db9dc0765c404e,4f0c4ceae8a1e20e10ac225ddb5ff3bd,official,lightning_indexer,768,131072,1024,0,0,bfloat16,int32,10,maca_c,pass,,,684.979,685.875,0.298509,298.509,204.472,100.0,100.0,
MetaX_C500,MetaX C500,104,8445068cb9ab5db2c105cf9b52db9dc0765c404e,4f0c4ceae8a1e20e10ac225ddb5ff3bd,official,lightning_indexer,768,131072,1024,0,0,bfloat16,int32,10,torch,pass,,,3109.402,3113.728,0.065759,65.759,,22.03,22.03,
MetaX_C500,MetaX C500,104,8445068cb9ab5db2c105cf9b52db9dc0765c404e,4f0c4ceae8a1e20e10ac225ddb5ff3bd,official,lightning_indexer,768,131072,1024,0,0,bfloat16,int32,10,deep_gemm,unsupported,UnsupportedByBackend,"backend 'deep_gemm' ranks float32 scores, and was given torch.bfloat16; 'maca_c' and 'torch' take bfloat16 as well",,,,,,,,
MetaX_C500,MetaX C500,104,8445068cb9ab5db2c105cf9b52db9dc0765c404e,4f0c4ceae8a1e20e10ac225ddb5ff3bd,official,lightning_indexer,768,262144,1024,0,0,bfloat16,int32,10,maca_c,pass,,,1163.802,1164.467,0.348684,348.684,405.799,100.0,100.0,
MetaX_C500,MetaX C500,104,8445068cb9ab5db2c105cf9b52db9dc0765c404e,4f0c4ceae8a1e20e10ac225ddb5ff3bd,official,lightning_indexer,768,262144,1024,0,0,bfloat16,int32,10,torch,pass,,,5597.952,5602.739,0.072491,72.491,,20.79,20.78,
MetaX_C500,MetaX C500,104,8445068cb9ab5db2c105cf9b52db9dc0765c404e,4f0c4ceae8a1e20e10ac225ddb5ff3bd,official,lightning_indexer,768,262144,1024,0,0,bfloat16,int32,10,deep_gemm,unsupported,UnsupportedByBackend,"backend 'deep_gemm' ranks float32 scores, and was given torch.bfloat16; 'maca_c' and 'torch' take bfloat16 as well",,,,,,,,
MetaX_C500,MetaX C500,104,8445068cb9ab5db2c105cf9b52db9dc0765c404e,4f0c4ceae8a1e20e10ac225ddb5ff3bd,official,lightning_indexer,768,524288,1024,0,0,bfloat16,int32,10,maca_c,pass,,,2088.346,2090.086,0.387126,387.126,808.452,100.0,100.0,
MetaX_C500,MetaX C500,104,8445068cb9ab5db2c105cf9b52db9dc0765c404e,4f0c4ceae8a1e20e10ac225ddb5ff3bd,official,lightning_indexer,768,524288,1024,0,0,bfloat16,int32,10,torch,pass,,,10478.234,10481.587,0.077155,77.155,,19.93,19.94,
MetaX_C500,MetaX C500,104,8445068cb9ab5db2c105cf9b52db9dc0765c404e,4f0c4ceae8a1e20e10ac225ddb5ff3bd,official,lightning_indexer,768,524288,1024,0,0,bfloat16,int32,10,deep_gemm,unsupported,UnsupportedByBackend,"backend 'deep_gemm' ranks float32 scores, and was given torch.bfloat16; 'maca_c' and 'torch' take bfloat16 as well",,,,,,,,
MetaX_C500,MetaX C500,104,8445068cb9ab5db2c105cf9b52db9dc0765c404e,4f0c4ceae8a1e20e10ac225ddb5ff3bd,official,lightning_indexer,768,1048576,1024,0,0,bfloat16,int32,10,maca_c,pass,,,3924.07,3930.829,0.411246,411.246,1613.758,100.0,100.0,
MetaX_C500,MetaX C500,104,8445068cb9ab5db2c105cf9b52db9dc0765c404e,4f0c4ceae8a1e20e10ac225ddb5ff3bd,official,lightning_indexer,768,1048576,1024,0,0,bfloat16,int32,10,torch,pass,,,20260.378,20281.267,0.079651,79.651,,19.37,19.38,
MetaX_C500,MetaX C500,104,8445068cb9ab5db2c105cf9b52db9dc0765c404e,4f0c4ceae8a1e20e10ac225ddb5ff3bd,official,lightning_indexer,768,1048576,1024,0,0,bfloat16,int32,10,deep_gemm,unsupported,UnsupportedByBackend,"backend 'deep_gemm' ranks float32 scores, and was given torch.bfloat16; 'maca_c' and 'torch' take bfloat16 as well",,,,,,,,
MetaX_C500,MetaX C500,104,8445068cb9ab5db2c105cf9b52db9dc0765c404e,4f0c4ceae8a1e20e10ac225ddb5ff3bd,official,lightning_indexer,4096,256,1024,0,0,bfloat16,int32,10,maca_c,pass,,,31.616,39.834,0.596988,596.988,18.874,100.0,100.0,
MetaX_C500,MetaX C500,104,8445068cb9ab5db2c105cf9b52db9dc0765c404e,4f0c4ceae8a1e20e10ac225ddb5ff3bd,official,lightning_indexer,4096,256,1024,0,0,bfloat16,int32,10,torch,pass,,"not applicable: the reference backend needs vocab_size >= topk, no window, no offset (tests/test.py's own guard)",,,,,,,,
MetaX_C500,MetaX C500,104,8445068cb9ab5db2c105cf9b52db9dc0765c404e,4f0c4ceae8a1e20e10ac225ddb5ff3bd,official,lightning_indexer,4096,256,1024,0,0,bfloat16,int32,10,deep_gemm,unsupported,UnsupportedByBackend,"backend 'deep_gemm' ranks float32 scores, and was given torch.bfloat16; 'maca_c' and 'torch' take bfloat16 as well",,,,,,,,
MetaX_C500,MetaX C500,104,8445068cb9ab5db2c105cf9b52db9dc0765c404e,4f0c4ceae8a1e20e10ac225ddb5ff3bd,official,lightning_indexer,4096,1024,1024,0,0,bfloat16,int32,10,maca_c,pass,,,31.386,42.624,0.801817,801.817,25.166,100.0,100.0,
MetaX_C500,MetaX C500,104,8445068cb9ab5db2c105cf9b52db9dc0765c404e,4f0c4ceae8a1e20e10ac225ddb5ff3bd,official,lightning_indexer,4096,1024,1024,0,0,bfloat16,int32,10,torch,pass,,,384.589,375.219,0.065436,65.436,,8.16,11.36,
MetaX_C500,MetaX C500,104,8445068cb9ab5db2c105cf9b52db9dc0765c404e,4f0c4ceae8a1e20e10ac225ddb5ff3bd,official,lightning_indexer,4096,1024,1024,0,0,bfloat16,int32,10,deep_gemm,unsupported,UnsupportedByBackend,"backend 'deep_gemm' ranks float32 scores, and was given torch.bfloat16; 'maca_c' and 'torch' take bfloat16 as well",,,,,,,,
MetaX_C500,MetaX C500,104,8445068cb9ab5db2c105cf9b52db9dc0765c404e,4f0c4ceae8a1e20e10ac225ddb5ff3bd,official,lightning_indexer,4096,4096,1024,0,0,bfloat16,int32,10,maca_c,pass,,,320.768,322.227,0.15691,156.91,50.332,100.0,100.0,
MetaX_C500,MetaX C500,104,8445068cb9ab5db2c105cf9b52db9dc0765c404e,4f0c4ceae8a1e20e10ac225ddb5ff3bd,official,lightning_indexer,4096,4096,1024,0,0,bfloat16,int32,10,torch,pass,,,712.115,705.434,0.070679,70.679,,45.04,45.68,
MetaX_C500,MetaX C500,104,8445068cb9ab5db2c105cf9b52db9dc0765c404e,4f0c4ceae8a1e20e10ac225ddb5ff3bd,official,lightning_indexer,4096,4096,1024,0,0,bfloat16,int32,10,deep_gemm,unsupported,UnsupportedByBackend,"backend 'deep_gemm' ranks float32 scores, and was given torch.bfloat16; 'maca_c' and 'torch' take bfloat16 as well",,,,,,,,
MetaX_C500,MetaX C500,104,8445068cb9ab5db2c105cf9b52db9dc0765c404e,4f0c4ceae8a1e20e10ac225ddb5ff3bd,official,lightning_indexer,4096,16384,1024,0,0,bfloat16,int32,10,maca_c,pass,,,607.642,609.894,0.248493,248.493,150.995,100.0,100.0,
MetaX_C500,MetaX C500,104,8445068cb9ab5db2c105cf9b52db9dc0765c404e,4f0c4ceae8a1e20e10ac225ddb5ff3bd,official,lightning_indexer,4096,16384,1024,0,0,bfloat16,int32,10,torch,pass,,,2024.576,2018.79,0.074581,74.581,,30.01,30.21,
MetaX_C500,MetaX C500,104,8445068cb9ab5db2c105cf9b52db9dc0765c404e,4f0c4ceae8a1e20e10ac225ddb5ff3bd,official,lightning_indexer,4096,16384,1024,0,0,bfloat16,int32,10,deep_gemm,unsupported,UnsupportedByBackend,"backend 'deep_gemm' ranks float32 scores, and was given torch.bfloat16; 'maca_c' and 'torch' take bfloat16 as well",,,,,,,,
MetaX_C500,MetaX C500,104,8445068cb9ab5db2c105cf9b52db9dc0765c404e,4f0c4ceae8a1e20e10ac225ddb5ff3bd,official,lightning_indexer,4096,65536,1024,0,0,bfloat16,int32,10,maca_c,pass,,,2093.594,2095.104,0.264449,264.449,553.648,100.0,100.0,
MetaX_C500,MetaX C500,104,8445068cb9ab5db2c105cf9b52db9dc0765c404e,4f0c4ceae8a1e20e10ac225ddb5ff3bd,official,lightning_indexer,4096,65536,1024,0,0,bfloat16,int32,10,torch,pass,,,7898.163,7894.579,0.070098,70.098,,26.51,26.54,
MetaX_C500,MetaX C500,104,8445068cb9ab5db2c105cf9b52db9dc0765c404e,4f0c4ceae8a1e20e10ac225ddb5ff3bd,official,lightning_indexer,4096,65536,1024,0,0,bfloat16,int32,10,deep_gemm,unsupported,UnsupportedByBackend,"backend 'deep_gemm' ranks float32 scores, and was given torch.bfloat16; 'maca_c' and 'torch' take bfloat16 as well",,,,,,,,
MetaX_C500,MetaX C500,104,8445068cb9ab5db2c105cf9b52db9dc0765c404e,4f0c4ceae8a1e20e10ac225ddb5ff3bd,official,lightning_indexer,4096,131072,1024,0,0,bfloat16,int32,10,maca_c,pass,,,3392.256,3393.203,0.321473,321.473,1090.519,100.0,100.0,
MetaX_C500,MetaX C500,104,8445068cb9ab5db2c105cf9b52db9dc0765c404e,4f0c4ceae8a1e20e10ac225ddb5ff3bd,official,lightning_indexer,4096,131072,1024,0,0,bfloat16,int32,10,torch,pass,,,15566.336,15585.306,0.070056,70.056,,21.79,21.77,
MetaX_C500,MetaX C500,104,8445068cb9ab5db2c105cf9b52db9dc0765c404e,4f0c4ceae8a1e20e10ac225ddb5ff3bd,official,lightning_indexer,4096,131072,1024,0,0,bfloat16,int32,10,deep_gemm,unsupported,UnsupportedByBackend,"backend 'deep_gemm' ranks float32 scores, and was given torch.bfloat16; 'maca_c' and 'torch' take bfloat16 as well",,,,,,,,
MetaX_C500,MetaX C500,104,8445068cb9ab5db2c105cf9b52db9dc0765c404e,4f0c4ceae8a1e20e10ac225ddb5ff3bd,official,lightning_indexer,4096,262144,1024,0,0,bfloat16,int32,10,maca_c,pass,,,5799.168,5815.322,0.373202,373.202,2164.261,100.0,100.0,
MetaX_C500,MetaX C500,104,8445068cb9ab5db2c105cf9b52db9dc0765c404e,4f0c4ceae8a1e20e10ac225ddb5ff3bd,official,lightning_indexer,4096,262144,1024,0,0,bfloat16,int32,10,torch,pass,,,29708.186,29751.682,0.072851,72.851,,19.52,19.55,
MetaX_C500,MetaX C500,104,8445068cb9ab5db2c105cf9b52db9dc0765c404e,4f0c4ceae8a1e20e10ac225ddb5ff3bd,official,lightning_indexer,4096,262144,1024,0,0,bfloat16,int32,10,deep_gemm,unsupported,UnsupportedByBackend,"backend 'deep_gemm' ranks float32 scores, and was given torch.bfloat16; 'maca_c' and 'torch' take bfloat16 as well",,,,,,,,
MetaX_C500,MetaX C500,104,8445068cb9ab5db2c105cf9b52db9dc0765c404e,4f0c4ceae8a1e20e10ac225ddb5ff3bd,official,lightning_indexer,4096,524288,1024,0,0,bfloat16,int32,10,maca_c,pass,,,10441.498,10460.774,0.412943,412.943,4311.745,100.0,100.0,
MetaX_C500,MetaX C500,104,8445068cb9ab5db2c105cf9b52db9dc0765c404e,4f0c4ceae8a1e20e10ac225ddb5ff3bd,official,lightning_indexer,4096,524288,1024,0,0,bfloat16,int32,10,torch,pass,,,58238.643,58291.223,0.074036,74.036,,17.93,17.95,
MetaX_C500,MetaX C500,104,8445068cb9ab5db2c105cf9b52db9dc0765c404e,4f0c4ceae8a1e20e10ac225ddb5ff3bd,official,lightning_indexer,4096,524288,1024,0,0,bfloat16,int32,10,deep_gemm,unsupported,UnsupportedByBackend,"backend 'deep_gemm' ranks float32 scores, and was given torch.bfloat16; 'maca_c' and 'torch' take bfloat16 as well",,,,,,,,
MetaX_C500,MetaX C500,104,8445068cb9ab5db2c105cf9b52db9dc0765c404e,4f0c4ceae8a1e20e10ac225ddb5ff3bd,official,lightning_indexer,4096,1048576,1024,0,0,bfloat16,int32,10,maca_c,pass,,,19657.498,19676.416,0.437834,437.834,8606.712,100.0,100.0,
MetaX_C500,MetaX C500,104,8445068cb9ab5db2c105cf9b52db9dc0765c404e,4f0c4ceae8a1e20e10ac225ddb5ff3bd,official,lightning_indexer,4096,1048576,1024,0,0,bfloat16,int32,10,torch,pass,,,112089.6,112164.38,0.076784,76.784,,17.54,17.54,
MetaX_C500,MetaX C500,104,8445068cb9ab5db2c105cf9b52db9dc0765c404e,4f0c4ceae8a1e20e10ac225ddb5ff3bd,official,lightning_indexer,4096,1048576,1024,0,0,bfloat16,int32,10,deep_gemm,unsupported,UnsupportedByBackend,"backend 'deep_gemm' ranks float32 scores, and was given torch.bfloat16; 'maca_c' and 'torch' take bfloat16 as well",,,,,,,,
MetaX_C500,MetaX C500,104,8445068cb9ab5db2c105cf9b52db9dc0765c404e,4f0c4ceae8a1e20e10ac225ddb5ff3bd,official,lightning_indexer,1,131072,512,0,0,bfloat16,int32,10,maca_c,pass,,,75.597,77.926,0.003495,3.495,0.264,100.0,100.0,
MetaX_C500,MetaX C500,104,8445068cb9ab5db2c105cf9b52db9dc0765c404e,4f0c4ceae8a1e20e10ac225ddb5ff3bd,official,lightning_indexer,1,131072,512,0,0,bfloat16,int32,10,torch,pass,,,173.44,147.738,0.001523,1.523,,43.59,52.75,
MetaX_C500,MetaX C500,104,8445068cb9ab5db2c105cf9b52db9dc0765c404e,4f0c4ceae8a1e20e10ac225ddb5ff3bd,official,lightning_indexer,1,131072,512,0,0,bfloat16,int32,10,deep_gemm,unsupported,UnsupportedByBackend,"backend 'deep_gemm' ranks float32 scores, and was given torch.bfloat16; 'maca_c' and 'torch' take bfloat16 as well",,,,,,,,
MetaX_C500,MetaX C500,104,8445068cb9ab5db2c105cf9b52db9dc0765c404e,4f0c4ceae8a1e20e10ac225ddb5ff3bd,official,lightning_indexer,1,262144,512,0,0,bfloat16,int32,10,maca_c,pass,,,82.304,106.778,0.006395,6.395,0.526,100.0,100.0,
MetaX_C500,MetaX C500,104,8445068cb9ab5db2c105cf9b52db9dc0765c404e,4f0c4ceae8a1e20e10ac225ddb5ff3bd,official,lightning_indexer,1,262144,512,0,0,bfloat16,int32,10,torch,pass,,,187.597,165.709,0.002806,2.806,,43.87,64.44,
MetaX_C500,MetaX C500,104,8445068cb9ab5db2c105cf9b52db9dc0765c404e,4f0c4ceae8a1e20e10ac225ddb5ff3bd,official,lightning_indexer,1,262144,512,0,0,bfloat16,int32,10,deep_gemm,unsupported,UnsupportedByBackend,"backend 'deep_gemm' ranks float32 scores, and was given torch.bfloat16; 'maca_c' and 'torch' take bfloat16 as well",,,,,,,,
MetaX_C500,MetaX C500,104,8445068cb9ab5db2c105cf9b52db9dc0765c404e,4f0c4ceae8a1e20e10ac225ddb5ff3bd,official,lightning_indexer,1,1048576,512,0,0,bfloat16,int32,10,maca_c,pass,,,106.419,145.792,0.019726,19.726,2.099,100.0,100.0,
MetaX_C500,MetaX C500,104,8445068cb9ab5db2c105cf9b52db9dc0765c404e,4f0c4ceae8a1e20e10ac225ddb5ff3bd,official,lightning_indexer,1,1048576,512,0,0,bfloat16,int32,10,torch,pass,,,296.346,274.56,0.007084,7.084,,35.91,53.1,
MetaX_C500,MetaX C500,104,8445068cb9ab5db2c105cf9b52db9dc0765c404e,4f0c4ceae8a1e20e10ac225ddb5ff3bd,official,lightning_indexer,1,1048576,512,0,0,bfloat16,int32,10,deep_gemm,unsupported,UnsupportedByBackend,"backend 'deep_gemm' ranks float32 scores, and was given torch.bfloat16; 'maca_c' and 'torch' take bfloat16 as well",,,,,,,,
MetaX_C500,MetaX C500,104,8445068cb9ab5db2c105cf9b52db9dc0765c404e,4f0c4ceae8a1e20e10ac225ddb5ff3bd,official,lightning_indexer,64,131072,512,0,0,bfloat16,int32,10,maca_c,pass,,,83.354,85.325,0.202849,202.849,16.908,100.0,100.0,
MetaX_C500,MetaX C500,104,8445068cb9ab5db2c105cf9b52db9dc0765c404e,4f0c4ceae8a1e20e10ac225ddb5ff3bd,official,lightning_indexer,64,131072,512,0,0,bfloat16,int32,10,torch,pass,,,439.706,426.931,0.038454,38.454,,18.96,19.99,
MetaX_C500,MetaX C500,104,8445068cb9ab5db2c105cf9b52db9dc0765c404e,4f0c4ceae8a1e20e10ac225ddb5ff3bd,official,lightning_indexer,64,131072,512,0,0,bfloat16,int32,10,deep_gemm,unsupported,UnsupportedByBackend,"backend 'deep_gemm' ranks float32 scores, and was given torch.bfloat16; 'maca_c' and 'torch' take bfloat16 as well",,,,,,,,
MetaX_C500,MetaX C500,104,8445068cb9ab5db2c105cf9b52db9dc0765c404e,4f0c4ceae8a1e20e10ac225ddb5ff3bd,official,lightning_indexer,64,262144,512,0,0,bfloat16,int32,10,maca_c,pass,,,319.949,389.376,0.105284,105.284,33.686,100.0,100.0,
MetaX_C500,MetaX C500,104,8445068cb9ab5db2c105cf9b52db9dc0765c404e,4f0c4ceae8a1e20e10ac225ddb5ff3bd,official,lightning_indexer,64,262144,512,0,0,bfloat16,int32,10,torch,pass,,,698.547,691.533,0.048222,48.222,,45.8,56.31,
MetaX_C500,MetaX C500,104,8445068cb9ab5db2c105cf9b52db9dc0765c404e,4f0c4ceae8a1e20e10ac225ddb5ff3bd,official,lightning_indexer,64,262144,512,0,0,bfloat16,int32,10,deep_gemm,unsupported,UnsupportedByBackend,"backend 'deep_gemm' ranks float32 scores, and was given torch.bfloat16; 'maca_c' and 'torch' take bfloat16 as well",,,,,,,,
MetaX_C500,MetaX C500,104,8445068cb9ab5db2c105cf9b52db9dc0765c404e,4f0c4ceae8a1e20e10ac225ddb5ff3bd,official,lightning_indexer,64,1048576,512,0,0,bfloat16,int32,10,maca_c,pass,,,505.498,646.17,0.265775,265.775,134.349,100.0,100.0,
MetaX_C500,MetaX C500,104,8445068cb9ab5db2c105cf9b52db9dc0765c404e,4f0c4ceae8a1e20e10ac225ddb5ff3bd,official,lightning_indexer,64,1048576,512,0,0,bfloat16,int32,10,torch,pass,,,1981.773,1973.606,0.067792,67.792,,25.51,32.74,
MetaX_C500,MetaX C500,104,8445068cb9ab5db2c105cf9b52db9dc0765c404e,4f0c4ceae8a1e20e10ac225ddb5ff3bd,official,lightning_indexer,64,1048576,512,0,0,bfloat16,int32,10,deep_gemm,unsupported,UnsupportedByBackend,"backend 'deep_gemm' ranks float32 scores, and was given torch.bfloat16; 'maca_c' and 'torch' take bfloat16 as well",,,,,,,,
MetaX_C500,MetaX C500,104,8445068cb9ab5db2c105cf9b52db9dc0765c404e,4f0c4ceae8a1e20e10ac225ddb5ff3bd,official,lightning_indexer,128,131072,512,0,0,bfloat16,int32,10,maca_c,pass,,,159.539,160.307,0.211964,211.964,33.817,100.0,100.0,
MetaX_C500,MetaX C500,104,8445068cb9ab5db2c105cf9b52db9dc0765c404e,4f0c4ceae8a1e20e10ac225ddb5ff3bd,official,lightning_indexer,128,131072,512,0,0,bfloat16,int32,10,torch,pass,,,705.843,689.69,0.047909,47.909,,22.6,23.24,
MetaX_C500,MetaX C500,104,8445068cb9ab5db2c105cf9b52db9dc0765c404e,4f0c4ceae8a1e20e10ac225ddb5ff3bd,official,lightning_indexer,128,131072,512,0,0,bfloat16,int32,10,deep_gemm,unsupported,UnsupportedByBackend,"backend 'deep_gemm' ranks float32 scores, and was given torch.bfloat16; 'maca_c' and 'torch' take bfloat16 as well",,,,,,,,
MetaX_C500,MetaX C500,104,8445068cb9ab5db2c105cf9b52db9dc0765c404e,4f0c4ceae8a1e20e10ac225ddb5ff3bd,official,lightning_indexer,128,262144,512,0,0,bfloat16,int32,10,maca_c,pass,,,273.485,275.328,0.246343,246.343,67.371,100.0,100.0,
MetaX_C500,MetaX C500,104,8445068cb9ab5db2c105cf9b52db9dc0765c404e,4f0c4ceae8a1e20e10ac225ddb5ff3bd,official,lightning_indexer,128,262144,512,0,0,bfloat16,int32,10,torch,pass,,,1154.79,1142.118,0.05834,58.34,,23.68,24.11,
MetaX_C500,MetaX C500,104,8445068cb9ab5db2c105cf9b52db9dc0765c404e,4f0c4ceae8a1e20e10ac225ddb5ff3bd,official,lightning_indexer,128,262144,512,0,0,bfloat16,int32,10,deep_gemm,unsupported,UnsupportedByBackend,"backend 'deep_gemm' ranks float32 scores, and was given torch.bfloat16; 'maca_c' and 'torch' take bfloat16 as well",,,,,,,,
MetaX_C500,MetaX C500,104,8445068cb9ab5db2c105cf9b52db9dc0765c404e,4f0c4ceae8a1e20e10ac225ddb5ff3bd,official,lightning_indexer,128,1048576,512,0,0,bfloat16,int32,10,maca_c,pass,,,950.067,953.702,0.28282,282.82,268.698,100.0,100.0,
MetaX_C500,MetaX C500,104,8445068cb9ab5db2c105cf9b52db9dc0765c404e,4f0c4ceae8a1e20e10ac225ddb5ff3bd,official,lightning_indexer,128,1048576,512,0,0,bfloat16,int32,10,torch,pass,,,3552.435,3550.976,0.075638,75.638,,26.74,26.86,
MetaX_C500,MetaX C500,104,8445068cb9ab5db2c105cf9b52db9dc0765c404e,4f0c4ceae8a1e20e10ac225ddb5ff3bd,official,lightning_indexer,128,1048576,512,0,0,bfloat16,int32,10,deep_gemm,unsupported,UnsupportedByBackend,"backend 'deep_gemm' ranks float32 scores, and was given torch.bfloat16; 'maca_c' and 'torch' take bfloat16 as well",,,,,,,,
MetaX_C500,MetaX C500,104,8445068cb9ab5db2c105cf9b52db9dc0765c404e,4f0c4ceae8a1e20e10ac225ddb5ff3bd,official,lightning_indexer,1,131072,1024,0,0,bfloat16,int32,10,maca_c,pass,,,83.891,85.402,0.003174,3.174,0.266,100.0,100.0,
MetaX_C500,MetaX C500,104,8445068cb9ab5db2c105cf9b52db9dc0765c404e,4f0c4ceae8a1e20e10ac225ddb5ff3bd,official,lightning_indexer,1,131072,1024,0,0,bfloat16,int32,10,torch,pass,,,171.878,148.89,0.001549,1.549,,48.81,57.36,
MetaX_C500,MetaX C500,104,8445068cb9ab5db2c105cf9b52db9dc0765c404e,4f0c4ceae8a1e20e10ac225ddb5ff3bd,official,lightning_indexer,1,131072,1024,0,0,bfloat16,int32,10,deep_gemm,unsupported,UnsupportedByBackend,"backend 'deep_gemm' ranks float32 scores, and was given torch.bfloat16; 'maca_c' and 'torch' take bfloat16 as well",,,,,,,,
MetaX_C500,MetaX C500,104,8445068cb9ab5db2c105cf9b52db9dc0765c404e,4f0c4ceae8a1e20e10ac225ddb5ff3bd,official,lightning_indexer,1,262144,1024,0,0,bfloat16,int32,10,maca_c,pass,,,98.074,122.829,0.005388,5.388,0.528,100.0,100.0,
MetaX_C500,MetaX C500,104,8445068cb9ab5db2c105cf9b52db9dc0765c404e,4f0c4ceae8a1e20e10ac225ddb5ff3bd,official,lightning_indexer,1,262144,1024,0,0,bfloat16,int32,10,torch,pass,,,188.083,165.274,0.002809,2.809,,52.14,74.32,
MetaX_C500,MetaX C500,104,8445068cb9ab5db2c105cf9b52db9dc0765c404e,4f0c4ceae8a1e20e10ac225ddb5ff3bd,official,lightning_indexer,1,262144,1024,0,0,bfloat16,int32,10,deep_gemm,unsupported,UnsupportedByBackend,"backend 'deep_gemm' ranks float32 scores, and was given torch.bfloat16; 'maca_c' and 'torch' take bfloat16 as well",,,,,,,,
MetaX_C500,MetaX C500,104,8445068cb9ab5db2c105cf9b52db9dc0765c404e,4f0c4ceae8a1e20e10ac225ddb5ff3bd,official,lightning_indexer,1,1048576,1024,0,0,bfloat16,int32,10,maca_c,pass,,,130.611,170.47,0.016088,16.088,2.101,100.0,100.0,
MetaX_C500,MetaX C500,104,8445068cb9ab5db2c105cf9b52db9dc0765c404e,4f0c4ceae8a1e20e10ac225ddb5ff3bd,official,lightning_indexer,1,1048576,1024,0,0,bfloat16,int32,10,torch,pass,,,294.758,273.971,0.007129,7.129,,44.31,62.22,
MetaX_C500,MetaX C500,104,8445068cb9ab5db2c105cf9b52db9dc0765c404e,4f0c4ceae8a1e20e10ac225ddb5ff3bd,official,lightning_indexer,1,1048576,1024,0,0,bfloat16,int32,10,deep_gemm,unsupported,UnsupportedByBackend,"backend 'deep_gemm' ranks float32 scores, and was given torch.bfloat16; 'maca_c' and 'torch' take bfloat16 as well",,,,,,,,
MetaX_C500,MetaX C500,104,8445068cb9ab5db2c105cf9b52db9dc0765c404e,4f0c4ceae8a1e20e10ac225ddb5ff3bd,official,lightning_indexer,64,131072,1024,0,0,bfloat16,int32,10,maca_c,pass,,,90.394,92.595,0.188501,188.501,17.039,100.0,100.0,
MetaX_C500,MetaX C500,104,8445068cb9ab5db2c105cf9b52db9dc0765c404e,4f0c4ceae8a1e20e10ac225ddb5ff3bd,official,lightning_indexer,64,131072,1024,0,0,bfloat16,int32,10,torch,pass,,,442.496,431.59,0.038507,38.507,,20.43,21.45,
MetaX_C500,MetaX C500,104,8445068cb9ab5db2c105cf9b52db9dc0765c404e,4f0c4ceae8a1e20e10ac225ddb5ff3bd,official,lightning_indexer,64,131072,1024,0,0,bfloat16,int32,10,deep_gemm,unsupported,UnsupportedByBackend,"backend 'deep_gemm' ranks float32 scores, and was given torch.bfloat16; 'maca_c' and 'torch' take bfloat16 as well",,,,,,,,
MetaX_C500,MetaX C500,104,8445068cb9ab5db2c105cf9b52db9dc0765c404e,4f0c4ceae8a1e20e10ac225ddb5ff3bd,official,lightning_indexer,64,262144,1024,0,0,bfloat16,int32,10,maca_c,pass,,,349.875,420.07,0.096653,96.653,33.817,100.0,100.0,
MetaX_C500,MetaX C500,104,8445068cb9ab5db2c105cf9b52db9dc0765c404e,4f0c4ceae8a1e20e10ac225ddb5ff3bd,official,lightning_indexer,64,262144,1024,0,0,bfloat16,int32,10,torch,pass,,,723.789,716.928,0.046722,46.722,,48.34,58.59,
MetaX_C500,MetaX C500,104,8445068cb9ab5db2c105cf9b52db9dc0765c404e,4f0c4ceae8a1e20e10ac225ddb5ff3bd,official,lightning_indexer,64,262144,1024,0,0,bfloat16,int32,10,deep_gemm,unsupported,UnsupportedByBackend,"backend 'deep_gemm' ranks float32 scores, and was given torch.bfloat16; 'maca_c' and 'torch' take bfloat16 as well",,,,,,,,
MetaX_C500,MetaX C500,104,8445068cb9ab5db2c105cf9b52db9dc0765c404e,4f0c4ceae8a1e20e10ac225ddb5ff3bd,official,lightning_indexer,64,1048576,1024,0,0,bfloat16,int32,10,maca_c,pass,,,551.014,691.763,0.244059,244.059,134.48,100.0,100.0,
MetaX_C500,MetaX C500,104,8445068cb9ab5db2c105cf9b52db9dc0765c404e,4f0c4ceae8a1e20e10ac225ddb5ff3bd,official,lightning_indexer,64,1048576,1024,0,0,bfloat16,int32,10,torch,pass,,,1979.776,1976.678,0.067927,67.927,,27.83,35.0,
MetaX_C500,MetaX C500,104,8445068cb9ab5db2c105cf9b52db9dc0765c404e,4f0c4ceae8a1e20e10ac225ddb5ff3bd,official,lightning_indexer,64,1048576,1024,0,0,bfloat16,int32,10,deep_gemm,unsupported,UnsupportedByBackend,"backend 'deep_gemm' ranks float32 scores, and was given torch.bfloat16; 'maca_c' and 'torch' take bfloat16 as well",,,,,,,,
MetaX_C500,MetaX C500,104,8445068cb9ab5db2c105cf9b52db9dc0765c404e,4f0c4ceae8a1e20e10ac225ddb5ff3bd,official,lightning_indexer,128,131072,1024,0,0,bfloat16,int32,10,maca_c,pass,,,174.362,174.003,0.195448,195.448,34.079,100.0,100.0,
MetaX_C500,MetaX C500,104,8445068cb9ab5db2c105cf9b52db9dc0765c404e,4f0c4ceae8a1e20e10ac225ddb5ff3bd,official,lightning_indexer,128,131072,1024,0,0,bfloat16,int32,10,torch,pass,,,713.498,700.339,0.047763,47.763,,24.44,24.85,
MetaX_C500,MetaX C500,104,8445068cb9ab5db2c105cf9b52db9dc0765c404e,4f0c4ceae8a1e20e10ac225ddb5ff3bd,official,lightning_indexer,128,131072,1024,0,0,bfloat16,int32,10,deep_gemm,unsupported,UnsupportedByBackend,"backend 'deep_gemm' ranks float32 scores, and was given torch.bfloat16; 'maca_c' and 'torch' take bfloat16 as well",,,,,,,,
MetaX_C500,MetaX C500,104,8445068cb9ab5db2c105cf9b52db9dc0765c404e,4f0c4ceae8a1e20e10ac225ddb5ff3bd,official,lightning_indexer,128,262144,1024,0,0,bfloat16,int32,10,maca_c,pass,,,292.352,293.453,0.231342,231.342,67.633,100.0,100.0,
MetaX_C500,MetaX C500,104,8445068cb9ab5db2c105cf9b52db9dc0765c404e,4f0c4ceae8a1e20e10ac225ddb5ff3bd,official,lightning_indexer,128,262144,1024,0,0,bfloat16,int32,10,torch,pass,,,1146.24,1130.957,0.059004,59.004,,25.51,25.95,
MetaX_C500,MetaX C500,104,8445068cb9ab5db2c105cf9b52db9dc0765c404e,4f0c4ceae8a1e20e10ac225ddb5ff3bd,official,lightning_indexer,128,262144,1024,0,0,bfloat16,int32,10,deep_gemm,unsupported,UnsupportedByBackend,"backend 'deep_gemm' ranks float32 scores, and was given torch.bfloat16; 'maca_c' and 'torch' take bfloat16 as well",,,,,,,,
MetaX_C500,MetaX C500,104,8445068cb9ab5db2c105cf9b52db9dc0765c404e,4f0c4ceae8a1e20e10ac225ddb5ff3bd,official,lightning_indexer,128,1048576,1024,0,0,bfloat16,int32,10,maca_c,pass,,,970.906,974.464,0.277019,277.019,268.96,100.0,100.0,
MetaX_C500,MetaX C500,104,8445068cb9ab5db2c105cf9b52db9dc0765c404e,4f0c4ceae8a1e20e10ac225ddb5ff3bd,official,lightning_indexer,128,1048576,1024,0,0,bfloat16,int32,10,torch,pass,,,3615.642,3607.296,0.074388,74.388,,26.85,27.01,
MetaX_C500,MetaX C500,104,8445068cb9ab5db2c105cf9b52db9dc0765c404e,4f0c4ceae8a1e20e10ac225ddb5ff3bd,official,lightning_indexer,128,1048576,1024,0,0,bfloat16,int32,10,deep_gemm,unsupported,UnsupportedByBackend,"backend 'deep_gemm' ranks float32 scores, and was given torch.bfloat16; 'maca_c' and 'torch' take bfloat16 as well",,,,,,,,
MetaX_C500,MetaX C500,104,8445068cb9ab5db2c105cf9b52db9dc0765c404e,4f0c4ceae8a1e20e10ac225ddb5ff3bd,official,lightning_indexer,1,131072,2048,0,0,bfloat16,int32,10,maca_c,pass,,,126.643,126.618,0.002135,2.135,0.27,100.0,100.0,
MetaX_C500,MetaX C500,104,8445068cb9ab5db2c105cf9b52db9dc0765c404e,4f0c4ceae8a1e20e10ac225ddb5ff3bd,official,lightning_indexer,1,131072,2048,0,0,bfloat16,int32,10,torch,pass,,,169.856,147.814,0.001592,1.592,,74.56,85.66,
MetaX_C500,MetaX C500,104,8445068cb9ab5db2c105cf9b52db9dc0765c404e,4f0c4ceae8a1e20e10ac225ddb5ff3bd,official,lightning_indexer,1,131072,2048,0,0,bfloat16,int32,10,deep_gemm,unsupported,UnsupportedByBackend,"backend 'deep_gemm' ranks float32 scores, and was given torch.bfloat16; 'maca_c' and 'torch' take bfloat16 as well",,,,,,,,
MetaX_C500,MetaX C500,104,8445068cb9ab5db2c105cf9b52db9dc0765c404e,4f0c4ceae8a1e20e10ac225ddb5ff3bd,official,lightning_indexer,1,262144,2048,0,0,bfloat16,int32,10,maca_c,pass,,,216.422,212.71,0.00246,2.46,0.532,100.0,100.0,
MetaX_C500,MetaX C500,104,8445068cb9ab5db2c105cf9b52db9dc0765c404e,4f0c4ceae8a1e20e10ac225ddb5ff3bd,official,lightning_indexer,1,262144,2048,0,0,bfloat16,int32,10,torch,pass,,,187.366,163.763,0.002842,2.842,,115.51,129.89,
MetaX_C500,MetaX C500,104,8445068cb9ab5db2c105cf9b52db9dc0765c404e,4f0c4ceae8a1e20e10ac225ddb5ff3bd,official,lightning_indexer,1,262144,2048,0,0,bfloat16,int32,10,deep_gemm,unsupported,UnsupportedByBackend,"backend 'deep_gemm' ranks float32 scores, and was given torch.bfloat16; 'maca_c' and 'torch' take bfloat16 as well",,,,,,,,
MetaX_C500,MetaX C500,104,8445068cb9ab5db2c105cf9b52db9dc0765c404e,4f0c4ceae8a1e20e10ac225ddb5ff3bd,official,lightning_indexer,1,1048576,2048,0,0,bfloat16,int32,10,maca_c,pass,,,703.514,670.106,0.002993,2.993,2.105,100.0,100.0,
MetaX_C500,MetaX C500,104,8445068cb9ab5db2c105cf9b52db9dc0765c404e,4f0c4ceae8a1e20e10ac225ddb5ff3bd,official,lightning_indexer,1,1048576,2048,0,0,bfloat16,int32,10,torch,pass,,,293.478,271.744,0.007174,7.174,,239.72,246.59,
MetaX_C500,MetaX C500,104,8445068cb9ab5db2c105cf9b52db9dc0765c404e,4f0c4ceae8a1e20e10ac225ddb5ff3bd,official,lightning_indexer,1,1048576,2048,0,0,bfloat16,int32,10,deep_gemm,unsupported,UnsupportedByBackend,"backend 'deep_gemm' ranks float32 scores, and was given torch.bfloat16; 'maca_c' and 'torch' take bfloat16 as well",,,,,,,,
MetaX_C500,MetaX C500,104,8445068cb9ab5db2c105cf9b52db9dc0765c404e,4f0c4ceae8a1e20e10ac225ddb5ff3bd,official,lightning_indexer,64,131072,2048,0,0,bfloat16,int32,10,maca_c,pass,,,141.926,143.514,0.121905,121.905,17.302,100.0,100.0,
MetaX_C500,MetaX C500,104,8445068cb9ab5db2c105cf9b52db9dc0765c404e,4f0c4ceae8a1e20e10ac225ddb5ff3bd,official,lightning_indexer,64,131072,2048,0,0,bfloat16,int32,10,torch,pass,,,445.542,434.842,0.038832,38.832,,31.85,33.0,
MetaX_C500,MetaX C500,104,8445068cb9ab5db2c105cf9b52db9dc0765c404e,4f0c4ceae8a1e20e10ac225ddb5ff3bd,official,lightning_indexer,64,131072,2048,0,0,bfloat16,int32,10,deep_gemm,unsupported,UnsupportedByBackend,"backend 'deep_gemm' ranks float32 scores, and was given torch.bfloat16; 'maca_c' and 'torch' take bfloat16 as well",,,,,,,,
MetaX_C500,MetaX C500,104,8445068cb9ab5db2c105cf9b52db9dc0765c404e,4f0c4ceae8a1e20e10ac225ddb5ff3bd,official,lightning_indexer,64,262144,2048,0,0,bfloat16,int32,10,maca_c,pass,,,239.974,241.843,0.14201,142.01,34.079,100.0,100.0,
MetaX_C500,MetaX C500,104,8445068cb9ab5db2c105cf9b52db9dc0765c404e,4f0c4ceae8a1e20e10ac225ddb5ff3bd,official,lightning_indexer,64,262144,2048,0,0,bfloat16,int32,10,torch,pass,,,725.197,712.397,0.046992,46.992,,33.09,33.95,
MetaX_C500,MetaX C500,104,8445068cb9ab5db2c105cf9b52db9dc0765c404e,4f0c4ceae8a1e20e10ac225ddb5ff3bd,official,lightning_indexer,64,262144,2048,0,0,bfloat16,int32,10,deep_gemm,unsupported,UnsupportedByBackend,"backend 'deep_gemm' ranks float32 scores, and was given torch.bfloat16; 'maca_c' and 'torch' take bfloat16 as well",,,,,,,,
MetaX_C500,MetaX C500,104,8445068cb9ab5db2c105cf9b52db9dc0765c404e,4f0c4ceae8a1e20e10ac225ddb5ff3bd,official,lightning_indexer,64,1048576,2048,0,0,bfloat16,int32,10,maca_c,pass,,,776.269,779.494,0.173576,173.576,134.742,100.0,100.0,
MetaX_C500,MetaX C500,104,8445068cb9ab5db2c105cf9b52db9dc0765c404e,4f0c4ceae8a1e20e10ac225ddb5ff3bd,official,lightning_indexer,64,1048576,2048,0,0,bfloat16,int32,10,torch,pass,,,1978.547,1970.176,0.068101,68.101,,39.23,39.56,
MetaX_C500,MetaX C500,104,8445068cb9ab5db2c105cf9b52db9dc0765c404e,4f0c4ceae8a1e20e10ac225ddb5ff3bd,official,lightning_indexer,64,1048576,2048,0,0,bfloat16,int32,10,deep_gemm,unsupported,UnsupportedByBackend,"backend 'deep_gemm' ranks float32 scores, and was given torch.bfloat16; 'maca_c' and 'torch' take bfloat16 as well",,,,,,,,
MetaX_C500,MetaX C500,104,8445068cb9ab5db2c105cf9b52db9dc0765c404e,4f0c4ceae8a1e20e10ac225ddb5ff3bd,official,lightning_indexer,128,131072,2048,0,0,bfloat16,int32,10,maca_c,pass,,,180.096,181.453,0.192136,192.136,34.603,100.0,100.0,
MetaX_C500,MetaX C500,104,8445068cb9ab5db2c105cf9b52db9dc0765c404e,4f0c4ceae8a1e20e10ac225ddb5ff3bd,official,lightning_indexer,128,131072,2048,0,0,bfloat16,int32,10,torch,pass,,,727.552,719.155,0.047561,47.561,,24.75,25.23,
MetaX_C500,MetaX C500,104,8445068cb9ab5db2c105cf9b52db9dc0765c404e,4f0c4ceae8a1e20e10ac225ddb5ff3bd,official,lightning_indexer,128,131072,2048,0,0,bfloat16,int32,10,deep_gemm,unsupported,UnsupportedByBackend,"backend 'deep_gemm' ranks float32 scores, and was given torch.bfloat16; 'maca_c' and 'torch' take bfloat16 as well",,,,,,,,
MetaX_C500,MetaX C500,104,8445068cb9ab5db2c105cf9b52db9dc0765c404e,4f0c4ceae8a1e20e10ac225ddb5ff3bd,official,lightning_indexer,128,262144,2048,0,0,bfloat16,int32,10,maca_c,pass,,,308.096,310.426,0.221221,221.221,68.157,100.0,100.0,
MetaX_C500,MetaX C500,104,8445068cb9ab5db2c105cf9b52db9dc0765c404e,4f0c4ceae8a1e20e10ac225ddb5ff3bd,official,lightning_indexer,128,262144,2048,0,0,bfloat16,int32,10,torch,pass,,,1163.034,1160.32,0.058603,58.603,,26.49,26.75,
MetaX_C500,MetaX C500,104,8445068cb9ab5db2c105cf9b52db9dc0765c404e,4f0c4ceae8a1e20e10ac225ddb5ff3bd,official,lightning_indexer,128,262144,2048,0,0,bfloat16,int32,10,deep_gemm,unsupported,UnsupportedByBackend,"backend 'deep_gemm' ranks float32 scores, and was given torch.bfloat16; 'maca_c' and 'torch' take bfloat16 as well",,,,,,,,
MetaX_C500,MetaX C500,104,8445068cb9ab5db2c105cf9b52db9dc0765c404e,4f0c4ceae8a1e20e10ac225ddb5ff3bd,official,lightning_indexer,128,1048576,2048,0,0,bfloat16,int32,10,maca_c,pass,,,1012.71,1016.678,0.266102,266.102,269.484,100.0,100.0,
MetaX_C500,MetaX C500,104,8445068cb9ab5db2c105cf9b52db9dc0765c404e,4f0c4ceae8a1e20e10ac225ddb5ff3bd,official,lightning_indexer,128,1048576,2048,0,0,bfloat16,int32,10,torch,pass,,,3644.237,3632.128,0.073948,73.948,,27.79,27.99,
MetaX_C500,MetaX C500,104,8445068cb9ab5db2c105cf9b52db9dc0765c404e,4f0c4ceae8a1e20e10ac225ddb5ff3bd,official,lightning_indexer,128,1048576,2048,0,0,bfloat16,int32,10,deep_gemm,unsupported,UnsupportedByBackend,"backend 'deep_gemm' ranks float32 scores, and was given torch.bfloat16; 'maca_c' and 'torch' take bfloat16 as well",,,,,,,,
MetaX_C500,MetaX C500,104,8445068cb9ab5db2c105cf9b52db9dc0765c404e,4f0c4ceae8a1e20e10ac225ddb5ff3bd,official,sampler,6,129280,512,1,1,float32,int64,10,maca_c,pass,,,98.458,111.309,0.031888,31.888,3.14,100.0,100.0,
MetaX_C500,MetaX C500,104,8445068cb9ab5db2c105cf9b52db9dc0765c404e,4f0c4ceae8a1e20e10ac225ddb5ff3bd,official,sampler,6,129280,512,1,1,float32,int64,10,torch,pass,,,353.536,359.322,0.008881,8.881,,27.85,30.98,
MetaX_C500,MetaX C500,104,8445068cb9ab5db2c105cf9b52db9dc0765c404e,4f0c4ceae8a1e20e10ac225ddb5ff3bd,official,sampler,6,129280,512,1,1,float32,int64,10,deep_gemm,unsupported,UnsupportedByBackend,backend 'deep_gemm' returns an unordered selection; `sorted_value`/`sorted_index` need backend 'maca_c',,,,,,,,
MetaX_C500,MetaX C500,104,8445068cb9ab5db2c105cf9b52db9dc0765c404e,4f0c4ceae8a1e20e10ac225ddb5ff3bd,official,sampler,256,129280,512,1,1,float32,int64,10,maca_c,pass,,,288.102,304.486,0.464959,464.959,133.956,100.0,100.0,
MetaX_C500,MetaX C500,104,8445068cb9ab5db2c105cf9b52db9dc0765c404e,4f0c4ceae8a1e20e10ac225ddb5ff3bd,official,sampler,256,129280,512,1,1,float32,int64,10,torch,pass,,,1600.179,1629.158,0.083713,83.713,,18.0,18.69,
MetaX_C500,MetaX C500,104,8445068cb9ab5db2c105cf9b52db9dc0765c404e,4f0c4ceae8a1e20e10ac225ddb5ff3bd,official,sampler,256,129280,512,1,1,float32,int64,10,deep_gemm,unsupported,UnsupportedByBackend,backend 'deep_gemm' returns an unordered selection; `sorted_value`/`sorted_index` need backend 'maca_c',,,,,,,,
MetaX_C500,MetaX C500,104,8445068cb9ab5db2c105cf9b52db9dc0765c404e,4f0c4ceae8a1e20e10ac225ddb5ff3bd,official,sampler,512,129280,512,1,1,float32,int64,10,maca_c,pass,,,500.173,511.13,0.535637,535.637,267.911,100.0,100.0,
MetaX_C500,MetaX C500,104,8445068cb9ab5db2c105cf9b52db9dc0765c404e,4f0c4ceae8a1e20e10ac225ddb5ff3bd,official,sampler,512,129280,512,1,1,float32,int64,10,torch,pass,,,2801.766,2850.714,0.095622,95.622,,17.85,17.93,
MetaX_C500,MetaX C500,104,8445068cb9ab5db2c105cf9b52db9dc0765c404e,4f0c4ceae8a1e20e10ac225ddb5ff3bd,official,sampler,512,129280,512,1,1,float32,int64,10,deep_gemm,unsupported,UnsupportedByBackend,backend 'deep_gemm' returns an unordered selection; `sorted_value`/`sorted_index` need backend 'maca_c',,,,,,,,
MetaX_C500,MetaX C500,104,8445068cb9ab5db2c105cf9b52db9dc0765c404e,4f0c4ceae8a1e20e10ac225ddb5ff3bd,official,sampler,768,129280,512,1,1,float32,int64,10,maca_c,pass,,,749.107,753.05,0.536461,536.461,401.867,100.0,100.0,
MetaX_C500,MetaX C500,104,8445068cb9ab5db2c105cf9b52db9dc0765c404e,4f0c4ceae8a1e20e10ac225ddb5ff3bd,official,sampler,768,129280,512,1,1,float32,int64,10,torch,pass,,,4055.706,4127.642,0.099087,99.087,,18.47,18.24,
MetaX_C500,MetaX C500,104,8445068cb9ab5db2c105cf9b52db9dc0765c404e,4f0c4ceae8a1e20e10ac225ddb5ff3bd,official,sampler,768,129280,512,1,1,float32,int64,10,deep_gemm,unsupported,UnsupportedByBackend,backend 'deep_gemm' returns an unordered selection; `sorted_value`/`sorted_index` need backend 'maca_c',,,,,,,,
MetaX_C500,MetaX C500,104,8445068cb9ab5db2c105cf9b52db9dc0765c404e,4f0c4ceae8a1e20e10ac225ddb5ff3bd,official,sampler,4096,129280,512,1,1,float32,int64,10,maca_c,pass,,,4234.445,4279.398,0.506156,506.156,2143.289,100.0,100.0,
MetaX_C500,MetaX C500,104,8445068cb9ab5db2c105cf9b52db9dc0765c404e,4f0c4ceae8a1e20e10ac225ddb5ff3bd,official,sampler,4096,129280,512,1,1,float32,int64,10,torch,pass,,,20153.293,20542.516,0.106349,106.349,,21.01,20.83,
MetaX_C500,MetaX C500,104,8445068cb9ab5db2c105cf9b52db9dc0765c404e,4f0c4ceae8a1e20e10ac225ddb5ff3bd,official,sampler,4096,129280,512,1,1,float32,int64,10,deep_gemm,unsupported,UnsupportedByBackend,backend 'deep_gemm' returns an unordered selection; `sorted_value`/`sorted_index` need backend 'maca_c',,,,,,,,
MetaX_C500,MetaX C500,104,8445068cb9ab5db2c105cf9b52db9dc0765c404e,4f0c4ceae8a1e20e10ac225ddb5ff3bd,deep_gemm_axes,lightning_indexer,1,66551,2048,0,0,float32,int32,10,maca_c,pass,,,66.202,70.861,0.004145,4.145,0.274,100.0,100.0,
MetaX_C500,MetaX C500,104,8445068cb9ab5db2c105cf9b52db9dc0765c404e,4f0c4ceae8a1e20e10ac225ddb5ff3bd,deep_gemm_axes,lightning_indexer,1,66551,2048,0,0,float32,int32,10,torch,pass,,,224.077,189.875,0.001225,1.225,,29.54,37.32,
MetaX_C500,MetaX C500,104,8445068cb9ab5db2c105cf9b52db9dc0765c404e,4f0c4ceae8a1e20e10ac225ddb5ff3bd,deep_gemm_axes,lightning_indexer,1,66551,2048,0,0,float32,int32,10,deep_gemm,pass,,,52.813,360.909,0.005196,5.196,0.274,125.35,19.63,
MetaX_C500,MetaX C500,104,8445068cb9ab5db2c105cf9b52db9dc0765c404e,4f0c4ceae8a1e20e10ac225ddb5ff3bd,deep_gemm_axes,lightning_indexer,16,66551,2048,0,0,float32,int32,10,maca_c,pass,,,87.45,96.819,0.050204,50.204,4.39,100.0,100.0,
MetaX_C500,MetaX C500,104,8445068cb9ab5db2c105cf9b52db9dc0765c404e,4f0c4ceae8a1e20e10ac225ddb5ff3bd,deep_gemm_axes,lightning_indexer,16,66551,2048,0,0,float32,int32,10,torch,pass,,,346.65,332.467,0.012665,12.665,,25.23,29.12,
MetaX_C500,MetaX C500,104,8445068cb9ab5db2c105cf9b52db9dc0765c404e,4f0c4ceae8a1e20e10ac225ddb5ff3bd,deep_gemm_axes,lightning_indexer,16,66551,2048,0,0,float32,int32,10,deep_gemm,pass,,,53.99,403.456,0.081318,81.318,4.39,161.97,24.0,
MetaX_C500,MetaX C500,104,8445068cb9ab5db2c105cf9b52db9dc0765c404e,4f0c4ceae8a1e20e10ac225ddb5ff3bd,deep_gemm_axes,lightning_indexer,132,66551,2048,0,0,float32,int32,10,maca_c,pass,,,119.219,136.474,0.303813,303.813,36.22,100.0,100.0,
MetaX_C500,MetaX C500,104,8445068cb9ab5db2c105cf9b52db9dc0765c404e,4f0c4ceae8a1e20e10ac225ddb5ff3bd,deep_gemm_axes,lightning_indexer,132,66551,2048,0,0,float32,int32,10,torch,pass,,,655.514,725.453,0.055255,55.255,,18.19,18.81,
MetaX_C500,MetaX C500,104,8445068cb9ab5db2c105cf9b52db9dc0765c404e,4f0c4ceae8a1e20e10ac225ddb5ff3bd,deep_gemm_axes,lightning_indexer,132,66551,2048,0,0,float32,int32,10,deep_gemm,pass,,,102.298,764.416,0.354066,354.066,36.22,116.54,17.85,
MetaX_C500,MetaX C500,104,8445068cb9ab5db2c105cf9b52db9dc0765c404e,4f0c4ceae8a1e20e10ac225ddb5ff3bd,deep_gemm_axes,lightning_indexer,512,66551,2048,0,0,float32,int32,10,maca_c,pass,,,276.25,302.259,0.508564,508.564,140.491,100.0,100.0,
MetaX_C500,MetaX C500,104,8445068cb9ab5db2c105cf9b52db9dc0765c404e,4f0c4ceae8a1e20e10ac225ddb5ff3bd,deep_gemm_axes,lightning_indexer,512,66551,2048,0,0,float32,int32,10,torch,pass,,,1594.598,1917.158,0.088104,88.104,,17.32,15.77,
MetaX_C500,MetaX C500,104,8445068cb9ab5db2c105cf9b52db9dc0765c404e,4f0c4ceae8a1e20e10ac225ddb5ff3bd,deep_gemm_axes,lightning_indexer,512,66551,2048,0,0,float32,int32,10,deep_gemm,pass,,,245.734,2043.776,0.571719,571.719,140.491,112.42,14.79,
MetaX_C500,MetaX C500,104,8445068cb9ab5db2c105cf9b52db9dc0765c404e,4f0c4ceae8a1e20e10ac225ddb5ff3bd,deep_gemm_axes,lightning_indexer,1,131072,2048,0,0,float32,int32,10,maca_c,pass,,,77.312,94.822,0.006887,6.887,0.532,100.0,100.0,sglang-bs1-seq2048: that grid declares a window; this ranks the whole row
MetaX_C500,MetaX C500,104,8445068cb9ab5db2c105cf9b52db9dc0765c404e,4f0c4ceae8a1e20e10ac225ddb5ff3bd,deep_gemm_axes,lightning_indexer,1,131072,2048,0,0,float32,int32,10,torch,pass,,,258.432,226.918,0.00206,2.06,,29.92,41.79,sglang-bs1-seq2048: that grid declares a window; this ranks the whole row
MetaX_C500,MetaX C500,104,8445068cb9ab5db2c105cf9b52db9dc0765c404e,4f0c4ceae8a1e20e10ac225ddb5ff3bd,deep_gemm_axes,lightning_indexer,1,131072,2048,0,0,float32,int32,10,deep_gemm,pass,,,64.0,418.995,0.00832,8.32,0.532,120.8,22.63,sglang-bs1-seq2048: that grid declares a window; this ranks the whole row
MetaX_C500,MetaX C500,104,8445068cb9ab5db2c105cf9b52db9dc0765c404e,4f0c4ceae8a1e20e10ac225ddb5ff3bd,deep_gemm_axes,lightning_indexer,1,131072,2048,0,0,float32,int32,10,maca_c,pass,,,77.773,94.106,0.006847,6.847,0.532,100.0,100.0,sglang-bs1-seq4096: that grid declares a window; this ranks the whole row
MetaX_C500,MetaX C500,104,8445068cb9ab5db2c105cf9b52db9dc0765c404e,4f0c4ceae8a1e20e10ac225ddb5ff3bd,deep_gemm_axes,lightning_indexer,1,131072,2048,0,0,float32,int32,10,torch,pass,,,263.219,229.427,0.002023,2.023,,29.55,41.02,sglang-bs1-seq4096: that grid declares a window; this ranks the whole row
MetaX_C500,MetaX C500,104,8445068cb9ab5db2c105cf9b52db9dc0765c404e,4f0c4ceae8a1e20e10ac225ddb5ff3bd,deep_gemm_axes,lightning_indexer,1,131072,2048,0,0,float32,int32,10,deep_gemm,pass,,,64.461,465.715,0.00826,8.26,0.532,120.65,20.21,sglang-bs1-seq4096: that grid declares a window; this ranks the whole row
MetaX_C500,MetaX C500,104,8445068cb9ab5db2c105cf9b52db9dc0765c404e,4f0c4ceae8a1e20e10ac225ddb5ff3bd,deep_gemm_axes,lightning_indexer,1,131072,2048,0,0,float32,int32,10,maca_c,pass,,,78.08,93.286,0.00682,6.82,0.532,100.0,100.0,sglang-bs1-seq16384: that grid declares a window; this ranks the whole row
MetaX_C500,MetaX C500,104,8445068cb9ab5db2c105cf9b52db9dc0765c404e,4f0c4ceae8a1e20e10ac225ddb5ff3bd,deep_gemm_axes,lightning_indexer,1,131072,2048,0,0,float32,int32,10,torch,pass,,,262.886,233.037,0.002026,2.026,,29.7,40.03,sglang-bs1-seq16384: that grid declares a window; this ranks the whole row
MetaX_C500,MetaX C500,104,8445068cb9ab5db2c105cf9b52db9dc0765c404e,4f0c4ceae8a1e20e10ac225ddb5ff3bd,deep_gemm_axes,lightning_indexer,1,131072,2048,0,0,float32,int32,10,deep_gemm,pass,,,64.768,461.517,0.008221,8.221,0.532,120.55,20.21,sglang-bs1-seq16384: that grid declares a window; this ranks the whole row
MetaX_C500,MetaX C500,104,8445068cb9ab5db2c105cf9b52db9dc0765c404e,4f0c4ceae8a1e20e10ac225ddb5ff3bd,deep_gemm_axes,lightning_indexer,1,131072,2048,0,0,float32,int32,10,maca_c,pass,,,77.773,92.954,0.006847,6.847,0.532,100.0,100.0,sglang-bs1-seq65536: that grid declares a window; this ranks the whole row
MetaX_C500,MetaX C500,104,8445068cb9ab5db2c105cf9b52db9dc0765c404e,4f0c4ceae8a1e20e10ac225ddb5ff3bd,deep_gemm_axes,lightning_indexer,1,131072,2048,0,0,float32,int32,10,torch,pass,,,258.893,230.195,0.002057,2.057,,30.04,40.38,sglang-bs1-seq65536: that grid declares a window; this ranks the whole row
MetaX_C500,MetaX C500,104,8445068cb9ab5db2c105cf9b52db9dc0765c404e,4f0c4ceae8a1e20e10ac225ddb5ff3bd,deep_gemm_axes,lightning_indexer,1,131072,2048,0,0,float32,int32,10,deep_gemm,pass,,,65.152,433.357,0.008173,8.173,0.532,119.37,21.45,sglang-bs1-seq65536: that grid declares a window; this ranks the whole row
MetaX_C500,MetaX C500,104,8445068cb9ab5db2c105cf9b52db9dc0765c404e,4f0c4ceae8a1e20e10ac225ddb5ff3bd,deep_gemm_axes,lightning_indexer,132,131072,2048,0,0,float32,int32,10,maca_c,pass,,,204.365,230.784,0.343931,343.931,70.287,100.0,100.0,sglang-bs132-seq2048: that grid declares a window; this ranks the whole row
MetaX_C500,MetaX C500,104,8445068cb9ab5db2c105cf9b52db9dc0765c404e,4f0c4ceae8a1e20e10ac225ddb5ff3bd,deep_gemm_axes,lightning_indexer,132,131072,2048,0,0,float32,int32,10,torch,pass,,,1003.366,989.926,0.070052,70.052,,20.37,23.31,sglang-bs132-seq2048: that grid declares a window; this ranks the whole row
MetaX_C500,MetaX C500,104,8445068cb9ab5db2c105cf9b52db9dc0765c404e,4f0c4ceae8a1e20e10ac225ddb5ff3bd,deep_gemm_axes,lightning_indexer,132,131072,2048,0,0,float32,int32,10,deep_gemm,pass,,,172.698,877.824,0.406996,406.996,70.287,118.34,26.29,sglang-bs132-seq2048: that grid declares a window; this ranks the whole row
MetaX_C500,MetaX C500,104,8445068cb9ab5db2c105cf9b52db9dc0765c404e,4f0c4ceae8a1e20e10ac225ddb5ff3bd,deep_gemm_axes,lightning_indexer,132,131072,2048,0,0,float32,int32,10,maca_c,pass,,,205.082,231.142,0.342728,342.728,70.287,100.0,100.0,sglang-bs132-seq4096: that grid declares a window; this ranks the whole row
MetaX_C500,MetaX C500,104,8445068cb9ab5db2c105cf9b52db9dc0765c404e,4f0c4ceae8a1e20e10ac225ddb5ff3bd,deep_gemm_axes,lightning_indexer,132,131072,2048,0,0,float32,int32,10,torch,pass,,,995.968,984.704,0.070572,70.572,,20.59,23.47,sglang-bs132-seq4096: that grid declares a window; this ranks the whole row
MetaX_C500,MetaX C500,104,8445068cb9ab5db2c105cf9b52db9dc0765c404e,4f0c4ceae8a1e20e10ac225ddb5ff3bd,deep_gemm_axes,lightning_indexer,132,131072,2048,0,0,float32,int32,10,deep_gemm,pass,,,172.749,901.248,0.406876,406.876,70.287,118.72,25.65,sglang-bs132-seq4096: that grid declares a window; this ranks the whole row
MetaX_C500,MetaX C500,104,8445068cb9ab5db2c105cf9b52db9dc0765c404e,4f0c4ceae8a1e20e10ac225ddb5ff3bd,deep_gemm_axes,lightning_indexer,132,131072,2048,0,0,float32,int32,10,maca_c,pass,,,205.645,234.368,0.34179,341.79,70.287,100.0,100.0,sglang-bs132-seq16384: that grid declares a window; this ranks the whole row
MetaX_C500,MetaX C500,104,8445068cb9ab5db2c105cf9b52db9dc0765c404e,4f0c4ceae8a1e20e10ac225ddb5ff3bd,deep_gemm_axes,lightning_indexer,132,131072,2048,0,0,float32,int32,10,torch,pass,,,1015.68,1005.44,0.069202,69.202,,20.25,23.31,sglang-bs132-seq16384: that grid declares a window; this ranks the whole row
MetaX_C500,MetaX C500,104,8445068cb9ab5db2c105cf9b52db9dc0765c404e,4f0c4ceae8a1e20e10ac225ddb5ff3bd,deep_gemm_axes,lightning_indexer,132,131072,2048,0,0,float32,int32,10,deep_gemm,pass,,,173.363,873.805,0.405435,405.435,70.287,118.62,26.82,sglang-bs132-seq16384: that grid declares a window; this ranks the whole row
MetaX_C500,MetaX C500,104,8445068cb9ab5db2c105cf9b52db9dc0765c404e,4f0c4ceae8a1e20e10ac225ddb5ff3bd,deep_gemm_axes,lightning_indexer,132,131072,2048,0,0,float32,int32,10,maca_c,pass,,,204.851,231.654,0.343115,343.115,70.287,100.0,100.0,sglang-bs132-seq65536: that grid declares a window; this ranks the whole row
MetaX_C500,MetaX C500,104,8445068cb9ab5db2c105cf9b52db9dc0765c404e,4f0c4ceae8a1e20e10ac225ddb5ff3bd,deep_gemm_axes,lightning_indexer,132,131072,2048,0,0,float32,int32,10,torch,pass,,,1015.706,998.426,0.0692,69.2,,20.17,23.2,sglang-bs132-seq65536: that grid declares a window; this ranks the whole row
MetaX_C500,MetaX C500,104,8445068cb9ab5db2c105cf9b52db9dc0765c404e,4f0c4ceae8a1e20e10ac225ddb5ff3bd,deep_gemm_axes,lightning_indexer,132,131072,2048,0,0,float32,int32,10,deep_gemm,pass,,,172.723,883.354,0.406937,406.937,70.287,118.6,26.22,sglang-bs132-seq65536: that grid declares a window; this ranks the whole row
MetaX_C500,MetaX C500,104,8445068cb9ab5db2c105cf9b52db9dc0765c404e,4f0c4ceae8a1e20e10ac225ddb5ff3bd,deep_gemm_axes,lightning_indexer,256,131072,2048,0,0,float32,int32,10,maca_c,pass,,,276.531,302.771,0.492946,492.946,136.315,100.0,100.0,sglang-bs256-seq2048: that grid declares a window; this ranks the whole row
MetaX_C500,MetaX C500,104,8445068cb9ab5db2c105cf9b52db9dc0765c404e,4f0c4ceae8a1e20e10ac225ddb5ff3bd,deep_gemm_axes,lightning_indexer,256,131072,2048,0,0,float32,int32,10,torch,pass,,,1607.296,1596.749,0.08481,84.81,,17.2,18.96,sglang-bs256-seq2048: that grid declares a window; this ranks the whole row
MetaX_C500,MetaX C500,104,8445068cb9ab5db2c105cf9b52db9dc0765c404e,4f0c4ceae8a1e20e10ac225ddb5ff3bd,deep_gemm_axes,lightning_indexer,256,131072,2048,0,0,float32,int32,10,deep_gemm,pass,,,241.459,1386.701,0.564547,564.547,136.315,114.53,21.83,sglang-bs256-seq2048: that grid declares a window; this ranks the whole row
MetaX_C500,MetaX C500,104,8445068cb9ab5db2c105cf9b52db9dc0765c404e,4f0c4ceae8a1e20e10ac225ddb5ff3bd,deep_gemm_axes,lightning_indexer,256,131072,2048,0,0,float32,int32,10,maca_c,pass,,,276.89,303.002,0.492307,492.307,136.315,100.0,100.0,sglang-bs256-seq4096: that grid declares a window; this ranks the whole row
MetaX_C500,MetaX C500,104,8445068cb9ab5db2c105cf9b52db9dc0765c404e,4f0c4ceae8a1e20e10ac225ddb5ff3bd,deep_gemm_axes,lightning_indexer,256,131072,2048,0,0,float32,int32,10,torch,pass,,,1615.078,1596.8,0.084401,84.401,,17.14,18.98,sglang-bs256-seq4096: that grid declares a window; this ranks the whole row
MetaX_C500,MetaX C500,104,8445068cb9ab5db2c105cf9b52db9dc0765c404e,4f0c4ceae8a1e20e10ac225ddb5ff3bd,deep_gemm_axes,lightning_indexer,256,131072,2048,0,0,float32,int32,10,deep_gemm,pass,,,240.794,1346.714,0.566106,566.106,136.315,114.99,22.5,sglang-bs256-seq4096: that grid declares a window; this ranks the whole row
MetaX_C500,MetaX C500,104,8445068cb9ab5db2c105cf9b52db9dc0765c404e,4f0c4ceae8a1e20e10ac225ddb5ff3bd,deep_gemm_axes,lightning_indexer,256,131072,2048,0,0,float32,int32,10,maca_c,pass,,,275.584,301.158,0.49464,494.64,136.315,100.0,100.0,sglang-bs256-seq16384: that grid declares a window; this ranks the whole row
MetaX_C500,MetaX C500,104,8445068cb9ab5db2c105cf9b52db9dc0765c404e,4f0c4ceae8a1e20e10ac225ddb5ff3bd,deep_gemm_axes,lightning_indexer,256,131072,2048,0,0,float32,int32,10,torch,pass,,,1617.843,1595.955,0.084257,84.257,,17.03,18.87,sglang-bs256-seq16384: that grid declares a window; this ranks the whole row
MetaX_C500,MetaX C500,104,8445068cb9ab5db2c105cf9b52db9dc0765c404e,4f0c4ceae8a1e20e10ac225ddb5ff3bd,deep_gemm_axes,lightning_indexer,256,131072,2048,0,0,float32,int32,10,deep_gemm,pass,,,240.691,1368.934,0.566348,566.348,136.315,114.5,22.0,sglang-bs256-seq16384: that grid declares a window; this ranks the whole row
MetaX_C500,MetaX C500,104,8445068cb9ab5db2c105cf9b52db9dc0765c404e,4f0c4ceae8a1e20e10ac225ddb5ff3bd,deep_gemm_axes,lightning_indexer,256,131072,2048,0,0,float32,int32,10,maca_c,pass,,,275.917,301.466,0.494043,494.043,136.315,100.0,100.0,sglang-bs256-seq65536: that grid declares a window; this ranks the whole row
MetaX_C500,MetaX C500,104,8445068cb9ab5db2c105cf9b52db9dc0765c404e,4f0c4ceae8a1e20e10ac225ddb5ff3bd,deep_gemm_axes,lightning_indexer,256,131072,2048,0,0,float32,int32,10,torch,pass,,,1619.405,1598.054,0.084176,84.176,,17.04,18.86,sglang-bs256-seq65536: that grid declares a window; this ranks the whole row
MetaX_C500,MetaX C500,104,8445068cb9ab5db2c105cf9b52db9dc0765c404e,4f0c4ceae8a1e20e10ac225ddb5ff3bd,deep_gemm_axes,lightning_indexer,256,131072,2048,0,0,float32,int32,10,deep_gemm,pass,,,240.23,1362.79,0.567435,567.435,136.315,114.86,22.12,sglang-bs256-seq65536: that grid declares a window; this ranks the whole row
MetaX_C500,MetaX C500,104,8445068cb9ab5db2c105cf9b52db9dc0765c404e,4f0c4ceae8a1e20e10ac225ddb5ff3bd,deep_gemm_axes,lightning_indexer,4096,131072,2048,0,0,float32,int32,10,maca_c,pass,,,3410.79,3441.741,0.639452,639.452,2181.038,100.0,100.0,sglang-bs4096-seq2048: that grid declares a window; this ranks the whole row
MetaX_C500,MetaX C500,104,8445068cb9ab5db2c105cf9b52db9dc0765c404e,4f0c4ceae8a1e20e10ac225ddb5ff3bd,deep_gemm_axes,lightning_indexer,4096,131072,2048,0,0,float32,int32,10,torch,pass,,,20493.645,20507.52,0.106425,106.425,,16.64,16.78,sglang-bs4096-seq2048: that grid declares a window; this ranks the whole row
MetaX_C500,MetaX C500,104,8445068cb9ab5db2c105cf9b52db9dc0765c404e,4f0c4ceae8a1e20e10ac225ddb5ff3bd,deep_gemm_axes,lightning_indexer,4096,131072,2048,0,0,float32,int32,10,deep_gemm,pass,,,3265.843,16052.097,0.667833,667.833,2181.038,104.44,21.44,sglang-bs4096-seq2048: that grid declares a window; this ranks the whole row
MetaX_C500,MetaX C500,104,8445068cb9ab5db2c105cf9b52db9dc0765c404e,4f0c4ceae8a1e20e10ac225ddb5ff3bd,deep_gemm_axes,lightning_indexer,4096,131072,2048,0,0,float32,int32,10,maca_c,pass,,,3411.123,3443.712,0.63939,639.39,2181.038,100.0,100.0,sglang-bs4096-seq4096: that grid declares a window; this ranks the whole row
MetaX_C500,MetaX C500,104,8445068cb9ab5db2c105cf9b52db9dc0765c404e,4f0c4ceae8a1e20e10ac225ddb5ff3bd,deep_gemm_axes,lightning_indexer,4096,131072,2048,0,0,float32,int32,10,torch,pass,,,20506.931,20499.763,0.106356,106.356,,16.63,16.8,sglang-bs4096-seq4096: that grid declares a window; this ranks the whole row
MetaX_C500,MetaX C500,104,8445068cb9ab5db2c105cf9b52db9dc0765c404e,4f0c4ceae8a1e20e10ac225ddb5ff3bd,deep_gemm_axes,lightning_indexer,4096,131072,2048,0,0,float32,int32,10,deep_gemm,pass,,,3266.995,16071.552,0.667598,667.598,2181.038,104.41,21.43,sglang-bs4096-seq4096: that grid declares a window; this ranks the whole row
MetaX_C500,MetaX C500,104,8445068cb9ab5db2c105cf9b52db9dc0765c404e,4f0c4ceae8a1e20e10ac225ddb5ff3bd,deep_gemm_axes,lightning_indexer,4096,131072,2048,0,0,float32,int32,10,maca_c,pass,,,3412.019,3442.714,0.639222,639.222,2181.038,100.0,100.0,sglang-bs4096-seq16384: that grid declares a window; this ranks the whole row
MetaX_C500,MetaX C500,104,8445068cb9ab5db2c105cf9b52db9dc0765c404e,4f0c4ceae8a1e20e10ac225ddb5ff3bd,deep_gemm_axes,lightning_indexer,4096,131072,2048,0,0,float32,int32,10,torch,pass,,,20487.398,20498.279,0.106458,106.458,,16.65,16.8,sglang-bs4096-seq16384: that grid declares a window; this ranks the whole row
MetaX_C500,MetaX C500,104,8445068cb9ab5db2c105cf9b52db9dc0765c404e,4f0c4ceae8a1e20e10ac225ddb5ff3bd,deep_gemm_axes,lightning_indexer,4096,131072,2048,0,0,float32,int32,10,deep_gemm,pass,,,3265.869,16050.227,0.667828,667.828,2181.038,104.48,21.45,sglang-bs4096-seq16384: that grid declares a window; this ranks the whole row
MetaX_C500,MetaX C500,104,8445068cb9ab5db2c105cf9b52db9dc0765c404e,4f0c4ceae8a1e20e10ac225ddb5ff3bd,deep_gemm_axes,lightning_indexer,4096,131072,2048,0,0,float32,int32,10,maca_c,pass,,,3409.382,3440.538,0.639717,639.717,2181.038,100.0,100.0,sglang-bs4096-seq65536: that grid declares a window; this ranks the whole row
MetaX_C500,MetaX C500,104,8445068cb9ab5db2c105cf9b52db9dc0765c404e,4f0c4ceae8a1e20e10ac225ddb5ff3bd,deep_gemm_axes,lightning_indexer,4096,131072,2048,0,0,float32,int32,10,torch,pass,,,20491.802,20497.279,0.106435,106.435,,16.64,16.79,sglang-bs4096-seq65536: that grid declares a window; this ranks the whole row
MetaX_C500,MetaX C500,104,8445068cb9ab5db2c105cf9b52db9dc0765c404e,4f0c4ceae8a1e20e10ac225ddb5ff3bd,deep_gemm_axes,lightning_indexer,4096,131072,2048,0,0,float32,int32,10,deep_gemm,pass,,,3266.714,16027.776,0.667655,667.655,2181.038,104.37,21.47,sglang-bs4096-seq65536: that grid declares a window; this ranks the whole row
MetaX_C500,MetaX C500,104,8445068cb9ab5db2c105cf9b52db9dc0765c404e,4f0c4ceae8a1e20e10ac225ddb5ff3bd,deep_gemm_axes,lightning_indexer,1,107520,2048,0,0,float32,int32,10,maca_c,pass,,,74.803,85.786,0.005859,5.859,0.438,100.0,100.0,
MetaX_C500,MetaX C500,104,8445068cb9ab5db2c105cf9b52db9dc0765c404e,4f0c4ceae8a1e20e10ac225ddb5ff3bd,deep_gemm_axes,lightning_indexer,1,107520,2048,0,0,float32,int32,10,torch,pass,,,261.478,228.992,0.001676,1.676,,28.61,37.46,
MetaX_C500,MetaX C500,104,8445068cb9ab5db2c105cf9b52db9dc0765c404e,4f0c4ceae8a1e20e10ac225ddb5ff3bd,deep_gemm_axes,lightning_indexer,1,107520,2048,0,0,float32,int32,10,deep_gemm,pass,,,61.414,413.133,0.007136,7.136,0.438,121.8,20.76,
MetaX_C500,MetaX C500,104,8445068cb9ab5db2c105cf9b52db9dc0765c404e,4f0c4ceae8a1e20e10ac225ddb5ff3bd,deep_gemm_axes,lightning_indexer,16,66551,2048,0,0,float32,int32,10,maca_c,pass,,,88.269,103.45,0.049738,49.738,4.39,100.0,100.0,
MetaX_C500,MetaX C500,104,8445068cb9ab5db2c105cf9b52db9dc0765c404e,4f0c4ceae8a1e20e10ac225ddb5ff3bd,deep_gemm_axes,lightning_indexer,16,66551,2048,0,0,float32,int32,10,torch,pass,,,344.832,334.976,0.012732,12.732,,25.6,30.88,
MetaX_C500,MetaX C500,104,8445068cb9ab5db2c105cf9b52db9dc0765c404e,4f0c4ceae8a1e20e10ac225ddb5ff3bd,deep_gemm_axes,lightning_indexer,16,66551,2048,0,0,float32,int32,10,deep_gemm,pass,,,56.166,526.336,0.078167,78.167,4.39,157.16,19.65,
MetaX_C500,MetaX C500,104,8445068cb9ab5db2c105cf9b52db9dc0765c404e,4f0c4ceae8a1e20e10ac225ddb5ff3bd,deep_gemm_axes,lightning_indexer,132,107520,2048,0,0,float32,int32,10,maca_c,pass,,,173.926,196.48,0.332624,332.624,57.852,100.0,100.0,
MetaX_C500,MetaX C500,104,8445068cb9ab5db2c105cf9b52db9dc0765c404e,4f0c4ceae8a1e20e10ac225ddb5ff3bd,deep_gemm_axes,lightning_indexer,132,107520,2048,0,0,float32,int32,10,torch,pass,,,878.259,858.573,0.065871,65.871,,19.8,22.88,
MetaX_C500,MetaX C500,104,8445068cb9ab5db2c105cf9b52db9dc0765c404e,4f0c4ceae8a1e20e10ac225ddb5ff3bd,deep_gemm_axes,lightning_indexer,132,107520,2048,0,0,float32,int32,10,deep_gemm,pass,,,145.485,774.4,0.397649,397.649,57.852,119.55,25.37,
MetaX_C500,MetaX C500,104,8445068cb9ab5db2c105cf9b52db9dc0765c404e,4f0c4ceae8a1e20e10ac225ddb5ff3bd,deep_gemm_axes,lightning_indexer,256,107520,2048,0,0,float32,int32,10,maca_c,pass,,,232.627,255.462,0.482307,482.307,112.198,100.0,100.0,
MetaX_C500,MetaX C500,104,8445068cb9ab5db2c105cf9b52db9dc0765c404e,4f0c4ceae8a1e20e10ac225ddb5ff3bd,deep_gemm_axes,lightning_indexer,256,107520,2048,0,0,float32,int32,10,torch,pass,,,1353.498,1334.502,0.082895,82.895,,17.19,19.14,
MetaX_C500,MetaX C500,104,8445068cb9ab5db2c105cf9b52db9dc0765c404e,4f0c4ceae8a1e20e10ac225ddb5ff3bd,deep_gemm_axes,lightning_indexer,256,107520,2048,0,0,float32,int32,10,deep_gemm,pass,,,199.834,1153.254,0.561454,561.454,112.198,116.41,22.15,
MetaX_C500,MetaX C500,104,8445068cb9ab5db2c105cf9b52db9dc0765c404e,4f0c4ceae8a1e20e10ac225ddb5ff3bd,deep_gemm_axes,lightning_indexer,4096,107520,2048,0,0,float32,int32,10,maca_c,pass,,,2845.619,2873.626,0.630851,630.851,1795.162,100.0,100.0,
MetaX_C500,MetaX C500,104,8445068cb9ab5db2c105cf9b52db9dc0765c404e,4f0c4ceae8a1e20e10ac225ddb5ff3bd,deep_gemm_axes,lightning_indexer,4096,107520,2048,0,0,float32,int32,10,torch,pass,,,15706.803,15699.2,0.114292,114.292,,18.12,18.3,
MetaX_C500,MetaX C500,104,8445068cb9ab5db2c105cf9b52db9dc0765c404e,4f0c4ceae8a1e20e10ac225ddb5ff3bd,deep_gemm_axes,lightning_indexer,4096,107520,2048,0,0,float32,int32,10,deep_gemm,pass,,,2704.947,13293.158,0.663659,663.659,1795.162,105.2,21.62,
