chip,device_name,sm_count,git_commit,extension_md5,case_source,family,n_rows,n_cols,top_k,sorted_value,return_value,input_dtype,index_dtype,num_runs,backend,status,error_type,error_message,time(us),wall_us,throughput(TB/s),bandwidth(GB/s),Byte(MB),relative_pct_vs_maca_c,wall_relative_pct_vs_maca_c,note
MetaX_C500,MetaX C500,104,f88873b81d8cdb968ed4ca8f32d6bf650b91d449,6c28a77b52b659d283503922e9614c19,official,lightning_indexer,6,256,512,0,0,bfloat16,int32,10,maca_c,pass,,,3.558,41.574,0.004317,4.317,0.015,100.0,100.0,
MetaX_C500,MetaX C500,104,f88873b81d8cdb968ed4ca8f32d6bf650b91d449,6c28a77b52b659d283503922e9614c19,official,lightning_indexer,6,256,512,0,0,bfloat16,int32,10,torch,pass,,"not applicable: the reference backend needs vocab_size >= topk, no window, no offset (tests/test.py's own guard)",,,,,,,,
MetaX_C500,MetaX C500,104,f88873b81d8cdb968ed4ca8f32d6bf650b91d449,6c28a77b52b659d283503922e9614c19,official,lightning_indexer,6,256,512,0,0,bfloat16,int32,10,deep_gemm,unsupported,UnsupportedByBackend,"backend 'deep_gemm' ranks float32 scores, and was given torch.bfloat16; 'maca_c' and 'torch' take bfloat16 as well",,,,,,,,
MetaX_C500,MetaX C500,104,f88873b81d8cdb968ed4ca8f32d6bf650b91d449,6c28a77b52b659d283503922e9614c19,official,lightning_indexer,6,1024,512,0,0,bfloat16,int32,10,maca_c,pass,,,15.283,43.162,0.001608,1.608,0.025,100.0,100.0,
MetaX_C500,MetaX C500,104,f88873b81d8cdb968ed4ca8f32d6bf650b91d449,6c28a77b52b659d283503922e9614c19,official,lightning_indexer,6,1024,512,0,0,bfloat16,int32,10,torch,pass,,,26.138,26.573,0.00094,0.94,,58.47,162.43,
MetaX_C500,MetaX C500,104,f88873b81d8cdb968ed4ca8f32d6bf650b91d449,6c28a77b52b659d283503922e9614c19,official,lightning_indexer,6,1024,512,0,0,bfloat16,int32,10,deep_gemm,unsupported,UnsupportedByBackend,"backend 'deep_gemm' ranks float32 scores, and was given torch.bfloat16; 'maca_c' and 'torch' take bfloat16 as well",,,,,,,,
MetaX_C500,MetaX C500,104,f88873b81d8cdb968ed4ca8f32d6bf650b91d449,6c28a77b52b659d283503922e9614c19,official,lightning_indexer,6,4096,512,0,0,bfloat16,int32,10,maca_c,pass,,,16.947,38.989,0.003625,3.625,0.061,100.0,100.0,
MetaX_C500,MetaX C500,104,f88873b81d8cdb968ed4ca8f32d6bf650b91d449,6c28a77b52b659d283503922e9614c19,official,lightning_indexer,6,4096,512,0,0,bfloat16,int32,10,torch,pass,,,51.046,51.507,0.001204,1.204,,33.2,75.7,
MetaX_C500,MetaX C500,104,f88873b81d8cdb968ed4ca8f32d6bf650b91d449,6c28a77b52b659d283503922e9614c19,official,lightning_indexer,6,4096,512,0,0,bfloat16,int32,10,deep_gemm,unsupported,UnsupportedByBackend,"backend 'deep_gemm' ranks float32 scores, and was given torch.bfloat16; 'maca_c' and 'torch' take bfloat16 as well",,,,,,,,
MetaX_C500,MetaX C500,104,f88873b81d8cdb968ed4ca8f32d6bf650b91d449,6c28a77b52b659d283503922e9614c19,official,lightning_indexer,6,16384,512,0,0,bfloat16,int32,10,maca_c,pass,,,26.214,42.189,0.007969,7.969,0.209,100.0,100.0,
MetaX_C500,MetaX C500,104,f88873b81d8cdb968ed4ca8f32d6bf650b91d449,6c28a77b52b659d283503922e9614c19,official,lightning_indexer,6,16384,512,0,0,bfloat16,int32,10,torch,pass,,,140.493,139.725,0.001487,1.487,,18.66,30.19,
MetaX_C500,MetaX C500,104,f88873b81d8cdb968ed4ca8f32d6bf650b91d449,6c28a77b52b659d283503922e9614c19,official,lightning_indexer,6,16384,512,0,0,bfloat16,int32,10,deep_gemm,unsupported,UnsupportedByBackend,"backend 'deep_gemm' ranks float32 scores, and was given torch.bfloat16; 'maca_c' and 'torch' take bfloat16 as well",,,,,,,,
MetaX_C500,MetaX C500,104,f88873b81d8cdb968ed4ca8f32d6bf650b91d449,6c28a77b52b659d283503922e9614c19,official,lightning_indexer,6,65536,512,0,0,bfloat16,int32,10,maca_c,pass,,,46.515,50.125,0.017171,17.171,0.799,100.0,100.0,
MetaX_C500,MetaX C500,104,f88873b81d8cdb968ed4ca8f32d6bf650b91d449,6c28a77b52b659d283503922e9614c19,official,lightning_indexer,6,65536,512,0,0,bfloat16,int32,10,torch,pass,,,181.99,158.157,0.004389,4.389,,25.56,31.69,
MetaX_C500,MetaX C500,104,f88873b81d8cdb968ed4ca8f32d6bf650b91d449,6c28a77b52b659d283503922e9614c19,official,lightning_indexer,6,65536,512,0,0,bfloat16,int32,10,deep_gemm,unsupported,UnsupportedByBackend,"backend 'deep_gemm' ranks float32 scores, and was given torch.bfloat16; 'maca_c' and 'torch' take bfloat16 as well",,,,,,,,
MetaX_C500,MetaX C500,104,f88873b81d8cdb968ed4ca8f32d6bf650b91d449,6c28a77b52b659d283503922e9614c19,official,lightning_indexer,6,131072,512,0,0,bfloat16,int32,10,maca_c,pass,,,71.424,74.65,0.022194,22.194,1.585,100.0,100.0,
MetaX_C500,MetaX C500,104,f88873b81d8cdb968ed4ca8f32d6bf650b91d449,6c28a77b52b659d283503922e9614c19,official,lightning_indexer,6,131072,512,0,0,bfloat16,int32,10,torch,pass,,,221.619,203.75,0.007153,7.153,,32.23,36.64,
MetaX_C500,MetaX C500,104,f88873b81d8cdb968ed4ca8f32d6bf650b91d449,6c28a77b52b659d283503922e9614c19,official,lightning_indexer,6,131072,512,0,0,bfloat16,int32,10,deep_gemm,unsupported,UnsupportedByBackend,"backend 'deep_gemm' ranks float32 scores, and was given torch.bfloat16; 'maca_c' and 'torch' take bfloat16 as well",,,,,,,,
MetaX_C500,MetaX C500,104,f88873b81d8cdb968ed4ca8f32d6bf650b91d449,6c28a77b52b659d283503922e9614c19,official,lightning_indexer,6,262144,512,0,0,bfloat16,int32,10,maca_c,pass,,,81.92,116.736,0.03855,38.55,3.158,100.0,100.0,
MetaX_C500,MetaX C500,104,f88873b81d8cdb968ed4ca8f32d6bf650b91d449,6c28a77b52b659d283503922e9614c19,official,lightning_indexer,6,262144,512,0,0,bfloat16,int32,10,torch,pass,,,265.677,244.352,0.011887,11.887,,30.83,47.77,
MetaX_C500,MetaX C500,104,f88873b81d8cdb968ed4ca8f32d6bf650b91d449,6c28a77b52b659d283503922e9614c19,official,lightning_indexer,6,262144,512,0,0,bfloat16,int32,10,deep_gemm,unsupported,UnsupportedByBackend,"backend 'deep_gemm' ranks float32 scores, and was given torch.bfloat16; 'maca_c' and 'torch' take bfloat16 as well",,,,,,,,
MetaX_C500,MetaX C500,104,f88873b81d8cdb968ed4ca8f32d6bf650b91d449,6c28a77b52b659d283503922e9614c19,official,lightning_indexer,6,524288,512,0,0,bfloat16,int32,10,maca_c,pass,,,81.024,120.371,0.077801,77.801,6.304,100.0,100.0,
MetaX_C500,MetaX C500,104,f88873b81d8cdb968ed4ca8f32d6bf650b91d449,6c28a77b52b659d283503922e9614c19,official,lightning_indexer,6,524288,512,0,0,bfloat16,int32,10,torch,pass,,,300.211,284.211,0.020998,20.998,,26.99,42.35,
MetaX_C500,MetaX C500,104,f88873b81d8cdb968ed4ca8f32d6bf650b91d449,6c28a77b52b659d283503922e9614c19,official,lightning_indexer,6,524288,512,0,0,bfloat16,int32,10,deep_gemm,unsupported,UnsupportedByBackend,"backend 'deep_gemm' ranks float32 scores, and was given torch.bfloat16; 'maca_c' and 'torch' take bfloat16 as well",,,,,,,,
MetaX_C500,MetaX C500,104,f88873b81d8cdb968ed4ca8f32d6bf650b91d449,6c28a77b52b659d283503922e9614c19,official,lightning_indexer,6,1048576,512,0,0,bfloat16,int32,10,maca_c,pass,,,110.131,161.306,0.114366,114.366,12.595,100.0,100.0,
MetaX_C500,MetaX C500,104,f88873b81d8cdb968ed4ca8f32d6bf650b91d449,6c28a77b52b659d283503922e9614c19,official,lightning_indexer,6,1048576,512,0,0,bfloat16,int32,10,torch,pass,,,379.494,356.557,0.033189,33.189,,29.02,45.24,
MetaX_C500,MetaX C500,104,f88873b81d8cdb968ed4ca8f32d6bf650b91d449,6c28a77b52b659d283503922e9614c19,official,lightning_indexer,6,1048576,512,0,0,bfloat16,int32,10,deep_gemm,unsupported,UnsupportedByBackend,"backend 'deep_gemm' ranks float32 scores, and was given torch.bfloat16; 'maca_c' and 'torch' take bfloat16 as well",,,,,,,,
MetaX_C500,MetaX C500,104,f88873b81d8cdb968ed4ca8f32d6bf650b91d449,6c28a77b52b659d283503922e9614c19,official,lightning_indexer,256,256,512,0,0,bfloat16,int32,10,maca_c,pass,,,5.632,38.656,0.116364,116.364,0.655,100.0,100.0,
MetaX_C500,MetaX C500,104,f88873b81d8cdb968ed4ca8f32d6bf650b91d449,6c28a77b52b659d283503922e9614c19,official,lightning_indexer,256,256,512,0,0,bfloat16,int32,10,torch,pass,,"not applicable: the reference backend needs vocab_size >= topk, no window, no offset (tests/test.py's own guard)",,,,,,,,
MetaX_C500,MetaX C500,104,f88873b81d8cdb968ed4ca8f32d6bf650b91d449,6c28a77b52b659d283503922e9614c19,official,lightning_indexer,256,256,512,0,0,bfloat16,int32,10,deep_gemm,unsupported,UnsupportedByBackend,"backend 'deep_gemm' ranks float32 scores, and was given torch.bfloat16; 'maca_c' and 'torch' take bfloat16 as well",,,,,,,,
MetaX_C500,MetaX C500,104,f88873b81d8cdb968ed4ca8f32d6bf650b91d449,6c28a77b52b659d283503922e9614c19,official,lightning_indexer,256,1024,512,0,0,bfloat16,int32,10,maca_c,pass,,,25.114,39.757,0.041753,41.753,1.049,100.0,100.0,
MetaX_C500,MetaX C500,104,f88873b81d8cdb968ed4ca8f32d6bf650b91d449,6c28a77b52b659d283503922e9614c19,official,lightning_indexer,256,1024,512,0,0,bfloat16,int32,10,torch,pass,,,62.362,60.851,0.016814,16.814,,40.27,65.33,
MetaX_C500,MetaX C500,104,f88873b81d8cdb968ed4ca8f32d6bf650b91d449,6c28a77b52b659d283503922e9614c19,official,lightning_indexer,256,1024,512,0,0,bfloat16,int32,10,deep_gemm,unsupported,UnsupportedByBackend,"backend 'deep_gemm' ranks float32 scores, and was given torch.bfloat16; 'maca_c' and 'torch' take bfloat16 as well",,,,,,,,
MetaX_C500,MetaX C500,104,f88873b81d8cdb968ed4ca8f32d6bf650b91d449,6c28a77b52b659d283503922e9614c19,official,lightning_indexer,256,4096,512,0,0,bfloat16,int32,10,maca_c,pass,,,35.379,40.883,0.074096,74.096,2.621,100.0,100.0,
MetaX_C500,MetaX C500,104,f88873b81d8cdb968ed4ca8f32d6bf650b91d449,6c28a77b52b659d283503922e9614c19,official,lightning_indexer,256,4096,512,0,0,bfloat16,int32,10,torch,pass,,,213.453,199.757,0.012281,12.281,,16.57,20.47,
MetaX_C500,MetaX C500,104,f88873b81d8cdb968ed4ca8f32d6bf650b91d449,6c28a77b52b659d283503922e9614c19,official,lightning_indexer,256,4096,512,0,0,bfloat16,int32,10,deep_gemm,unsupported,UnsupportedByBackend,"backend 'deep_gemm' ranks float32 scores, and was given torch.bfloat16; 'maca_c' and 'torch' take bfloat16 as well",,,,,,,,
MetaX_C500,MetaX C500,104,f88873b81d8cdb968ed4ca8f32d6bf650b91d449,6c28a77b52b659d283503922e9614c19,official,lightning_indexer,256,16384,512,0,0,bfloat16,int32,10,maca_c,pass,,,55.885,55.654,0.159486,159.486,8.913,100.0,100.0,
MetaX_C500,MetaX C500,104,f88873b81d8cdb968ed4ca8f32d6bf650b91d449,6c28a77b52b659d283503922e9614c19,official,lightning_indexer,256,16384,512,0,0,bfloat16,int32,10,torch,pass,,,318.31,307.584,0.028001,28.001,,17.56,18.09,
MetaX_C500,MetaX C500,104,f88873b81d8cdb968ed4ca8f32d6bf650b91d449,6c28a77b52b659d283503922e9614c19,official,lightning_indexer,256,16384,512,0,0,bfloat16,int32,10,deep_gemm,unsupported,UnsupportedByBackend,"backend 'deep_gemm' ranks float32 scores, and was given torch.bfloat16; 'maca_c' and 'torch' take bfloat16 as well",,,,,,,,
MetaX_C500,MetaX C500,104,f88873b81d8cdb968ed4ca8f32d6bf650b91d449,6c28a77b52b659d283503922e9614c19,official,lightning_indexer,256,65536,512,0,0,bfloat16,int32,10,maca_c,pass,,,141.926,142.49,0.240116,240.116,34.079,100.0,100.0,
MetaX_C500,MetaX C500,104,f88873b81d8cdb968ed4ca8f32d6bf650b91d449,6c28a77b52b659d283503922e9614c19,official,lightning_indexer,256,65536,512,0,0,bfloat16,int32,10,torch,pass,,,707.558,698.957,0.048164,48.164,,20.06,20.39,
MetaX_C500,MetaX C500,104,f88873b81d8cdb968ed4ca8f32d6bf650b91d449,6c28a77b52b659d283503922e9614c19,official,lightning_indexer,256,65536,512,0,0,bfloat16,int32,10,deep_gemm,unsupported,UnsupportedByBackend,"backend 'deep_gemm' ranks float32 scores, and was given torch.bfloat16; 'maca_c' and 'torch' take bfloat16 as well",,,,,,,,
MetaX_C500,MetaX C500,104,f88873b81d8cdb968ed4ca8f32d6bf650b91d449,6c28a77b52b659d283503922e9614c19,official,lightning_indexer,256,131072,512,0,0,bfloat16,int32,10,maca_c,pass,,,225.408,226.176,0.300048,300.048,67.633,100.0,100.0,
MetaX_C500,MetaX C500,104,f88873b81d8cdb968ed4ca8f32d6bf650b91d449,6c28a77b52b659d283503922e9614c19,official,lightning_indexer,256,131072,512,0,0,bfloat16,int32,10,torch,pass,,,1208.755,1200.051,0.055953,55.953,,18.65,18.85,
MetaX_C500,MetaX C500,104,f88873b81d8cdb968ed4ca8f32d6bf650b91d449,6c28a77b52b659d283503922e9614c19,official,lightning_indexer,256,131072,512,0,0,bfloat16,int32,10,deep_gemm,unsupported,UnsupportedByBackend,"backend 'deep_gemm' ranks float32 scores, and was given torch.bfloat16; 'maca_c' and 'torch' take bfloat16 as well",,,,,,,,
MetaX_C500,MetaX C500,104,f88873b81d8cdb968ed4ca8f32d6bf650b91d449,6c28a77b52b659d283503922e9614c19,official,lightning_indexer,256,262144,512,0,0,bfloat16,int32,10,maca_c,pass,,,383.795,385.203,0.351078,351.078,134.742,100.0,100.0,
MetaX_C500,MetaX C500,104,f88873b81d8cdb968ed4ca8f32d6bf650b91d449,6c28a77b52b659d283503922e9614c19,official,lightning_indexer,256,262144,512,0,0,bfloat16,int32,10,torch,pass,,,2039.654,2037.709,0.066061,66.061,,18.82,18.9,
MetaX_C500,MetaX C500,104,f88873b81d8cdb968ed4ca8f32d6bf650b91d449,6c28a77b52b659d283503922e9614c19,official,lightning_indexer,256,262144,512,0,0,bfloat16,int32,10,deep_gemm,unsupported,UnsupportedByBackend,"backend 'deep_gemm' ranks float32 scores, and was given torch.bfloat16; 'maca_c' and 'torch' take bfloat16 as well",,,,,,,,
MetaX_C500,MetaX C500,104,f88873b81d8cdb968ed4ca8f32d6bf650b91d449,6c28a77b52b659d283503922e9614c19,official,lightning_indexer,256,524288,512,0,0,bfloat16,int32,10,maca_c,pass,,,696.32,699.392,0.386259,386.259,268.96,100.0,100.0,
MetaX_C500,MetaX C500,104,f88873b81d8cdb968ed4ca8f32d6bf650b91d449,6c28a77b52b659d283503922e9614c19,official,lightning_indexer,256,524288,512,0,0,bfloat16,int32,10,torch,pass,,,3687.808,3691.981,0.072932,72.932,,18.88,18.94,
MetaX_C500,MetaX C500,104,f88873b81d8cdb968ed4ca8f32d6bf650b91d449,6c28a77b52b659d283503922e9614c19,official,lightning_indexer,256,524288,512,0,0,bfloat16,int32,10,deep_gemm,unsupported,UnsupportedByBackend,"backend 'deep_gemm' ranks float32 scores, and was given torch.bfloat16; 'maca_c' and 'torch' take bfloat16 as well",,,,,,,,
MetaX_C500,MetaX C500,104,f88873b81d8cdb968ed4ca8f32d6bf650b91d449,6c28a77b52b659d283503922e9614c19,official,lightning_indexer,256,1048576,512,0,0,bfloat16,int32,10,maca_c,pass,,,1323.546,1327.36,0.406027,406.027,537.395,100.0,100.0,
MetaX_C500,MetaX C500,104,f88873b81d8cdb968ed4ca8f32d6bf650b91d449,6c28a77b52b659d283503922e9614c19,official,lightning_indexer,256,1048576,512,0,0,bfloat16,int32,10,torch,pass,,,6972.621,6973.26,0.077072,77.072,,18.98,19.03,
MetaX_C500,MetaX C500,104,f88873b81d8cdb968ed4ca8f32d6bf650b91d449,6c28a77b52b659d283503922e9614c19,official,lightning_indexer,256,1048576,512,0,0,bfloat16,int32,10,deep_gemm,unsupported,UnsupportedByBackend,"backend 'deep_gemm' ranks float32 scores, and was given torch.bfloat16; 'maca_c' and 'torch' take bfloat16 as well",,,,,,,,
MetaX_C500,MetaX C500,104,f88873b81d8cdb968ed4ca8f32d6bf650b91d449,6c28a77b52b659d283503922e9614c19,official,lightning_indexer,512,256,512,0,0,bfloat16,int32,10,maca_c,pass,,,7.168,38.938,0.182857,182.857,1.311,100.0,100.0,
MetaX_C500,MetaX C500,104,f88873b81d8cdb968ed4ca8f32d6bf650b91d449,6c28a77b52b659d283503922e9614c19,official,lightning_indexer,512,256,512,0,0,bfloat16,int32,10,torch,pass,,"not applicable: the reference backend needs vocab_size >= topk, no window, no offset (tests/test.py's own guard)",,,,,,,,
MetaX_C500,MetaX C500,104,f88873b81d8cdb968ed4ca8f32d6bf650b91d449,6c28a77b52b659d283503922e9614c19,official,lightning_indexer,512,256,512,0,0,bfloat16,int32,10,deep_gemm,unsupported,UnsupportedByBackend,"backend 'deep_gemm' ranks float32 scores, and was given torch.bfloat16; 'maca_c' and 'torch' take bfloat16 as well",,,,,,,,
MetaX_C500,MetaX C500,104,f88873b81d8cdb968ed4ca8f32d6bf650b91d449,6c28a77b52b659d283503922e9614c19,official,lightning_indexer,512,1024,512,0,0,bfloat16,int32,10,maca_c,pass,,,36.582,43.955,0.057327,57.327,2.097,100.0,100.0,
MetaX_C500,MetaX C500,104,f88873b81d8cdb968ed4ca8f32d6bf650b91d449,6c28a77b52b659d283503922e9614c19,official,lightning_indexer,512,1024,512,0,0,bfloat16,int32,10,torch,pass,,,91.366,91.085,0.022953,22.953,,40.04,48.26,
MetaX_C500,MetaX C500,104,f88873b81d8cdb968ed4ca8f32d6bf650b91d449,6c28a77b52b659d283503922e9614c19,official,lightning_indexer,512,1024,512,0,0,bfloat16,int32,10,deep_gemm,unsupported,UnsupportedByBackend,"backend 'deep_gemm' ranks float32 scores, and was given torch.bfloat16; 'maca_c' and 'torch' take bfloat16 as well",,,,,,,,
MetaX_C500,MetaX C500,104,f88873b81d8cdb968ed4ca8f32d6bf650b91d449,6c28a77b52b659d283503922e9614c19,official,lightning_indexer,512,4096,512,0,0,bfloat16,int32,10,maca_c,pass,,,48.614,48.282,0.107847,107.847,5.243,100.0,100.0,
MetaX_C500,MetaX C500,104,f88873b81d8cdb968ed4ca8f32d6bf650b91d449,6c28a77b52b659d283503922e9614c19,official,lightning_indexer,512,4096,512,0,0,bfloat16,int32,10,torch,pass,,,254.08,242.918,0.020635,20.635,,19.13,19.88,
MetaX_C500,MetaX C500,104,f88873b81d8cdb968ed4ca8f32d6bf650b91d449,6c28a77b52b659d283503922e9614c19,official,lightning_indexer,512,4096,512,0,0,bfloat16,int32,10,deep_gemm,unsupported,UnsupportedByBackend,"backend 'deep_gemm' ranks float32 scores, and was given torch.bfloat16; 'maca_c' and 'torch' take bfloat16 as well",,,,,,,,
MetaX_C500,MetaX C500,104,f88873b81d8cdb968ed4ca8f32d6bf650b91d449,6c28a77b52b659d283503922e9614c19,official,lightning_indexer,512,16384,512,0,0,bfloat16,int32,10,maca_c,pass,,,83.558,83.123,0.213334,213.334,17.826,100.0,100.0,
MetaX_C500,MetaX C500,104,f88873b81d8cdb968ed4ca8f32d6bf650b91d449,6c28a77b52b659d283503922e9614c19,official,lightning_indexer,512,16384,512,0,0,bfloat16,int32,10,torch,pass,,,460.288,451.533,0.038727,38.727,,18.15,18.41,
MetaX_C500,MetaX C500,104,f88873b81d8cdb968ed4ca8f32d6bf650b91d449,6c28a77b52b659d283503922e9614c19,official,lightning_indexer,512,16384,512,0,0,bfloat16,int32,10,deep_gemm,unsupported,UnsupportedByBackend,"backend 'deep_gemm' ranks float32 scores, and was given torch.bfloat16; 'maca_c' and 'torch' take bfloat16 as well",,,,,,,,
MetaX_C500,MetaX C500,104,f88873b81d8cdb968ed4ca8f32d6bf650b91d449,6c28a77b52b659d283503922e9614c19,official,lightning_indexer,512,65536,512,0,0,bfloat16,int32,10,maca_c,pass,,,235.546,236.877,0.289359,289.359,68.157,100.0,100.0,
MetaX_C500,MetaX C500,104,f88873b81d8cdb968ed4ca8f32d6bf650b91d449,6c28a77b52b659d283503922e9614c19,official,lightning_indexer,512,65536,512,0,0,bfloat16,int32,10,torch,pass,,,1204.429,1194.522,0.056589,56.589,,19.56,19.83,
MetaX_C500,MetaX C500,104,f88873b81d8cdb968ed4ca8f32d6bf650b91d449,6c28a77b52b659d283503922e9614c19,official,lightning_indexer,512,65536,512,0,0,bfloat16,int32,10,deep_gemm,unsupported,UnsupportedByBackend,"backend 'deep_gemm' ranks float32 scores, and was given torch.bfloat16; 'maca_c' and 'torch' take bfloat16 as well",,,,,,,,
MetaX_C500,MetaX C500,104,f88873b81d8cdb968ed4ca8f32d6bf650b91d449,6c28a77b52b659d283503922e9614c19,official,lightning_indexer,512,131072,512,0,0,bfloat16,int32,10,maca_c,pass,,,375.194,375.501,0.360524,360.524,135.266,100.0,100.0,
MetaX_C500,MetaX C500,104,f88873b81d8cdb968ed4ca8f32d6bf650b91d449,6c28a77b52b659d283503922e9614c19,official,lightning_indexer,512,131072,512,0,0,bfloat16,int32,10,torch,pass,,,2146.304,2144.896,0.063023,63.023,,17.48,17.51,
MetaX_C500,MetaX C500,104,f88873b81d8cdb968ed4ca8f32d6bf650b91d449,6c28a77b52b659d283503922e9614c19,official,lightning_indexer,512,131072,512,0,0,bfloat16,int32,10,deep_gemm,unsupported,UnsupportedByBackend,"backend 'deep_gemm' ranks float32 scores, and was given torch.bfloat16; 'maca_c' and 'torch' take bfloat16 as well",,,,,,,,
MetaX_C500,MetaX C500,104,f88873b81d8cdb968ed4ca8f32d6bf650b91d449,6c28a77b52b659d283503922e9614c19,official,lightning_indexer,512,262144,512,0,0,bfloat16,int32,10,maca_c,pass,,,643.686,644.838,0.418658,418.658,269.484,100.0,100.0,
MetaX_C500,MetaX C500,104,f88873b81d8cdb968ed4ca8f32d6bf650b91d449,6c28a77b52b659d283503922e9614c19,official,lightning_indexer,512,262144,512,0,0,bfloat16,int32,10,torch,pass,,,3790.515,3788.16,0.071094,71.094,,16.98,17.02,
MetaX_C500,MetaX C500,104,f88873b81d8cdb968ed4ca8f32d6bf650b91d449,6c28a77b52b659d283503922e9614c19,official,lightning_indexer,512,262144,512,0,0,bfloat16,int32,10,deep_gemm,unsupported,UnsupportedByBackend,"backend 'deep_gemm' ranks float32 scores, and was given torch.bfloat16; 'maca_c' and 'torch' take bfloat16 as well",,,,,,,,
MetaX_C500,MetaX C500,104,f88873b81d8cdb968ed4ca8f32d6bf650b91d449,6c28a77b52b659d283503922e9614c19,official,lightning_indexer,512,524288,512,0,0,bfloat16,int32,10,maca_c,pass,,,1174.451,1175.962,0.458018,458.018,537.919,100.0,100.0,
MetaX_C500,MetaX C500,104,f88873b81d8cdb968ed4ca8f32d6bf650b91d449,6c28a77b52b659d283503922e9614c19,official,lightning_indexer,512,524288,512,0,0,bfloat16,int32,10,torch,pass,,,7059.533,7060.352,0.076198,76.198,,16.64,16.66,
MetaX_C500,MetaX C500,104,f88873b81d8cdb968ed4ca8f32d6bf650b91d449,6c28a77b52b659d283503922e9614c19,official,lightning_indexer,512,524288,512,0,0,bfloat16,int32,10,deep_gemm,unsupported,UnsupportedByBackend,"backend 'deep_gemm' ranks float32 scores, and was given torch.bfloat16; 'maca_c' and 'torch' take bfloat16 as well",,,,,,,,
MetaX_C500,MetaX C500,104,f88873b81d8cdb968ed4ca8f32d6bf650b91d449,6c28a77b52b659d283503922e9614c19,official,lightning_indexer,512,1048576,512,0,0,bfloat16,int32,10,maca_c,pass,,,2229.862,2234.24,0.481999,481.999,1074.79,100.0,100.0,
MetaX_C500,MetaX C500,104,f88873b81d8cdb968ed4ca8f32d6bf650b91d449,6c28a77b52b659d283503922e9614c19,official,lightning_indexer,512,1048576,512,0,0,bfloat16,int32,10,torch,pass,,,13637.76,13651.073,0.07881,78.81,,16.35,16.37,
MetaX_C500,MetaX C500,104,f88873b81d8cdb968ed4ca8f32d6bf650b91d449,6c28a77b52b659d283503922e9614c19,official,lightning_indexer,512,1048576,512,0,0,bfloat16,int32,10,deep_gemm,unsupported,UnsupportedByBackend,"backend 'deep_gemm' ranks float32 scores, and was given torch.bfloat16; 'maca_c' and 'torch' take bfloat16 as well",,,,,,,,
MetaX_C500,MetaX C500,104,f88873b81d8cdb968ed4ca8f32d6bf650b91d449,6c28a77b52b659d283503922e9614c19,official,lightning_indexer,768,256,512,0,0,bfloat16,int32,10,maca_c,pass,,,8.883,38.861,0.221331,221.331,1.966,100.0,100.0,
MetaX_C500,MetaX C500,104,f88873b81d8cdb968ed4ca8f32d6bf650b91d449,6c28a77b52b659d283503922e9614c19,official,lightning_indexer,768,256,512,0,0,bfloat16,int32,10,torch,pass,,"not applicable: the reference backend needs vocab_size >= topk, no window, no offset (tests/test.py's own guard)",,,,,,,,
MetaX_C500,MetaX C500,104,f88873b81d8cdb968ed4ca8f32d6bf650b91d449,6c28a77b52b659d283503922e9614c19,official,lightning_indexer,768,256,512,0,0,bfloat16,int32,10,deep_gemm,unsupported,UnsupportedByBackend,"backend 'deep_gemm' ranks float32 scores, and was given torch.bfloat16; 'maca_c' and 'torch' take bfloat16 as well",,,,,,,,
MetaX_C500,MetaX C500,104,f88873b81d8cdb968ed4ca8f32d6bf650b91d449,6c28a77b52b659d283503922e9614c19,official,lightning_indexer,768,1024,512,0,0,bfloat16,int32,10,maca_c,pass,,,48.307,50.56,0.06512,65.12,3.146,100.0,100.0,
MetaX_C500,MetaX C500,104,f88873b81d8cdb968ed4ca8f32d6bf650b91d449,6c28a77b52b659d283503922e9614c19,official,lightning_indexer,768,1024,512,0,0,bfloat16,int32,10,torch,pass,,,127.693,126.618,0.024635,24.635,,37.83,39.93,
MetaX_C500,MetaX C500,104,f88873b81d8cdb968ed4ca8f32d6bf650b91d449,6c28a77b52b659d283503922e9614c19,official,lightning_indexer,768,1024,512,0,0,bfloat16,int32,10,deep_gemm,unsupported,UnsupportedByBackend,"backend 'deep_gemm' ranks float32 scores, and was given torch.bfloat16; 'maca_c' and 'torch' take bfloat16 as well",,,,,,,,
MetaX_C500,MetaX C500,104,f88873b81d8cdb968ed4ca8f32d6bf650b91d449,6c28a77b52b659d283503922e9614c19,official,lightning_indexer,768,4096,512,0,0,bfloat16,int32,10,maca_c,pass,,,65.485,67.021,0.120093,120.093,7.864,100.0,100.0,
MetaX_C500,MetaX C500,104,f88873b81d8cdb968ed4ca8f32d6bf650b91d449,6c28a77b52b659d283503922e9614c19,official,lightning_indexer,768,4096,512,0,0,bfloat16,int32,10,torch,pass,,,310.528,299.981,0.025326,25.326,,21.09,22.34,
MetaX_C500,MetaX C500,104,f88873b81d8cdb968ed4ca8f32d6bf650b91d449,6c28a77b52b659d283503922e9614c19,official,lightning_indexer,768,4096,512,0,0,bfloat16,int32,10,deep_gemm,unsupported,UnsupportedByBackend,"backend 'deep_gemm' ranks float32 scores, and was given torch.bfloat16; 'maca_c' and 'torch' take bfloat16 as well",,,,,,,,
MetaX_C500,MetaX C500,104,f88873b81d8cdb968ed4ca8f32d6bf650b91d449,6c28a77b52b659d283503922e9614c19,official,lightning_indexer,768,16384,512,0,0,bfloat16,int32,10,maca_c,pass,,,117.837,117.325,0.226912,226.912,26.739,100.0,100.0,
MetaX_C500,MetaX C500,104,f88873b81d8cdb968ed4ca8f32d6bf650b91d449,6c28a77b52b659d283503922e9614c19,official,lightning_indexer,768,16384,512,0,0,bfloat16,int32,10,torch,pass,,,685.926,677.683,0.038982,38.982,,17.18,17.31,
MetaX_C500,MetaX C500,104,f88873b81d8cdb968ed4ca8f32d6bf650b91d449,6c28a77b52b659d283503922e9614c19,official,lightning_indexer,768,16384,512,0,0,bfloat16,int32,10,deep_gemm,unsupported,UnsupportedByBackend,"backend 'deep_gemm' ranks float32 scores, and was given torch.bfloat16; 'maca_c' and 'torch' take bfloat16 as well",,,,,,,,
MetaX_C500,MetaX C500,104,f88873b81d8cdb968ed4ca8f32d6bf650b91d449,6c28a77b52b659d283503922e9614c19,official,lightning_indexer,768,65536,512,0,0,bfloat16,int32,10,maca_c,pass,,,368.768,368.41,0.277237,277.237,102.236,100.0,100.0,
MetaX_C500,MetaX C500,104,f88873b81d8cdb968ed4ca8f32d6bf650b91d449,6c28a77b52b659d283503922e9614c19,official,lightning_indexer,768,65536,512,0,0,bfloat16,int32,10,torch,pass,,,1682.739,1671.603,0.060756,60.756,,21.91,22.04,
MetaX_C500,MetaX C500,104,f88873b81d8cdb968ed4ca8f32d6bf650b91d449,6c28a77b52b659d283503922e9614c19,official,lightning_indexer,768,65536,512,0,0,bfloat16,int32,10,deep_gemm,unsupported,UnsupportedByBackend,"backend 'deep_gemm' ranks float32 scores, and was given torch.bfloat16; 'maca_c' and 'torch' take bfloat16 as well",,,,,,,,
MetaX_C500,MetaX C500,104,f88873b81d8cdb968ed4ca8f32d6bf650b91d449,6c28a77b52b659d283503922e9614c19,official,lightning_indexer,768,131072,512,0,0,bfloat16,int32,10,maca_c,pass,,,590.413,591.002,0.343657,343.657,202.899,100.0,100.0,
MetaX_C500,MetaX C500,104,f88873b81d8cdb968ed4ca8f32d6bf650b91d449,6c28a77b52b659d283503922e9614c19,official,lightning_indexer,768,131072,512,0,0,bfloat16,int32,10,torch,pass,,,3085.133,3080.371,0.065767,65.767,,19.14,19.19,
MetaX_C500,MetaX C500,104,f88873b81d8cdb968ed4ca8f32d6bf650b91d449,6c28a77b52b659d283503922e9614c19,official,lightning_indexer,768,131072,512,0,0,bfloat16,int32,10,deep_gemm,unsupported,UnsupportedByBackend,"backend 'deep_gemm' ranks float32 scores, and was given torch.bfloat16; 'maca_c' and 'torch' take bfloat16 as well",,,,,,,,
MetaX_C500,MetaX C500,104,f88873b81d8cdb968ed4ca8f32d6bf650b91d449,6c28a77b52b659d283503922e9614c19,official,lightning_indexer,768,262144,512,0,0,bfloat16,int32,10,maca_c,pass,,,1016.474,1016.09,0.397675,397.675,404.226,100.0,100.0,
MetaX_C500,MetaX C500,104,f88873b81d8cdb968ed4ca8f32d6bf650b91d449,6c28a77b52b659d283503922e9614c19,official,lightning_indexer,768,262144,512,0,0,bfloat16,int32,10,torch,pass,,,5562.88,5556.147,0.072665,72.665,,18.27,18.29,
MetaX_C500,MetaX C500,104,f88873b81d8cdb968ed4ca8f32d6bf650b91d449,6c28a77b52b659d283503922e9614c19,official,lightning_indexer,768,262144,512,0,0,bfloat16,int32,10,deep_gemm,unsupported,UnsupportedByBackend,"backend 'deep_gemm' ranks float32 scores, and was given torch.bfloat16; 'maca_c' and 'torch' take bfloat16 as well",,,,,,,,
MetaX_C500,MetaX C500,104,f88873b81d8cdb968ed4ca8f32d6bf650b91d449,6c28a77b52b659d283503922e9614c19,official,lightning_indexer,768,524288,512,0,0,bfloat16,int32,10,maca_c,pass,,,1856.0,1859.277,0.434741,434.741,806.879,100.0,100.0,
MetaX_C500,MetaX C500,104,f88873b81d8cdb968ed4ca8f32d6bf650b91d449,6c28a77b52b659d283503922e9614c19,official,lightning_indexer,768,524288,512,0,0,bfloat16,int32,10,torch,pass,,,10404.838,10404.787,0.077548,77.548,,17.84,17.87,
MetaX_C500,MetaX C500,104,f88873b81d8cdb968ed4ca8f32d6bf650b91d449,6c28a77b52b659d283503922e9614c19,official,lightning_indexer,768,524288,512,0,0,bfloat16,int32,10,deep_gemm,unsupported,UnsupportedByBackend,"backend 'deep_gemm' ranks float32 scores, and was given torch.bfloat16; 'maca_c' and 'torch' take bfloat16 as well",,,,,,,,
MetaX_C500,MetaX C500,104,f88873b81d8cdb968ed4ca8f32d6bf650b91d449,6c28a77b52b659d283503922e9614c19,official,lightning_indexer,768,1048576,512,0,0,bfloat16,int32,10,maca_c,pass,,,3535.846,3544.345,0.455955,455.955,1612.186,100.0,100.0,
MetaX_C500,MetaX C500,104,f88873b81d8cdb968ed4ca8f32d6bf650b91d449,6c28a77b52b659d283503922e9614c19,official,lightning_indexer,768,1048576,512,0,0,bfloat16,int32,10,torch,pass,,,20118.118,20137.088,0.080136,80.136,,17.58,17.6,
MetaX_C500,MetaX C500,104,f88873b81d8cdb968ed4ca8f32d6bf650b91d449,6c28a77b52b659d283503922e9614c19,official,lightning_indexer,768,1048576,512,0,0,bfloat16,int32,10,deep_gemm,unsupported,UnsupportedByBackend,"backend 'deep_gemm' ranks float32 scores, and was given torch.bfloat16; 'maca_c' and 'torch' take bfloat16 as well",,,,,,,,
MetaX_C500,MetaX C500,104,f88873b81d8cdb968ed4ca8f32d6bf650b91d449,6c28a77b52b659d283503922e9614c19,official,lightning_indexer,4096,256,512,0,0,bfloat16,int32,10,maca_c,pass,,,31.846,42.778,0.329265,329.265,10.486,100.0,100.0,
MetaX_C500,MetaX C500,104,f88873b81d8cdb968ed4ca8f32d6bf650b91d449,6c28a77b52b659d283503922e9614c19,official,lightning_indexer,4096,256,512,0,0,bfloat16,int32,10,torch,pass,,"not applicable: the reference backend needs vocab_size >= topk, no window, no offset (tests/test.py's own guard)",,,,,,,,
MetaX_C500,MetaX C500,104,f88873b81d8cdb968ed4ca8f32d6bf650b91d449,6c28a77b52b659d283503922e9614c19,official,lightning_indexer,4096,256,512,0,0,bfloat16,int32,10,deep_gemm,unsupported,UnsupportedByBackend,"backend 'deep_gemm' ranks float32 scores, and was given torch.bfloat16; 'maca_c' and 'torch' take bfloat16 as well",,,,,,,,
MetaX_C500,MetaX C500,104,f88873b81d8cdb968ed4ca8f32d6bf650b91d449,6c28a77b52b659d283503922e9614c19,official,lightning_indexer,4096,1024,512,0,0,bfloat16,int32,10,maca_c,pass,,,203.648,207.232,0.082383,82.383,16.777,100.0,100.0,
MetaX_C500,MetaX C500,104,f88873b81d8cdb968ed4ca8f32d6bf650b91d449,6c28a77b52b659d283503922e9614c19,official,lightning_indexer,4096,1024,512,0,0,bfloat16,int32,10,torch,pass,,,384.23,376.602,0.043665,43.665,,53.0,55.03,
MetaX_C500,MetaX C500,104,f88873b81d8cdb968ed4ca8f32d6bf650b91d449,6c28a77b52b659d283503922e9614c19,official,lightning_indexer,4096,1024,512,0,0,bfloat16,int32,10,deep_gemm,unsupported,UnsupportedByBackend,"backend 'deep_gemm' ranks float32 scores, and was given torch.bfloat16; 'maca_c' and 'torch' take bfloat16 as well",,,,,,,,
MetaX_C500,MetaX C500,104,f88873b81d8cdb968ed4ca8f32d6bf650b91d449,6c28a77b52b659d283503922e9614c19,official,lightning_indexer,4096,4096,512,0,0,bfloat16,int32,10,maca_c,pass,,,295.526,298.138,0.141927,141.927,41.943,100.0,100.0,
MetaX_C500,MetaX C500,104,f88873b81d8cdb968ed4ca8f32d6bf650b91d449,6c28a77b52b659d283503922e9614c19,official,lightning_indexer,4096,4096,512,0,0,bfloat16,int32,10,torch,pass,,,708.992,699.699,0.059159,59.159,,41.68,42.61,
MetaX_C500,MetaX C500,104,f88873b81d8cdb968ed4ca8f32d6bf650b91d449,6c28a77b52b659d283503922e9614c19,official,lightning_indexer,4096,4096,512,0,0,bfloat16,int32,10,deep_gemm,unsupported,UnsupportedByBackend,"backend 'deep_gemm' ranks float32 scores, and was given torch.bfloat16; 'maca_c' and 'torch' take bfloat16 as well",,,,,,,,
MetaX_C500,MetaX C500,104,f88873b81d8cdb968ed4ca8f32d6bf650b91d449,6c28a77b52b659d283503922e9614c19,official,lightning_indexer,4096,16384,512,0,0,bfloat16,int32,10,maca_c,pass,,,543.283,545.28,0.26249,262.49,142.606,100.0,100.0,
MetaX_C500,MetaX C500,104,f88873b81d8cdb968ed4ca8f32d6bf650b91d449,6c28a77b52b659d283503922e9614c19,official,lightning_indexer,4096,16384,512,0,0,bfloat16,int32,10,torch,pass,,,2012.8,2002.662,0.07085,70.85,,26.99,27.23,
MetaX_C500,MetaX C500,104,f88873b81d8cdb968ed4ca8f32d6bf650b91d449,6c28a77b52b659d283503922e9614c19,official,lightning_indexer,4096,16384,512,0,0,bfloat16,int32,10,deep_gemm,unsupported,UnsupportedByBackend,"backend 'deep_gemm' ranks float32 scores, and was given torch.bfloat16; 'maca_c' and 'torch' take bfloat16 as well",,,,,,,,
MetaX_C500,MetaX C500,104,f88873b81d8cdb968ed4ca8f32d6bf650b91d449,6c28a77b52b659d283503922e9614c19,official,lightning_indexer,4096,65536,512,0,0,bfloat16,int32,10,maca_c,pass,,,1823.77,1824.23,0.298974,298.974,545.26,100.0,100.0,
MetaX_C500,MetaX C500,104,f88873b81d8cdb968ed4ca8f32d6bf650b91d449,6c28a77b52b659d283503922e9614c19,official,lightning_indexer,4096,65536,512,0,0,bfloat16,int32,10,torch,pass,,,7793.536,7801.344,0.069963,69.963,,23.4,23.38,
MetaX_C500,MetaX C500,104,f88873b81d8cdb968ed4ca8f32d6bf650b91d449,6c28a77b52b659d283503922e9614c19,official,lightning_indexer,4096,65536,512,0,0,bfloat16,int32,10,deep_gemm,unsupported,UnsupportedByBackend,"backend 'deep_gemm' ranks float32 scores, and was given torch.bfloat16; 'maca_c' and 'torch' take bfloat16 as well",,,,,,,,
MetaX_C500,MetaX C500,104,f88873b81d8cdb968ed4ca8f32d6bf650b91d449,6c28a77b52b659d283503922e9614c19,official,lightning_indexer,4096,131072,512,0,0,bfloat16,int32,10,maca_c,pass,,,2931.046,2930.688,0.369196,369.196,1082.13,100.0,100.0,
MetaX_C500,MetaX C500,104,f88873b81d8cdb968ed4ca8f32d6bf650b91d449,6c28a77b52b659d283503922e9614c19,official,lightning_indexer,4096,131072,512,0,0,bfloat16,int32,10,torch,pass,,,15378.765,15400.909,0.070365,70.365,,19.06,19.03,
MetaX_C500,MetaX C500,104,f88873b81d8cdb968ed4ca8f32d6bf650b91d449,6c28a77b52b659d283503922e9614c19,official,lightning_indexer,4096,131072,512,0,0,bfloat16,int32,10,deep_gemm,unsupported,UnsupportedByBackend,"backend 'deep_gemm' ranks float32 scores, and was given torch.bfloat16; 'maca_c' and 'torch' take bfloat16 as well",,,,,,,,
MetaX_C500,MetaX C500,104,f88873b81d8cdb968ed4ca8f32d6bf650b91d449,6c28a77b52b659d283503922e9614c19,official,lightning_indexer,4096,262144,512,0,0,bfloat16,int32,10,maca_c,pass,,,5073.357,5084.954,0.42494,424.94,2155.872,100.0,100.0,
MetaX_C500,MetaX C500,104,f88873b81d8cdb968ed4ca8f32d6bf650b91d449,6c28a77b52b659d283503922e9614c19,official,lightning_indexer,4096,262144,512,0,0,bfloat16,int32,10,torch,pass,,,29477.683,29515.521,0.073136,73.136,,17.21,17.23,
MetaX_C500,MetaX C500,104,f88873b81d8cdb968ed4ca8f32d6bf650b91d449,6c28a77b52b659d283503922e9614c19,official,lightning_indexer,4096,262144,512,0,0,bfloat16,int32,10,deep_gemm,unsupported,UnsupportedByBackend,"backend 'deep_gemm' ranks float32 scores, and was given torch.bfloat16; 'maca_c' and 'torch' take bfloat16 as well",,,,,,,,
MetaX_C500,MetaX C500,104,f88873b81d8cdb968ed4ca8f32d6bf650b91d449,6c28a77b52b659d283503922e9614c19,official,lightning_indexer,4096,524288,512,0,0,bfloat16,int32,10,maca_c,pass,,,9299.891,9319.476,0.462732,462.732,4303.356,100.0,100.0,
MetaX_C500,MetaX C500,104,f88873b81d8cdb968ed4ca8f32d6bf650b91d449,6c28a77b52b659d283503922e9614c19,official,lightning_indexer,4096,524288,512,0,0,bfloat16,int32,10,torch,pass,,,57703.731,57772.107,0.074577,74.577,,16.12,16.13,
MetaX_C500,MetaX C500,104,f88873b81d8cdb968ed4ca8f32d6bf650b91d449,6c28a77b52b659d283503922e9614c19,official,lightning_indexer,4096,524288,512,0,0,bfloat16,int32,10,deep_gemm,unsupported,UnsupportedByBackend,"backend 'deep_gemm' ranks float32 scores, and was given torch.bfloat16; 'maca_c' and 'torch' take bfloat16 as well",,,,,,,,
MetaX_C500,MetaX C500,104,f88873b81d8cdb968ed4ca8f32d6bf650b91d449,6c28a77b52b659d283503922e9614c19,official,lightning_indexer,4096,1048576,512,0,0,bfloat16,int32,10,maca_c,pass,,,17740.979,17761.664,0.484659,484.659,8598.323,100.0,100.0,
MetaX_C500,MetaX C500,104,f88873b81d8cdb968ed4ca8f32d6bf650b91d449,6c28a77b52b659d283503922e9614c19,official,lightning_indexer,4096,1048576,512,0,0,bfloat16,int32,10,torch,pass,,,111866.726,111939.819,0.076862,76.862,,15.86,15.87,
MetaX_C500,MetaX C500,104,f88873b81d8cdb968ed4ca8f32d6bf650b91d449,6c28a77b52b659d283503922e9614c19,official,lightning_indexer,4096,1048576,512,0,0,bfloat16,int32,10,deep_gemm,unsupported,UnsupportedByBackend,"backend 'deep_gemm' ranks float32 scores, and was given torch.bfloat16; 'maca_c' and 'torch' take bfloat16 as well",,,,,,,,
MetaX_C500,MetaX C500,104,f88873b81d8cdb968ed4ca8f32d6bf650b91d449,6c28a77b52b659d283503922e9614c19,official,lightning_indexer,6,256,1024,0,0,bfloat16,int32,10,maca_c,pass,,,3.558,37.581,0.007771,7.771,0.028,100.0,100.0,
MetaX_C500,MetaX C500,104,f88873b81d8cdb968ed4ca8f32d6bf650b91d449,6c28a77b52b659d283503922e9614c19,official,lightning_indexer,6,256,1024,0,0,bfloat16,int32,10,torch,pass,,"not applicable: the reference backend needs vocab_size >= topk, no window, no offset (tests/test.py's own guard)",,,,,,,,
MetaX_C500,MetaX C500,104,f88873b81d8cdb968ed4ca8f32d6bf650b91d449,6c28a77b52b659d283503922e9614c19,official,lightning_indexer,6,256,1024,0,0,bfloat16,int32,10,deep_gemm,unsupported,UnsupportedByBackend,"backend 'deep_gemm' ranks float32 scores, and was given torch.bfloat16; 'maca_c' and 'torch' take bfloat16 as well",,,,,,,,
MetaX_C500,MetaX C500,104,f88873b81d8cdb968ed4ca8f32d6bf650b91d449,6c28a77b52b659d283503922e9614c19,official,lightning_indexer,6,1024,1024,0,0,bfloat16,int32,10,maca_c,pass,,,3.482,38.272,0.010587,10.587,0.037,100.0,100.0,
MetaX_C500,MetaX C500,104,f88873b81d8cdb968ed4ca8f32d6bf650b91d449,6c28a77b52b659d283503922e9614c19,official,lightning_indexer,6,1024,1024,0,0,bfloat16,int32,10,torch,pass,,,25.088,26.061,0.001469,1.469,,13.88,146.86,
MetaX_C500,MetaX C500,104,f88873b81d8cdb968ed4ca8f32d6bf650b91d449,6c28a77b52b659d283503922e9614c19,official,lightning_indexer,6,1024,1024,0,0,bfloat16,int32,10,deep_gemm,unsupported,UnsupportedByBackend,"backend 'deep_gemm' ranks float32 scores, and was given torch.bfloat16; 'maca_c' and 'torch' take bfloat16 as well",,,,,,,,
MetaX_C500,MetaX C500,104,f88873b81d8cdb968ed4ca8f32d6bf650b91d449,6c28a77b52b659d283503922e9614c19,official,lightning_indexer,6,4096,1024,0,0,bfloat16,int32,10,maca_c,pass,,,17.203,42.112,0.004286,4.286,0.074,100.0,100.0,
MetaX_C500,MetaX C500,104,f88873b81d8cdb968ed4ca8f32d6bf650b91d449,6c28a77b52b659d283503922e9614c19,official,lightning_indexer,6,4096,1024,0,0,bfloat16,int32,10,torch,pass,,,50.662,51.174,0.001455,1.455,,33.96,82.29,
MetaX_C500,MetaX C500,104,f88873b81d8cdb968ed4ca8f32d6bf650b91d449,6c28a77b52b659d283503922e9614c19,official,lightning_indexer,6,4096,1024,0,0,bfloat16,int32,10,deep_gemm,unsupported,UnsupportedByBackend,"backend 'deep_gemm' ranks float32 scores, and was given torch.bfloat16; 'maca_c' and 'torch' take bfloat16 as well",,,,,,,,
MetaX_C500,MetaX C500,104,f88873b81d8cdb968ed4ca8f32d6bf650b91d449,6c28a77b52b659d283503922e9614c19,official,lightning_indexer,6,16384,1024,0,0,bfloat16,int32,10,maca_c,pass,,,27.622,40.397,0.008008,8.008,0.221,100.0,100.0,
MetaX_C500,MetaX C500,104,f88873b81d8cdb968ed4ca8f32d6bf650b91d449,6c28a77b52b659d283503922e9614c19,official,lightning_indexer,6,16384,1024,0,0,bfloat16,int32,10,torch,pass,,,144.256,143.642,0.001533,1.533,,19.15,28.12,
MetaX_C500,MetaX C500,104,f88873b81d8cdb968ed4ca8f32d6bf650b91d449,6c28a77b52b659d283503922e9614c19,official,lightning_indexer,6,16384,1024,0,0,bfloat16,int32,10,deep_gemm,unsupported,UnsupportedByBackend,"backend 'deep_gemm' ranks float32 scores, and was given torch.bfloat16; 'maca_c' and 'torch' take bfloat16 as well",,,,,,,,
MetaX_C500,MetaX C500,104,f88873b81d8cdb968ed4ca8f32d6bf650b91d449,6c28a77b52b659d283503922e9614c19,official,lightning_indexer,6,65536,1024,0,0,bfloat16,int32,10,maca_c,pass,,,50.355,54.554,0.016106,16.106,0.811,100.0,100.0,
MetaX_C500,MetaX C500,104,f88873b81d8cdb968ed4ca8f32d6bf650b91d449,6c28a77b52b659d283503922e9614c19,official,lightning_indexer,6,65536,1024,0,0,bfloat16,int32,10,torch,pass,,,176.128,159.155,0.004605,4.605,,28.59,34.28,
MetaX_C500,MetaX C500,104,f88873b81d8cdb968ed4ca8f32d6bf650b91d449,6c28a77b52b659d283503922e9614c19,official,lightning_indexer,6,65536,1024,0,0,bfloat16,int32,10,deep_gemm,unsupported,UnsupportedByBackend,"backend 'deep_gemm' ranks float32 scores, and was given torch.bfloat16; 'maca_c' and 'torch' take bfloat16 as well",,,,,,,,
MetaX_C500,MetaX C500,104,f88873b81d8cdb968ed4ca8f32d6bf650b91d449,6c28a77b52b659d283503922e9614c19,official,lightning_indexer,6,131072,1024,0,0,bfloat16,int32,10,maca_c,pass,,,77.67,82.099,0.020567,20.567,1.597,100.0,100.0,
MetaX_C500,MetaX C500,104,f88873b81d8cdb968ed4ca8f32d6bf650b91d449,6c28a77b52b659d283503922e9614c19,official,lightning_indexer,6,131072,1024,0,0,bfloat16,int32,10,torch,pass,,,225.664,204.877,0.007079,7.079,,34.42,40.07,
MetaX_C500,MetaX C500,104,f88873b81d8cdb968ed4ca8f32d6bf650b91d449,6c28a77b52b659d283503922e9614c19,official,lightning_indexer,6,131072,1024,0,0,bfloat16,int32,10,deep_gemm,unsupported,UnsupportedByBackend,"backend 'deep_gemm' ranks float32 scores, and was given torch.bfloat16; 'maca_c' and 'torch' take bfloat16 as well",,,,,,,,
MetaX_C500,MetaX C500,104,f88873b81d8cdb968ed4ca8f32d6bf650b91d449,6c28a77b52b659d283503922e9614c19,official,lightning_indexer,6,262144,1024,0,0,bfloat16,int32,10,maca_c,pass,,,97.766,133.939,0.032427,32.427,3.17,100.0,100.0,
MetaX_C500,MetaX C500,104,f88873b81d8cdb968ed4ca8f32d6bf650b91d449,6c28a77b52b659d283503922e9614c19,official,lightning_indexer,6,262144,1024,0,0,bfloat16,int32,10,torch,pass,,,261.043,241.843,0.012145,12.145,,37.45,55.38,
MetaX_C500,MetaX C500,104,f88873b81d8cdb968ed4ca8f32d6bf650b91d449,6c28a77b52b659d283503922e9614c19,official,lightning_indexer,6,262144,1024,0,0,bfloat16,int32,10,deep_gemm,unsupported,UnsupportedByBackend,"backend 'deep_gemm' ranks float32 scores, and was given torch.bfloat16; 'maca_c' and 'torch' take bfloat16 as well",,,,,,,,
MetaX_C500,MetaX C500,104,f88873b81d8cdb968ed4ca8f32d6bf650b91d449,6c28a77b52b659d283503922e9614c19,official,lightning_indexer,6,524288,1024,0,0,bfloat16,int32,10,maca_c,pass,,,141.082,183.194,0.044769,44.769,6.316,100.0,100.0,
MetaX_C500,MetaX C500,104,f88873b81d8cdb968ed4ca8f32d6bf650b91d449,6c28a77b52b659d283503922e9614c19,official,lightning_indexer,6,524288,1024,0,0,bfloat16,int32,10,torch,pass,,,298.47,277.35,0.021161,21.161,,47.27,66.05,
MetaX_C500,MetaX C500,104,f88873b81d8cdb968ed4ca8f32d6bf650b91d449,6c28a77b52b659d283503922e9614c19,official,lightning_indexer,6,524288,1024,0,0,bfloat16,int32,10,deep_gemm,unsupported,UnsupportedByBackend,"backend 'deep_gemm' ranks float32 scores, and was given torch.bfloat16; 'maca_c' and 'torch' take bfloat16 as well",,,,,,,,
MetaX_C500,MetaX C500,104,f88873b81d8cdb968ed4ca8f32d6bf650b91d449,6c28a77b52b659d283503922e9614c19,official,lightning_indexer,6,1048576,1024,0,0,bfloat16,int32,10,maca_c,pass,,,135.885,189.645,0.092781,92.781,12.607,100.0,100.0,
MetaX_C500,MetaX C500,104,f88873b81d8cdb968ed4ca8f32d6bf650b91d449,6c28a77b52b659d283503922e9614c19,official,lightning_indexer,6,1048576,1024,0,0,bfloat16,int32,10,torch,pass,,,371.584,352.998,0.033929,33.929,,36.57,53.72,
MetaX_C500,MetaX C500,104,f88873b81d8cdb968ed4ca8f32d6bf650b91d449,6c28a77b52b659d283503922e9614c19,official,lightning_indexer,6,1048576,1024,0,0,bfloat16,int32,10,deep_gemm,unsupported,UnsupportedByBackend,"backend 'deep_gemm' ranks float32 scores, and was given torch.bfloat16; 'maca_c' and 'torch' take bfloat16 as well",,,,,,,,
MetaX_C500,MetaX C500,104,f88873b81d8cdb968ed4ca8f32d6bf650b91d449,6c28a77b52b659d283503922e9614c19,official,lightning_indexer,256,256,1024,0,0,bfloat16,int32,10,maca_c,pass,,,5.146,54.298,0.229236,229.236,1.18,100.0,100.0,
MetaX_C500,MetaX C500,104,f88873b81d8cdb968ed4ca8f32d6bf650b91d449,6c28a77b52b659d283503922e9614c19,official,lightning_indexer,256,256,1024,0,0,bfloat16,int32,10,torch,pass,,"not applicable: the reference backend needs vocab_size >= topk, no window, no offset (tests/test.py's own guard)",,,,,,,,
MetaX_C500,MetaX C500,104,f88873b81d8cdb968ed4ca8f32d6bf650b91d449,6c28a77b52b659d283503922e9614c19,official,lightning_indexer,256,256,1024,0,0,bfloat16,int32,10,deep_gemm,unsupported,UnsupportedByBackend,"backend 'deep_gemm' ranks float32 scores, and was given torch.bfloat16; 'maca_c' and 'torch' take bfloat16 as well",,,,,,,,
MetaX_C500,MetaX C500,104,f88873b81d8cdb968ed4ca8f32d6bf650b91d449,6c28a77b52b659d283503922e9614c19,official,lightning_indexer,256,1024,1024,0,0,bfloat16,int32,10,maca_c,pass,,,5.197,56.115,0.302648,302.648,1.573,100.0,100.0,
MetaX_C500,MetaX C500,104,f88873b81d8cdb968ed4ca8f32d6bf650b91d449,6c28a77b52b659d283503922e9614c19,official,lightning_indexer,256,1024,1024,0,0,bfloat16,int32,10,torch,pass,,,55.859,56.448,0.028158,28.158,,9.3,99.41,
MetaX_C500,MetaX C500,104,f88873b81d8cdb968ed4ca8f32d6bf650b91d449,6c28a77b52b659d283503922e9614c19,official,lightning_indexer,256,1024,1024,0,0,bfloat16,int32,10,deep_gemm,unsupported,UnsupportedByBackend,"backend 'deep_gemm' ranks float32 scores, and was given torch.bfloat16; 'maca_c' and 'torch' take bfloat16 as well",,,,,,,,
MetaX_C500,MetaX C500,104,f88873b81d8cdb968ed4ca8f32d6bf650b91d449,6c28a77b52b659d283503922e9614c19,official,lightning_indexer,256,4096,1024,0,0,bfloat16,int32,10,maca_c,pass,,,37.427,55.68,0.08405,84.05,3.146,100.0,100.0,
MetaX_C500,MetaX C500,104,f88873b81d8cdb968ed4ca8f32d6bf650b91d449,6c28a77b52b659d283503922e9614c19,official,lightning_indexer,256,4096,1024,0,0,bfloat16,int32,10,torch,pass,,,212.122,201.446,0.01483,14.83,,17.64,27.64,
MetaX_C500,MetaX C500,104,f88873b81d8cdb968ed4ca8f32d6bf650b91d449,6c28a77b52b659d283503922e9614c19,official,lightning_indexer,256,4096,1024,0,0,bfloat16,int32,10,deep_gemm,unsupported,UnsupportedByBackend,"backend 'deep_gemm' ranks float32 scores, and was given torch.bfloat16; 'maca_c' and 'torch' take bfloat16 as well",,,,,,,,
MetaX_C500,MetaX C500,104,f88873b81d8cdb968ed4ca8f32d6bf650b91d449,6c28a77b52b659d283503922e9614c19,official,lightning_indexer,256,16384,1024,0,0,bfloat16,int32,10,maca_c,pass,,,59.878,59.802,0.157607,157.607,9.437,100.0,100.0,
MetaX_C500,MetaX C500,104,f88873b81d8cdb968ed4ca8f32d6bf650b91d449,6c28a77b52b659d283503922e9614c19,official,lightning_indexer,256,16384,1024,0,0,bfloat16,int32,10,torch,pass,,,319.437,308.557,0.029543,29.543,,18.74,19.38,
MetaX_C500,MetaX C500,104,f88873b81d8cdb968ed4ca8f32d6bf650b91d449,6c28a77b52b659d283503922e9614c19,official,lightning_indexer,256,16384,1024,0,0,bfloat16,int32,10,deep_gemm,unsupported,UnsupportedByBackend,"backend 'deep_gemm' ranks float32 scores, and was given torch.bfloat16; 'maca_c' and 'torch' take bfloat16 as well",,,,,,,,
MetaX_C500,MetaX C500,104,f88873b81d8cdb968ed4ca8f32d6bf650b91d449,6c28a77b52b659d283503922e9614c19,official,lightning_indexer,256,65536,1024,0,0,bfloat16,int32,10,maca_c,pass,,,156.928,158.822,0.220502,220.502,34.603,100.0,100.0,
MetaX_C500,MetaX C500,104,f88873b81d8cdb968ed4ca8f32d6bf650b91d449,6c28a77b52b659d283503922e9614c19,official,lightning_indexer,256,65536,1024,0,0,bfloat16,int32,10,torch,pass,,,722.842,712.064,0.047871,47.871,,21.71,22.3,
MetaX_C500,MetaX C500,104,f88873b81d8cdb968ed4ca8f32d6bf650b91d449,6c28a77b52b659d283503922e9614c19,official,lightning_indexer,256,65536,1024,0,0,bfloat16,int32,10,deep_gemm,unsupported,UnsupportedByBackend,"backend 'deep_gemm' ranks float32 scores, and was given torch.bfloat16; 'maca_c' and 'torch' take bfloat16 as well",,,,,,,,
MetaX_C500,MetaX C500,104,f88873b81d8cdb968ed4ca8f32d6bf650b91d449,6c28a77b52b659d283503922e9614c19,official,lightning_indexer,256,131072,1024,0,0,bfloat16,int32,10,maca_c,pass,,,248.013,248.474,0.274814,274.814,68.157,100.0,100.0,
MetaX_C500,MetaX C500,104,f88873b81d8cdb968ed4ca8f32d6bf650b91d449,6c28a77b52b659d283503922e9614c19,official,lightning_indexer,256,131072,1024,0,0,bfloat16,int32,10,torch,pass,,,1212.211,1209.498,0.056226,56.226,,20.46,20.54,
MetaX_C500,MetaX C500,104,f88873b81d8cdb968ed4ca8f32d6bf650b91d449,6c28a77b52b659d283503922e9614c19,official,lightning_indexer,256,131072,1024,0,0,bfloat16,int32,10,deep_gemm,unsupported,UnsupportedByBackend,"backend 'deep_gemm' ranks float32 scores, and was given torch.bfloat16; 'maca_c' and 'torch' take bfloat16 as well",,,,,,,,
MetaX_C500,MetaX C500,104,f88873b81d8cdb968ed4ca8f32d6bf650b91d449,6c28a77b52b659d283503922e9614c19,official,lightning_indexer,256,262144,1024,0,0,bfloat16,int32,10,maca_c,pass,,,411.827,412.57,0.328454,328.454,135.266,100.0,100.0,
MetaX_C500,MetaX C500,104,f88873b81d8cdb968ed4ca8f32d6bf650b91d449,6c28a77b52b659d283503922e9614c19,official,lightning_indexer,256,262144,1024,0,0,bfloat16,int32,10,torch,pass,,,2041.446,2036.608,0.06626,66.26,,20.17,20.26,
MetaX_C500,MetaX C500,104,f88873b81d8cdb968ed4ca8f32d6bf650b91d449,6c28a77b52b659d283503922e9614c19,official,lightning_indexer,256,262144,1024,0,0,bfloat16,int32,10,deep_gemm,unsupported,UnsupportedByBackend,"backend 'deep_gemm' ranks float32 scores, and was given torch.bfloat16; 'maca_c' and 'torch' take bfloat16 as well",,,,,,,,
MetaX_C500,MetaX C500,104,f88873b81d8cdb968ed4ca8f32d6bf650b91d449,6c28a77b52b659d283503922e9614c19,official,lightning_indexer,256,524288,1024,0,0,bfloat16,int32,10,maca_c,pass,,,726.554,728.243,0.370907,370.907,269.484,100.0,100.0,
MetaX_C500,MetaX C500,104,f88873b81d8cdb968ed4ca8f32d6bf650b91d449,6c28a77b52b659d283503922e9614c19,official,lightning_indexer,256,524288,1024,0,0,bfloat16,int32,10,torch,pass,,,3689.318,3678.797,0.073044,73.044,,19.69,19.8,
MetaX_C500,MetaX C500,104,f88873b81d8cdb968ed4ca8f32d6bf650b91d449,6c28a77b52b659d283503922e9614c19,official,lightning_indexer,256,524288,1024,0,0,bfloat16,int32,10,deep_gemm,unsupported,UnsupportedByBackend,"backend 'deep_gemm' ranks float32 scores, and was given torch.bfloat16; 'maca_c' and 'torch' take bfloat16 as well",,,,,,,,
MetaX_C500,MetaX C500,104,f88873b81d8cdb968ed4ca8f32d6bf650b91d449,6c28a77b52b659d283503922e9614c19,official,lightning_indexer,256,1048576,1024,0,0,bfloat16,int32,10,maca_c,pass,,,1353.498,1358.541,0.397429,397.429,537.919,100.0,100.0,
MetaX_C500,MetaX C500,104,f88873b81d8cdb968ed4ca8f32d6bf650b91d449,6c28a77b52b659d283503922e9614c19,official,lightning_indexer,256,1048576,1024,0,0,bfloat16,int32,10,torch,pass,,,6950.579,6961.152,0.077392,77.392,,19.47,19.52,
MetaX_C500,MetaX C500,104,f88873b81d8cdb968ed4ca8f32d6bf650b91d449,6c28a77b52b659d283503922e9614c19,official,lightning_indexer,256,1048576,1024,0,0,bfloat16,int32,10,deep_gemm,unsupported,UnsupportedByBackend,"backend 'deep_gemm' ranks float32 scores, and was given torch.bfloat16; 'maca_c' and 'torch' take bfloat16 as well",,,,,,,,
MetaX_C500,MetaX C500,104,f88873b81d8cdb968ed4ca8f32d6bf650b91d449,6c28a77b52b659d283503922e9614c19,official,lightning_indexer,512,256,1024,0,0,bfloat16,int32,10,maca_c,pass,,,7.706,39.68,0.306164,306.164,2.359,100.0,100.0,
MetaX_C500,MetaX C500,104,f88873b81d8cdb968ed4ca8f32d6bf650b91d449,6c28a77b52b659d283503922e9614c19,official,lightning_indexer,512,256,1024,0,0,bfloat16,int32,10,torch,pass,,"not applicable: the reference backend needs vocab_size >= topk, no window, no offset (tests/test.py's own guard)",,,,,,,,
MetaX_C500,MetaX C500,104,f88873b81d8cdb968ed4ca8f32d6bf650b91d449,6c28a77b52b659d283503922e9614c19,official,lightning_indexer,512,256,1024,0,0,bfloat16,int32,10,deep_gemm,unsupported,UnsupportedByBackend,"backend 'deep_gemm' ranks float32 scores, and was given torch.bfloat16; 'maca_c' and 'torch' take bfloat16 as well",,,,,,,,
MetaX_C500,MetaX C500,104,f88873b81d8cdb968ed4ca8f32d6bf650b91d449,6c28a77b52b659d283503922e9614c19,official,lightning_indexer,512,1024,1024,0,0,bfloat16,int32,10,maca_c,pass,,,7.808,39.475,0.402885,402.885,3.146,100.0,100.0,
MetaX_C500,MetaX C500,104,f88873b81d8cdb968ed4ca8f32d6bf650b91d449,6c28a77b52b659d283503922e9614c19,official,lightning_indexer,512,1024,1024,0,0,bfloat16,int32,10,torch,pass,,,87.782,87.27,0.035836,35.836,,8.89,45.23,
MetaX_C500,MetaX C500,104,f88873b81d8cdb968ed4ca8f32d6bf650b91d449,6c28a77b52b659d283503922e9614c19,official,lightning_indexer,512,1024,1024,0,0,bfloat16,int32,10,deep_gemm,unsupported,UnsupportedByBackend,"backend 'deep_gemm' ranks float32 scores, and was given torch.bfloat16; 'maca_c' and 'torch' take bfloat16 as well",,,,,,,,
MetaX_C500,MetaX C500,104,f88873b81d8cdb968ed4ca8f32d6bf650b91d449,6c28a77b52b659d283503922e9614c19,official,lightning_indexer,512,4096,1024,0,0,bfloat16,int32,10,maca_c,pass,,,51.84,51.584,0.121363,121.363,6.291,100.0,100.0,
MetaX_C500,MetaX C500,104,f88873b81d8cdb968ed4ca8f32d6bf650b91d449,6c28a77b52b659d283503922e9614c19,official,lightning_indexer,512,4096,1024,0,0,bfloat16,int32,10,torch,pass,,,255.283,246.733,0.024645,24.645,,20.31,20.91,
MetaX_C500,MetaX C500,104,f88873b81d8cdb968ed4ca8f32d6bf650b91d449,6c28a77b52b659d283503922e9614c19,official,lightning_indexer,512,4096,1024,0,0,bfloat16,int32,10,deep_gemm,unsupported,UnsupportedByBackend,"backend 'deep_gemm' ranks float32 scores, and was given torch.bfloat16; 'maca_c' and 'torch' take bfloat16 as well",,,,,,,,
MetaX_C500,MetaX C500,104,f88873b81d8cdb968ed4ca8f32d6bf650b91d449,6c28a77b52b659d283503922e9614c19,official,lightning_indexer,512,16384,1024,0,0,bfloat16,int32,10,maca_c,pass,,,89.754,89.114,0.21029,210.29,18.874,100.0,100.0,
MetaX_C500,MetaX C500,104,f88873b81d8cdb968ed4ca8f32d6bf650b91d449,6c28a77b52b659d283503922e9614c19,official,lightning_indexer,512,16384,1024,0,0,bfloat16,int32,10,torch,pass,,,467.251,459.366,0.040394,40.394,,19.21,19.4,
MetaX_C500,MetaX C500,104,f88873b81d8cdb968ed4ca8f32d6bf650b91d449,6c28a77b52b659d283503922e9614c19,official,lightning_indexer,512,16384,1024,0,0,bfloat16,int32,10,deep_gemm,unsupported,UnsupportedByBackend,"backend 'deep_gemm' ranks float32 scores, and was given torch.bfloat16; 'maca_c' and 'torch' take bfloat16 as well",,,,,,,,
MetaX_C500,MetaX C500,104,f88873b81d8cdb968ed4ca8f32d6bf650b91d449,6c28a77b52b659d283503922e9614c19,official,lightning_indexer,512,65536,1024,0,0,bfloat16,int32,10,maca_c,pass,,,261.069,261.76,0.265087,265.087,69.206,100.0,100.0,
MetaX_C500,MetaX C500,104,f88873b81d8cdb968ed4ca8f32d6bf650b91d449,6c28a77b52b659d283503922e9614c19,official,lightning_indexer,512,65536,1024,0,0,bfloat16,int32,10,torch,pass,,,1225.37,1219.226,0.056478,56.478,,21.31,21.47,
MetaX_C500,MetaX C500,104,f88873b81d8cdb968ed4ca8f32d6bf650b91d449,6c28a77b52b659d283503922e9614c19,official,lightning_indexer,512,65536,1024,0,0,bfloat16,int32,10,deep_gemm,unsupported,UnsupportedByBackend,"backend 'deep_gemm' ranks float32 scores, and was given torch.bfloat16; 'maca_c' and 'torch' take bfloat16 as well",,,,,,,,
MetaX_C500,MetaX C500,104,f88873b81d8cdb968ed4ca8f32d6bf650b91d449,6c28a77b52b659d283503922e9614c19,official,lightning_indexer,512,131072,1024,0,0,bfloat16,int32,10,maca_c,pass,,,412.416,412.672,0.330528,330.528,136.315,100.0,100.0,
MetaX_C500,MetaX C500,104,f88873b81d8cdb968ed4ca8f32d6bf650b91d449,6c28a77b52b659d283503922e9614c19,official,lightning_indexer,512,131072,1024,0,0,bfloat16,int32,10,torch,pass,,,2171.238,2165.222,0.062782,62.782,,18.99,19.06,
MetaX_C500,MetaX C500,104,f88873b81d8cdb968ed4ca8f32d6bf650b91d449,6c28a77b52b659d283503922e9614c19,official,lightning_indexer,512,131072,1024,0,0,bfloat16,int32,10,deep_gemm,unsupported,UnsupportedByBackend,"backend 'deep_gemm' ranks float32 scores, and was given torch.bfloat16; 'maca_c' and 'torch' take bfloat16 as well",,,,,,,,
MetaX_C500,MetaX C500,104,f88873b81d8cdb968ed4ca8f32d6bf650b91d449,6c28a77b52b659d283503922e9614c19,official,lightning_indexer,512,262144,1024,0,0,bfloat16,int32,10,maca_c,pass,,,690.074,690.099,0.392034,392.034,270.533,100.0,100.0,
MetaX_C500,MetaX C500,104,f88873b81d8cdb968ed4ca8f32d6bf650b91d449,6c28a77b52b659d283503922e9614c19,official,lightning_indexer,512,262144,1024,0,0,bfloat16,int32,10,torch,pass,,,3856.23,3854.72,0.070155,70.155,,17.9,17.9,
MetaX_C500,MetaX C500,104,f88873b81d8cdb968ed4ca8f32d6bf650b91d449,6c28a77b52b659d283503922e9614c19,official,lightning_indexer,512,262144,1024,0,0,bfloat16,int32,10,deep_gemm,unsupported,UnsupportedByBackend,"backend 'deep_gemm' ranks float32 scores, and was given torch.bfloat16; 'maca_c' and 'torch' take bfloat16 as well",,,,,,,,
MetaX_C500,MetaX C500,104,f88873b81d8cdb968ed4ca8f32d6bf650b91d449,6c28a77b52b659d283503922e9614c19,official,lightning_indexer,512,524288,1024,0,0,bfloat16,int32,10,maca_c,pass,,,1222.963,1226.214,0.440707,440.707,538.968,100.0,100.0,
MetaX_C500,MetaX C500,104,f88873b81d8cdb968ed4ca8f32d6bf650b91d449,6c28a77b52b659d283503922e9614c19,official,lightning_indexer,512,524288,1024,0,0,bfloat16,int32,10,torch,pass,,,7125.35,7124.377,0.075641,75.641,,17.16,17.21,
MetaX_C500,MetaX C500,104,f88873b81d8cdb968ed4ca8f32d6bf650b91d449,6c28a77b52b659d283503922e9614c19,official,lightning_indexer,512,524288,1024,0,0,bfloat16,int32,10,deep_gemm,unsupported,UnsupportedByBackend,"backend 'deep_gemm' ranks float32 scores, and was given torch.bfloat16; 'maca_c' and 'torch' take bfloat16 as well",,,,,,,,
MetaX_C500,MetaX C500,104,f88873b81d8cdb968ed4ca8f32d6bf650b91d449,6c28a77b52b659d283503922e9614c19,official,lightning_indexer,512,1048576,1024,0,0,bfloat16,int32,10,maca_c,pass,,,2277.248,2282.445,0.472429,472.429,1075.839,100.0,100.0,
MetaX_C500,MetaX C500,104,f88873b81d8cdb968ed4ca8f32d6bf650b91d449,6c28a77b52b659d283503922e9614c19,official,lightning_indexer,512,1048576,1024,0,0,bfloat16,int32,10,torch,pass,,,13622.374,13642.189,0.078976,78.976,,16.72,16.73,
MetaX_C500,MetaX C500,104,f88873b81d8cdb968ed4ca8f32d6bf650b91d449,6c28a77b52b659d283503922e9614c19,official,lightning_indexer,512,1048576,1024,0,0,bfloat16,int32,10,deep_gemm,unsupported,UnsupportedByBackend,"backend 'deep_gemm' ranks float32 scores, and was given torch.bfloat16; 'maca_c' and 'torch' take bfloat16 as well",,,,,,,,
MetaX_C500,MetaX C500,104,f88873b81d8cdb968ed4ca8f32d6bf650b91d449,6c28a77b52b659d283503922e9614c19,official,lightning_indexer,768,256,1024,0,0,bfloat16,int32,10,maca_c,pass,,,8.346,42.931,0.424029,424.029,3.539,100.0,100.0,
MetaX_C500,MetaX C500,104,f88873b81d8cdb968ed4ca8f32d6bf650b91d449,6c28a77b52b659d283503922e9614c19,official,lightning_indexer,768,256,1024,0,0,bfloat16,int32,10,torch,pass,,"not applicable: the reference backend needs vocab_size >= topk, no window, no offset (tests/test.py's own guard)",,,,,,,,
MetaX_C500,MetaX C500,104,f88873b81d8cdb968ed4ca8f32d6bf650b91d449,6c28a77b52b659d283503922e9614c19,official,lightning_indexer,768,256,1024,0,0,bfloat16,int32,10,deep_gemm,unsupported,UnsupportedByBackend,"backend 'deep_gemm' ranks float32 scores, and was given torch.bfloat16; 'maca_c' and 'torch' take bfloat16 as well",,,,,,,,
MetaX_C500,MetaX C500,104,f88873b81d8cdb968ed4ca8f32d6bf650b91d449,6c28a77b52b659d283503922e9614c19,official,lightning_indexer,768,1024,1024,0,0,bfloat16,int32,10,maca_c,pass,,,9.216,38.81,0.512,512.0,4.719,100.0,100.0,
MetaX_C500,MetaX C500,104,f88873b81d8cdb968ed4ca8f32d6bf650b91d449,6c28a77b52b659d283503922e9614c19,official,lightning_indexer,768,1024,1024,0,0,bfloat16,int32,10,torch,pass,,,116.634,119.706,0.040456,40.456,,7.9,32.42,
MetaX_C500,MetaX C500,104,f88873b81d8cdb968ed4ca8f32d6bf650b91d449,6c28a77b52b659d283503922e9614c19,official,lightning_indexer,768,1024,1024,0,0,bfloat16,int32,10,deep_gemm,unsupported,UnsupportedByBackend,"backend 'deep_gemm' ranks float32 scores, and was given torch.bfloat16; 'maca_c' and 'torch' take bfloat16 as well",,,,,,,,
MetaX_C500,MetaX C500,104,f88873b81d8cdb968ed4ca8f32d6bf650b91d449,6c28a77b52b659d283503922e9614c19,official,lightning_indexer,768,4096,1024,0,0,bfloat16,int32,10,maca_c,pass,,,69.146,70.605,0.136482,136.482,9.437,100.0,100.0,
MetaX_C500,MetaX C500,104,f88873b81d8cdb968ed4ca8f32d6bf650b91d449,6c28a77b52b659d283503922e9614c19,official,lightning_indexer,768,4096,1024,0,0,bfloat16,int32,10,torch,pass,,,310.374,299.699,0.030406,30.406,,22.28,23.56,
MetaX_C500,MetaX C500,104,f88873b81d8cdb968ed4ca8f32d6bf650b91d449,6c28a77b52b659d283503922e9614c19,official,lightning_indexer,768,4096,1024,0,0,bfloat16,int32,10,deep_gemm,unsupported,UnsupportedByBackend,"backend 'deep_gemm' ranks float32 scores, and was given torch.bfloat16; 'maca_c' and 'torch' take bfloat16 as well",,,,,,,,
MetaX_C500,MetaX C500,104,f88873b81d8cdb968ed4ca8f32d6bf650b91d449,6c28a77b52b659d283503922e9614c19,official,lightning_indexer,768,16384,1024,0,0,bfloat16,int32,10,maca_c,pass,,,126.874,127.411,0.223147,223.147,28.312,100.0,100.0,
MetaX_C500,MetaX C500,104,f88873b81d8cdb968ed4ca8f32d6bf650b91d449,6c28a77b52b659d283503922e9614c19,official,lightning_indexer,768,16384,1024,0,0,bfloat16,int32,10,torch,pass,,,677.786,669.133,0.041771,41.771,,18.72,19.04,
MetaX_C500,MetaX C500,104,f88873b81d8cdb968ed4ca8f32d6bf650b91d449,6c28a77b52b659d283503922e9614c19,official,lightning_indexer,768,16384,1024,0,0,bfloat16,int32,10,deep_gemm,unsupported,UnsupportedByBackend,"backend 'deep_gemm' ranks float32 scores, and was given torch.bfloat16; 'maca_c' and 'torch' take bfloat16 as well",,,,,,,,
MetaX_C500,MetaX C500,104,f88873b81d8cdb968ed4ca8f32d6bf650b91d449,6c28a77b52b659d283503922e9614c19,official,lightning_indexer,768,65536,1024,0,0,bfloat16,int32,10,maca_c,pass,,,406.963,407.603,0.255082,255.082,103.809,100.0,100.0,
MetaX_C500,MetaX C500,104,f88873b81d8cdb968ed4ca8f32d6bf650b91d449,6c28a77b52b659d283503922e9614c19,official,lightning_indexer,768,65536,1024,0,0,bfloat16,int32,10,torch,pass,,,1701.094,1696.819,0.061025,61.025,,23.92,24.02,
MetaX_C500,MetaX C500,104,f88873b81d8cdb968ed4ca8f32d6bf650b91d449,6c28a77b52b659d283503922e9614c19,official,lightning_indexer,768,65536,1024,0,0,bfloat16,int32,10,deep_gemm,unsupported,UnsupportedByBackend,"backend 'deep_gemm' ranks float32 scores, and was given torch.bfloat16; 'maca_c' and 'torch' take bfloat16 as well",,,,,,,,
MetaX_C500,MetaX C500,104,f88873b81d8cdb968ed4ca8f32d6bf650b91d449,6c28a77b52b659d283503922e9614c19,official,lightning_indexer,768,131072,1024,0,0,bfloat16,int32,10,maca_c,pass,,,648.371,648.909,0.315363,315.363,204.472,100.0,100.0,
MetaX_C500,MetaX C500,104,f88873b81d8cdb968ed4ca8f32d6bf650b91d449,6c28a77b52b659d283503922e9614c19,official,lightning_indexer,768,131072,1024,0,0,bfloat16,int32,10,torch,pass,,,3120.486,3116.186,0.065526,65.526,,20.78,20.82,
MetaX_C500,MetaX C500,104,f88873b81d8cdb968ed4ca8f32d6bf650b91d449,6c28a77b52b659d283503922e9614c19,official,lightning_indexer,768,131072,1024,0,0,bfloat16,int32,10,deep_gemm,unsupported,UnsupportedByBackend,"backend 'deep_gemm' ranks float32 scores, and was given torch.bfloat16; 'maca_c' and 'torch' take bfloat16 as well",,,,,,,,
MetaX_C500,MetaX C500,104,f88873b81d8cdb968ed4ca8f32d6bf650b91d449,6c28a77b52b659d283503922e9614c19,official,lightning_indexer,768,262144,1024,0,0,bfloat16,int32,10,maca_c,pass,,,1088.154,1087.949,0.372924,372.924,405.799,100.0,100.0,
MetaX_C500,MetaX C500,104,f88873b81d8cdb968ed4ca8f32d6bf650b91d449,6c28a77b52b659d283503922e9614c19,official,lightning_indexer,768,262144,1024,0,0,bfloat16,int32,10,torch,pass,,,5602.867,5603.431,0.072427,72.427,,19.42,19.42,
MetaX_C500,MetaX C500,104,f88873b81d8cdb968ed4ca8f32d6bf650b91d449,6c28a77b52b659d283503922e9614c19,official,lightning_indexer,768,262144,1024,0,0,bfloat16,int32,10,deep_gemm,unsupported,UnsupportedByBackend,"backend 'deep_gemm' ranks float32 scores, and was given torch.bfloat16; 'maca_c' and 'torch' take bfloat16 as well",,,,,,,,
MetaX_C500,MetaX C500,104,f88873b81d8cdb968ed4ca8f32d6bf650b91d449,6c28a77b52b659d283503922e9614c19,official,lightning_indexer,768,524288,1024,0,0,bfloat16,int32,10,maca_c,pass,,,1933.158,1935.642,0.418203,418.203,808.452,100.0,100.0,
MetaX_C500,MetaX C500,104,f88873b81d8cdb968ed4ca8f32d6bf650b91d449,6c28a77b52b659d283503922e9614c19,official,lightning_indexer,768,524288,1024,0,0,bfloat16,int32,10,torch,pass,,,10467.661,10481.587,0.077233,77.233,,18.47,18.47,
MetaX_C500,MetaX C500,104,f88873b81d8cdb968ed4ca8f32d6bf650b91d449,6c28a77b52b659d283503922e9614c19,official,lightning_indexer,768,524288,1024,0,0,bfloat16,int32,10,deep_gemm,unsupported,UnsupportedByBackend,"backend 'deep_gemm' ranks float32 scores, and was given torch.bfloat16; 'maca_c' and 'torch' take bfloat16 as well",,,,,,,,
MetaX_C500,MetaX C500,104,f88873b81d8cdb968ed4ca8f32d6bf650b91d449,6c28a77b52b659d283503922e9614c19,official,lightning_indexer,768,1048576,1024,0,0,bfloat16,int32,10,maca_c,pass,,,3614.618,3621.709,0.446453,446.453,1613.758,100.0,100.0,
MetaX_C500,MetaX C500,104,f88873b81d8cdb968ed4ca8f32d6bf650b91d449,6c28a77b52b659d283503922e9614c19,official,lightning_indexer,768,1048576,1024,0,0,bfloat16,int32,10,torch,pass,,,20268.672,20281.677,0.079618,79.618,,17.83,17.86,
MetaX_C500,MetaX C500,104,f88873b81d8cdb968ed4ca8f32d6bf650b91d449,6c28a77b52b659d283503922e9614c19,official,lightning_indexer,768,1048576,1024,0,0,bfloat16,int32,10,deep_gemm,unsupported,UnsupportedByBackend,"backend 'deep_gemm' ranks float32 scores, and was given torch.bfloat16; 'maca_c' and 'torch' take bfloat16 as well",,,,,,,,
MetaX_C500,MetaX C500,104,f88873b81d8cdb968ed4ca8f32d6bf650b91d449,6c28a77b52b659d283503922e9614c19,official,lightning_indexer,4096,256,1024,0,0,bfloat16,int32,10,maca_c,pass,,,31.821,40.832,0.593142,593.142,18.874,100.0,100.0,
MetaX_C500,MetaX C500,104,f88873b81d8cdb968ed4ca8f32d6bf650b91d449,6c28a77b52b659d283503922e9614c19,official,lightning_indexer,4096,256,1024,0,0,bfloat16,int32,10,torch,pass,,"not applicable: the reference backend needs vocab_size >= topk, no window, no offset (tests/test.py's own guard)",,,,,,,,
MetaX_C500,MetaX C500,104,f88873b81d8cdb968ed4ca8f32d6bf650b91d449,6c28a77b52b659d283503922e9614c19,official,lightning_indexer,4096,256,1024,0,0,bfloat16,int32,10,deep_gemm,unsupported,UnsupportedByBackend,"backend 'deep_gemm' ranks float32 scores, and was given torch.bfloat16; 'maca_c' and 'torch' take bfloat16 as well",,,,,,,,
MetaX_C500,MetaX C500,104,f88873b81d8cdb968ed4ca8f32d6bf650b91d449,6c28a77b52b659d283503922e9614c19,official,lightning_indexer,4096,1024,1024,0,0,bfloat16,int32,10,maca_c,pass,,,31.283,41.933,0.804457,804.457,25.166,100.0,100.0,
MetaX_C500,MetaX C500,104,f88873b81d8cdb968ed4ca8f32d6bf650b91d449,6c28a77b52b659d283503922e9614c19,official,lightning_indexer,4096,1024,1024,0,0,bfloat16,int32,10,torch,pass,,,383.59,376.038,0.065606,65.606,,8.16,11.15,
MetaX_C500,MetaX C500,104,f88873b81d8cdb968ed4ca8f32d6bf650b91d449,6c28a77b52b659d283503922e9614c19,official,lightning_indexer,4096,1024,1024,0,0,bfloat16,int32,10,deep_gemm,unsupported,UnsupportedByBackend,"backend 'deep_gemm' ranks float32 scores, and was given torch.bfloat16; 'maca_c' and 'torch' take bfloat16 as well",,,,,,,,
MetaX_C500,MetaX C500,104,f88873b81d8cdb968ed4ca8f32d6bf650b91d449,6c28a77b52b659d283503922e9614c19,official,lightning_indexer,4096,4096,1024,0,0,bfloat16,int32,10,maca_c,pass,,,317.517,319.616,0.158516,158.516,50.332,100.0,100.0,
MetaX_C500,MetaX C500,104,f88873b81d8cdb968ed4ca8f32d6bf650b91d449,6c28a77b52b659d283503922e9614c19,official,lightning_indexer,4096,4096,1024,0,0,bfloat16,int32,10,torch,pass,,,710.246,705.203,0.070865,70.865,,44.71,45.32,
MetaX_C500,MetaX C500,104,f88873b81d8cdb968ed4ca8f32d6bf650b91d449,6c28a77b52b659d283503922e9614c19,official,lightning_indexer,4096,4096,1024,0,0,bfloat16,int32,10,deep_gemm,unsupported,UnsupportedByBackend,"backend 'deep_gemm' ranks float32 scores, and was given torch.bfloat16; 'maca_c' and 'torch' take bfloat16 as well",,,,,,,,
MetaX_C500,MetaX C500,104,f88873b81d8cdb968ed4ca8f32d6bf650b91d449,6c28a77b52b659d283503922e9614c19,official,lightning_indexer,4096,16384,1024,0,0,bfloat16,int32,10,maca_c,pass,,,586.061,588.621,0.257644,257.644,150.995,100.0,100.0,
MetaX_C500,MetaX C500,104,f88873b81d8cdb968ed4ca8f32d6bf650b91d449,6c28a77b52b659d283503922e9614c19,official,lightning_indexer,4096,16384,1024,0,0,bfloat16,int32,10,torch,pass,,,2025.523,2018.688,0.074546,74.546,,28.93,29.16,
MetaX_C500,MetaX C500,104,f88873b81d8cdb968ed4ca8f32d6bf650b91d449,6c28a77b52b659d283503922e9614c19,official,lightning_indexer,4096,16384,1024,0,0,bfloat16,int32,10,deep_gemm,unsupported,UnsupportedByBackend,"backend 'deep_gemm' ranks float32 scores, and was given torch.bfloat16; 'maca_c' and 'torch' take bfloat16 as well",,,,,,,,
MetaX_C500,MetaX C500,104,f88873b81d8cdb968ed4ca8f32d6bf650b91d449,6c28a77b52b659d283503922e9614c19,official,lightning_indexer,4096,65536,1024,0,0,bfloat16,int32,10,maca_c,pass,,,2007.91,2009.395,0.275734,275.734,553.648,100.0,100.0,
MetaX_C500,MetaX C500,104,f88873b81d8cdb968ed4ca8f32d6bf650b91d449,6c28a77b52b659d283503922e9614c19,official,lightning_indexer,4096,65536,1024,0,0,bfloat16,int32,10,torch,pass,,,7902.362,7904.359,0.070061,70.061,,25.41,25.42,
MetaX_C500,MetaX C500,104,f88873b81d8cdb968ed4ca8f32d6bf650b91d449,6c28a77b52b659d283503922e9614c19,official,lightning_indexer,4096,65536,1024,0,0,bfloat16,int32,10,deep_gemm,unsupported,UnsupportedByBackend,"backend 'deep_gemm' ranks float32 scores, and was given torch.bfloat16; 'maca_c' and 'torch' take bfloat16 as well",,,,,,,,
MetaX_C500,MetaX C500,104,f88873b81d8cdb968ed4ca8f32d6bf650b91d449,6c28a77b52b659d283503922e9614c19,official,lightning_indexer,4096,131072,1024,0,0,bfloat16,int32,10,maca_c,pass,,,3210.522,3211.725,0.33967,339.67,1090.519,100.0,100.0,
MetaX_C500,MetaX C500,104,f88873b81d8cdb968ed4ca8f32d6bf650b91d449,6c28a77b52b659d283503922e9614c19,official,lightning_indexer,4096,131072,1024,0,0,bfloat16,int32,10,torch,pass,,,15569.152,15584.538,0.070044,70.044,,20.62,20.61,
MetaX_C500,MetaX C500,104,f88873b81d8cdb968ed4ca8f32d6bf650b91d449,6c28a77b52b659d283503922e9614c19,official,lightning_indexer,4096,131072,1024,0,0,bfloat16,int32,10,deep_gemm,unsupported,UnsupportedByBackend,"backend 'deep_gemm' ranks float32 scores, and was given torch.bfloat16; 'maca_c' and 'torch' take bfloat16 as well",,,,,,,,
MetaX_C500,MetaX C500,104,f88873b81d8cdb968ed4ca8f32d6bf650b91d449,6c28a77b52b659d283503922e9614c19,official,lightning_indexer,4096,262144,1024,0,0,bfloat16,int32,10,maca_c,pass,,,5422.899,5435.776,0.399097,399.097,2164.261,100.0,100.0,
MetaX_C500,MetaX C500,104,f88873b81d8cdb968ed4ca8f32d6bf650b91d449,6c28a77b52b659d283503922e9614c19,official,lightning_indexer,4096,262144,1024,0,0,bfloat16,int32,10,torch,pass,,,29710.618,29741.388,0.072845,72.845,,18.25,18.28,
MetaX_C500,MetaX C500,104,f88873b81d8cdb968ed4ca8f32d6bf650b91d449,6c28a77b52b659d283503922e9614c19,official,lightning_indexer,4096,262144,1024,0,0,bfloat16,int32,10,deep_gemm,unsupported,UnsupportedByBackend,"backend 'deep_gemm' ranks float32 scores, and was given torch.bfloat16; 'maca_c' and 'torch' take bfloat16 as well",,,,,,,,
MetaX_C500,MetaX C500,104,f88873b81d8cdb968ed4ca8f32d6bf650b91d449,6c28a77b52b659d283503922e9614c19,official,lightning_indexer,4096,524288,1024,0,0,bfloat16,int32,10,maca_c,pass,,,9685.939,9703.552,0.445155,445.155,4311.745,100.0,100.0,
MetaX_C500,MetaX C500,104,f88873b81d8cdb968ed4ca8f32d6bf650b91d449,6c28a77b52b659d283503922e9614c19,official,lightning_indexer,4096,524288,1024,0,0,bfloat16,int32,10,torch,pass,,,58229.709,58282.214,0.074047,74.047,,16.63,16.65,
MetaX_C500,MetaX C500,104,f88873b81d8cdb968ed4ca8f32d6bf650b91d449,6c28a77b52b659d283503922e9614c19,official,lightning_indexer,4096,524288,1024,0,0,bfloat16,int32,10,deep_gemm,unsupported,UnsupportedByBackend,"backend 'deep_gemm' ranks float32 scores, and was given torch.bfloat16; 'maca_c' and 'torch' take bfloat16 as well",,,,,,,,
MetaX_C500,MetaX C500,104,f88873b81d8cdb968ed4ca8f32d6bf650b91d449,6c28a77b52b659d283503922e9614c19,official,lightning_indexer,4096,1048576,1024,0,0,bfloat16,int32,10,maca_c,pass,,,18127.59,18148.685,0.474785,474.785,8606.712,100.0,100.0,
MetaX_C500,MetaX C500,104,f88873b81d8cdb968ed4ca8f32d6bf650b91d449,6c28a77b52b659d283503922e9614c19,official,lightning_indexer,4096,1048576,1024,0,0,bfloat16,int32,10,torch,pass,,,112097.331,112186.267,0.076779,76.779,,16.17,16.18,
MetaX_C500,MetaX C500,104,f88873b81d8cdb968ed4ca8f32d6bf650b91d449,6c28a77b52b659d283503922e9614c19,official,lightning_indexer,4096,1048576,1024,0,0,bfloat16,int32,10,deep_gemm,unsupported,UnsupportedByBackend,"backend 'deep_gemm' ranks float32 scores, and was given torch.bfloat16; 'maca_c' and 'torch' take bfloat16 as well",,,,,,,,
MetaX_C500,MetaX C500,104,f88873b81d8cdb968ed4ca8f32d6bf650b91d449,6c28a77b52b659d283503922e9614c19,official,lightning_indexer,1,131072,512,0,0,bfloat16,int32,10,maca_c,pass,,,70.272,73.293,0.00376,3.76,0.264,100.0,100.0,
MetaX_C500,MetaX C500,104,f88873b81d8cdb968ed4ca8f32d6bf650b91d449,6c28a77b52b659d283503922e9614c19,official,lightning_indexer,1,131072,512,0,0,bfloat16,int32,10,torch,pass,,,170.189,149.453,0.001552,1.552,,41.29,49.04,
MetaX_C500,MetaX C500,104,f88873b81d8cdb968ed4ca8f32d6bf650b91d449,6c28a77b52b659d283503922e9614c19,official,lightning_indexer,1,131072,512,0,0,bfloat16,int32,10,deep_gemm,unsupported,UnsupportedByBackend,"backend 'deep_gemm' ranks float32 scores, and was given torch.bfloat16; 'maca_c' and 'torch' take bfloat16 as well",,,,,,,,
MetaX_C500,MetaX C500,104,f88873b81d8cdb968ed4ca8f32d6bf650b91d449,6c28a77b52b659d283503922e9614c19,official,lightning_indexer,1,262144,512,0,0,bfloat16,int32,10,maca_c,pass,,,82.048,107.674,0.006415,6.415,0.526,100.0,100.0,
MetaX_C500,MetaX C500,104,f88873b81d8cdb968ed4ca8f32d6bf650b91d449,6c28a77b52b659d283503922e9614c19,official,lightning_indexer,1,262144,512,0,0,bfloat16,int32,10,torch,pass,,,188.749,165.709,0.002789,2.789,,43.47,64.98,
MetaX_C500,MetaX C500,104,f88873b81d8cdb968ed4ca8f32d6bf650b91d449,6c28a77b52b659d283503922e9614c19,official,lightning_indexer,1,262144,512,0,0,bfloat16,int32,10,deep_gemm,unsupported,UnsupportedByBackend,"backend 'deep_gemm' ranks float32 scores, and was given torch.bfloat16; 'maca_c' and 'torch' take bfloat16 as well",,,,,,,,
MetaX_C500,MetaX C500,104,f88873b81d8cdb968ed4ca8f32d6bf650b91d449,6c28a77b52b659d283503922e9614c19,official,lightning_indexer,1,1048576,512,0,0,bfloat16,int32,10,maca_c,pass,,,106.112,146.253,0.019783,19.783,2.099,100.0,100.0,
MetaX_C500,MetaX C500,104,f88873b81d8cdb968ed4ca8f32d6bf650b91d449,6c28a77b52b659d283503922e9614c19,official,lightning_indexer,1,1048576,512,0,0,bfloat16,int32,10,torch,pass,,,295.808,274.893,0.007096,7.096,,35.87,53.2,
MetaX_C500,MetaX C500,104,f88873b81d8cdb968ed4ca8f32d6bf650b91d449,6c28a77b52b659d283503922e9614c19,official,lightning_indexer,1,1048576,512,0,0,bfloat16,int32,10,deep_gemm,unsupported,UnsupportedByBackend,"backend 'deep_gemm' ranks float32 scores, and was given torch.bfloat16; 'maca_c' and 'torch' take bfloat16 as well",,,,,,,,
MetaX_C500,MetaX C500,104,f88873b81d8cdb968ed4ca8f32d6bf650b91d449,6c28a77b52b659d283503922e9614c19,official,lightning_indexer,64,131072,512,0,0,bfloat16,int32,10,maca_c,pass,,,78.72,81.971,0.21479,214.79,16.908,100.0,100.0,
MetaX_C500,MetaX C500,104,f88873b81d8cdb968ed4ca8f32d6bf650b91d449,6c28a77b52b659d283503922e9614c19,official,lightning_indexer,64,131072,512,0,0,bfloat16,int32,10,torch,pass,,,439.629,428.954,0.03846,38.46,,17.91,19.11,
MetaX_C500,MetaX C500,104,f88873b81d8cdb968ed4ca8f32d6bf650b91d449,6c28a77b52b659d283503922e9614c19,official,lightning_indexer,64,131072,512,0,0,bfloat16,int32,10,deep_gemm,unsupported,UnsupportedByBackend,"backend 'deep_gemm' ranks float32 scores, and was given torch.bfloat16; 'maca_c' and 'torch' take bfloat16 as well",,,,,,,,
MetaX_C500,MetaX C500,104,f88873b81d8cdb968ed4ca8f32d6bf650b91d449,6c28a77b52b659d283503922e9614c19,official,lightning_indexer,64,262144,512,0,0,bfloat16,int32,10,maca_c,pass,,,131.251,136.013,0.25665,256.65,33.686,100.0,100.0,
MetaX_C500,MetaX C500,104,f88873b81d8cdb968ed4ca8f32d6bf650b91d449,6c28a77b52b659d283503922e9614c19,official,lightning_indexer,64,262144,512,0,0,bfloat16,int32,10,torch,pass,,,698.266,688.998,0.048242,48.242,,18.8,19.74,
MetaX_C500,MetaX C500,104,f88873b81d8cdb968ed4ca8f32d6bf650b91d449,6c28a77b52b659d283503922e9614c19,official,lightning_indexer,64,262144,512,0,0,bfloat16,int32,10,deep_gemm,unsupported,UnsupportedByBackend,"backend 'deep_gemm' ranks float32 scores, and was given torch.bfloat16; 'maca_c' and 'torch' take bfloat16 as well",,,,,,,,
MetaX_C500,MetaX C500,104,f88873b81d8cdb968ed4ca8f32d6bf650b91d449,6c28a77b52b659d283503922e9614c19,official,lightning_indexer,64,1048576,512,0,0,bfloat16,int32,10,maca_c,pass,,,443.648,446.387,0.302827,302.827,134.349,100.0,100.0,
MetaX_C500,MetaX C500,104,f88873b81d8cdb968ed4ca8f32d6bf650b91d449,6c28a77b52b659d283503922e9614c19,official,lightning_indexer,64,1048576,512,0,0,bfloat16,int32,10,torch,pass,,,1974.707,1969.485,0.068035,68.035,,22.47,22.67,
MetaX_C500,MetaX C500,104,f88873b81d8cdb968ed4ca8f32d6bf650b91d449,6c28a77b52b659d283503922e9614c19,official,lightning_indexer,64,1048576,512,0,0,bfloat16,int32,10,deep_gemm,unsupported,UnsupportedByBackend,"backend 'deep_gemm' ranks float32 scores, and was given torch.bfloat16; 'maca_c' and 'torch' take bfloat16 as well",,,,,,,,
MetaX_C500,MetaX C500,104,f88873b81d8cdb968ed4ca8f32d6bf650b91d449,6c28a77b52b659d283503922e9614c19,official,lightning_indexer,128,131072,512,0,0,bfloat16,int32,10,maca_c,pass,,,149.734,150.707,0.225844,225.844,33.817,100.0,100.0,
MetaX_C500,MetaX C500,104,f88873b81d8cdb968ed4ca8f32d6bf650b91d449,6c28a77b52b659d283503922e9614c19,official,lightning_indexer,128,131072,512,0,0,bfloat16,int32,10,torch,pass,,,701.645,688.179,0.048196,48.196,,21.34,21.9,
MetaX_C500,MetaX C500,104,f88873b81d8cdb968ed4ca8f32d6bf650b91d449,6c28a77b52b659d283503922e9614c19,official,lightning_indexer,128,131072,512,0,0,bfloat16,int32,10,deep_gemm,unsupported,UnsupportedByBackend,"backend 'deep_gemm' ranks float32 scores, and was given torch.bfloat16; 'maca_c' and 'torch' take bfloat16 as well",,,,,,,,
MetaX_C500,MetaX C500,104,f88873b81d8cdb968ed4ca8f32d6bf650b91d449,6c28a77b52b659d283503922e9614c19,official,lightning_indexer,128,262144,512,0,0,bfloat16,int32,10,maca_c,pass,,,253.952,255.002,0.26529,265.29,67.371,100.0,100.0,
MetaX_C500,MetaX C500,104,f88873b81d8cdb968ed4ca8f32d6bf650b91d449,6c28a77b52b659d283503922e9614c19,official,lightning_indexer,128,262144,512,0,0,bfloat16,int32,10,torch,pass,,,1147.264,1146.138,0.058723,58.723,,22.14,22.25,
MetaX_C500,MetaX C500,104,f88873b81d8cdb968ed4ca8f32d6bf650b91d449,6c28a77b52b659d283503922e9614c19,official,lightning_indexer,128,262144,512,0,0,bfloat16,int32,10,deep_gemm,unsupported,UnsupportedByBackend,"backend 'deep_gemm' ranks float32 scores, and was given torch.bfloat16; 'maca_c' and 'torch' take bfloat16 as well",,,,,,,,
MetaX_C500,MetaX C500,104,f88873b81d8cdb968ed4ca8f32d6bf650b91d449,6c28a77b52b659d283503922e9614c19,official,lightning_indexer,128,1048576,512,0,0,bfloat16,int32,10,maca_c,pass,,,869.35,873.472,0.309079,309.079,268.698,100.0,100.0,
MetaX_C500,MetaX C500,104,f88873b81d8cdb968ed4ca8f32d6bf650b91d449,6c28a77b52b659d283503922e9614c19,official,lightning_indexer,128,1048576,512,0,0,bfloat16,int32,10,torch,pass,,,3552.179,3547.904,0.075643,75.643,,24.47,24.62,
MetaX_C500,MetaX C500,104,f88873b81d8cdb968ed4ca8f32d6bf650b91d449,6c28a77b52b659d283503922e9614c19,official,lightning_indexer,128,1048576,512,0,0,bfloat16,int32,10,deep_gemm,unsupported,UnsupportedByBackend,"backend 'deep_gemm' ranks float32 scores, and was given torch.bfloat16; 'maca_c' and 'torch' take bfloat16 as well",,,,,,,,
MetaX_C500,MetaX C500,104,f88873b81d8cdb968ed4ca8f32d6bf650b91d449,6c28a77b52b659d283503922e9614c19,official,lightning_indexer,1,131072,1024,0,0,bfloat16,int32,10,maca_c,pass,,,78.566,80.947,0.003389,3.389,0.266,100.0,100.0,
MetaX_C500,MetaX C500,104,f88873b81d8cdb968ed4ca8f32d6bf650b91d449,6c28a77b52b659d283503922e9614c19,official,lightning_indexer,1,131072,1024,0,0,bfloat16,int32,10,torch,pass,,,167.552,149.35,0.001589,1.589,,46.89,54.2,
MetaX_C500,MetaX C500,104,f88873b81d8cdb968ed4ca8f32d6bf650b91d449,6c28a77b52b659d283503922e9614c19,official,lightning_indexer,1,131072,1024,0,0,bfloat16,int32,10,deep_gemm,unsupported,UnsupportedByBackend,"backend 'deep_gemm' ranks float32 scores, and was given torch.bfloat16; 'maca_c' and 'torch' take bfloat16 as well",,,,,,,,
MetaX_C500,MetaX C500,104,f88873b81d8cdb968ed4ca8f32d6bf650b91d449,6c28a77b52b659d283503922e9614c19,official,lightning_indexer,1,262144,1024,0,0,bfloat16,int32,10,maca_c,pass,,,97.792,122.906,0.005403,5.403,0.528,100.0,100.0,
MetaX_C500,MetaX C500,104,f88873b81d8cdb968ed4ca8f32d6bf650b91d449,6c28a77b52b659d283503922e9614c19,official,lightning_indexer,1,262144,1024,0,0,bfloat16,int32,10,torch,pass,,,187.443,163.686,0.002819,2.819,,52.17,75.09,
MetaX_C500,MetaX C500,104,f88873b81d8cdb968ed4ca8f32d6bf650b91d449,6c28a77b52b659d283503922e9614c19,official,lightning_indexer,1,262144,1024,0,0,bfloat16,int32,10,deep_gemm,unsupported,UnsupportedByBackend,"backend 'deep_gemm' ranks float32 scores, and was given torch.bfloat16; 'maca_c' and 'torch' take bfloat16 as well",,,,,,,,
MetaX_C500,MetaX C500,104,f88873b81d8cdb968ed4ca8f32d6bf650b91d449,6c28a77b52b659d283503922e9614c19,official,lightning_indexer,1,1048576,1024,0,0,bfloat16,int32,10,maca_c,pass,,,130.202,175.718,0.016138,16.138,2.101,100.0,100.0,
MetaX_C500,MetaX C500,104,f88873b81d8cdb968ed4ca8f32d6bf650b91d449,6c28a77b52b659d283503922e9614c19,official,lightning_indexer,1,1048576,1024,0,0,bfloat16,int32,10,torch,pass,,,292.915,273.741,0.007174,7.174,,44.45,64.19,
MetaX_C500,MetaX C500,104,f88873b81d8cdb968ed4ca8f32d6bf650b91d449,6c28a77b52b659d283503922e9614c19,official,lightning_indexer,1,1048576,1024,0,0,bfloat16,int32,10,deep_gemm,unsupported,UnsupportedByBackend,"backend 'deep_gemm' ranks float32 scores, and was given torch.bfloat16; 'maca_c' and 'torch' take bfloat16 as well",,,,,,,,
MetaX_C500,MetaX C500,104,f88873b81d8cdb968ed4ca8f32d6bf650b91d449,6c28a77b52b659d283503922e9614c19,official,lightning_indexer,64,131072,1024,0,0,bfloat16,int32,10,maca_c,pass,,,85.606,87.629,0.199044,199.044,17.039,100.0,100.0,
MetaX_C500,MetaX C500,104,f88873b81d8cdb968ed4ca8f32d6bf650b91d449,6c28a77b52b659d283503922e9614c19,official,lightning_indexer,64,131072,1024,0,0,bfloat16,int32,10,torch,pass,,,442.778,426.624,0.038483,38.483,,19.33,20.54,
MetaX_C500,MetaX C500,104,f88873b81d8cdb968ed4ca8f32d6bf650b91d449,6c28a77b52b659d283503922e9614c19,official,lightning_indexer,64,131072,1024,0,0,bfloat16,int32,10,deep_gemm,unsupported,UnsupportedByBackend,"backend 'deep_gemm' ranks float32 scores, and was given torch.bfloat16; 'maca_c' and 'torch' take bfloat16 as well",,,,,,,,
MetaX_C500,MetaX C500,104,f88873b81d8cdb968ed4ca8f32d6bf650b91d449,6c28a77b52b659d283503922e9614c19,official,lightning_indexer,64,262144,1024,0,0,bfloat16,int32,10,maca_c,pass,,,139.827,142.003,0.241846,241.846,33.817,100.0,100.0,
MetaX_C500,MetaX C500,104,f88873b81d8cdb968ed4ca8f32d6bf650b91d449,6c28a77b52b659d283503922e9614c19,official,lightning_indexer,64,262144,1024,0,0,bfloat16,int32,10,torch,pass,,,721.05,713.677,0.046899,46.899,,19.39,19.9,
MetaX_C500,MetaX C500,104,f88873b81d8cdb968ed4ca8f32d6bf650b91d449,6c28a77b52b659d283503922e9614c19,official,lightning_indexer,64,262144,1024,0,0,bfloat16,int32,10,deep_gemm,unsupported,UnsupportedByBackend,"backend 'deep_gemm' ranks float32 scores, and was given torch.bfloat16; 'maca_c' and 'torch' take bfloat16 as well",,,,,,,,
MetaX_C500,MetaX C500,104,f88873b81d8cdb968ed4ca8f32d6bf650b91d449,6c28a77b52b659d283503922e9614c19,official,lightning_indexer,64,1048576,1024,0,0,bfloat16,int32,10,maca_c,pass,,,453.171,455.782,0.296753,296.753,134.48,100.0,100.0,
MetaX_C500,MetaX C500,104,f88873b81d8cdb968ed4ca8f32d6bf650b91d449,6c28a77b52b659d283503922e9614c19,official,lightning_indexer,64,1048576,1024,0,0,bfloat16,int32,10,torch,pass,,,1979.366,1971.533,0.067941,67.941,,22.89,23.12,
MetaX_C500,MetaX C500,104,f88873b81d8cdb968ed4ca8f32d6bf650b91d449,6c28a77b52b659d283503922e9614c19,official,lightning_indexer,64,1048576,1024,0,0,bfloat16,int32,10,deep_gemm,unsupported,UnsupportedByBackend,"backend 'deep_gemm' ranks float32 scores, and was given torch.bfloat16; 'maca_c' and 'torch' take bfloat16 as well",,,,,,,,
MetaX_C500,MetaX C500,104,f88873b81d8cdb968ed4ca8f32d6bf650b91d449,6c28a77b52b659d283503922e9614c19,official,lightning_indexer,128,131072,1024,0,0,bfloat16,int32,10,maca_c,pass,,,164.326,164.07,0.207385,207.385,34.079,100.0,100.0,
MetaX_C500,MetaX C500,104,f88873b81d8cdb968ed4ca8f32d6bf650b91d449,6c28a77b52b659d283503922e9614c19,official,lightning_indexer,128,131072,1024,0,0,bfloat16,int32,10,torch,pass,,,711.142,698.726,0.047921,47.921,,23.11,23.48,
MetaX_C500,MetaX C500,104,f88873b81d8cdb968ed4ca8f32d6bf650b91d449,6c28a77b52b659d283503922e9614c19,official,lightning_indexer,128,131072,1024,0,0,bfloat16,int32,10,deep_gemm,unsupported,UnsupportedByBackend,"backend 'deep_gemm' ranks float32 scores, and was given torch.bfloat16; 'maca_c' and 'torch' take bfloat16 as well",,,,,,,,
MetaX_C500,MetaX C500,104,f88873b81d8cdb968ed4ca8f32d6bf650b91d449,6c28a77b52b659d283503922e9614c19,official,lightning_indexer,128,262144,1024,0,0,bfloat16,int32,10,maca_c,pass,,,272.794,274.022,0.247928,247.928,67.633,100.0,100.0,
MetaX_C500,MetaX C500,104,f88873b81d8cdb968ed4ca8f32d6bf650b91d449,6c28a77b52b659d283503922e9614c19,official,lightning_indexer,128,262144,1024,0,0,bfloat16,int32,10,torch,pass,,,1150.746,1140.736,0.058773,58.773,,23.71,24.02,
MetaX_C500,MetaX C500,104,f88873b81d8cdb968ed4ca8f32d6bf650b91d449,6c28a77b52b659d283503922e9614c19,official,lightning_indexer,128,262144,1024,0,0,bfloat16,int32,10,deep_gemm,unsupported,UnsupportedByBackend,"backend 'deep_gemm' ranks float32 scores, and was given torch.bfloat16; 'maca_c' and 'torch' take bfloat16 as well",,,,,,,,
MetaX_C500,MetaX C500,104,f88873b81d8cdb968ed4ca8f32d6bf650b91d449,6c28a77b52b659d283503922e9614c19,official,lightning_indexer,128,1048576,1024,0,0,bfloat16,int32,10,maca_c,pass,,,889.677,893.03,0.302312,302.312,268.96,100.0,100.0,
MetaX_C500,MetaX C500,104,f88873b81d8cdb968ed4ca8f32d6bf650b91d449,6c28a77b52b659d283503922e9614c19,official,lightning_indexer,128,1048576,1024,0,0,bfloat16,int32,10,torch,pass,,,3611.776,3611.469,0.074467,74.467,,24.63,24.73,
MetaX_C500,MetaX C500,104,f88873b81d8cdb968ed4ca8f32d6bf650b91d449,6c28a77b52b659d283503922e9614c19,official,lightning_indexer,128,1048576,1024,0,0,bfloat16,int32,10,deep_gemm,unsupported,UnsupportedByBackend,"backend 'deep_gemm' ranks float32 scores, and was given torch.bfloat16; 'maca_c' and 'torch' take bfloat16 as well",,,,,,,,
MetaX_C500,MetaX C500,104,f88873b81d8cdb968ed4ca8f32d6bf650b91d449,6c28a77b52b659d283503922e9614c19,official,lightning_indexer,1,131072,2048,0,0,bfloat16,int32,10,maca_c,pass,,,119.603,119.936,0.00226,2.26,0.27,100.0,100.0,
MetaX_C500,MetaX C500,104,f88873b81d8cdb968ed4ca8f32d6bf650b91d449,6c28a77b52b659d283503922e9614c19,official,lightning_indexer,1,131072,2048,0,0,bfloat16,int32,10,torch,pass,,,170.419,148.71,0.001586,1.586,,70.18,80.65,
MetaX_C500,MetaX C500,104,f88873b81d8cdb968ed4ca8f32d6bf650b91d449,6c28a77b52b659d283503922e9614c19,official,lightning_indexer,1,131072,2048,0,0,bfloat16,int32,10,deep_gemm,unsupported,UnsupportedByBackend,"backend 'deep_gemm' ranks float32 scores, and was given torch.bfloat16; 'maca_c' and 'torch' take bfloat16 as well",,,,,,,,
MetaX_C500,MetaX C500,104,f88873b81d8cdb968ed4ca8f32d6bf650b91d449,6c28a77b52b659d283503922e9614c19,official,lightning_indexer,1,262144,2048,0,0,bfloat16,int32,10,maca_c,pass,,,201.728,199.603,0.00264,2.64,0.532,100.0,100.0,
MetaX_C500,MetaX C500,104,f88873b81d8cdb968ed4ca8f32d6bf650b91d449,6c28a77b52b659d283503922e9614c19,official,lightning_indexer,1,262144,2048,0,0,bfloat16,int32,10,torch,pass,,,187.213,166.067,0.002844,2.844,,107.75,120.19,
MetaX_C500,MetaX C500,104,f88873b81d8cdb968ed4ca8f32d6bf650b91d449,6c28a77b52b659d283503922e9614c19,official,lightning_indexer,1,262144,2048,0,0,bfloat16,int32,10,deep_gemm,unsupported,UnsupportedByBackend,"backend 'deep_gemm' ranks float32 scores, and was given torch.bfloat16; 'maca_c' and 'torch' take bfloat16 as well",,,,,,,,
MetaX_C500,MetaX C500,104,f88873b81d8cdb968ed4ca8f32d6bf650b91d449,6c28a77b52b659d283503922e9614c19,official,lightning_indexer,1,1048576,2048,0,0,bfloat16,int32,10,maca_c,pass,,,648.32,620.032,0.003247,3.247,2.105,100.0,100.0,
MetaX_C500,MetaX C500,104,f88873b81d8cdb968ed4ca8f32d6bf650b91d449,6c28a77b52b659d283503922e9614c19,official,lightning_indexer,1,1048576,2048,0,0,bfloat16,int32,10,torch,pass,,,292.941,269.414,0.007187,7.187,,221.31,230.14,
MetaX_C500,MetaX C500,104,f88873b81d8cdb968ed4ca8f32d6bf650b91d449,6c28a77b52b659d283503922e9614c19,official,lightning_indexer,1,1048576,2048,0,0,bfloat16,int32,10,deep_gemm,unsupported,UnsupportedByBackend,"backend 'deep_gemm' ranks float32 scores, and was given torch.bfloat16; 'maca_c' and 'torch' take bfloat16 as well",,,,,,,,
MetaX_C500,MetaX C500,104,f88873b81d8cdb968ed4ca8f32d6bf650b91d449,6c28a77b52b659d283503922e9614c19,official,lightning_indexer,64,131072,2048,0,0,bfloat16,int32,10,maca_c,pass,,,136.678,137.882,0.126586,126.586,17.302,100.0,100.0,
MetaX_C500,MetaX C500,104,f88873b81d8cdb968ed4ca8f32d6bf650b91d449,6c28a77b52b659d283503922e9614c19,official,lightning_indexer,64,131072,2048,0,0,bfloat16,int32,10,torch,pass,,,446.925,433.229,0.038712,38.712,,30.58,31.83,
MetaX_C500,MetaX C500,104,f88873b81d8cdb968ed4ca8f32d6bf650b91d449,6c28a77b52b659d283503922e9614c19,official,lightning_indexer,64,131072,2048,0,0,bfloat16,int32,10,deep_gemm,unsupported,UnsupportedByBackend,"backend 'deep_gemm' ranks float32 scores, and was given torch.bfloat16; 'maca_c' and 'torch' take bfloat16 as well",,,,,,,,
MetaX_C500,MetaX C500,104,f88873b81d8cdb968ed4ca8f32d6bf650b91d449,6c28a77b52b659d283503922e9614c19,official,lightning_indexer,64,262144,2048,0,0,bfloat16,int32,10,maca_c,pass,,,228.813,230.554,0.148937,148.937,34.079,100.0,100.0,
MetaX_C500,MetaX C500,104,f88873b81d8cdb968ed4ca8f32d6bf650b91d449,6c28a77b52b659d283503922e9614c19,official,lightning_indexer,64,262144,2048,0,0,bfloat16,int32,10,torch,pass,,,722.202,714.189,0.047187,47.187,,31.68,32.28,
MetaX_C500,MetaX C500,104,f88873b81d8cdb968ed4ca8f32d6bf650b91d449,6c28a77b52b659d283503922e9614c19,official,lightning_indexer,64,262144,2048,0,0,bfloat16,int32,10,deep_gemm,unsupported,UnsupportedByBackend,"backend 'deep_gemm' ranks float32 scores, and was given torch.bfloat16; 'maca_c' and 'torch' take bfloat16 as well",,,,,,,,
MetaX_C500,MetaX C500,104,f88873b81d8cdb968ed4ca8f32d6bf650b91d449,6c28a77b52b659d283503922e9614c19,official,lightning_indexer,64,1048576,2048,0,0,bfloat16,int32,10,maca_c,pass,,,731.392,735.616,0.184227,184.227,134.742,100.0,100.0,
MetaX_C500,MetaX C500,104,f88873b81d8cdb968ed4ca8f32d6bf650b91d449,6c28a77b52b659d283503922e9614c19,official,lightning_indexer,64,1048576,2048,0,0,bfloat16,int32,10,torch,pass,,,1983.258,1972.531,0.06794,67.94,,36.88,37.29,
MetaX_C500,MetaX C500,104,f88873b81d8cdb968ed4ca8f32d6bf650b91d449,6c28a77b52b659d283503922e9614c19,official,lightning_indexer,64,1048576,2048,0,0,bfloat16,int32,10,deep_gemm,unsupported,UnsupportedByBackend,"backend 'deep_gemm' ranks float32 scores, and was given torch.bfloat16; 'maca_c' and 'torch' take bfloat16 as well",,,,,,,,
MetaX_C500,MetaX C500,104,f88873b81d8cdb968ed4ca8f32d6bf650b91d449,6c28a77b52b659d283503922e9614c19,official,lightning_indexer,128,131072,2048,0,0,bfloat16,int32,10,maca_c,pass,,,169.728,177.434,0.203873,203.873,34.603,100.0,100.0,
MetaX_C500,MetaX C500,104,f88873b81d8cdb968ed4ca8f32d6bf650b91d449,6c28a77b52b659d283503922e9614c19,official,lightning_indexer,128,131072,2048,0,0,bfloat16,int32,10,torch,pass,,,732.186,721.357,0.04726,47.26,,23.18,24.6,
MetaX_C500,MetaX C500,104,f88873b81d8cdb968ed4ca8f32d6bf650b91d449,6c28a77b52b659d283503922e9614c19,official,lightning_indexer,128,131072,2048,0,0,bfloat16,int32,10,deep_gemm,unsupported,UnsupportedByBackend,"backend 'deep_gemm' ranks float32 scores, and was given torch.bfloat16; 'maca_c' and 'torch' take bfloat16 as well",,,,,,,,
MetaX_C500,MetaX C500,104,f88873b81d8cdb968ed4ca8f32d6bf650b91d449,6c28a77b52b659d283503922e9614c19,official,lightning_indexer,128,262144,2048,0,0,bfloat16,int32,10,maca_c,pass,,,286.054,289.843,0.238268,238.268,68.157,100.0,100.0,
MetaX_C500,MetaX C500,104,f88873b81d8cdb968ed4ca8f32d6bf650b91d449,6c28a77b52b659d283503922e9614c19,official,lightning_indexer,128,262144,2048,0,0,bfloat16,int32,10,torch,pass,,,1161.754,1156.454,0.058668,58.668,,24.62,25.06,
MetaX_C500,MetaX C500,104,f88873b81d8cdb968ed4ca8f32d6bf650b91d449,6c28a77b52b659d283503922e9614c19,official,lightning_indexer,128,262144,2048,0,0,bfloat16,int32,10,deep_gemm,unsupported,UnsupportedByBackend,"backend 'deep_gemm' ranks float32 scores, and was given torch.bfloat16; 'maca_c' and 'torch' take bfloat16 as well",,,,,,,,
MetaX_C500,MetaX C500,104,f88873b81d8cdb968ed4ca8f32d6bf650b91d449,6c28a77b52b659d283503922e9614c19,official,lightning_indexer,128,1048576,2048,0,0,bfloat16,int32,10,maca_c,pass,,,925.747,930.253,0.291099,291.099,269.484,100.0,100.0,
MetaX_C500,MetaX C500,104,f88873b81d8cdb968ed4ca8f32d6bf650b91d449,6c28a77b52b659d283503922e9614c19,official,lightning_indexer,128,1048576,2048,0,0,bfloat16,int32,10,torch,pass,,,3641.37,3639.117,0.074006,74.006,,25.42,25.56,
MetaX_C500,MetaX C500,104,f88873b81d8cdb968ed4ca8f32d6bf650b91d449,6c28a77b52b659d283503922e9614c19,official,lightning_indexer,128,1048576,2048,0,0,bfloat16,int32,10,deep_gemm,unsupported,UnsupportedByBackend,"backend 'deep_gemm' ranks float32 scores, and was given torch.bfloat16; 'maca_c' and 'torch' take bfloat16 as well",,,,,,,,
MetaX_C500,MetaX C500,104,f88873b81d8cdb968ed4ca8f32d6bf650b91d449,6c28a77b52b659d283503922e9614c19,official,sampler,6,129280,512,1,1,float32,int64,10,maca_c,pass,,,98.56,114.406,0.031855,31.855,3.14,100.0,100.0,
MetaX_C500,MetaX C500,104,f88873b81d8cdb968ed4ca8f32d6bf650b91d449,6c28a77b52b659d283503922e9614c19,official,sampler,6,129280,512,1,1,float32,int64,10,torch,pass,,,356.557,356.582,0.008805,8.805,,27.64,32.08,
MetaX_C500,MetaX C500,104,f88873b81d8cdb968ed4ca8f32d6bf650b91d449,6c28a77b52b659d283503922e9614c19,official,sampler,6,129280,512,1,1,float32,int64,10,deep_gemm,unsupported,UnsupportedByBackend,backend 'deep_gemm' returns an unordered selection; `sorted_value`/`sorted_index` need backend 'maca_c',,,,,,,,
MetaX_C500,MetaX C500,104,f88873b81d8cdb968ed4ca8f32d6bf650b91d449,6c28a77b52b659d283503922e9614c19,official,sampler,256,129280,512,1,1,float32,int64,10,maca_c,pass,,,287.514,306.048,0.46591,465.91,133.956,100.0,100.0,
MetaX_C500,MetaX C500,104,f88873b81d8cdb968ed4ca8f32d6bf650b91d449,6c28a77b52b659d283503922e9614c19,official,sampler,256,129280,512,1,1,float32,int64,10,torch,pass,,,1597.491,1629.03,0.083854,83.854,,18.0,18.79,
MetaX_C500,MetaX C500,104,f88873b81d8cdb968ed4ca8f32d6bf650b91d449,6c28a77b52b659d283503922e9614c19,official,sampler,256,129280,512,1,1,float32,int64,10,deep_gemm,unsupported,UnsupportedByBackend,backend 'deep_gemm' returns an unordered selection; `sorted_value`/`sorted_index` need backend 'maca_c',,,,,,,,
MetaX_C500,MetaX C500,104,f88873b81d8cdb968ed4ca8f32d6bf650b91d449,6c28a77b52b659d283503922e9614c19,official,sampler,512,129280,512,1,1,float32,int64,10,maca_c,pass,,,499.354,510.669,0.536516,536.516,267.911,100.0,100.0,
MetaX_C500,MetaX C500,104,f88873b81d8cdb968ed4ca8f32d6bf650b91d449,6c28a77b52b659d283503922e9614c19,official,sampler,512,129280,512,1,1,float32,int64,10,torch,pass,,,2799.258,2851.866,0.095708,95.708,,17.84,17.91,
MetaX_C500,MetaX C500,104,f88873b81d8cdb968ed4ca8f32d6bf650b91d449,6c28a77b52b659d283503922e9614c19,official,sampler,512,129280,512,1,1,float32,int64,10,deep_gemm,unsupported,UnsupportedByBackend,backend 'deep_gemm' returns an unordered selection; `sorted_value`/`sorted_index` need backend 'maca_c',,,,,,,,
MetaX_C500,MetaX C500,104,f88873b81d8cdb968ed4ca8f32d6bf650b91d449,6c28a77b52b659d283503922e9614c19,official,sampler,768,129280,512,1,1,float32,int64,10,maca_c,pass,,,747.418,754.33,0.537673,537.673,401.867,100.0,100.0,
MetaX_C500,MetaX C500,104,f88873b81d8cdb968ed4ca8f32d6bf650b91d449,6c28a77b52b659d283503922e9614c19,official,sampler,768,129280,512,1,1,float32,int64,10,torch,pass,,,4060.826,4140.083,0.098962,98.962,,18.41,18.22,
MetaX_C500,MetaX C500,104,f88873b81d8cdb968ed4ca8f32d6bf650b91d449,6c28a77b52b659d283503922e9614c19,official,sampler,768,129280,512,1,1,float32,int64,10,deep_gemm,unsupported,UnsupportedByBackend,backend 'deep_gemm' returns an unordered selection; `sorted_value`/`sorted_index` need backend 'maca_c',,,,,,,,
MetaX_C500,MetaX C500,104,f88873b81d8cdb968ed4ca8f32d6bf650b91d449,6c28a77b52b659d283503922e9614c19,official,sampler,4096,129280,512,1,1,float32,int64,10,maca_c,pass,,,4253.978,4289.408,0.503832,503.832,2143.289,100.0,100.0,
MetaX_C500,MetaX C500,104,f88873b81d8cdb968ed4ca8f32d6bf650b91d449,6c28a77b52b659d283503922e9614c19,official,sampler,4096,129280,512,1,1,float32,int64,10,torch,pass,,,20165.146,20534.247,0.106287,106.287,,21.1,20.89,
MetaX_C500,MetaX C500,104,f88873b81d8cdb968ed4ca8f32d6bf650b91d449,6c28a77b52b659d283503922e9614c19,official,sampler,4096,129280,512,1,1,float32,int64,10,deep_gemm,unsupported,UnsupportedByBackend,backend 'deep_gemm' returns an unordered selection; `sorted_value`/`sorted_index` need backend 'maca_c',,,,,,,,
MetaX_C500,MetaX C500,104,f88873b81d8cdb968ed4ca8f32d6bf650b91d449,6c28a77b52b659d283503922e9614c19,deep_gemm_axes,lightning_indexer,1,66551,2048,0,0,float32,int32,10,maca_c,pass,,,66.33,70.502,0.004137,4.137,0.274,100.0,100.0,
MetaX_C500,MetaX C500,104,f88873b81d8cdb968ed4ca8f32d6bf650b91d449,6c28a77b52b659d283503922e9614c19,deep_gemm_axes,lightning_indexer,1,66551,2048,0,0,float32,int32,10,torch,pass,,,221.005,188.16,0.001242,1.242,,30.01,37.47,
MetaX_C500,MetaX C500,104,f88873b81d8cdb968ed4ca8f32d6bf650b91d449,6c28a77b52b659d283503922e9614c19,deep_gemm_axes,lightning_indexer,1,66551,2048,0,0,float32,int32,10,deep_gemm,pass,,,52.838,354.918,0.005193,5.193,0.274,125.53,19.86,
MetaX_C500,MetaX C500,104,f88873b81d8cdb968ed4ca8f32d6bf650b91d449,6c28a77b52b659d283503922e9614c19,deep_gemm_axes,lightning_indexer,16,66551,2048,0,0,float32,int32,10,maca_c,pass,,,87.194,97.101,0.050351,50.351,4.39,100.0,100.0,
MetaX_C500,MetaX C500,104,f88873b81d8cdb968ed4ca8f32d6bf650b91d449,6c28a77b52b659d283503922e9614c19,deep_gemm_axes,lightning_indexer,16,66551,2048,0,0,float32,int32,10,torch,pass,,,343.757,334.157,0.012772,12.772,,25.37,29.06,
MetaX_C500,MetaX C500,104,f88873b81d8cdb968ed4ca8f32d6bf650b91d449,6c28a77b52b659d283503922e9614c19,deep_gemm_axes,lightning_indexer,16,66551,2048,0,0,float32,int32,10,deep_gemm,pass,,,53.99,406.605,0.081318,81.318,4.39,161.5,23.88,
MetaX_C500,MetaX C500,104,f88873b81d8cdb968ed4ca8f32d6bf650b91d449,6c28a77b52b659d283503922e9614c19,deep_gemm_axes,lightning_indexer,132,66551,2048,0,0,float32,int32,10,maca_c,pass,,,120.013,136.09,0.301803,301.803,36.22,100.0,100.0,
MetaX_C500,MetaX C500,104,f88873b81d8cdb968ed4ca8f32d6bf650b91d449,6c28a77b52b659d283503922e9614c19,deep_gemm_axes,lightning_indexer,132,66551,2048,0,0,float32,int32,10,torch,pass,,,650.573,721.51,0.055674,55.674,,18.45,18.86,
MetaX_C500,MetaX C500,104,f88873b81d8cdb968ed4ca8f32d6bf650b91d449,6c28a77b52b659d283503922e9614c19,deep_gemm_axes,lightning_indexer,132,66551,2048,0,0,float32,int32,10,deep_gemm,pass,,,102.81,759.782,0.352303,352.303,36.22,116.73,17.91,
MetaX_C500,MetaX C500,104,f88873b81d8cdb968ed4ca8f32d6bf650b91d449,6c28a77b52b659d283503922e9614c19,deep_gemm_axes,lightning_indexer,512,66551,2048,0,0,float32,int32,10,maca_c,pass,,,276.787,294.093,0.507577,507.577,140.491,100.0,100.0,
MetaX_C500,MetaX C500,104,f88873b81d8cdb968ed4ca8f32d6bf650b91d449,6c28a77b52b659d283503922e9614c19,deep_gemm_axes,lightning_indexer,512,66551,2048,0,0,float32,int32,10,torch,pass,,,1597.798,1926.221,0.087928,87.928,,17.32,15.27,
MetaX_C500,MetaX C500,104,f88873b81d8cdb968ed4ca8f32d6bf650b91d449,6c28a77b52b659d283503922e9614c19,deep_gemm_axes,lightning_indexer,512,66551,2048,0,0,float32,int32,10,deep_gemm,pass,,,244.864,1990.963,0.57375,573.75,140.491,113.04,14.77,
MetaX_C500,MetaX C500,104,f88873b81d8cdb968ed4ca8f32d6bf650b91d449,6c28a77b52b659d283503922e9614c19,deep_gemm_axes,lightning_indexer,1,131072,2048,0,0,float32,int32,10,maca_c,pass,,,77.133,81.51,0.006903,6.903,0.532,100.0,100.0,sglang-bs1-seq2048: that grid declares a window; this ranks the whole row
MetaX_C500,MetaX C500,104,f88873b81d8cdb968ed4ca8f32d6bf650b91d449,6c28a77b52b659d283503922e9614c19,deep_gemm_axes,lightning_indexer,1,131072,2048,0,0,float32,int32,10,torch,pass,,,261.12,226.97,0.002039,2.039,,29.54,35.91,sglang-bs1-seq2048: that grid declares a window; this ranks the whole row
MetaX_C500,MetaX C500,104,f88873b81d8cdb968ed4ca8f32d6bf650b91d449,6c28a77b52b659d283503922e9614c19,deep_gemm_axes,lightning_indexer,1,131072,2048,0,0,float32,int32,10,deep_gemm,pass,,,62.541,288.358,0.008514,8.514,0.532,123.33,28.27,sglang-bs1-seq2048: that grid declares a window; this ranks the whole row
MetaX_C500,MetaX C500,104,f88873b81d8cdb968ed4ca8f32d6bf650b91d449,6c28a77b52b659d283503922e9614c19,deep_gemm_axes,lightning_indexer,1,131072,2048,0,0,float32,int32,10,maca_c,pass,,,77.184,81.894,0.006899,6.899,0.532,100.0,100.0,sglang-bs1-seq4096: that grid declares a window; this ranks the whole row
MetaX_C500,MetaX C500,104,f88873b81d8cdb968ed4ca8f32d6bf650b91d449,6c28a77b52b659d283503922e9614c19,deep_gemm_axes,lightning_indexer,1,131072,2048,0,0,float32,int32,10,torch,pass,,,260.685,225.715,0.002043,2.043,,29.61,36.28,sglang-bs1-seq4096: that grid declares a window; this ranks the whole row
MetaX_C500,MetaX C500,104,f88873b81d8cdb968ed4ca8f32d6bf650b91d449,6c28a77b52b659d283503922e9614c19,deep_gemm_axes,lightning_indexer,1,131072,2048,0,0,float32,int32,10,deep_gemm,pass,,,62.31,279.68,0.008546,8.546,0.532,123.87,29.28,sglang-bs1-seq4096: that grid declares a window; this ranks the whole row
MetaX_C500,MetaX C500,104,f88873b81d8cdb968ed4ca8f32d6bf650b91d449,6c28a77b52b659d283503922e9614c19,deep_gemm_axes,lightning_indexer,1,131072,2048,0,0,float32,int32,10,maca_c,pass,,,77.594,82.509,0.006862,6.862,0.532,100.0,100.0,sglang-bs1-seq16384: that grid declares a window; this ranks the whole row
MetaX_C500,MetaX C500,104,f88873b81d8cdb968ed4ca8f32d6bf650b91d449,6c28a77b52b659d283503922e9614c19,deep_gemm_axes,lightning_indexer,1,131072,2048,0,0,float32,int32,10,torch,pass,,,264.166,228.48,0.002016,2.016,,29.37,36.11,sglang-bs1-seq16384: that grid declares a window; this ranks the whole row
MetaX_C500,MetaX C500,104,f88873b81d8cdb968ed4ca8f32d6bf650b91d449,6c28a77b52b659d283503922e9614c19,deep_gemm_axes,lightning_indexer,1,131072,2048,0,0,float32,int32,10,deep_gemm,pass,,,63.283,278.451,0.008414,8.414,0.532,122.61,29.63,sglang-bs1-seq16384: that grid declares a window; this ranks the whole row
MetaX_C500,MetaX C500,104,f88873b81d8cdb968ed4ca8f32d6bf650b91d449,6c28a77b52b659d283503922e9614c19,deep_gemm_axes,lightning_indexer,1,131072,2048,0,0,float32,int32,10,maca_c,pass,,,77.773,81.869,0.006847,6.847,0.532,100.0,100.0,sglang-bs1-seq65536: that grid declares a window; this ranks the whole row
MetaX_C500,MetaX C500,104,f88873b81d8cdb968ed4ca8f32d6bf650b91d449,6c28a77b52b659d283503922e9614c19,deep_gemm_axes,lightning_indexer,1,131072,2048,0,0,float32,int32,10,torch,pass,,,259.738,226.125,0.00205,2.05,,29.94,36.21,sglang-bs1-seq65536: that grid declares a window; this ranks the whole row
MetaX_C500,MetaX C500,104,f88873b81d8cdb968ed4ca8f32d6bf650b91d449,6c28a77b52b659d283503922e9614c19,deep_gemm_axes,lightning_indexer,1,131072,2048,0,0,float32,int32,10,deep_gemm,pass,,,63.258,282.573,0.008418,8.418,0.532,122.95,28.97,sglang-bs1-seq65536: that grid declares a window; this ranks the whole row
MetaX_C500,MetaX C500,104,f88873b81d8cdb968ed4ca8f32d6bf650b91d449,6c28a77b52b659d283503922e9614c19,deep_gemm_axes,lightning_indexer,132,131072,2048,0,0,float32,int32,10,maca_c,pass,,,204.57,222.515,0.343586,343.586,70.287,100.0,100.0,sglang-bs132-seq2048: that grid declares a window; this ranks the whole row
MetaX_C500,MetaX C500,104,f88873b81d8cdb968ed4ca8f32d6bf650b91d449,6c28a77b52b659d283503922e9614c19,deep_gemm_axes,lightning_indexer,132,131072,2048,0,0,float32,int32,10,torch,pass,,,1007.846,987.674,0.06974,69.74,,20.3,22.53,sglang-bs132-seq2048: that grid declares a window; this ranks the whole row
MetaX_C500,MetaX C500,104,f88873b81d8cdb968ed4ca8f32d6bf650b91d449,6c28a77b52b659d283503922e9614c19,deep_gemm_axes,lightning_indexer,132,131072,2048,0,0,float32,int32,10,deep_gemm,pass,,,172.8,849.946,0.406756,406.756,70.287,118.39,26.18,sglang-bs132-seq2048: that grid declares a window; this ranks the whole row
MetaX_C500,MetaX C500,104,f88873b81d8cdb968ed4ca8f32d6bf650b91d449,6c28a77b52b659d283503922e9614c19,deep_gemm_axes,lightning_indexer,132,131072,2048,0,0,float32,int32,10,maca_c,pass,,,204.621,225.05,0.3435,343.5,70.287,100.0,100.0,sglang-bs132-seq4096: that grid declares a window; this ranks the whole row
MetaX_C500,MetaX C500,104,f88873b81d8cdb968ed4ca8f32d6bf650b91d449,6c28a77b52b659d283503922e9614c19,deep_gemm_axes,lightning_indexer,132,131072,2048,0,0,float32,int32,10,torch,pass,,,1004.442,988.698,0.069977,69.977,,20.37,22.76,sglang-bs132-seq4096: that grid declares a window; this ranks the whole row
MetaX_C500,MetaX C500,104,f88873b81d8cdb968ed4ca8f32d6bf650b91d449,6c28a77b52b659d283503922e9614c19,deep_gemm_axes,lightning_indexer,132,131072,2048,0,0,float32,int32,10,deep_gemm,pass,,,173.158,857.805,0.405915,405.915,70.287,118.17,26.24,sglang-bs132-seq4096: that grid declares a window; this ranks the whole row
MetaX_C500,MetaX C500,104,f88873b81d8cdb968ed4ca8f32d6bf650b91d449,6c28a77b52b659d283503922e9614c19,deep_gemm_axes,lightning_indexer,132,131072,2048,0,0,float32,int32,10,maca_c,pass,,,205.594,223.437,0.341875,341.875,70.287,100.0,100.0,sglang-bs132-seq16384: that grid declares a window; this ranks the whole row
MetaX_C500,MetaX C500,104,f88873b81d8cdb968ed4ca8f32d6bf650b91d449,6c28a77b52b659d283503922e9614c19,deep_gemm_axes,lightning_indexer,132,131072,2048,0,0,float32,int32,10,torch,pass,,,1017.421,1006.72,0.069084,69.084,,20.21,22.19,sglang-bs132-seq16384: that grid declares a window; this ranks the whole row
MetaX_C500,MetaX C500,104,f88873b81d8cdb968ed4ca8f32d6bf650b91d449,6c28a77b52b659d283503922e9614c19,deep_gemm_axes,lightning_indexer,132,131072,2048,0,0,float32,int32,10,deep_gemm,pass,,,173.261,850.739,0.405673,405.673,70.287,118.66,26.26,sglang-bs132-seq16384: that grid declares a window; this ranks the whole row
MetaX_C500,MetaX C500,104,f88873b81d8cdb968ed4ca8f32d6bf650b91d449,6c28a77b52b659d283503922e9614c19,deep_gemm_axes,lightning_indexer,132,131072,2048,0,0,float32,int32,10,maca_c,pass,,,204.672,222.413,0.343415,343.415,70.287,100.0,100.0,sglang-bs132-seq65536: that grid declares a window; this ranks the whole row
MetaX_C500,MetaX C500,104,f88873b81d8cdb968ed4ca8f32d6bf650b91d449,6c28a77b52b659d283503922e9614c19,deep_gemm_axes,lightning_indexer,132,131072,2048,0,0,float32,int32,10,torch,pass,,,1010.842,998.195,0.069533,69.533,,20.25,22.28,sglang-bs132-seq65536: that grid declares a window; this ranks the whole row
MetaX_C500,MetaX C500,104,f88873b81d8cdb968ed4ca8f32d6bf650b91d449,6c28a77b52b659d283503922e9614c19,deep_gemm_axes,lightning_indexer,132,131072,2048,0,0,float32,int32,10,deep_gemm,pass,,,172.57,859.827,0.407298,407.298,70.287,118.6,25.87,sglang-bs132-seq65536: that grid declares a window; this ranks the whole row
MetaX_C500,MetaX C500,104,f88873b81d8cdb968ed4ca8f32d6bf650b91d449,6c28a77b52b659d283503922e9614c19,deep_gemm_axes,lightning_indexer,256,131072,2048,0,0,float32,int32,10,maca_c,pass,,,275.942,292.941,0.493998,493.998,136.315,100.0,100.0,sglang-bs256-seq2048: that grid declares a window; this ranks the whole row
MetaX_C500,MetaX C500,104,f88873b81d8cdb968ed4ca8f32d6bf650b91d449,6c28a77b52b659d283503922e9614c19,deep_gemm_axes,lightning_indexer,256,131072,2048,0,0,float32,int32,10,torch,pass,,,1606.784,1588.634,0.084837,84.837,,17.17,18.44,sglang-bs256-seq2048: that grid declares a window; this ranks the whole row
MetaX_C500,MetaX C500,104,f88873b81d8cdb968ed4ca8f32d6bf650b91d449,6c28a77b52b659d283503922e9614c19,deep_gemm_axes,lightning_indexer,256,131072,2048,0,0,float32,int32,10,deep_gemm,pass,,,241.459,1289.242,0.564547,564.547,136.315,114.28,22.72,sglang-bs256-seq2048: that grid declares a window; this ranks the whole row
MetaX_C500,MetaX C500,104,f88873b81d8cdb968ed4ca8f32d6bf650b91d449,6c28a77b52b659d283503922e9614c19,deep_gemm_axes,lightning_indexer,256,131072,2048,0,0,float32,int32,10,maca_c,pass,,,276.25,295.424,0.493448,493.448,136.315,100.0,100.0,sglang-bs256-seq4096: that grid declares a window; this ranks the whole row
MetaX_C500,MetaX C500,104,f88873b81d8cdb968ed4ca8f32d6bf650b91d449,6c28a77b52b659d283503922e9614c19,deep_gemm_axes,lightning_indexer,256,131072,2048,0,0,float32,int32,10,torch,pass,,,1615.872,1590.605,0.08436,84.36,,17.1,18.57,sglang-bs256-seq4096: that grid declares a window; this ranks the whole row
MetaX_C500,MetaX C500,104,f88873b81d8cdb968ed4ca8f32d6bf650b91d449,6c28a77b52b659d283503922e9614c19,deep_gemm_axes,lightning_indexer,256,131072,2048,0,0,float32,int32,10,deep_gemm,pass,,,240.794,1292.186,0.566106,566.106,136.315,114.72,22.86,sglang-bs256-seq4096: that grid declares a window; this ranks the whole row
MetaX_C500,MetaX C500,104,f88873b81d8cdb968ed4ca8f32d6bf650b91d449,6c28a77b52b659d283503922e9614c19,deep_gemm_axes,lightning_indexer,256,131072,2048,0,0,float32,int32,10,maca_c,pass,,,275.738,292.915,0.494364,494.364,136.315,100.0,100.0,sglang-bs256-seq16384: that grid declares a window; this ranks the whole row
MetaX_C500,MetaX C500,104,f88873b81d8cdb968ed4ca8f32d6bf650b91d449,6c28a77b52b659d283503922e9614c19,deep_gemm_axes,lightning_indexer,256,131072,2048,0,0,float32,int32,10,torch,pass,,,1614.643,1596.518,0.084424,84.424,,17.08,18.35,sglang-bs256-seq16384: that grid declares a window; this ranks the whole row
MetaX_C500,MetaX C500,104,f88873b81d8cdb968ed4ca8f32d6bf650b91d449,6c28a77b52b659d283503922e9614c19,deep_gemm_axes,lightning_indexer,256,131072,2048,0,0,float32,int32,10,deep_gemm,pass,,,240.026,1282.97,0.567917,567.917,136.315,114.88,22.83,sglang-bs256-seq16384: that grid declares a window; this ranks the whole row
MetaX_C500,MetaX C500,104,f88873b81d8cdb968ed4ca8f32d6bf650b91d449,6c28a77b52b659d283503922e9614c19,deep_gemm_axes,lightning_indexer,256,131072,2048,0,0,float32,int32,10,maca_c,pass,,,275.738,292.608,0.494364,494.364,136.315,100.0,100.0,sglang-bs256-seq65536: that grid declares a window; this ranks the whole row
MetaX_C500,MetaX C500,104,f88873b81d8cdb968ed4ca8f32d6bf650b91d449,6c28a77b52b659d283503922e9614c19,deep_gemm_axes,lightning_indexer,256,131072,2048,0,0,float32,int32,10,torch,pass,,,1625.114,1598.106,0.08388,83.88,,16.97,18.31,sglang-bs256-seq65536: that grid declares a window; this ranks the whole row
MetaX_C500,MetaX C500,104,f88873b81d8cdb968ed4ca8f32d6bf650b91d449,6c28a77b52b659d283503922e9614c19,deep_gemm_axes,lightning_indexer,256,131072,2048,0,0,float32,int32,10,deep_gemm,pass,,,240.717,1282.714,0.566287,566.287,136.315,114.55,22.81,sglang-bs256-seq65536: that grid declares a window; this ranks the whole row
MetaX_C500,MetaX C500,104,f88873b81d8cdb968ed4ca8f32d6bf650b91d449,6c28a77b52b659d283503922e9614c19,deep_gemm_axes,lightning_indexer,4096,131072,2048,0,0,float32,int32,10,maca_c,pass,,,3412.173,3438.285,0.639193,639.193,2181.038,100.0,100.0,sglang-bs4096-seq2048: that grid declares a window; this ranks the whole row
MetaX_C500,MetaX C500,104,f88873b81d8cdb968ed4ca8f32d6bf650b91d449,6c28a77b52b659d283503922e9614c19,deep_gemm_axes,lightning_indexer,4096,131072,2048,0,0,float32,int32,10,torch,pass,,,20503.757,20502.605,0.106373,106.373,,16.64,16.77,sglang-bs4096-seq2048: that grid declares a window; this ranks the whole row
MetaX_C500,MetaX C500,104,f88873b81d8cdb968ed4ca8f32d6bf650b91d449,6c28a77b52b659d283503922e9614c19,deep_gemm_axes,lightning_indexer,4096,131072,2048,0,0,float32,int32,10,deep_gemm,pass,,,3263.462,16071.169,0.66832,668.32,2181.038,104.56,21.39,sglang-bs4096-seq2048: that grid declares a window; this ranks the whole row
MetaX_C500,MetaX C500,104,f88873b81d8cdb968ed4ca8f32d6bf650b91d449,6c28a77b52b659d283503922e9614c19,deep_gemm_axes,lightning_indexer,4096,131072,2048,0,0,float32,int32,10,maca_c,pass,,,3413.171,3438.541,0.639006,639.006,2181.038,100.0,100.0,sglang-bs4096-seq4096: that grid declares a window; this ranks the whole row
MetaX_C500,MetaX C500,104,f88873b81d8cdb968ed4ca8f32d6bf650b91d449,6c28a77b52b659d283503922e9614c19,deep_gemm_axes,lightning_indexer,4096,131072,2048,0,0,float32,int32,10,torch,pass,,,20493.005,20500.607,0.106428,106.428,,16.66,16.77,sglang-bs4096-seq4096: that grid declares a window; this ranks the whole row
MetaX_C500,MetaX C500,104,f88873b81d8cdb968ed4ca8f32d6bf650b91d449,6c28a77b52b659d283503922e9614c19,deep_gemm_axes,lightning_indexer,4096,131072,2048,0,0,float32,int32,10,deep_gemm,pass,,,3267.942,16047.002,0.667404,667.404,2181.038,104.44,21.43,sglang-bs4096-seq4096: that grid declares a window; this ranks the whole row
MetaX_C500,MetaX C500,104,f88873b81d8cdb968ed4ca8f32d6bf650b91d449,6c28a77b52b659d283503922e9614c19,deep_gemm_axes,lightning_indexer,4096,131072,2048,0,0,float32,int32,10,maca_c,pass,,,3409.664,3436.979,0.639664,639.664,2181.038,100.0,100.0,sglang-bs4096-seq16384: that grid declares a window; this ranks the whole row
MetaX_C500,MetaX C500,104,f88873b81d8cdb968ed4ca8f32d6bf650b91d449,6c28a77b52b659d283503922e9614c19,deep_gemm_axes,lightning_indexer,4096,131072,2048,0,0,float32,int32,10,torch,pass,,,20481.792,20498.535,0.106487,106.487,,16.65,16.77,sglang-bs4096-seq16384: that grid declares a window; this ranks the whole row
MetaX_C500,MetaX C500,104,f88873b81d8cdb968ed4ca8f32d6bf650b91d449,6c28a77b52b659d283503922e9614c19,deep_gemm_axes,lightning_indexer,4096,131072,2048,0,0,float32,int32,10,deep_gemm,pass,,,3266.253,16056.294,0.667749,667.749,2181.038,104.39,21.41,sglang-bs4096-seq16384: that grid declares a window; this ranks the whole row
MetaX_C500,MetaX C500,104,f88873b81d8cdb968ed4ca8f32d6bf650b91d449,6c28a77b52b659d283503922e9614c19,deep_gemm_axes,lightning_indexer,4096,131072,2048,0,0,float32,int32,10,maca_c,pass,,,3412.045,3440.717,0.639217,639.217,2181.038,100.0,100.0,sglang-bs4096-seq65536: that grid declares a window; this ranks the whole row
MetaX_C500,MetaX C500,104,f88873b81d8cdb968ed4ca8f32d6bf650b91d449,6c28a77b52b659d283503922e9614c19,deep_gemm_axes,lightning_indexer,4096,131072,2048,0,0,float32,int32,10,torch,pass,,,20478.848,20496.768,0.106502,106.502,,16.66,16.79,sglang-bs4096-seq65536: that grid declares a window; this ranks the whole row
MetaX_C500,MetaX C500,104,f88873b81d8cdb968ed4ca8f32d6bf650b91d449,6c28a77b52b659d283503922e9614c19,deep_gemm_axes,lightning_indexer,4096,131072,2048,0,0,float32,int32,10,deep_gemm,pass,,,3266.918,16035.789,0.667613,667.613,2181.038,104.44,21.46,sglang-bs4096-seq65536: that grid declares a window; this ranks the whole row
MetaX_C500,MetaX C500,104,f88873b81d8cdb968ed4ca8f32d6bf650b91d449,6c28a77b52b659d283503922e9614c19,deep_gemm_axes,lightning_indexer,1,107520,2048,0,0,float32,int32,10,maca_c,pass,,,74.598,78.771,0.005875,5.875,0.438,100.0,100.0,
MetaX_C500,MetaX C500,104,f88873b81d8cdb968ed4ca8f32d6bf650b91d449,6c28a77b52b659d283503922e9614c19,deep_gemm_axes,lightning_indexer,1,107520,2048,0,0,float32,int32,10,torch,pass,,,261.939,231.04,0.001673,1.673,,28.48,34.09,
MetaX_C500,MetaX C500,104,f88873b81d8cdb968ed4ca8f32d6bf650b91d449,6c28a77b52b659d283503922e9614c19,deep_gemm_axes,lightning_indexer,1,107520,2048,0,0,float32,int32,10,deep_gemm,pass,,,60.186,276.634,0.007282,7.282,0.438,123.95,28.47,
MetaX_C500,MetaX C500,104,f88873b81d8cdb968ed4ca8f32d6bf650b91d449,6c28a77b52b659d283503922e9614c19,deep_gemm_axes,lightning_indexer,16,66551,2048,0,0,float32,int32,10,maca_c,pass,,,88.32,98.15,0.049709,49.709,4.39,100.0,100.0,
MetaX_C500,MetaX C500,104,f88873b81d8cdb968ed4ca8f32d6bf650b91d449,6c28a77b52b659d283503922e9614c19,deep_gemm_axes,lightning_indexer,16,66551,2048,0,0,float32,int32,10,torch,pass,,,348.365,336.666,0.012603,12.603,,25.35,29.15,
MetaX_C500,MetaX C500,104,f88873b81d8cdb968ed4ca8f32d6bf650b91d449,6c28a77b52b659d283503922e9614c19,deep_gemm_axes,lightning_indexer,16,66551,2048,0,0,float32,int32,10,deep_gemm,pass,,,54.221,394.803,0.080971,80.971,4.39,162.89,24.86,
MetaX_C500,MetaX C500,104,f88873b81d8cdb968ed4ca8f32d6bf650b91d449,6c28a77b52b659d283503922e9614c19,deep_gemm_axes,lightning_indexer,132,107520,2048,0,0,float32,int32,10,maca_c,pass,,,174.182,191.898,0.332135,332.135,57.852,100.0,100.0,
MetaX_C500,MetaX C500,104,f88873b81d8cdb968ed4ca8f32d6bf650b91d449,6c28a77b52b659d283503922e9614c19,deep_gemm_axes,lightning_indexer,132,107520,2048,0,0,float32,int32,10,torch,pass,,,876.698,860.467,0.065988,65.988,,19.87,22.3,
MetaX_C500,MetaX C500,104,f88873b81d8cdb968ed4ca8f32d6bf650b91d449,6c28a77b52b659d283503922e9614c19,deep_gemm_axes,lightning_indexer,132,107520,2048,0,0,float32,int32,10,deep_gemm,pass,,,144.768,722.048,0.399618,399.618,57.852,120.32,26.58,
MetaX_C500,MetaX C500,104,f88873b81d8cdb968ed4ca8f32d6bf650b91d449,6c28a77b52b659d283503922e9614c19,deep_gemm_axes,lightning_indexer,256,107520,2048,0,0,float32,int32,10,maca_c,pass,,,233.472,249.882,0.480561,480.561,112.198,100.0,100.0,
MetaX_C500,MetaX C500,104,f88873b81d8cdb968ed4ca8f32d6bf650b91d449,6c28a77b52b659d283503922e9614c19,deep_gemm_axes,lightning_indexer,256,107520,2048,0,0,float32,int32,10,torch,pass,,,1358.182,1335.706,0.082609,82.609,,17.19,18.71,
MetaX_C500,MetaX C500,104,f88873b81d8cdb968ed4ca8f32d6bf650b91d449,6c28a77b52b659d283503922e9614c19,deep_gemm_axes,lightning_indexer,256,107520,2048,0,0,float32,int32,10,deep_gemm,pass,,,199.757,1154.381,0.561671,561.671,112.198,116.88,21.65,
MetaX_C500,MetaX C500,104,f88873b81d8cdb968ed4ca8f32d6bf650b91d449,6c28a77b52b659d283503922e9614c19,deep_gemm_axes,lightning_indexer,4096,107520,2048,0,0,float32,int32,10,maca_c,pass,,,2845.363,2871.296,0.630908,630.908,1795.162,100.0,100.0,
MetaX_C500,MetaX C500,104,f88873b81d8cdb968ed4ca8f32d6bf650b91d449,6c28a77b52b659d283503922e9614c19,deep_gemm_axes,lightning_indexer,4096,107520,2048,0,0,float32,int32,10,torch,pass,,,15699.379,15715.405,0.114346,114.346,,18.12,18.27,
MetaX_C500,MetaX C500,104,f88873b81d8cdb968ed4ca8f32d6bf650b91d449,6c28a77b52b659d283503922e9614c19,deep_gemm_axes,lightning_indexer,4096,107520,2048,0,0,float32,int32,10,deep_gemm,pass,,,2703.795,13305.728,0.663942,663.942,1795.162,105.24,21.58,
